timestamp,left_eye_gaze_position_x,left_eye_gaze_position_y,left_eye_pupil_diameter_mm,left_eye_pupil_position_x,left_eye_pupil_position_y,left_eye_pupil_position_z,left_eye_visual_angle_theta,left_eye_visual_angle_phi,left_eye_visual_angle_vector_x,left_eye_visual_angle_vector_y,left_eye_visual_angle_vector_z,left_eye_pixels_per_degree_x,left_eye_pixels_per_degree_y,left_eye_valid,right_eye_gaze_position_x,right_eye_gaze_position_y,right_eye_pupil_diameter_mm,right_eye_pupil_position_x,right_eye_pupil_position_y,right_eye_pupil_position_z,right_eye_visual_angle_theta,right_eye_visual_angle_phi,right_eye_visual_angle_vector_x,right_eye_visual_angle_vector_y,right_eye_visual_angle_vector_z,right_eye_pixels_per_degree_x,right_eye_pixels_per_degree_y,right_eye_valid,bino_eye_gaze_position_x,bino_eye_gaze_position_y,bino_eye_valid,trigger
83784856475140,1191.13,727.3,1.99906,140.807,103.985,-560.13,10.0482,-1.03773,0.174447,-0.0181108,0.9845,57.6857,57.6857,1,907.662,764.68,1.89882,202.188,107.125,-558.282,3.92124,-0.726733,0.0683796,-0.0126835,0.997579,57.6857,57.6857,1,1049.39,745.99,1,0
83784858978350,1191.13,727.3,1.9683,140.82,104.03,-559.997,9.95932,-0.523626,0.172942,-0.00913887,0.98489,57.6755,57.6755,1,907.662,764.68,1.88405,202.19,107.145,-558.214,4.00191,-0.657384,0.0697851,-0.0114733,0.997496,57.6755,57.6755,1,1049.39,745.99,1,0
83784861478090,1191.13,727.3,1.98802,140.81,104.011,-560.072,10.0481,-1.05763,0.174445,-0.0184581,0.984494,57.6774,57.6774,1,907.662,764.68,1.89381,202.191,107.154,-558.179,4.00676,-0.603442,0.0698703,-0.0105319,0.9975,57.6774,57.6774,1,1049.39,745.99,1,0
83784863974350,1191.13,722.973,1.98363,140.814,104.033,-560.031,10.0417,-0.93658,0.174342,-0.0163457,0.98455,57.6769,57.6769,1,907.662,764.68,1.90104,202.194,107.155,-558.215,3.95818,-0.543591,0.0690252,-0.00948732,0.99757,57.6769,57.6769,1,1049.39,743.826,1,0
83784866481040,1335.37,559.286,1.99304,140.825,104.07,-559.944,10.0339,-0.358619,0.174228,-0.00625904,0.984685,57.6671,57.6671,1,1341.27,613.177,1.88442,202.181,107.198,-558.113,3.85047,0.314065,0.0671519,0.00548144,0.997728,57.6671,57.6671,1,1338.32,586.232,1,0
83784868977310,1324.55,560.904,1.97548,140.817,104.079,-559.944,9.76815,-0.330476,0.169659,-0.00576787,0.985486,57.6695,57.6695,1,1341.27,613.177,1.89986,202.195,107.196,-558.169,3.95906,-0.125924,0.0690435,-0.00219778,0.997611,57.6695,57.6695,1,1332.91,587.041,1,0
83784871480510,1324.55,560.904,1.97173,140.818,104.056,-560.005,10.0021,-0.756916,0.173669,-0.0132103,0.984715,57.6675,57.6675,1,1341.27,613.177,1.87204,202.2,107.207,-558.061,4.18485,-0.14842,0.0729742,-0.00259041,0.99733,57.6675,57.6675,1,1332.91,587.041,1,0
83784873976780,1335.37,559.286,1.97039,140.82,104.054,-560.048,10.1477,-1.06629,0.176156,-0.0186092,0.984186,57.6835,57.6835,1,1341.27,613.177,1.8955,202.214,107.146,-558.341,4.04196,-0.866947,0.070479,-0.0151305,0.997398,57.6835,57.6835,1,1338.32,586.232,1,0
83784876483470,1335.37,559.286,1.97145,140.826,104.062,-559.99,10.0994,-0.826913,0.175338,-0.0144318,0.984403,57.6712,57.6712,1,1341.27,613.177,1.8871,202.2,107.205,-558.156,3.99659,-0.310086,0.069696,-0.00541199,0.997554,57.6712,57.6712,1,1338.32,586.232,1,0
83784878979740,1335.37,560.904,1.98848,140.832,104.101,-559.932,10.0277,-0.322589,0.174122,-0.00563022,0.984708,57.6721,57.6721,1,1347.17,589.215,1.90582,202.212,107.181,-558.238,4.02742,-0.697623,0.0702287,-0.0121755,0.997457,57.6721,57.6721,1,1341.27,575.06,1,0
83784881482950,1337.76,559.286,1.95639,140.835,104.069,-559.997,10.2192,-1.02492,0.177386,-0.0178874,0.983979,57.6764,57.6764,1,1347.15,588.008,1.87791,202.206,107.184,-558.255,3.95789,-0.630337,0.0690191,-0.0110012,0.997555,57.6764,57.6764,1,1342.45,573.647,1,0
83784883979220,1335.37,559.286,1.98549,140.828,104.111,-559.938,9.92393,-0.334834,0.172338,-0.00584393,0.985021,57.6729,57.6729,1,1347.15,579.215,1.89249,202.21,107.189,-558.251,4.00981,-0.540844,0.0699242,-0.00943936,0.997508,57.6729,57.6729,1,1341.26,569.251,1,0
83784886478950,1335.37,559.286,1.97651,140.836,104.1,-559.938,10.0201,-0.799035,0.173977,-0.0139453,0.984651,57.6703,57.6703,1,1347.17,579.215,1.87425,202.211,107.215,-558.201,4.01785,-0.497014,0.0700647,-0.00867442,0.997505,57.6703,57.6703,1,1341.27,569.251,1,0
83784888982160,1337.76,559.286,1.96738,140.834,104.088,-560.026,10.169,-0.903505,0.17653,-0.0157685,0.984169,57.6809,57.6809,1,1347.17,569.074,1.93229,202.215,107.186,-558.328,3.90973,-1.32599,0.0681664,-0.0231408,0.997406,57.6809,57.6809,1,1342.47,564.18,1,0
83784891481900,1337.76,559.286,1.99467,140.827,104.09,-560.032,10.1663,-1.39928,0.176453,-0.0244196,0.984006,57.678,57.678,1,1347.15,569.074,1.87175,202.224,107.208,-558.267,4.08284,-0.939251,0.0711892,-0.0163923,0.997328,57.678,57.678,1,1342.45,564.18,1,0
83784893985110,1337.76,559.286,1.98687,140.825,104.1,-560.005,10.1126,-1.11132,0.17555,-0.0193949,0.98428,57.6756,57.6756,1,1347.15,569.074,1.92236,202.199,107.195,-558.241,3.66025,-1.09892,0.0638283,-0.0191786,0.997777,57.6756,57.6756,1,1342.45,564.18,1,0
83784896481380,1338.82,535.025,1.94571,140.835,104.128,-559.937,10.1119,-0.848714,0.175552,-0.0148123,0.984359,57.6712,57.6712,1,1347.15,569.074,1.87745,202.211,107.221,-558.23,3.84663,-0.913597,0.0670774,-0.0159446,0.99762,57.6712,57.6712,1,1342.98,552.049,1,0
83784898984590,1342.26,542.289,1.95449,140.837,104.143,-559.914,10.0816,-0.672496,0.175038,-0.011737,0.984492,57.6787,57.6787,1,1347.15,546.377,1.92839,202.204,107.172,-558.405,3.45961,-1.68048,0.0603189,-0.0293257,0.997748,57.6787,57.6787,1,1344.7,544.333,1,0
83784901484330,1337.89,551.103,1.96397,140.839,104.151,-559.873,10.0043,-0.514247,0.173714,-0.00897518,0.984755,57.6721,57.6721,1,1347.15,546.377,1.90679,202.208,107.196,-558.314,3.69311,-1.576,0.0643879,-0.0275029,0.997546,57.6721,57.6721,1,1342.52,548.74,1,0
83784903987540,1338.82,542.289,1.97891,140.839,104.139,-559.912,10.0948,-0.833377,0.175258,-0.0145447,0.984415,57.6796,57.6796,1,1341.08,546.377,1.91983,202.219,107.169,-558.423,3.6669,-1.86035,0.063922,-0.0324635,0.997427,57.6796,57.6796,1,1339.95,544.333,1,0
83784906483810,1338.82,535.025,1.96559,140.828,104.153,-559.937,9.98315,-0.846866,0.17334,-0.0147801,0.984751,57.6736,57.6736,1,1341.08,546.377,1.87951,202.204,107.201,-558.283,3.6984,-1.62056,0.0644787,-0.0282803,0.997518,57.6736,57.6736,1,1339.95,540.701,1,0
83784908983550,1337.89,542.289,1.96722,140.834,104.148,-559.934,10.0028,-0.946416,0.173672,-0.0165173,0.984665,57.6758,57.6758,1,1341.53,510.109,1.90374,202.219,107.208,-558.332,3.85572,-1.63661,0.0672169,-0.0285604,0.997329,57.6758,57.6758,1,1339.71,526.199,1,0
83784911486760,1337.89,544.682,1.96293,140.833,104.157,-559.876,9.90546,-0.631119,0.172012,-0.0110149,0.985033,57.6685,57.6685,1,1341.08,513.477,1.92232,202.204,107.216,-558.24,3.75946,-1.51568,0.0655449,-0.0264504,0.997499,57.6685,57.6685,1,1339.49,529.08,1,0
83784913983030,1338.75,541.753,1.96792,140.841,104.161,-559.862,10.0197,-0.684151,0.173975,-0.0119404,0.984678,57.6721,57.6721,1,1341.08,515.435,1.91089,202.211,107.204,-558.329,3.7307,-1.47891,0.0650454,-0.025809,0.997548,57.6721,57.6721,1,1339.92,528.594,1,0
83784916486240,1337.89,542.289,1.96085,140.841,104.17,-559.857,9.9545,-0.46006,0.172861,-0.00802947,0.984914,57.6662,57.6662,1,1341.08,534.419,1.9162,202.216,107.247,-558.224,3.93464,-1.13556,0.0686049,-0.0198179,0.997447,57.6662,57.6662,1,1339.49,538.354,1,0
83784918985980,1337.89,542.289,1.95512,140.828,104.14,-559.926,9.89387,-0.865998,0.171804,-0.0151139,0.985015,57.6742,57.6742,1,1341.53,510.109,1.90579,202.218,107.209,-558.305,3.90979,-1.66754,0.0681568,-0.0290999,0.99725,57.6742,57.6742,1,1339.71,526.199,1,0
83784921489190,1337.89,541.753,1.99621,140.83,104.13,-559.983,10.0154,-0.912932,0.173891,-0.015933,0.984636,57.6824,57.6824,1,1341.08,513.477,1.90209,202.224,107.177,-558.412,3.9843,-2.42374,0.069421,-0.0422896,0.996691,57.6824,57.6824,1,1339.49,527.615,1,0
83784923985460,1338.75,541.753,1.97441,140.841,104.145,-559.907,10.0309,-0.689176,0.174166,-0.0120281,0.984643,57.67,57.67,1,1341.08,511.856,1.94134,202.199,107.234,-558.244,3.50613,-1.54832,0.061133,-0.0270201,0.997764,57.67,57.67,1,1339.92,526.804,1,0
83784926485190,1337.89,542.289,1.97336,140.838,104.166,-559.846,9.91009,-0.207625,0.172101,-0.00362373,0.985073,57.6674,57.6674,1,1341.08,513.649,1.92673,202.207,107.236,-558.254,3.75507,-1.51568,0.0654684,-0.0264504,0.997504,57.6674,57.6674,1,1339.49,527.969,1,0
83784928988400,1337.89,542.289,1.97185,140.837,104.149,-559.9,9.97049,-0.600424,0.173131,-0.0104792,0.984843,57.6769,57.6769,1,1341.08,510.109,1.91556,202.217,107.182,-558.384,3.82017,-2.47167,0.0665631,-0.0431254,0.99685,57.6769,57.6769,1,1339.49,526.199,1,0
83784931484670,1337.89,541.753,1.98333,140.826,104.121,-559.99,10.0846,-1.13135,0.175068,-0.0197445,0.984358,57.6813,57.6813,1,1341.08,511.856,1.91845,202.21,107.19,-558.381,3.6649,-1.95233,0.0638839,-0.034068,0.997376,57.6813,57.6813,1,1339.49,526.804,1,0
83784933987880,1337.89,541.753,1.98473,140.832,104.137,-559.911,9.99999,-0.691032,0.173635,-0.0120605,0.984736,57.6732,57.6732,1,1339.5,511.856,1.91724,202.202,107.213,-558.299,3.67216,-1.42684,0.0640275,-0.0249005,0.997637,57.6732,57.6732,1,1338.7,526.804,1,0
83784936487620,1337.89,541.753,1.96733,140.823,104.12,-559.971,9.89386,-0.882277,0.171803,-0.015398,0.985011,57.6734,57.6734,1,1339.5,513.649,1.9254,202.201,107.219,-558.24,3.76359,-1.2483,0.0656242,-0.0217853,0.997607,57.6734,57.6734,1,1338.7,527.701,1,0
83784938990830,1337.89,541.753,1.98741,140.839,104.118,-559.969,10.1215,-0.858099,0.175716,-0.0149761,0.984327,57.6692,57.6692,1,1341.08,511.856,1.87879,202.204,107.26,-558.164,3.87158,-0.802878,0.0675138,-0.0140124,0.99762,57.6692,57.6692,1,1339.49,526.804,1,0
83784941487100,1337.89,541.753,1.97428,140.831,104.121,-559.947,10.0025,-0.492338,0.173685,-0.00859281,0.984764,57.6762,57.6762,1,1340.67,511.856,1.90035,202.206,107.19,-558.316,3.84133,-1.74337,0.0669626,-0.0304229,0.997292,57.6762,57.6762,1,1339.28,526.804,1,0
83784943990310,1337.89,541.753,1.96525,140.83,104.101,-559.988,10.009,-0.646721,0.173792,-0.0112872,0.984718,57.668,57.668,1,1340.67,513.649,1.89193,202.21,107.266,-558.117,4.09926,-0.50026,0.0714819,-0.00873108,0.997404,57.668,57.668,1,1339.28,527.701,1,0
83784946490060,1337.89,541.753,1.96129,140.84,104.095,-559.937,10.1338,-0.920194,0.175924,-0.0160597,0.984273,57.6711,57.6711,1,1339.5,513.649,1.8978,202.199,107.227,-558.22,3.75213,-1.06594,0.0654289,-0.018603,0.997684,57.6711,57.6711,1,1338.7,527.701,1,0
83784948986320,1337.89,541.753,1.96861,140.826,104.081,-559.998,9.93895,-0.715605,0.172585,-0.0124893,0.984915,57.6726,57.6726,1,1340.67,513.649,1.9173,202.182,107.22,-558.186,3.51337,-1.19246,0.0612682,-0.0208109,0.997904,57.6726,57.6726,1,1339.28,527.701,1,0
83784951493000,1337.89,541.753,1.9832,140.829,104.059,-560.062,10.1126,-0.932799,0.175559,-0.0162797,0.984334,57.6747,57.6747,1,1340.67,513.649,1.88828,202.202,107.215,-558.159,3.94721,-0.851745,0.0688298,-0.0148652,0.997518,57.6747,57.6747,1,1339.28,527.701,1,0
83784953989270,1337.89,541.753,1.98391,140.827,104.068,-559.985,9.99892,-1.17804,0.173593,-0.0205592,0.984603,57.6687,57.6687,1,1340.67,531.198,1.88645,202.198,107.249,-558.122,3.90643,-0.373717,0.0681258,-0.00652254,0.997655,57.6687,57.6687,1,1339.28,536.475,1,0
83784956492480,1337.89,541.753,1.96985,140.831,104.084,-559.945,9.99579,-0.616018,0.173566,-0.0107513,0.984764,57.678,57.678,1,1339.5,529.537,1.93095,202.195,107.164,-558.339,3.68234,-1.21724,0.0642103,-0.0212432,0.99771,57.678,57.678,1,1338.7,535.645,1,0
83784958988750,1337.89,541.753,1.98259,140.831,104.066,-559.977,9.98278,-0.825198,0.173334,-0.0144019,0.984758,57.6664,57.6664,1,1340.67,529.537,1.8801,202.19,107.227,-558.074,3.92978,-0.15439,0.0685336,-0.00269462,0.997645,57.6664,57.6664,1,1339.28,535.645,1,0
83784961495430,1337.89,541.753,1.9763,140.816,104.06,-560.027,9.87464,-0.614499,0.171483,-0.0107248,0.985129,57.6717,57.6717,1,1340.67,531.198,1.89012,202.192,107.215,-558.13,3.89225,-0.244365,0.0678797,-0.00426497,0.997684,57.6717,57.6717,1,1339.28,536.475,1,0
83784963991700,1337.89,541.753,1.98712,140.831,104.051,-560.016,10.1225,-0.535219,0.175746,-0.0093412,0.984391,57.6742,57.6742,1,1340.67,531.198,1.87948,202.198,107.202,-558.19,3.87464,-0.394472,0.0675721,-0.00688479,0.997691,57.6742,57.6742,1,1339.28,536.475,1,0
83784966494910,1337.89,541.753,2.00009,140.823,104.082,-559.876,9.74273,-0.0529184,0.169224,-0.000923601,0.985577,57.6674,57.6674,1,1340.67,531.198,1.89584,202.201,107.188,-558.189,3.99327,-0.466956,0.0696369,-0.00814983,0.997539,57.6674,57.6674,1,1339.28,536.475,1,0
83784968994640,1337.89,541.753,1.96657,140.823,104.061,-559.904,9.86107,-0.46051,0.171254,-0.00803732,0.985194,57.6677,57.6677,1,1342.54,570.567,1.89944,202.191,107.19,-558.162,3.92297,-0.232241,0.0684147,-0.00405336,0.997649,57.6677,57.6677,1,1340.22,556.16,1,0
83784971490910,1337.89,545.07,1.99535,140.824,104.063,-559.894,9.80118,-0.197698,0.170229,-0.00345048,0.985398,57.6738,57.6738,1,1342.54,554.101,1.9102,202.201,107.153,-558.293,3.92813,-0.765479,0.068499,-0.0133597,0.997562,57.6738,57.6738,1,1340.22,549.585,1,0
83784973994120,1337.89,549.377,1.98692,140.824,104.04,-559.988,9.95059,-0.350692,0.172796,-0.00612069,0.984939,57.6729,57.6729,1,1342.54,554.101,1.90589,202.198,107.178,-558.179,4.05081,-0.185311,0.0706407,-0.00323428,0.997497,57.6729,57.6729,1,1340.22,551.739,1,0
83784976493870,1334.9,553.592,1.98969,140.817,104.057,-559.891,9.75279,-0.0576852,0.169397,-0.0010068,0.985547,57.6729,57.6729,1,1341.29,570.567,1.90005,202.192,107.139,-558.273,3.85164,-0.459067,0.067171,-0.00801215,0.997709,57.6729,57.6729,1,1338.09,562.079,1,0
83784978997080,1337.89,550.189,2.00145,140.823,104.039,-559.956,10.0714,-0.519764,0.174868,-0.00907148,0.98455,57.6739,57.6739,1,1342.54,570.567,1.91132,202.193,107.155,-558.226,4.01713,-0.324028,0.0700536,-0.00565533,0.997527,57.6739,57.6739,1,1340.22,560.378,1,0
83784981493350,1337.89,550.189,1.98119,140.832,104.042,-559.877,9.9202,-0.0337247,0.172276,-0.000588606,0.985048,57.6707,57.6707,1,1342.54,570.567,1.91305,202.185,107.135,-558.234,3.8621,-0.370373,0.067354,-0.00646418,0.997708,57.6707,57.6707,1,1340.22,560.378,1,0
83784983996550,1337.1,549.377,1.9895,140.817,104.031,-559.937,9.99184,-0.619662,0.173498,-0.0108149,0.984775,57.6755,57.6755,1,1341.86,570.719,1.8944,202.19,107.12,-558.27,3.84947,-0.396559,0.0671339,-0.0069212,0.99772,57.6755,57.6755,1,1339.48,560.048,1,0
83784986496300,1334.9,553.592,1.99907,140.815,104.05,-559.85,9.7127,-0.181614,0.168707,-0.00316975,0.985661,57.6782,57.6782,1,1341.86,570.567,1.90038,202.196,107.058,-558.402,3.89415,-1.28157,0.0678964,-0.0223657,0.997442,57.6782,57.6782,1,1338.38,562.079,1,0
83784988999510,1337.89,550.189,1.99476,140.832,104.013,-559.946,10.1883,-0.415038,0.176879,-0.00724372,0.984206,57.683,57.683,1,1342.54,570.567,1.89387,202.194,107.054,-558.397,3.91719,-0.83434,0.0683073,-0.0145615,0.997558,57.683,57.683,1,1340.22,560.378,1,0
83784991495780,1337.1,552.771,1.99112,140.809,104.015,-559.946,9.84869,-0.471289,0.171041,-0.00822546,0.985229,57.6836,57.6836,1,1341.86,570.567,1.90646,202.19,107.049,-558.409,3.7212,-1.06153,0.0648903,-0.0185261,0.99772,57.6836,57.6836,1,1339.48,561.669,1,0
83784993995510,1334.9,552.771,1.98905,140.824,104.041,-559.82,9.87545,-0.197357,0.171506,-0.00344453,0.985177,57.6741,57.6741,1,1341.86,570.567,1.91001,202.186,107.049,-558.34,3.81306,-0.928046,0.0664927,-0.0161968,0.997655,57.6741,57.6741,1,1338.38,561.669,1,0
83784996498720,1334.9,553.592,1.98528,140.818,104.016,-559.896,9.95493,-0.438828,0.172868,-0.00765891,0.984915,57.6747,57.6747,1,1341.86,549.904,1.90105,202.184,107.06,-558.272,3.85936,-0.832094,0.0673005,-0.0145223,0.997627,57.6747,57.6747,1,1338.38,551.748,1,0
83784998994990,1335,550.189,1.99004,140.81,103.998,-559.936,9.94566,-0.727669,0.1727,-0.0126999,0.984893,57.6843,57.6843,1,1341.86,549.904,1.8806,202.196,107.012,-558.418,3.83231,-1.13412,0.0668235,-0.0197928,0.997568,57.6843,57.6843,1,1338.43,550.047,1,0
83785001501670,1334.9,552.771,1.9762,140.817,104.013,-559.89,9.93095,-0.213363,0.17246,-0.00372388,0.98501,57.6812,57.6812,1,1341.68,549.904,1.90539,202.182,107.019,-558.405,3.72912,-1.16913,0.0650259,-0.0204037,0.997675,57.6812,57.6812,1,1338.29,551.338,1,0
83785003997940,1334.9,552.771,1.98593,140.808,103.971,-559.983,10.0625,-0.942417,0.174699,-0.0164475,0.984484,57.689,57.689,1,1341.86,549.904,1.90195,202.201,106.999,-558.462,3.92722,-1.40514,0.0684687,-0.0245219,0.997352,57.689,57.689,1,1338.38,551.338,1,0
83785006501150,1335,550.189,1.99059,140.805,103.974,-559.985,10.071,-1.0174,0.174841,-0.0177561,0.984437,57.6882,57.6882,1,1341.86,549.904,1.9143,202.189,106.989,-558.44,3.67483,-1.7151,0.0640652,-0.0299297,0.997497,57.6882,57.6882,1,1338.43,550.047,1,0
83785008997420,1335,550.189,1.98667,140.815,103.999,-559.887,10.0199,-0.438916,0.173986,-0.00766045,0.984718,57.6784,57.6784,1,1341.68,533.153,1.91427,202.176,107.006,-558.341,3.68842,-1.56968,0.0643064,-0.0273926,0.997554,57.6784,57.6784,1,1338.34,541.671,1,0
83785011504100,1334.9,552.771,2.00625,140.801,103.995,-559.879,9.75306,-0.550731,0.169394,-0.00961192,0.985501,57.6831,57.6831,1,1341.68,531.297,1.88844,202.181,106.977,-558.441,3.60677,-2.01525,0.0628695,-0.0351655,0.997402,57.6831,57.6831,1,1338.29,542.034,1,0
83785014000370,1335,550.189,1.98815,140.806,103.978,-559.928,10.0092,-0.675957,0.173794,-0.0117974,0.984711,57.688,57.688,1,1341.68,518.301,1.92391,202.183,106.971,-558.489,3.73904,-1.74561,0.0651821,-0.0304619,0.997408,57.688,57.688,1,1338.34,534.245,1,0
83785016496640,1335,550.189,1.99734,140.8,103.957,-560.001,10.1297,-0.945945,0.175853,-0.0165091,0.984278,57.6859,57.6859,1,1335.02,509.371,1.90427,202.175,106.984,-558.37,3.64564,-1.79843,0.0635542,-0.0313834,0.997485,57.6859,57.6859,1,1335.01,529.78,1,0
83785018999840,1335,550.189,1.99936,140.797,103.981,-559.93,9.899,-0.470226,0.171906,-0.0082069,0.985079,57.6873,57.6873,1,1338.74,509.371,1.9134,202.182,106.963,-558.47,3.80868,-2.17498,0.0663772,-0.0379514,0.997073,57.6873,57.6873,1,1336.87,529.78,1,202
83785021499840,1335,550.189,1.99936,140.797,103.981,-559.93,9.899,-0.470226,0.171906,-0.0082069,0.985079,57.6873,57.6873,1,1338.74,509.371,1.9134,202.182,106.963,-558.47,3.80868,-2.17498,0.0663772,-0.0379514,0.997073,57.6873,57.6873,1,1336.87,529.78,1,0
83785023999840,1334.9,550.189,1.99669,140.796,103.947,-559.984,9.92463,-0.645393,0.172342,-0.011264,0.984973,57.6897,57.6897,1,1341.68,499.568,1.90683,202.179,106.962,-558.458,3.90401,-2.15072,0.0680372,-0.0375284,0.996977,57.6897,57.6897,1,1338.29,524.879,1,0
83785024002800,1335,550.189,1.97046,140.795,103.976,-559.927,9.79951,-0.290044,0.170199,-0.00506221,0.985397,57.6759,57.6759,1,1341.42,504.537,1.91929,202.165,107.018,-558.247,3.85856,-1.65941,0.0672655,-0.0289581,0.997315,57.6759,57.6759,1,1338.21,527.363,1,0
83785026502540,1334.9,550.189,1.97348,140.788,103.953,-559.973,9.85905,-0.644796,0.171214,-0.0112536,0.98517,57.6898,57.6898,1,1340.6,504.537,1.94147,202.177,106.952,-558.469,3.84311,-2.31476,0.06697,-0.0403892,0.996937,57.6898,57.6898,1,1337.75,527.363,1,0
83785029005750,1335,550.189,1.96474,140.805,103.964,-559.948,10.0955,-0.603364,0.175279,-0.0105305,0.984462,57.6814,57.6814,1,1338.74,499.568,1.88996,202.157,106.979,-558.328,3.77841,-1.82131,0.0658646,-0.0317825,0.997322,57.6814,57.6814,1,1336.87,524.879,1,0
83785031502020,1334.9,550.189,1.97815,140.789,103.962,-559.948,9.8289,-0.36125,0.170703,-0.00630496,0.985302,57.6869,57.6869,1,1340.6,499.568,1.93533,202.164,106.962,-558.44,3.74257,-2.0494,0.0652321,-0.0357612,0.997229,57.6869,57.6869,1,1337.75,524.879,1,0
83785033998280,1334.9,550.189,1.94924,140.796,103.969,-559.933,9.9203,-0.368093,0.172275,-0.00642439,0.985028,57.681,57.681,1,1338.74,499.568,1.91038,202.155,106.978,-558.335,3.76277,-1.93721,0.065588,-0.0338043,0.997274,57.681,57.681,1,1336.82,524.879,1,0
83785036504960,1334.9,550.189,1.95803,140.804,103.975,-559.902,10.0313,-0.365465,0.174182,-0.00637852,0.984693,57.685,57.685,1,1340.6,495.46,1.92492,202.163,106.952,-558.446,3.89019,-2.41686,0.0677841,-0.0421696,0.996808,57.685,57.685,1,1337.75,522.825,1,0
83785039001230,1335,550.189,1.95864,140.791,103.966,-559.969,9.96404,-0.384204,0.173026,-0.00670558,0.984894,57.6859,57.6859,1,1338.74,495.46,1.89923,202.157,106.971,-558.401,3.80853,-2.22229,0.0663725,-0.0387766,0.997041,57.6859,57.6859,1,1336.87,522.825,1,0
83785041504440,1334.9,550.189,1.947,140.791,103.963,-559.997,9.96966,-0.638025,0.173116,-0.0111354,0.984839,57.6832,57.6832,1,1340.6,499.568,1.89587,202.147,106.994,-558.32,3.97375,-1.69169,0.0692692,-0.0295213,0.997161,57.6832,57.6832,1,1337.75,524.879,1,0
83785044004190,1334.9,550.189,1.96062,140.784,103.977,-559.972,9.91255,-0.397002,0.172141,-0.00692893,0.985048,57.6889,57.6889,1,1338.82,495.46,1.91018,202.148,106.972,-558.465,3.81317,-2.05267,0.0664606,-0.0358182,0.997146,57.6889,57.6889,1,1336.86,522.825,1,0
83785046507390,1335,550.189,1.98349,140.779,103.937,-560.097,10.0756,-1.01564,0.174921,-0.0177253,0.984423,57.6885,57.6885,1,1340.6,495.46,1.8948,202.143,107.002,-558.328,3.89668,-1.74423,0.067926,-0.0304379,0.997226,57.6885,57.6885,1,1337.8,522.825,1,0
83785049003660,1334.9,550.189,1.95498,140.783,104.01,-559.918,9.75156,0.146661,0.169376,0.00255971,0.985548,57.6818,57.6818,1,1340.6,495.46,1.88199,202.149,106.981,-558.379,3.96249,-2.0985,0.069057,-0.0366176,0.99694,57.6818,57.6818,1,1337.75,522.825,1,0
83785051506870,1334.9,550.189,1.96582,140.772,103.964,-560.05,9.87041,-0.603912,0.171411,-0.0105401,0.985143,57.6946,57.6946,1,1340.6,495.46,1.89705,202.148,106.957,-558.501,3.8259,-2.56118,0.0666583,-0.0446861,0.996775,57.6946,57.6946,1,1337.75,522.825,1,0
83785054006610,1334.9,550.189,1.98544,140.769,103.968,-560.09,9.73333,-0.45093,0.169058,-0.00787013,0.985575,57.6873,57.6873,1,1340.6,495.46,1.92102,202.144,107.015,-558.322,4.03206,-1.70815,0.0702833,-0.0298085,0.997082,57.6873,57.6873,1,1337.75,522.825,1,0
83785056502880,1335,550.189,1.99849,140.778,103.971,-560.075,9.96518,-0.4581,0.173044,-0.00799527,0.984882,57.6918,57.6918,1,1340.6,495.46,1.91284,202.14,106.992,-558.427,4.00233,-2.10715,0.0697499,-0.0367685,0.996887,57.6918,57.6918,1,1337.8,522.825,1,0
83785059006090,1334.9,550.189,1.99021,140.778,104.002,-559.997,9.78548,0.140688,0.169959,0.00245547,0.985448,57.681,57.681,1,1340.6,495.46,1.90414,202.126,107.025,-558.294,3.91753,-1.63953,0.0682926,-0.0286113,0.997255,57.681,57.681,1,1337.75,522.825,1,0
83785061505830,1334.9,550.189,1.97624,140.765,104.002,-560.01,9.95503,-0.289931,0.172873,-0.00506024,0.984931,57.6792,57.6792,1,1340.6,495.46,1.90159,202.115,107.048,-558.246,4.08381,-1.29158,0.0711975,-0.0225403,0.997208,57.6792,57.6792,1,1337.75,522.825,1,0
83785064009040,1334.9,553.233,1.98339,140.746,104.019,-559.982,9.86377,-0.0542521,0.171306,-0.000946878,0.985217,57.684,57.684,1,1340.6,495.46,1.89579,202.097,107.024,-558.375,3.79948,-1.79817,0.0662323,-0.0313788,0.997311,57.684,57.684,1,1337.75,524.347,1,0
83785066505310,1334.9,553.233,1.97486,140.71,104.016,-559.982,9.55869,-0.0151491,0.166058,-0.000264401,0.986116,57.6834,57.6834,1,1340.6,495.46,1.90997,202.066,107.056,-558.371,3.75616,-1.52386,0.0654873,-0.0265932,0.997499,57.6834,57.6834,1,1337.75,524.347,1,0
83785069008520,1334.83,562.729,1.95218,140.663,104.011,-559.992,9.16921,-0.0676985,0.159351,-0.00118156,0.987221,57.6907,57.6907,1,1340.6,495.46,1.92136,202.031,107.003,-558.5,3.32167,-2.49302,0.0578868,-0.0434977,0.997375,57.6907,57.6907,1,1337.72,529.094,1,0
83785071508250,1334.83,557.003,1.94539,140.633,104.027,-559.956,9.05005,-0.396346,0.157293,-0.00691749,0.987528,57.6851,57.6851,1,1340.6,495.46,1.92905,201.991,107.035,-558.429,3.04871,-2.15784,0.0531472,-0.0376525,0.997877,57.6851,57.6851,1,1337.72,526.231,1,0
83785074011470,1329.58,553.233,1.97149,140.596,104.041,-559.945,8.93677,-0.472199,0.155339,-0.00824134,0.987827,57.6858,57.6858,1,1337.79,495.46,1.86584,201.954,107.024,-558.458,2.69155,-1.91041,0.0469331,-0.0333368,0.998342,57.6858,57.6858,1,1333.69,524.347,1,0
83785076511210,1312.24,553.233,2.00048,140.561,104.03,-560.014,8.72633,-0.566112,0.151708,-0.00988036,0.988376,57.6927,57.6927,1,1335.21,495.46,1.89247,201.922,107.015,-558.528,2.1489,-1.95581,0.0374748,-0.0341287,0.998715,57.6927,57.6927,1,1323.72,524.347,1,0
83785079007480,1290.13,553.233,1.99001,140.539,104.014,-560.056,8.47804,-0.616524,0.147422,-0.0107602,0.989015,57.6973,57.6973,1,1311.18,495.46,1.90672,201.914,107.012,-558.581,2.12164,-1.66891,0.0370054,-0.0291239,0.998891,57.6973,57.6973,1,1300.66,524.347,1,0
83785081510680,1283.23,557.003,1.97296,140.522,104.066,-559.905,8.09737,0.0619275,0.140856,0.00108084,0.99003,57.6908,57.6908,1,1296.07,495.46,1.92505,201.903,107.006,-558.606,2.0612,-1.66494,0.0359518,-0.0290547,0.998931,57.6908,57.6908,1,1289.65,526.231,1,0
83785084006950,1276.67,553.233,1.97047,140.525,104.009,-560.093,8.65527,-0.780988,0.150475,-0.0136304,0.98852,57.6973,57.6973,1,1276.41,495.46,1.88041,201.89,107.022,-558.546,2.05067,-1.52649,0.0357706,-0.0266392,0.999005,57.6973,57.6973,1,1276.54,524.347,1,0
83785086513640,1264.76,553.233,1.99237,140.522,104.047,-560.012,8.36348,-0.164937,0.145452,-0.00287869,0.989361,57.6981,57.6981,1,1246.6,495.46,1.92246,201.888,107.022,-558.653,1.91153,-1.35901,0.0333469,-0.023717,0.999162,57.6981,57.6981,1,1255.68,524.347,1,0
83785089009910,1260.64,557.003,1.9905,140.52,104.052,-560.006,8.42908,-0.0405139,0.146585,-0.000707102,0.989198,57.696,57.696,1,1245.09,504.148,1.89031,201.885,107.019,-558.614,2.10158,-1.2341,0.0366628,-0.0215375,0.999096,57.696,57.696,1,1252.87,530.575,1,0
83785091513120,1260.64,557.003,1.98533,140.498,104.009,-560.115,8.24177,-0.981473,0.143329,-0.0171291,0.989527,57.7008,57.7008,1,1243.92,504.323,1.90458,201.877,107.034,-558.599,1.89136,-1.17816,0.0329975,-0.0205614,0.999244,57.7008,57.7008,1,1252.28,530.663,1,0
83785094009390,1260.64,553.233,1.96944,140.516,104.04,-560.032,8.35964,-0.34785,0.145383,-0.0060711,0.989357,57.6979,57.6979,1,1243.92,511.952,1.89385,201.874,107.023,-558.626,1.8022,-1.50608,0.0314383,-0.026283,0.99916,57.6979,57.6979,1,1252.28,532.592,1,0
83785096516070,1247.94,557.003,1.98573,140.513,104.058,-560.007,8.22508,-0.108171,0.143062,-0.00188793,0.989712,57.6983,57.6983,1,1243.92,513.096,1.90306,201.881,107.023,-558.664,1.84195,-1.3961,0.0321329,-0.0243641,0.999187,57.6983,57.6983,1,1245.93,535.049,1,0
83785099012330,1247.94,557.003,1.96055,140.518,104.058,-559.995,8.35466,-0.352672,0.145297,-0.00615525,0.989369,57.6917,57.6917,1,1243.92,513.096,1.91144,201.869,107.068,-558.55,1.91378,-0.81627,0.0333921,-0.0142461,0.999341,57.6917,57.6917,1,1245.93,535.049,1,0
83785101512070,1252.89,557.003,1.98641,140.516,104.003,-560.139,8.51678,-0.974636,0.148078,-0.0170098,0.988829,57.7013,57.7013,1,1236.58,513.096,1.87926,201.876,107.046,-558.589,1.96852,-1.28053,0.0343419,-0.0223476,0.99916,57.7013,57.7013,1,1244.74,535.049,1,0
83785104015280,1253.65,553.251,1.96746,140.526,104.036,-560.065,8.53024,-0.465704,0.148326,-0.00812798,0.988905,57.699,57.699,1,1236.58,513.096,1.87703,201.876,107.057,-558.624,1.84684,-1.00952,0.0322228,-0.0176186,0.999325,57.699,57.699,1,1245.12,533.174,1,0
83785106511550,1249.26,557.003,1.97028,140.528,104.065,-560.004,8.45199,-0.144729,0.14698,-0.002526,0.989136,57.6922,57.6922,1,1236.58,519.09,1.91955,201.869,107.07,-558.551,1.835,-0.774703,0.0320184,-0.0135207,0.999396,57.6922,57.6922,1,1242.92,538.046,1,0
83785109014760,1250.12,557.003,1.9624,140.529,104.04,-560.011,8.46706,-0.455839,0.147236,-0.0079558,0.989069,57.6936,57.6936,1,1243.92,525.5,1.92646,201.887,107.061,-558.566,2.20658,-1.06019,0.038496,-0.0185028,0.999087,57.6936,57.6936,1,1247.02,541.251,1,0
83785111514500,1252.89,553.794,1.97828,140.518,104.011,-560.149,8.58144,-0.954829,0.149194,-0.0166641,0.988667,57.7057,57.7057,1,1236.58,513.096,1.884,201.885,107.028,-558.669,1.87524,-1.52472,0.0327116,-0.0266083,0.999111,57.7057,57.7057,1,1244.74,533.445,1,0
83785114017710,1250.12,553.251,1.97734,140.511,104.019,-560.156,8.33571,-0.652082,0.144964,-0.0113807,0.989371,57.7079,57.7079,1,1236.58,513.096,1.89549,201.879,107.017,-558.709,1.76787,-1.71181,0.0308364,-0.0298722,0.999078,57.7079,57.7079,1,1243.35,533.174,1,0
83785116513970,1249.26,553.794,1.99264,140.514,104.007,-560.123,8.41951,-0.809548,0.146405,-0.0141288,0.989124,57.7054,57.7054,1,1236.58,519.09,1.88777,201.877,107.029,-558.688,1.72583,-1.1457,0.0301109,-0.0199949,0.999347,57.7054,57.7054,1,1242.92,536.442,1,0
83785119017190,1250.12,553.251,1.9692,140.514,104.022,-560.142,8.40312,-0.549477,0.14613,-0.00959004,0.989219,57.7037,57.7037,1,1236.58,525.358,1.90196,201.873,107.033,-558.638,1.70483,-1.28196,0.029743,-0.0223725,0.999307,57.7037,57.7037,1,1243.35,539.305,1,0
83785121516930,1249.26,548.563,1.97575,140.526,104.008,-560.092,8.36452,-0.646517,0.145461,-0.0112836,0.9893,57.7018,57.7018,1,1231.5,519.09,1.9141,201.868,107.025,-558.641,1.67091,-1.26624,0.0291516,-0.0220983,0.999331,57.7018,57.7018,1,1240.38,533.826,1,0
83785124013200,1247.44,553.251,1.98471,140.522,104.024,-560.123,8.28431,-0.192878,0.144084,-0.00336636,0.98956,57.7019,57.7019,1,1231.42,525.358,1.89145,201.882,107.045,-558.622,1.8728,-0.852508,0.0326771,-0.0148785,0.999355,57.7019,57.7019,1,1239.43,539.305,1,0
83785126516410,1247.44,553.251,1.97292,140.519,104.013,-560.108,8.37766,-0.724932,0.145686,-0.0126521,0.98925,57.7047,57.7047,1,1231.42,520.771,1.90454,201.878,107.02,-558.686,1.66822,-1.36491,0.0291036,-0.02382,0.999293,57.7047,57.7047,1,1239.43,537.011,1,0
83785129016150,1248.85,548.563,1.98035,140.528,104.022,-560.091,8.44381,-0.615788,0.146831,-0.0107473,0.989103,57.7039,57.7039,1,1233.77,520.771,1.91558,201.895,107.01,-558.687,1.91566,-1.58202,0.0334155,-0.0276079,0.99906,57.7039,57.7039,1,1241.31,534.667,1,0
83785131519360,1247.44,548.563,1.99768,140.534,104.015,-560.067,8.36759,-0.470419,0.145519,-0.00821026,0.989321,57.7017,57.7017,1,1231.42,519.09,1.89035,201.886,107.005,-558.66,1.81075,-1.56459,0.0315865,-0.0273039,0.999128,57.7017,57.7017,1,1239.43,533.826,1,0
83785134015630,1247.44,552.871,2.00186,140.533,103.976,-560.223,8.64915,-0.866231,0.150366,-0.015118,0.988515,57.7069,57.7069,1,1231.42,525.358,1.88912,201.886,107.025,-558.611,1.84309,-1.23192,0.0321551,-0.0214994,0.999252,57.7069,57.7069,1,1239.43,539.115,1,0
83785136522310,1248.85,548.563,1.99032,140.537,103.962,-560.233,8.66822,-1.20254,0.150679,-0.0209867,0.98836,57.7059,57.7059,1,1231.42,520.771,1.89309,201.894,107.028,-558.576,2.07112,-1.12296,0.0361331,-0.0195982,0.999155,57.7059,57.7059,1,1240.13,534.667,1,0
83785139018570,1248.85,548.563,1.98248,140.544,103.978,-560.16,8.5755,-0.769641,0.149099,-0.0134324,0.988731,57.7055,57.7055,1,1231.42,525.358,1.92111,201.89,107.014,-558.642,1.86423,-1.24562,0.0325235,-0.0217384,0.999234,57.7055,57.7055,1,1240.13,536.961,1,0
83785141514840,1248.85,548.563,1.99503,140.534,103.971,-560.172,8.44211,-0.89126,0.146792,-0.0155548,0.989045,57.7101,57.7101,1,1231.42,519.09,1.90781,201.9,106.984,-558.718,1.86915,-1.8524,0.0325999,-0.0323249,0.998946,57.7101,57.7101,1,1240.13,533.826,1,0
83785144018050,1248.85,545.506,1.97293,140.553,103.999,-560.085,8.55837,-0.602096,0.148809,-0.0105084,0.98881,57.7027,57.7027,1,1231.42,520.771,1.90496,201.906,106.991,-558.656,2.07384,-1.606,0.0361732,-0.0280263,0.998952,57.7027,57.7027,1,1240.13,533.138,1,0
83785146517790,1248.85,545.506,1.96867,140.548,103.966,-560.18,8.54564,-0.865685,0.14858,-0.0151085,0.988785,57.7061,57.7061,1,1231.42,519.09,1.90244,201.911,106.992,-558.624,2.11818,-1.74208,0.0369437,-0.0304003,0.998855,57.7061,57.7061,1,1240.13,532.298,1,0
83785149021000,1248.85,547.188,1.9972,140.543,103.976,-560.161,8.29678,-0.569672,0.144294,-0.00994249,0.989485,57.7095,57.7095,1,1231.42,519.09,1.89565,201.912,106.965,-558.712,1.9732,-2.08833,0.0344092,-0.0364401,0.998743,57.7095,57.7095,1,1240.13,533.139,1,0
83785151517270,1248.85,548.563,1.99145,140.551,103.971,-560.145,8.28491,-0.341281,0.144093,-0.00595644,0.989546,57.7066,57.7066,1,1231.42,507.437,1.91096,201.911,106.971,-558.666,2.05209,-1.9121,0.0357881,-0.0333663,0.998802,57.7066,57.7066,1,1240.13,528,1,0
83785154020480,1248.85,547.188,1.99446,140.559,103.974,-560.126,8.43835,-0.494466,0.14674,-0.00862996,0.989137,57.7098,57.7098,1,1236.97,507.437,1.89125,201.923,106.953,-558.749,1.97599,-2.04039,0.0344588,-0.035604,0.998772,57.7098,57.7098,1,1242.91,527.312,1,0
83785156520220,1248.85,545.506,1.99857,140.558,103.956,-560.146,8.35183,-0.626256,0.145243,-0.01093,0.989336,57.7053,57.7053,1,1236.97,513.107,1.90133,201.92,106.985,-558.636,2.22537,-1.50153,0.0388169,-0.0262037,0.998903,57.7053,57.7053,1,1242.91,529.306,1,0
83785159023430,1248.75,547.188,1.99355,140.564,103.984,-560.069,8.2601,0.11688,0.143667,0.00203993,0.989624,57.7064,57.7064,1,1236.97,507.437,1.92497,201.929,106.957,-558.737,2.08189,-1.97167,0.0363063,-0.0344054,0.998748,57.7064,57.7064,1,1242.86,527.312,1,0
83785161523170,1248.85,547.188,1.97148,140.565,103.915,-560.236,8.54659,-0.789396,0.148599,-0.0137771,0.988802,57.7139,57.7139,1,1236.07,507.437,1.90497,201.919,106.936,-558.705,1.95639,-2.38727,0.0341092,-0.0416537,0.99855,57.7139,57.7139,1,1242.46,527.312,1,0
83785164019440,1248.85,547.188,1.99254,140.561,103.956,-560.139,8.15367,0.0788424,0.141828,0.00137606,0.98989,57.711,57.711,1,1236.97,507.437,1.89935,201.946,106.935,-558.753,2.35545,-2.28619,0.0410661,-0.0398909,0.99836,57.711,57.711,1,1242.91,527.312,1,0
83785166522650,1248.75,547.188,1.97892,140.565,103.911,-560.272,8.28582,-0.388746,0.144108,-0.00678484,0.989539,57.7157,57.7157,1,1236.97,507.437,1.89106,201.942,106.914,-558.702,2.24176,-2.57519,0.0390767,-0.0449303,0.998226,57.7157,57.7157,1,1242.86,527.312,1,0
83785169018920,1248.75,547.188,1.98929,140.568,103.912,-560.23,8.2174,-0.390089,0.142926,-0.00680829,0.98971,57.716,57.716,1,1236.97,487.327,1.90484,201.94,106.921,-558.752,2.17341,-2.19427,0.0378962,-0.0382878,0.998548,57.716,57.716,1,1242.86,517.258,1,0
83785171525600,1248.75,547.188,2.01232,140.573,103.891,-560.274,8.34027,-0.73255,0.14504,-0.0127851,0.989343,57.718,57.718,1,1236.97,474.945,1.90067,201.943,106.908,-558.742,2.05385,-2.69462,0.0357991,-0.0470126,0.998253,57.718,57.718,1,1242.86,511.066,1,0
83785174021860,1243.48,547.188,1.98584,140.582,103.928,-560.163,8.2207,-0.0634422,0.142986,-0.00110728,0.989724,57.7104,57.7104,1,1236.97,474.945,1.89677,201.944,106.925,-558.705,1.95322,-2.52337,0.0340505,-0.0440268,0.99845,57.7104,57.7104,1,1240.22,511.066,1,0
83785176525080,1243.48,547.188,1.97846,140.576,103.902,-560.222,8.17092,-0.258688,0.142125,-0.00451493,0.989838,57.7165,57.7165,1,1236.97,474.945,1.92311,201.956,106.889,-558.758,2.15484,-2.52221,0.0375638,-0.0440067,0.998325,57.7165,57.7165,1,1240.22,511.066,1,0
83785179024810,1243.48,547.188,1.96272,140.576,103.903,-560.259,8.17134,-0.185089,0.142133,-0.00323041,0.989842,57.7204,57.7204,1,1236.97,474.945,1.92766,201.968,106.888,-558.805,2.0986,-2.81811,0.036575,-0.0491654,0.998121,57.7204,57.7204,1,1240.22,511.066,1,0
83785181528030,1244.1,547.188,1.99138,140.58,103.888,-560.289,8.35082,-0.863268,0.145217,-0.0150663,0.989285,57.7228,57.7228,1,1236.97,457.042,1.88802,201.963,106.882,-558.821,1.7349,-3.21999,0.0302273,-0.0561699,0.997964,57.7228,57.7228,1,1240.53,502.115,1,0
83785184024290,1243.48,547.188,1.9907,140.573,103.892,-560.326,8.06759,-0.393618,0.140338,-0.00686987,0.99008,57.7208,57.7208,1,1236.97,457.042,1.87996,201.973,106.889,-558.745,2.08909,-2.74693,0.0364116,-0.0479245,0.998187,57.7208,57.7208,1,1240.22,502.115,1,0
83785186524040,1243.48,547.188,1.97947,140.596,103.895,-560.243,8.30682,-0.323941,0.144472,-0.00565381,0.989493,57.7233,57.7233,1,1236.97,456.823,1.90252,201.985,106.871,-558.877,1.914,-2.93892,0.0333555,-0.0512713,0.998128,57.7233,57.7233,1,1240.22,502.006,1,0
83785189027250,1243.48,547.188,1.99859,140.585,103.859,-560.361,8.16978,-0.937169,0.142088,-0.016356,0.989719,57.7254,57.7254,1,1236.97,444.579,1.88043,201.99,106.876,-558.793,2.21738,-2.7558,0.0386462,-0.0480793,0.998096,57.7254,57.7254,1,1240.22,495.883,1,0
83785191523520,1243.48,547.188,1.98224,140.591,103.902,-560.254,8.1103,-0.153783,0.141079,-0.00268402,0.989995,57.7226,57.7226,1,1236.97,457.042,1.87237,201.981,106.871,-558.852,1.8058,-2.49915,0.031482,-0.0436046,0.998553,57.7226,57.7226,1,1240.22,502.115,1,0
83785194026720,1241.98,547.188,1.98896,140.599,103.894,-560.25,8.3111,-0.563698,0.144541,-0.00983823,0.98945,57.7219,57.7219,1,1236.97,457.042,1.89101,201.999,106.87,-558.84,2.0882,-2.37696,0.0364066,-0.0414739,0.998476,57.7219,57.7219,1,1239.47,502.115,1,0
83785196526460,1242.86,547.188,1.97854,140.591,103.86,-560.391,8.32589,-0.669941,0.144793,-0.0116924,0.989393,57.7368,57.7368,1,1236.97,456.823,1.9157,202.006,106.845,-558.999,1.95159,-2.76479,0.0340154,-0.048236,0.998257,57.7368,57.7368,1,1239.91,502.006,1,0
83785199029680,1242.86,547.188,1.99985,140.603,103.882,-560.29,8.29245,-0.616299,0.144217,-0.0107562,0.989488,57.73,57.73,1,1236.97,444.579,1.89061,202.005,106.844,-558.96,1.7898,-2.76979,0.0311963,-0.0483231,0.998344,57.73,57.73,1,1239.91,495.883,1,0
83785201525940,1241.98,547.188,1.97878,140.587,103.869,-560.363,8.13081,-0.789296,0.14142,-0.0137754,0.989854,57.7282,57.7282,1,1236.97,457.042,1.90428,202.013,106.876,-558.854,2.26525,-2.12959,0.0394986,-0.0371598,0.998528,57.7282,57.7282,1,1239.47,502.115,1,0
83785204029160,1241.98,547.188,1.99118,140.6,103.883,-560.291,8.06615,-0.354027,0.140314,-0.0061789,0.990088,57.7307,57.7307,1,1236.97,456.823,1.8952,202.003,106.843,-558.976,1.77044,-2.52178,0.0308652,-0.0439992,0.998555,57.7307,57.7307,1,1239.47,502.006,1,0
83785206528890,1241.98,547.188,1.98848,140.595,103.881,-560.321,8.06256,-0.416054,0.140251,-0.00726145,0.990089,57.7289,57.7289,1,1236.97,456.604,1.89883,202.003,106.85,-558.908,1.94074,-2.54473,0.0338324,-0.0443993,0.998441,57.7289,57.7289,1,1239.47,501.896,1,0
83785209025160,1240.98,547.188,2.00131,140.599,103.873,-560.363,8.19843,-0.584577,0.142594,-0.0102026,0.989729,57.73,57.73,1,1236.97,456.604,1.89274,202.002,106.856,-558.89,2.02334,-2.4956,0.0352731,-0.0435427,0.998429,57.73,57.73,1,1238.98,501.896,1,0
83785211531840,1236.44,547.188,1.97586,140.602,103.86,-560.398,8.20979,-0.742826,0.142786,-0.0129644,0.989669,57.7403,57.7403,1,1236.97,456.823,1.9157,202.015,106.824,-559.061,2.06561,-2.72877,0.036003,-0.047608,0.998217,57.7403,57.7403,1,1236.71,502.006,1,0
83785214028100,1236.44,547.188,1.99399,140.597,103.868,-560.431,8.07427,-0.411205,0.140453,-0.00717682,0.990061,57.7375,57.7375,1,1236.97,456.823,1.89866,202.006,106.846,-558.977,2.15987,-2.19312,0.0376604,-0.0382679,0.998558,57.7375,57.7375,1,1236.71,502.006,1,0
83785216531320,1236.59,547.188,2.00452,140.615,103.881,-560.336,8.21154,-0.319525,0.142826,-0.00557674,0.989732,57.7299,57.7299,1,1236.97,456.604,1.89164,202.002,106.856,-558.915,2.13877,-2.55224,0.037283,-0.0445302,0.998312,57.7299,57.7299,1,1236.78,501.896,1,0
83785219027580,1236.44,547.188,1.99938,140.597,103.86,-560.459,8.10649,-0.562818,0.141007,-0.00982286,0.98996,57.7409,57.7409,1,1240.26,456.823,1.89287,202.003,106.846,-559.019,2.04244,-2.35894,0.0356095,-0.0411596,0.998518,57.7409,57.7409,1,1238.35,502.006,1,0
83785221534270,1236.44,547.188,1.98152,140.617,103.907,-560.242,7.95826,-0.0299242,0.138452,-0.000522275,0.990369,57.7307,57.7307,1,1236.97,456.823,1.89787,201.998,106.851,-559.034,1.89934,-2.30966,0.0331167,-0.0403003,0.998639,57.7307,57.7307,1,1236.71,502.006,1,0
83785224030540,1236.44,547.188,1.9783,140.606,103.883,-560.379,8.0085,-0.25467,0.139319,-0.00444481,0.990238,57.7423,57.7423,1,1236.97,456.823,1.88761,202.017,106.847,-559.136,2.27066,-2.11918,0.039593,-0.0369782,0.998531,57.7423,57.7423,1,1236.71,502.006,1,0
83785226533740,1236.44,547.188,1.9973,140.614,103.897,-560.321,8.00711,-0.305001,0.139294,-0.00532324,0.990237,57.728,57.728,1,1240.26,456.823,1.88817,201.995,106.895,-558.905,2.09582,-1.74207,0.036554,-0.0304001,0.998869,57.728,57.728,1,1238.35,502.006,1,0
83785229030010,1230.7,547.188,1.9934,140.62,103.904,-560.294,7.96784,-0.257415,0.138616,-0.00449272,0.990336,57.7269,57.7269,1,1240.26,465.473,1.86153,201.997,106.892,-558.91,2.08392,-1.90084,0.0363432,-0.0331698,0.998789,57.7269,57.7269,1,1235.48,506.33,1,0
83785231529760,1233.61,547.188,1.99566,140.616,103.895,-560.336,8.15833,-0.621501,0.141901,-0.010847,0.989821,57.7311,57.7311,1,1240.26,468.218,1.8727,202.003,106.884,-558.953,2.21135,-1.76792,0.0385674,-0.030851,0.99878,57.7311,57.7311,1,1236.94,507.703,1,0
83785234032970,1233.61,547.188,1.99118,140.622,103.902,-560.311,8.02158,-0.530387,0.13954,-0.00925686,0.990173,57.7376,57.7376,1,1236.97,460.58,1.88006,201.998,106.843,-559.105,1.83333,-2.4482,0.0319629,-0.0427161,0.998576,57.7376,57.7376,1,1235.29,503.884,1,0
83785236532700,1230.7,547.188,1.99054,140.61,103.886,-560.362,7.90023,-0.574758,0.137442,-0.0100313,0.990459,57.7346,57.7346,1,1240.26,465.473,1.90597,201.999,106.876,-558.997,2.02403,-2.29638,0.0352903,-0.0400687,0.998574,57.7346,57.7346,1,1235.48,506.33,1,0
83785239035920,1230.7,547.188,1.99526,140.632,103.907,-560.316,8.0986,-0.22977,0.140876,-0.00401023,0.990019,57.7395,57.7395,1,1240.26,465.473,1.88116,202.002,106.844,-559.143,1.83119,-2.47787,0.0319249,-0.0432335,0.998555,57.7395,57.7395,1,1235.48,506.33,1,0
83785241532180,1230.7,547.188,1.99202,140.624,103.906,-560.324,7.96699,-0.248668,0.138601,-0.00434006,0.990339,57.7314,57.7314,1,1240.26,468.218,1.88659,202.003,106.886,-558.975,2.03223,-2.08177,0.0354383,-0.0363257,0.998711,57.7314,57.7314,1,1235.48,507.703,1,0
83785244035400,1230.38,547.188,1.99529,140.63,103.919,-560.316,7.95715,0.136353,0.138432,0.00237981,0.990369,57.7364,57.7364,1,1239.36,465.473,1.88181,202.015,106.879,-559.089,2.00637,-2.30298,0.0349823,-0.0401837,0.99858,57.7364,57.7364,1,1234.87,506.33,1,0
83785246535130,1230.38,547.188,1.99835,140.625,103.876,-560.436,8.06111,-0.480996,0.140224,-0.00839487,0.990084,57.7459,57.7459,1,1240.26,465.473,1.91472,202.011,106.842,-559.152,1.88612,-2.77389,0.0328744,-0.0483947,0.998287,57.7459,57.7459,1,1235.32,506.33,1,0
83785249031400,1230.38,551.505,2.01518,140.625,103.889,-560.402,7.94635,-0.29696,0.138244,-0.00518291,0.990385,57.736,57.736,1,1240.26,465.473,1.88204,202.004,106.891,-558.991,2.08127,-1.89513,0.0362971,-0.0330703,0.998794,57.736,57.736,1,1235.32,508.489,1,0
83785251534610,1230.7,547.188,2.00485,140.629,103.871,-560.465,8.12228,-0.598222,0.141279,-0.0104407,0.989915,57.7426,57.7426,1,1240.26,468.218,1.88052,202.006,106.887,-559.063,1.81036,-1.94594,0.0315732,-0.0339566,0.998924,57.7426,57.7426,1,1235.48,507.703,1,0
83785254034350,1230.38,547.188,1.99053,140.626,103.886,-560.436,8.00783,-0.48517,0.139303,-0.00846771,0.990214,57.7426,57.7426,1,1239.92,465.473,1.88403,202.018,106.868,-559.09,2.01552,-2.50476,0.0351365,-0.0437024,0.998427,57.7426,57.7426,1,1235.15,506.33,1,0
83785256537560,1230.38,551.344,1.9924,140.631,103.903,-560.415,7.91714,0.212835,0.13774,0.00371467,0.990461,57.7391,57.7391,1,1240.26,465.473,1.88737,202.019,106.899,-559.051,2.10408,-1.93618,0.0366939,-0.0337863,0.998755,57.7391,57.7391,1,1235.32,508.408,1,0
83785259033830,1230.38,551.505,2.0021,140.631,103.892,-560.439,7.82959,0.00499918,0.136227,8.72522e-05,0.990678,57.739,57.739,1,1240.26,468.218,1.8895,202.017,106.904,-559.022,2.07528,-1.8816,0.036193,-0.0328342,0.998805,57.739,57.739,1,1235.32,509.862,1,0
83785261537040,1230.38,547.188,2.00104,140.626,103.863,-560.544,7.95147,-0.691399,0.138324,-0.0120669,0.990313,57.7463,57.7463,1,1240.26,468.218,1.89629,202.015,106.899,-559.064,1.91414,-1.7633,0.0333859,-0.0307704,0.998969,57.7463,57.7463,1,1235.32,507.703,1,0
83785264036780,1230.38,547.966,1.98615,140.633,103.874,-560.539,8.17411,-0.545044,0.142175,-0.00951266,0.989796,57.7466,57.7466,1,1239.92,468.218,1.86358,202.01,106.899,-559.077,1.82067,-1.76656,0.0317563,-0.0308275,0.99902,57.7466,57.7466,1,1235.15,508.092,1,0
83785266539990,1230.38,551.344,2.0098,140.64,103.872,-560.544,8.0115,-0.378829,0.139369,-0.00661177,0.990218,57.7488,57.7488,1,1240.26,488.862,1.88712,202.019,106.885,-559.115,1.85246,-1.90938,0.032308,-0.0333189,0.998922,57.7488,57.7488,1,1235.32,520.103,1,0
83785269036260,1230.38,547.966,2.01163,140.635,103.847,-560.663,8.18448,-1.04555,0.142337,-0.0182473,0.98965,57.7548,57.7548,1,1239.92,490.227,1.88393,202.023,106.897,-559.121,1.8713,-1.73467,0.0326396,-0.030271,0.999009,57.7548,57.7548,1,1235.15,519.097,1,0
83785271536000,1230.38,547.188,1.98886,140.644,103.843,-560.682,8.37032,-1.03543,0.145547,-0.0180707,0.989186,57.7526,57.7526,1,1240.26,490.227,1.86907,202.029,106.923,-559.06,2.07026,-1.45725,0.0361133,-0.025431,0.999024,57.7526,57.7526,1,1235.32,518.708,1,0
83785274039210,1230.38,547.966,1.99158,140.645,103.848,-560.651,8.24444,-0.831823,0.143381,-0.0145175,0.989561,57.7535,57.7535,1,1240.26,490.227,1.88284,202.035,106.9,-559.105,2.05207,-1.884,0.0357883,-0.0328761,0.998819,57.7535,57.7535,1,1235.32,519.097,1,0
83785276535480,1230.38,547.188,1.9983,140.654,103.872,-560.557,8.24186,-0.595573,0.143344,-0.0103945,0.989618,57.7556,57.7556,1,1240.26,488.862,1.87504,202.04,106.863,-559.242,1.85103,-2.15119,0.0322782,-0.0375365,0.998774,57.7556,57.7556,1,1235.32,518.025,1,0
83785279038690,1235.41,547.966,1.96062,140.66,103.895,-560.53,8.30569,-0.453413,0.14445,-0.00791347,0.98948,57.7509,57.7509,1,1239.92,490.227,1.8709,202.033,106.888,-559.179,1.776,-1.74591,0.0309778,-0.0304671,0.999056,57.7509,57.7509,1,1237.66,519.097,1,0
83785281538420,1238.67,547.966,1.93871,140.661,103.887,-560.556,8.30646,-0.533855,0.144461,-0.0093174,0.989467,57.7536,57.7536,1,1240.26,490.227,1.889,202.046,106.868,-559.205,1.94009,-2.1918,0.0338298,-0.0382448,0.998696,57.7536,57.7536,1,1239.47,519.097,1,0
83785284041640,1238.67,547.966,1.94293,140.68,103.892,-560.511,8.55839,-0.567168,0.14881,-0.00989878,0.988816,57.7476,57.7476,1,1239.92,490.227,1.87239,202.039,106.909,-559.135,1.90442,-1.37566,0.0332228,-0.0240076,0.99916,57.7476,57.7476,1,1239.29,519.097,1,0
83785286541380,1238.67,547.966,1.92963,140.681,103.917,-560.457,8.35401,-0.01661,0.145289,-0.0002899,0.989389,57.7492,57.7492,1,1235.99,490.227,1.86153,202.042,106.873,-559.219,1.79678,-1.74061,0.0313401,-0.0303747,0.999047,57.7492,57.7492,1,1237.33,519.097,1,0
83785289044580,1242.23,547.966,1.94193,140.686,103.896,-560.507,8.49856,-0.342568,0.147782,-0.0059789,0.989002,57.7553,57.7553,1,1236.48,490.227,1.87949,202.059,106.848,-559.287,1.9481,-2.29691,0.0339668,-0.0400779,0.998619,57.7553,57.7553,1,1239.35,519.097,1,0
83785291540850,1242.3,547.966,1.98577,140.668,103.866,-560.636,8.36267,-0.865979,0.145422,-0.0151136,0.989254,57.7488,57.7488,1,1236.48,490.227,1.87034,202.035,106.924,-559.033,1.88456,-1.30324,0.0328774,-0.0227438,0.999201,57.7488,57.7488,1,1239.39,519.097,1,0
83785294037120,1245.02,547.966,1.93183,140.687,103.879,-560.581,8.51814,-0.719388,0.148111,-0.0125554,0.988891,57.7573,57.7573,1,1239.03,490.227,1.87151,202.062,106.859,-559.254,1.99253,-1.63546,0.034755,-0.0285402,0.998988,57.7573,57.7573,1,1242.03,519.097,1,0
83785296543810,1245.02,547.966,1.91539,140.686,103.888,-560.538,8.41884,-0.60089,0.1464,-0.0104873,0.98917,57.7432,57.7432,1,1235.99,490.227,1.88662,202.03,106.93,-559.018,1.68192,-0.858616,0.0293475,-0.0149851,0.999457,57.7432,57.7432,1,1240.51,519.097,1,0
83785299040070,1243.54,547.966,1.95321,140.684,103.88,-560.576,8.32628,-0.70099,0.144799,-0.0122343,0.989385,57.7628,57.7628,1,1236.48,490.227,1.84948,202.067,106.833,-559.369,1.65115,-2.13608,0.0287939,-0.0372729,0.99889,57.7628,57.7628,1,1240.01,519.097,1,0
83785301543290,1245.02,547.966,1.97291,140.698,103.916,-560.484,8.36676,-0.296224,0.145507,-0.00517006,0.989344,57.7417,57.7417,1,1235.99,490.227,1.88902,202.045,106.931,-559.048,1.87392,-0.632385,0.0326982,-0.011037,0.999404,57.7417,57.7417,1,1240.51,519.097,1,0
83785304043020,1245.02,547.966,1.94427,140.691,103.887,-560.577,8.329,-1.16702,0.144827,-0.0203669,0.989247,57.7557,57.7557,1,1235.99,490.227,1.874,202.073,106.867,-559.228,1.89679,-1.72989,0.0330841,-0.0301877,0.998997,57.7557,57.7557,1,1240.51,519.097,1,0
83785306546230,1243.71,547.966,1.92939,140.697,103.886,-560.572,8.29357,-0.77224,0.144232,-0.0134777,0.989452,57.7584,57.7584,1,1233.84,490.227,1.88672,202.068,106.855,-559.287,1.73372,-1.88285,0.0302381,-0.032856,0.999003,57.7584,57.7584,1,1238.78,519.097,1,0
83785309042500,1243.71,547.966,1.95498,140.706,103.908,-560.535,8.49945,-0.418941,0.147796,-0.00731183,0.988991,57.7497,57.7497,1,1233.84,490.227,1.88377,202.055,106.901,-559.158,1.72808,-1.08388,0.0301506,-0.0189161,0.999366,57.7497,57.7497,1,1238.78,519.097,1,0
83785311545710,1245.02,547.966,1.94799,140.684,103.896,-560.516,8.16967,-0.351881,0.142102,-0.00614144,0.989833,57.752,57.752,1,1233.84,491.497,1.87507,202.06,106.875,-559.216,1.88065,-1.2781,0.0328094,-0.0223051,0.999213,57.752,57.752,1,1239.43,519.731,1,0
83785314045450,1243.71,547.966,1.96213,140.656,103.895,-560.52,8.15636,-0.456365,0.141871,-0.00796499,0.989853,57.7498,57.7498,1,1233.84,491.497,1.88486,202.025,106.893,-559.169,1.55901,-1.20499,0.0272005,-0.0210295,0.999409,57.7498,57.7498,1,1238.78,519.731,1,0
83785316541710,1243.71,547.966,1.93309,140.595,103.853,-560.715,7.78518,-0.790188,0.135446,-0.0137909,0.990689,57.7682,57.7682,1,1232.94,490.227,1.86633,202.005,106.834,-559.339,1.39387,-2.06174,0.0243094,-0.0359764,0.999057,57.7682,57.7682,1,1238.32,519.097,1,0
83785319044930,1243.71,547.966,1.99046,140.527,103.913,-560.527,7.06695,0.495455,0.123024,0.0086472,0.992366,57.7593,57.7593,1,1232.94,490.227,1.91374,201.925,106.836,-559.353,0.805229,-2.09262,0.0140441,-0.036515,0.999234,57.7593,57.7593,1,1238.32,519.097,1,0
83785321544670,1234.78,547.966,1.9552,140.426,103.834,-560.819,6.59945,-1.11862,0.114906,-0.0195223,0.993185,57.7622,57.7622,1,1232.94,491.497,1.88775,201.85,106.902,-559.12,0.430088,-1.58343,0.00750351,-0.0276325,0.99959,57.7622,57.7622,1,1233.86,519.731,1,0
83785324047880,1233.88,547.966,1.95633,140.311,103.83,-560.774,5.31407,-1.40175,0.0925874,-0.0244626,0.995404,57.7627,57.7627,1,1215.17,491.497,1.89355,201.755,106.887,-559.169,-0.257954,-1.11606,-0.00450128,-0.0194777,0.9998,57.7627,57.7627,1,1224.52,519.731,1,0
83785326544140,1212.96,547.966,1.9834,140.262,103.872,-560.682,5.10277,-1.21023,0.0889226,-0.0211209,0.995815,57.7706,57.7706,1,1205.94,491.497,1.9078,201.688,106.829,-559.426,-1.27954,-1.22301,-0.0223253,-0.0213439,0.999523,57.7706,57.7706,1,1209.45,519.731,1,0
83785329047350,1172.57,547.966,1.95847,140.193,103.834,-560.752,4.57359,-1.5096,0.0797119,-0.0263444,0.99647,57.7592,57.7592,1,1173.35,491.497,1.93372,201.614,106.895,-559.12,-1.42816,-0.754943,-0.0249213,-0.0131759,0.999603,57.7592,57.7592,1,1172.96,519.731,1,0
83785331547100,1146.18,542.149,1.94727,140.13,103.848,-560.778,4.08075,-0.652826,0.0711577,-0.0113937,0.9974,57.7638,57.7638,1,1152.49,508.192,1.92939,201.544,106.88,-559.192,-2.20396,-1.14806,-0.0384491,-0.0200361,0.99906,57.7638,57.7638,1,1149.33,525.171,1,0
83785334050310,1074.43,542.149,2.01769,140.099,103.834,-560.708,3.75044,-1.01221,0.0654006,-0.0176655,0.997703,57.755,57.755,1,1114.5,527.395,1.93851,201.501,106.922,-559.082,-2.0835,-0.543938,-0.0363543,-0.00949337,0.999294,57.755,57.755,1,1094.46,534.772,1,0
83785336550050,1062.45,547.966,2.00018,140.074,103.875,-560.607,3.71297,-0.0664121,0.0647582,-0.00115911,0.9979,57.756,57.756,1,1058.28,509.425,1.88446,201.469,106.867,-559.202,-2.69105,-1.55577,-0.0469331,-0.02715,0.998529,57.756,57.756,1,1060.37,528.696,1,0
83785339046310,1032.95,547.966,1.98533,140.057,103.851,-560.631,3.67787,-0.159441,0.0641467,-0.00278276,0.997937,57.7509,57.7509,1,1049.93,509.425,1.93463,201.43,106.925,-559.078,-2.71731,-0.874943,-0.0474026,-0.01527,0.998759,57.7509,57.7509,1,1041.44,528.696,1,0
83785341549530,1005.52,547.966,1.99471,140.036,103.85,-560.678,3.38952,-0.20595,0.0591234,-0.00359449,0.998244,57.7508,57.7508,1,1013.48,527.395,1.90979,201.403,106.918,-559.027,-3.03741,-1.06429,-0.0529789,-0.0185742,0.998423,57.7508,57.7508,1,1009.5,537.68,1,0
83785344045790,987.167,547.966,1.98373,140.018,103.868,-560.602,3.05497,0.0111529,0.0532941,0.000194655,0.998579,57.7538,57.7538,1,1013.48,527.395,1.92983,201.412,106.885,-559.161,-3.10281,-1.4843,-0.0541096,-0.0259031,0.998199,57.7538,57.7538,1,1000.32,537.68,1,0
83785346552470,984.958,547.966,1.98899,140.02,103.832,-560.697,3.22903,-0.713409,0.0563231,-0.012451,0.998335,57.758,57.758,1,979.934,513.432,1.93228,201.395,106.886,-559.148,-3.22622,-1.28856,-0.0562642,-0.0224877,0.998163,57.758,57.758,1,982.446,530.699,1,0
83785349048740,982.95,547.966,2.00811,140.008,103.796,-560.835,3.07012,-0.474255,0.0535562,-0.00827722,0.998531,57.7585,57.7585,1,978.346,527.395,1.92559,201.39,106.921,-559.019,-3.03493,-0.841131,-0.052939,-0.01468,0.99849,57.7585,57.7585,1,980.648,537.68,1,0
83785351551950,967.009,547.966,2.0058,140.032,103.808,-560.712,3.36064,-0.368209,0.0586194,-0.00642641,0.99826,57.7567,57.7567,1,960.805,527.395,1.9007,201.388,106.883,-559.098,-3.23103,-1.36346,-0.0563463,-0.0237947,0.998128,57.7567,57.7567,1,963.907,537.68,1,0
83785354048220,983.289,547.966,2.0147,140.054,103.838,-560.644,3.6842,0.0975769,0.0642571,0.00170304,0.997932,57.7542,57.7542,1,960.805,519.979,1.91474,201.399,106.876,-559.118,-3.18628,-1.51798,-0.0555629,-0.0264907,0.998104,57.7542,57.7542,1,972.047,533.972,1,0
83785356547960,982.95,547.966,2.00388,140.029,103.781,-560.826,3.30252,-0.829047,0.0576019,-0.0144691,0.998235,57.7693,57.7693,1,960.805,513.432,1.90356,201.405,106.848,-559.235,-3.46624,-1.87749,-0.0604279,-0.0327625,0.997635,57.7693,57.7693,1,971.877,530.699,1,0
83785359051170,979.631,547.966,2.0256,140.055,103.826,-560.65,3.61758,0.0839666,0.0630966,0.00146549,0.998006,57.7619,57.7619,1,960.805,519.979,1.93293,201.429,106.835,-559.262,-3.17477,-2.14382,-0.0553431,-0.037408,0.997766,57.7619,57.7619,1,970.218,533.972,1,0
83785361550910,979.631,547.966,1.97778,140.053,103.819,-560.702,3.64057,-0.00247237,0.0634972,-4.3151e-05,0.997982,57.762,57.762,1,953.143,513.432,1.91199,201.4,106.848,-559.213,-3.39165,-1.76414,-0.0591328,-0.0307852,0.997775,57.762,57.762,1,966.387,530.699,1,0
83785364054130,980.896,547.966,2.01633,140.043,103.803,-560.693,3.48546,-0.187657,0.060795,-0.00327522,0.998145,57.768,57.768,1,953.143,511.517,1.90598,201.41,106.811,-559.334,-3.7345,-2.48335,-0.0650719,-0.043329,0.996939,57.768,57.768,1,967.02,529.741,1,0
83785366550390,979.631,547.966,2.00955,140.05,103.818,-560.623,3.50389,-0.265149,0.0611157,-0.00462771,0.99812,57.7508,57.7508,1,953.143,513.432,1.87648,201.384,106.877,-559.062,-3.20856,-1.33195,-0.0559556,-0.0232448,0.998163,57.7508,57.7508,1,966.387,530.699,1,0
83785369053600,979.631,563.177,2.00557,140.05,103.812,-560.664,3.57148,-0.0940602,0.0622937,-0.00164166,0.998056,57.7584,57.7584,1,953.143,513.432,1.90546,201.397,106.838,-559.17,-3.21068,-1.8364,-0.0559788,-0.0320457,0.997918,57.7584,57.7584,1,966.387,538.305,1,0
83785371553340,979.631,563.177,2.02416,140.047,103.815,-560.575,3.52185,-0.150294,0.061429,-0.00262312,0.998108,57.7553,57.7553,1,951.251,511.517,1.90019,201.393,106.848,-559.196,-3.36125,-1.68744,-0.0586058,-0.0294471,0.997847,57.7553,57.7553,1,965.441,537.347,1,0
83785374056550,977.072,550.978,1.95765,140.036,103.777,-560.765,3.47673,-0.484331,0.060641,-0.00845307,0.998124,57.7624,57.7624,1,953.143,511.517,1.90614,201.399,106.84,-559.146,-3.00294,-1.82688,-0.0523606,-0.0318796,0.998119,57.7624,57.7624,1,965.107,531.247,1,0
83785376552820,978.535,547.966,2.02762,140.042,103.771,-560.729,3.59875,-0.704995,0.062764,-0.0123042,0.997953,57.7636,57.7636,1,953.143,511.517,1.89856,201.395,106.832,-559.204,-3.10947,-1.65084,-0.0542213,-0.0288086,0.998113,57.7636,57.7636,1,965.839,529.741,1,0
83785379052550,978.535,550.978,1.96559,140.041,103.762,-560.807,3.59032,-0.646429,0.0626179,-0.0112821,0.997974,57.7654,57.7654,1,953.143,503.99,1.90834,201.392,106.828,-559.16,-3.12861,-1.83691,-0.0545493,-0.0320546,0.997996,57.7654,57.7654,1,965.839,527.484,1,0
83785381555770,978.083,554.296,2.00308,140.036,103.78,-560.665,3.41253,-0.423662,0.0595231,-0.00739422,0.9982,57.7556,57.7556,1,953.143,511.517,1.93058,201.393,106.84,-559.102,-2.68166,-1.34761,-0.0467737,-0.023518,0.998629,57.7556,57.7556,1,965.613,532.906,1,0
83785384052030,977.072,550.978,1.96789,140.041,103.793,-560.67,3.52394,-0.322877,0.0614645,-0.00563523,0.998093,57.7564,57.7564,1,955.603,511.517,1.89822,201.379,106.836,-559.116,-3.01895,-1.54638,-0.052647,-0.0269861,0.998248,57.7564,57.7564,1,966.337,531.247,1,0
83785386555250,978.083,554.296,1.99464,140.039,103.784,-560.649,3.5855,-0.301188,0.0625371,-0.0052567,0.998029,57.7614,57.7614,1,953.143,509.707,1.89981,201.379,106.801,-559.232,-3.26832,-1.93863,-0.0569793,-0.033829,0.997802,57.7614,57.7614,1,965.613,532.002,1,0
83785389054980,977.775,553.216,1.97324,140.027,103.768,-560.771,3.45197,-0.442776,0.0602101,-0.00772783,0.998156,57.7585,57.7585,1,953.143,509.707,1.89461,201.368,106.836,-559.052,-2.95513,-1.41402,-0.0515382,-0.0246768,0.998366,57.7585,57.7585,1,965.459,531.462,1,0
83785391558190,977.072,553.216,1.99664,140.028,103.74,-560.766,3.51325,-1.16459,0.0612666,-0.0203245,0.997914,57.7558,57.7558,1,955.603,511.517,1.89222,201.368,106.837,-558.992,-2.64839,-1.38299,-0.0461932,-0.0241354,0.998641,57.7558,57.7558,1,966.337,532.367,1,0
83785394054460,977.072,551.096,1.95812,140.035,103.783,-560.63,3.57361,-0.482449,0.0623286,-0.00842022,0.99802,57.7587,57.7587,1,955.603,509.707,1.8937,201.38,106.807,-559.195,-3.02765,-1.61969,-0.0527968,-0.0282652,0.998205,57.7587,57.7587,1,966.337,530.401,1,0
83785396561150,978.083,554.296,1.96806,140.026,103.767,-560.702,3.5996,-0.416362,0.0627819,-0.00726683,0.998001,57.7608,57.7608,1,955.603,509.707,1.89581,201.371,106.805,-559.162,-2.90464,-1.4901,-0.0506568,-0.0260043,0.998378,57.7608,57.7608,1,966.843,532.002,1,0
83785399057420,977.775,553.216,1.96385,140.015,103.747,-560.836,3.60511,-0.683232,0.062875,-0.0119244,0.99795,57.7636,57.7636,1,961.084,511.517,1.91884,201.361,106.829,-559.089,-2.91264,-1.19515,-0.0508023,-0.0208578,0.998491,57.7636,57.7636,1,969.43,532.367,1,0
83785401553680,977.072,553.216,1.97696,140.018,103.78,-560.689,3.50932,-0.380675,0.0612095,-0.00664398,0.998103,57.7522,57.7522,1,961.084,511.517,1.89422,201.361,106.838,-559.005,-2.73698,-1.25897,-0.0477397,-0.0219713,0.998618,57.7522,57.7522,1,969.078,532.367,1,0
83785404056890,977.072,551.096,1.99402,140.011,103.731,-560.79,3.53169,-0.952267,0.061592,-0.0166194,0.997963,57.7664,57.7664,1,961.084,509.707,1.87314,201.366,106.784,-559.179,-2.84951,-1.65326,-0.0496922,-0.0288508,0.998348,57.7664,57.7664,1,969.078,530.401,1,0
83785406556630,977.072,554.212,1.98223,140.012,103.779,-560.688,3.53076,-0.425553,0.0615828,-0.00742724,0.998074,57.7544,57.7544,1,967.372,511.517,1.9047,201.363,106.825,-559.049,-2.44329,-0.881278,-0.0426255,-0.0153806,0.998973,57.7544,57.7544,1,972.222,532.864,1,0
83785409059840,977.072,553.216,1.96201,140.006,103.77,-560.743,3.51981,-0.79652,0.0613877,-0.0139015,0.998017,57.755,57.755,1,967.372,511.517,1.89271,201.358,106.832,-559.007,-2.47813,-0.947027,-0.0432322,-0.016528,0.998928,57.755,57.755,1,972.222,532.367,1,0
83785411556110,977.072,551.096,1.99505,140.015,103.748,-560.73,3.65009,-0.94198,0.0636543,-0.0164399,0.997837,57.7563,57.7563,1,970.806,511.517,1.88864,201.344,106.824,-559.039,-2.68156,-0.849697,-0.0467799,-0.0148295,0.998795,57.7563,57.7563,1,973.939,531.306,1,0
83785414059320,977.072,551.096,1.97348,139.999,103.76,-560.796,3.48484,-0.471694,0.0607824,-0.00823252,0.998117,57.7642,57.7642,1,970.806,511.517,1.87726,201.355,106.787,-559.135,-2.67152,-1.25329,-0.0465988,-0.0218723,0.998674,57.7642,57.7642,1,973.939,531.306,1,0
83785416559060,977.072,551.598,1.98701,139.998,103.727,-560.819,3.57948,-1.4123,0.0624141,-0.0246468,0.997746,57.7659,57.7659,1,980.02,525.087,1.90435,201.355,106.781,-559.136,-2.65938,-1.25837,-0.046387,-0.021961,0.998682,57.7659,57.7659,1,978.546,538.342,1,0
83785419062270,977.072,551.096,1.98122,140.004,103.78,-560.705,3.69713,-0.578271,0.0644791,-0.0100926,0.997868,57.7635,57.7635,1,967.372,516.509,1.87741,201.349,106.771,-559.211,-2.99347,-1.4145,-0.0522062,-0.0246852,0.998331,57.7635,57.7635,1,972.222,533.802,1,0
83785421562010,977.072,551.096,1.99212,139.997,103.73,-560.816,3.68305,-1.3121,0.0642202,-0.0228985,0.997673,57.7635,57.7635,1,970.806,516.509,1.89772,201.329,106.787,-559.092,-2.75771,-0.925077,-0.0481062,-0.0161449,0.998712,57.7635,57.7635,1,973.939,533.802,1,0
83785424058270,977.072,551.096,1.95791,139.991,103.756,-560.796,3.60182,-0.977326,0.0628131,-0.0170567,0.99788,57.7641,57.7641,1,975.762,525.087,1.87328,201.338,106.778,-559.129,-2.72683,-1.17086,-0.0475643,-0.0204339,0.998659,57.7641,57.7641,1,976.417,538.091,1,0
83785426561490,977.219,545.871,1.99816,139.988,103.73,-560.828,3.5801,-1.26279,0.0624287,-0.0220381,0.997806,57.7677,57.7677,1,975.762,525.087,1.89257,201.331,106.769,-559.165,-2.88897,-1.25114,-0.0503886,-0.0218348,0.998491,57.7677,57.7677,1,976.491,535.479,1,0
83785429057750,977.219,545.871,1.94329,139.982,103.74,-560.852,3.59827,-1.12847,0.0627483,-0.0196943,0.997835,57.7669,57.7669,1,970.806,522.709,1.86988,201.333,106.771,-559.127,-2.69355,-1.30086,-0.0469818,-0.0227023,0.998638,57.7669,57.7669,1,974.013,534.29,1,0
83785431564440,977.072,523.892,1.97328,139.98,103.753,-560.724,3.44895,-1.07663,0.0601485,-0.0187895,0.998013,57.7604,57.7604,1,970.806,525.087,1.86373,201.32,106.777,-559.122,-2.96316,-1.17137,-0.051683,-0.0204428,0.998454,57.7604,57.7604,1,973.939,524.49,1,0
83785434060710,977.072,540.994,1.94685,139.974,103.759,-560.815,3.5205,-0.665441,0.0614015,-0.0116139,0.998046,57.7625,57.7625,1,970.806,525.087,1.86747,201.316,106.793,-559.081,-2.9246,-1.12055,-0.051012,-0.019556,0.998507,57.7625,57.7625,1,973.939,533.041,1,0
83785436563910,977.219,540.994,1.98769,139.987,103.765,-560.704,3.83684,-0.885105,0.0669075,-0.0154474,0.99764,57.7635,57.7635,1,970.806,525.087,1.91511,201.33,106.753,-559.204,-2.93015,-1.46218,-0.0511018,-0.025517,0.998367,57.7635,57.7635,1,974.013,533.041,1,0
83785439063660,977.072,528.956,1.97591,139.964,103.766,-560.743,3.50007,-1.17654,0.0610369,-0.0205331,0.997924,57.7651,57.7651,1,970.806,522.709,1.86728,201.327,106.764,-559.201,-3.06269,-1.51841,-0.0534097,-0.0264981,0.998221,57.7651,57.7651,1,973.939,525.833,1,0
83785441559920,977.072,523.892,1.97614,139.965,103.744,-560.789,3.61025,-1.23803,0.0629543,-0.0216059,0.997783,57.7611,57.7611,1,970.806,525.087,1.8933,201.316,106.794,-559.072,-2.72291,-0.981345,-0.047499,-0.0171269,0.998724,57.7611,57.7611,1,973.939,524.49,1,0
83785444063140,977.219,533.624,1.92006,139.964,103.77,-560.778,3.78207,-0.800862,0.0659553,-0.0139772,0.997725,57.7589,57.7589,1,970.806,525.087,1.86695,201.302,106.791,-559.043,-2.78764,-1.02533,-0.0486265,-0.0178944,0.998657,57.7589,57.7589,1,974.013,529.355,1,0
83785446562870,977.219,528.956,1.97244,139.954,103.736,-560.801,3.62409,-1.49334,0.0631887,-0.0260607,0.997661,57.7661,57.7661,1,970.806,525.087,1.87153,201.311,106.767,-559.159,-3.00126,-1.33533,-0.0523437,-0.0233038,0.998357,57.7661,57.7661,1,974.013,527.022,1,0
83785449066080,977.219,523.892,2.00576,139.933,103.685,-560.985,3.60813,-2.29231,0.0628818,-0.0399976,0.997219,57.7761,57.7761,1,970.806,522.709,1.88382,201.288,106.757,-559.17,-3.35495,-1.60698,-0.0584985,-0.0280434,0.997894,57.7761,57.7761,1,974.013,523.301,1,0
83785451562350,978.485,523.892,1.98302,139.938,103.736,-560.85,3.71434,-1.75358,0.0647517,-0.0306009,0.997432,57.7634,57.7634,1,970.806,525.087,1.87856,201.295,106.785,-559.057,-2.70982,-0.961057,-0.0472709,-0.0167728,0.998741,57.7634,57.7634,1,974.646,524.49,1,0
83785454065560,978.485,523.892,2.00667,139.928,103.692,-560.959,3.68295,-2.76363,0.0641607,-0.0482158,0.996774,57.7722,57.7722,1,970.806,525.087,1.88072,201.289,106.774,-559.12,-3.10469,-1.52379,-0.0541413,-0.026592,0.998179,57.7722,57.7722,1,974.646,524.49,1,0
83785456565300,978.485,495.484,1.99464,139.926,103.7,-560.969,3.81886,-2.18839,0.0665538,-0.0381854,0.997052,57.78,57.78,1,970.806,522.709,1.85051,201.289,106.73,-559.267,-3.36878,-2.05924,-0.0587244,-0.0359328,0.997627,57.78,57.78,1,974.646,509.096,1,0
83785459068510,978.485,481.228,1.98073,139.933,103.728,-560.825,3.97679,-1.95923,0.0693118,-0.0341883,0.997009,57.7657,57.7657,1,970.806,522.709,1.85757,201.275,106.77,-559.125,-3.1918,-1.56641,-0.0556578,-0.0273357,0.998076,57.7657,57.7657,1,974.646,501.969,1,0
83785461564780,982.551,481.228,1.97722,139.921,103.729,-560.861,3.82464,-1.83422,0.0666688,-0.0320076,0.997262,57.7711,57.7711,1,970.806,522.709,1.86997,201.266,106.75,-559.198,-3.51811,-1.85688,-0.0613317,-0.032403,0.997591,57.7711,57.7711,1,976.678,501.969,1,0
83785464064520,982.551,476.75,1.9778,139.908,103.71,-560.939,3.7446,-2.15904,0.0652627,-0.0376735,0.997157,57.7741,57.7741,1,956.398,516.12,1.89552,201.265,106.769,-559.184,-3.34165,-1.42195,-0.0582718,-0.0248152,0.997992,57.7741,57.7741,1,969.474,496.435,1,0
83785466567730,984.152,476.75,1.98724,139.901,103.713,-560.92,3.71483,-1.89064,0.0647552,-0.0329919,0.997356,57.7779,57.7779,1,951.547,516.12,1.87822,201.264,106.731,-559.274,-3.57638,-2.10894,-0.0623369,-0.0367997,0.997377,57.7779,57.7779,1,967.85,496.435,1,0
83785469064000,984.152,478.082,1.97834,139.903,103.732,-560.858,3.81996,-1.81016,0.0665883,-0.031588,0.99728,57.7667,57.7667,1,951.547,518.021,1.87117,201.247,106.79,-559.119,-3.45343,-1.38942,-0.0602195,-0.0242476,0.997891,57.7667,57.7667,1,967.85,498.051,1,0
83785471570680,984.152,481.228,1.98212,139.9,103.736,-560.874,3.90643,-1.368,0.0681078,-0.0238738,0.997392,57.7657,57.7657,1,957.244,516.12,1.8727,201.252,106.784,-559.081,-3.08571,-1.45042,-0.0538126,-0.025312,0.99823,57.7657,57.7657,1,970.698,498.674,1,0
83785474066950,982.551,478.082,1.98403,139.88,103.75,-560.874,3.55572,-1.58031,0.0619956,-0.0275782,0.997695,57.7695,57.7695,1,951.547,516.12,1.86184,201.24,106.76,-559.16,-3.43479,-1.81988,-0.0598823,-0.0317576,0.9977,57.7695,57.7695,1,967.049,497.101,1,0
83785476570160,984.152,481.228,1.98271,139.882,103.744,-560.864,3.83058,-1.32288,0.0667886,-0.0230865,0.9975,57.7648,57.7648,1,951.547,516.12,1.89698,201.226,106.806,-559.08,-3.463,-1.15463,-0.0603917,-0.0201507,0.997971,57.7648,57.7648,1,967.85,498.674,1,0
83785479066430,984.152,478.082,1.98651,139.875,103.74,-560.884,3.62944,-1.90191,0.0632685,-0.0331885,0.997445,57.7619,57.7619,1,951.547,518.021,1.92605,201.216,106.823,-559.002,-3.13599,-0.792346,-0.0547008,-0.0138286,0.998407,57.7619,57.7619,1,967.85,498.051,1,0
83785481573110,982.551,478.082,1.97257,139.871,103.72,-560.858,3.6309,-2.15766,0.0632838,-0.0376494,0.997285,57.7619,57.7619,1,957.244,516.12,1.92295,201.215,106.81,-559.017,-3.0449,-0.998926,-0.0531104,-0.0174337,0.998436,57.7619,57.7619,1,969.897,497.101,1,0
83785484069380,982.551,478.082,1.97943,139.873,103.748,-560.78,3.77296,-1.43726,0.0657823,-0.0250823,0.997519,57.7627,57.7627,1,951.547,518.021,1.93616,201.218,106.783,-559.114,-3.166,-1.30444,-0.0552147,-0.0227648,0.998215,57.7627,57.7627,1,967.049,498.051,1,0
83785486565640,984.152,481.228,1.97943,139.855,103.756,-560.774,3.41124,-1.49564,0.0594819,-0.0261008,0.997888,57.7662,57.7662,1,951.547,516.12,1.88436,201.212,106.755,-559.189,-3.58333,-2.25512,-0.0624517,-0.039349,0.997272,57.7662,57.7662,1,967.85,498.674,1,0
83785489068860,982.551,478.082,1.96291,139.844,103.738,-560.916,3.53907,-1.42261,0.0617102,-0.0248266,0.997785,57.7686,57.7686,1,952.644,518.021,1.87522,201.201,106.777,-559.099,-3.09389,-1.22356,-0.05396,-0.0213536,0.998315,57.7686,57.7686,1,967.597,498.051,1,0
83785491568590,982.551,481.228,1.98082,139.857,103.766,-560.747,3.65205,-1.09956,0.0636854,-0.0191898,0.997786,57.7604,57.7604,1,957.244,518.021,1.9155,201.197,106.787,-559.104,-2.97195,-0.887905,-0.0518407,-0.0154962,0.998535,57.7604,57.7604,1,969.897,499.624,1,0
83785494071800,982.551,495.453,1.96904,139.831,103.762,-560.861,3.46507,-0.93513,0.0604319,-0.0163204,0.998039,57.7607,57.7607,1,952.644,518.021,1.89733,201.179,106.793,-558.998,-2.95048,-0.781647,-0.0514681,-0.0136419,0.998581,57.7607,57.7607,1,967.597,506.737,1,0
83785496571550,981.321,495.453,1.98307,139.841,103.748,-560.885,3.66917,-1.18916,0.0639815,-0.0207533,0.997735,57.7618,57.7618,1,957.244,518.021,1.94217,201.186,106.831,-559.002,-2.78974,-0.192347,-0.0486706,-0.00335708,0.998809,57.7618,57.7618,1,969.283,506.737,1,0
83785499074750,981.321,499.36,1.98325,139.842,103.821,-560.625,3.67025,-0.548635,0.0640112,-0.00957534,0.997903,57.7483,57.7483,1,957.244,527.015,1.90521,201.179,106.802,-558.988,-2.69428,-0.498074,-0.047005,-0.00869292,0.998857,57.7483,57.7483,1,969.283,513.188,1,0
83785501571020,982.551,512.183,2.01028,139.849,103.827,-560.637,3.75833,-0.11051,0.0655481,-0.00192876,0.997848,57.7547,57.7547,1,959.789,519.704,1.90923,201.176,106.759,-559.101,-3.03128,-1.35564,-0.0528664,-0.0236581,0.998321,57.7547,57.7547,1,971.17,515.943,1,0
83785504074230,981.321,512.183,1.98309,139.82,103.794,-560.751,3.5064,-0.734056,0.061155,-0.0128114,0.998046,57.7567,57.7567,1,959.789,519.704,1.9049,201.168,106.788,-559.029,-2.92412,-0.895344,-0.0510072,-0.0156261,0.998576,57.7567,57.7567,1,970.555,515.943,1,0
83785506573970,981.321,512.183,2.00059,139.828,103.846,-560.575,3.63911,-0.103929,0.0634716,-0.0018139,0.997982,57.7512,57.7512,1,958.879,521.97,1.89732,201.17,106.764,-559.096,-3.04711,-1.31482,-0.0531431,-0.0229459,0.998323,57.7512,57.7512,1,970.1,517.076,1,0
83785509070240,981.321,537.375,1.99061,139.827,103.816,-560.717,3.80062,-0.456071,0.0662827,-0.00795987,0.997769,57.7499,57.7499,1,959.789,527.015,1.91858,201.166,106.821,-558.932,-2.47736,-0.290215,-0.043224,-0.00506518,0.999053,57.7499,57.7499,1,970.555,532.195,1,0
83785511573450,982.551,537.375,1.98304,139.831,103.847,-560.603,3.74163,-0.174439,0.065257,-0.00304453,0.997864,57.7494,57.7494,1,959.789,521.97,1.88449,201.158,106.765,-559.029,-2.88173,-1.18267,-0.0502637,-0.02064,0.998523,57.7494,57.7494,1,971.17,529.673,1,0
83785514073190,981.321,537.375,1.97993,139.817,103.816,-560.685,3.69153,-0.404076,0.0643832,-0.00705239,0.9979,57.7522,57.7522,1,959.789,527.015,1.9141,201.154,106.79,-559.005,-2.89956,-0.771521,-0.0505806,-0.0134652,0.998629,57.7522,57.7522,1,970.555,532.195,1,0
83785516576400,981.321,552.703,1.98376,139.804,103.817,-560.719,3.59473,-0.384841,0.0626973,-0.00671669,0.99801,57.7525,57.7525,1,959.789,527.015,1.87156,201.146,106.778,-558.976,-2.7281,-0.752098,-0.0475923,-0.0131262,0.998781,57.7525,57.7525,1,970.555,539.859,1,0
83785519072670,982.373,552.703,1.98043,139.81,103.825,-560.685,3.72501,-0.374927,0.0649666,-0.00654366,0.997866,57.7449,57.7449,1,966.945,529.175,1.9311,201.15,106.838,-558.866,-2.39942,-0.0193381,-0.0418656,-0.000337514,0.999123,57.7449,57.7449,1,974.659,540.939,1,0
83785521575880,982.551,555.55,1.98923,139.811,103.838,-560.674,3.85818,-0.179752,0.0672868,-0.00313725,0.997729,57.7502,57.7502,1,966.945,529.175,1.8949,201.146,106.786,-558.978,-2.5578,-0.463979,-0.0446257,-0.00809788,0.998971,57.7502,57.7502,1,974.748,542.363,1,0
83785524075620,982.373,555.55,1.97203,139.803,103.845,-560.605,3.69361,-0.111647,0.0644209,-0.00194861,0.997921,57.7503,57.7503,1,966.945,551.769,1.91796,201.138,106.777,-559.05,-2.71967,-0.501698,-0.0474475,-0.00875616,0.998835,57.7503,57.7503,1,974.659,553.66,1,0
83785526578830,982.392,556.616,1.93823,139.808,103.874,-560.541,3.79134,0.195341,0.0661227,0.00340933,0.997806,57.7471,57.7471,1,976.326,538.693,1.88057,201.143,106.744,-559.044,-2.54013,-1.00585,-0.0443124,-0.0175546,0.998864,57.7471,57.7471,1,979.359,547.654,1,0
83785529075100,982.373,552.703,1.97197,139.789,103.833,-560.675,3.62912,-0.458538,0.0632957,-0.00800291,0.997963,57.7499,57.7499,1,976.723,538.693,1.93775,201.134,106.781,-558.969,-2.44701,-0.569346,-0.0426933,-0.00993679,0.999039,57.7499,57.7499,1,979.548,545.698,1,0
83785531574840,982.373,555.55,1.98911,139.778,103.832,-560.652,3.54054,-0.637071,0.0617509,-0.0111188,0.99803,57.7465,57.7465,1,976.723,551.769,1.90603,201.136,106.789,-558.921,-2.31156,-0.478943,-0.0403321,-0.00835903,0.999151,57.7465,57.7465,1,979.548,553.66,1,0
83785534078040,982.373,555.55,1.98429,139.785,103.856,-560.608,3.6409,-0.311787,0.063502,-0.00544168,0.997967,57.7448,57.7448,1,976.723,551.769,1.92932,201.128,106.805,-558.94,-2.40258,-0.20145,-0.0419203,-0.00351596,0.999115,57.7448,57.7448,1,979.548,553.66,1,0
83785536574310,982.373,556.616,1.98309,139.777,103.877,-560.563,3.58595,-0.268399,0.0625451,-0.00468442,0.998031,57.7458,57.7458,1,981.956,538.693,1.87724,201.123,106.749,-558.997,-2.62283,-1.03681,-0.0457535,-0.0180948,0.998789,57.7458,57.7458,1,982.164,547.654,1,0
83785539077520,982.373,552.703,1.98158,139.778,103.862,-560.591,3.6975,-0.491405,0.0644864,-0.00857654,0.997882,57.7444,57.7444,1,981.956,551.769,1.91315,201.118,106.796,-558.947,-2.47843,-0.244243,-0.043243,-0.00426283,0.999056,57.7444,57.7444,1,982.164,552.236,1,0
83785541577270,982.373,555.55,1.95632,139.765,103.836,-560.67,3.50839,-0.812607,0.0611885,-0.0141822,0.998025,57.7536,57.7536,1,981.956,551.769,1.89621,201.123,106.731,-559.04,-2.53591,-1.21756,-0.0442355,-0.0212489,0.998795,57.7536,57.7536,1,982.164,553.66,1,0
83785544080480,982.373,552.703,1.96552,139.758,103.816,-560.745,3.61846,-1.00343,0.0631024,-0.0175122,0.997853,57.7488,57.7488,1,981.956,551.769,1.90695,201.103,106.807,-558.877,-2.44274,-0.01405,-0.0426209,-0.000245218,0.999091,57.7488,57.7488,1,982.164,552.236,1,0
83785546580210,982.373,552.703,1.95712,139.751,103.8,-560.801,3.47006,-1.37356,0.0605095,-0.0239709,0.99788,57.7525,57.7525,1,981.956,551.769,1.88674,201.103,106.802,-558.895,-2.34123,-0.137736,-0.0408507,-0.00240395,0.999162,57.7525,57.7525,1,982.164,552.236,1,0
83785549076480,982.373,552.703,1.9508,139.77,103.861,-560.571,3.75897,-0.454597,0.0655572,-0.00793412,0.997817,57.7455,57.7455,1,986.683,551.769,1.91186,201.117,106.786,-558.988,-2.40305,-0.182005,-0.0419286,-0.00317658,0.999116,57.7455,57.7455,1,984.528,552.236,1,0
83785551579690,982.373,552.703,1.98175,139.753,103.81,-560.755,3.57666,-1.22672,0.0623697,-0.0214088,0.997823,57.751,57.751,1,986.683,551.769,1.8916,201.098,106.766,-558.903,-2.34554,-0.41346,-0.0409248,-0.00721617,0.999136,57.751,57.751,1,984.528,552.236,1,0
83785554075960,982.373,552.703,1.97181,139.755,103.855,-560.619,3.77011,-0.763863,0.0657475,-0.0133315,0.997747,57.7495,57.7495,1,985.763,571.094,1.90157,201.095,106.761,-559.018,-2.55107,-0.344555,-0.044509,-0.00601358,0.998991,57.7495,57.7495,1,984.068,561.899,1,0
83785556582640,982.373,552.703,1.96008,139.735,103.824,-560.736,3.64547,-1.36925,0.0635643,-0.0238956,0.997692,57.7509,57.7509,1,986.683,568.856,1.88785,201.087,106.772,-558.924,-2.48624,-0.45564,-0.0433781,-0.00795234,0.999027,57.7509,57.7509,1,984.528,560.78,1,0
83785559078910,982.373,552.703,1.97675,139.731,103.841,-560.682,3.63094,-1.10008,0.0633178,-0.0191989,0.997809,57.7452,57.7452,1,986.683,568.856,1.91175,201.071,106.809,-558.871,-2.54615,0.105839,-0.044424,0.00184724,0.999011,57.7452,57.7452,1,984.528,560.78,1,0
83785561582120,982.373,536.097,1.96741,139.725,103.845,-560.641,3.53237,-1.36195,0.0615951,-0.0237683,0.997818,57.7467,57.7467,1,985.994,571.094,1.88396,201.048,106.788,-558.94,-3.04115,-0.245585,-0.0530527,-0.00428625,0.998582,57.7467,57.7467,1,984.184,553.596,1,0
83785564078390,982.373,536.097,1.9155,139.698,103.848,-560.664,3.28096,-1.30482,0.0572175,-0.0227714,0.998102,57.7477,57.7477,1,985.763,571.094,1.87587,201.054,106.794,-558.941,-2.96527,-0.322582,-0.0517298,-0.00563008,0.998645,57.7477,57.7477,1,984.068,553.596,1,0
83785566585070,979.364,517.615,1.99374,139.682,103.816,-560.791,3.1534,-1.9472,0.0549776,-0.0339786,0.997909,57.7622,57.7622,1,985.994,568.856,1.85955,201.053,106.723,-559.094,-3.33276,-1.3734,-0.0581181,-0.0239681,0.998022,57.7622,57.7622,1,982.679,543.236,1,0
83785569081330,978.536,517.615,2.0142,139.679,103.823,-560.77,3.18119,-1.3037,0.0554793,-0.022752,0.998201,57.758,57.758,1,985.763,568.856,1.90429,201.056,106.77,-559.041,-3.01886,-0.513399,-0.0526625,-0.00896039,0.998572,57.758,57.758,1,982.15,543.236,1,0
83785571581080,973.066,506.482,1.98584,139.685,103.775,-560.839,3.38825,-2.50154,0.0590453,-0.0436463,0.997301,57.7628,57.7628,1,962.885,568.856,1.86747,201.057,106.747,-559.055,-3.10694,-1.07519,-0.0541903,-0.0187646,0.998354,57.7628,57.7628,1,967.976,537.669,1,0
83785574084290,971.989,506.482,1.99016,139.688,103.784,-560.863,3.51541,-2.15573,0.0612736,-0.0376157,0.997412,57.759,57.759,1,969.906,571.094,1.90081,201.058,106.806,-558.968,-2.83654,-0.110768,-0.0494866,-0.00193327,0.998773,57.759,57.759,1,970.948,538.788,1,0
83785576580560,974.725,506.408,1.98762,139.688,103.803,-560.838,3.56543,-1.88724,0.0621547,-0.0329325,0.997523,57.7596,57.7596,1,970.113,568.856,1.88392,201.059,106.757,-558.998,-2.83272,-0.812804,-0.0494152,-0.0141856,0.998678,57.7596,57.7596,1,972.419,537.632,1,0
83785579083770,973.066,506.408,2.00015,139.673,103.782,-560.879,3.22595,-2.30282,0.0562283,-0.040181,0.997609,57.7639,57.7639,1,969.906,568.856,1.89004,201.054,106.764,-559.044,-3.04939,-0.812364,-0.0531914,-0.014178,0.998484,57.7639,57.7639,1,971.486,537.632,1,0
83785581583510,973.066,474.303,2.00464,139.684,103.794,-560.857,3.59344,-2.07,0.0626353,-0.0361204,0.997383,57.7594,57.7594,1,963.218,568.856,1.86278,201.047,106.74,-558.967,-2.95773,-1.26087,-0.0515868,-0.0220046,0.998426,57.7594,57.7594,1,968.142,521.58,1,0
83785584086720,971.989,503.236,1.99649,139.673,103.817,-560.788,3.41098,-1.36085,0.0594808,-0.0237491,0.997947,57.7607,57.7607,1,969.906,568.856,1.89567,201.045,106.763,-559.077,-3.27302,-0.739455,-0.0570892,-0.0129056,0.998286,57.7607,57.7607,1,970.948,536.046,1,0
83785586582990,973.066,503.236,1.96527,139.672,103.781,-560.857,3.46579,-1.9922,0.060416,-0.0347635,0.997568,57.7586,57.7586,1,963.218,553.379,1.87055,201.039,106.754,-558.95,-3.02698,-1.1739,-0.0527951,-0.0204869,0.998395,57.7586,57.7586,1,968.142,528.307,1,0
83785589086200,971.989,474.303,2.00404,139.667,103.792,-560.852,3.37595,-2.05875,0.0588494,-0.0359243,0.99762,57.7549,57.7549,1,963.218,568.856,1.91878,201.03,106.828,-558.899,-3.02649,0.110279,-0.0527975,0.00192473,0.998603,57.7549,57.7549,1,967.603,521.58,1,0
83785591585930,971.989,474.303,1.97483,139.673,103.794,-560.818,3.46205,-1.92855,0.0603533,-0.0336532,0.99761,57.7596,57.7596,1,963.218,568.856,1.87009,201.036,106.738,-559.01,-3.18374,-1.36551,-0.0555224,-0.0238304,0.998173,57.7596,57.7596,1,967.603,521.58,1,0
83785594082200,969.169,501.794,1.99261,139.67,103.816,-560.765,3.39759,-1.38717,0.0592471,-0.0242083,0.99795,57.755,57.755,1,959.409,553.379,1.90766,201.034,106.785,-558.983,-3.10532,-0.756567,-0.0541668,-0.0132042,0.998445,57.755,57.755,1,964.289,527.586,1,0
83785596585410,973.066,474.303,1.99059,139.662,103.748,-560.951,3.55801,-2.39325,0.062005,-0.041758,0.997202,57.7619,57.7619,1,959.409,553.379,1.83934,201.024,106.767,-558.921,-3.06262,-0.995464,-0.0534192,-0.0173733,0.998421,57.7619,57.7619,1,966.238,513.841,1,0
83785599085150,971.989,474.303,1.97916,139.669,103.767,-560.881,3.52717,-2.31986,0.0614715,-0.0404782,0.997288,57.768,57.768,1,959.409,553.379,1.90584,201.033,106.732,-559.116,-3.35203,-1.21833,-0.0584573,-0.0212622,0.998063,57.768,57.768,1,965.699,513.841,1,0
83785601588360,972.526,474.303,1.97676,139.667,103.779,-560.877,3.59498,-1.82425,0.0626714,-0.0318339,0.997526,57.762,57.762,1,957.352,552.565,1.90485,201.021,106.763,-559.004,-3.32315,-0.957925,-0.0579592,-0.0167182,0.998179,57.762,57.762,1,964.939,513.434,1,0
83785604084630,973.066,501.794,1.98259,139.671,103.8,-560.756,3.5515,-1.35574,0.0619284,-0.0236599,0.9978,57.7547,57.7547,1,957.352,552.565,1.84777,201.02,106.767,-558.977,-3.22359,-0.97363,-0.0562245,-0.0169922,0.998274,57.7547,57.7547,1,965.209,527.18,1,0
83785606591320,973.066,474.303,1.9736,139.664,103.774,-560.886,3.58272,-1.81217,0.0624583,-0.0316231,0.997546,57.7639,57.7639,1,957.352,541.429,1.89565,201.014,106.755,-559.033,-3.26397,-0.997037,-0.0569276,-0.0174007,0.998227,57.7639,57.7639,1,965.209,507.866,1,0
83785609087580,971.989,478.241,1.95847,139.656,103.773,-560.87,3.38643,-1.58609,0.0590473,-0.027679,0.997871,57.759,57.759,1,949.553,553.379,1.84281,201.006,106.779,-558.951,-3.20326,-0.690366,-0.0558742,-0.0120489,0.998365,57.759,57.759,1,960.771,515.81,1,0
83785611590790,972.526,489.056,2.00135,139.659,103.774,-560.83,3.44042,-1.61468,0.0599868,-0.0281778,0.997801,57.7627,57.7627,1,949.553,552.565,1.90547,201.01,106.749,-559.063,-3.46338,-1.15324,-0.0603984,-0.0201265,0.997971,57.7627,57.7627,1,961.04,520.811,1,0
83785614087060,973.066,498.26,1.97707,139.665,103.773,-560.832,3.56031,-1.44644,0.0620793,-0.0252424,0.997752,57.7586,57.7586,1,949.553,552.565,1.86404,200.999,106.773,-558.979,-3.24453,-0.613181,-0.0565942,-0.0107018,0.99834,57.7586,57.7586,1,961.31,525.413,1,0
83785616586800,973.066,489.056,1.97655,139.661,103.767,-560.887,3.67937,-1.60612,0.0641478,-0.0280284,0.997547,57.7686,57.7686,1,949.553,541.429,1.8887,201.01,106.74,-559.125,-3.51627,-1.18686,-0.0613188,-0.0207131,0.997903,57.7686,57.7686,1,961.31,515.243,1,0
83785619090010,973.066,480.576,1.99172,139.665,103.766,-560.919,3.73785,-1.76824,0.0651604,-0.0308566,0.997398,57.7663,57.7663,1,949.553,552.565,1.87286,201.004,106.746,-559.048,-3.42291,-1.27442,-0.0596908,-0.0222409,0.997969,57.7663,57.7663,1,961.31,516.571,1,0
83785621586280,972.526,489.056,1.99311,139.652,103.765,-560.927,3.50704,-1.61024,0.0611471,-0.0281002,0.997733,57.7711,57.7711,1,947.249,552.565,1.88549,201.001,106.758,-559.142,-3.51245,-0.613257,-0.0612619,-0.0107032,0.998064,57.7711,57.7711,1,959.888,520.811,1,0
83785624089490,973.066,490.466,1.97311,139.661,103.769,-560.877,3.64028,-1.58821,0.0634678,-0.0277159,0.997599,57.7682,57.7682,1,947.249,552.565,1.92306,200.993,106.72,-559.123,-3.70647,-1.5323,-0.0646218,-0.0267405,0.997552,57.7682,57.7682,1,960.158,521.516,1,0
83785626589230,973.066,489.056,1.97964,139.654,103.751,-560.919,3.58911,-1.82987,0.0625688,-0.0319318,0.99753,57.7646,57.7646,1,937.4,544.774,1.93596,200.994,106.769,-559.013,-3.45227,-0.89718,-0.0602096,-0.0156581,0.998063,57.7646,57.7646,1,955.233,516.915,1,0
83785629092440,973.066,489.056,2.00342,139.66,103.77,-560.868,3.68927,-1.47192,0.0643242,-0.0256871,0.997598,57.7651,57.7651,1,937.4,550.148,1.87795,200.988,106.755,-559.075,-3.49622,-0.797341,-0.0609767,-0.0139158,0.998042,57.7651,57.7651,1,955.233,519.602,1,0
83785631592170,973.066,489.056,2.0002,139.655,103.769,-560.887,3.59501,-1.67392,0.0626768,-0.0292113,0.997606,57.7723,57.7723,1,938.091,550.148,1.94184,201.006,106.734,-559.203,-3.40932,-1.10538,-0.0594578,-0.0192913,0.998044,57.7723,57.7723,1,955.579,519.602,1,0
83785634095390,973.066,490.466,1.96679,139.645,103.762,-560.925,3.53263,-1.54919,0.0615945,-0.0270352,0.997735,57.7748,57.7748,1,937.4,544.774,1.91471,200.994,106.708,-559.211,-3.59354,-1.6009,-0.0626535,-0.0279373,0.997644,57.7748,57.7748,1,955.233,517.62,1,0
83785636591650,973.066,489.056,1.99649,139.65,103.767,-560.93,3.65962,-1.5829,0.0638047,-0.0276234,0.99758,57.7692,57.7692,1,937.4,544.774,1.92075,200.994,106.757,-559.1,-3.18927,-0.669496,-0.0556308,-0.0116846,0.998383,57.7692,57.7692,1,955.233,516.915,1,0
83785639087920,973.066,490.466,1.98341,139.647,103.77,-560.852,3.56903,-1.51203,0.0622294,-0.0263868,0.997713,57.7727,57.7727,1,937.4,550.148,1.91376,200.994,106.71,-559.24,-3.43698,-1.15416,-0.0599385,-0.0201425,0.997999,57.7727,57.7727,1,955.233,520.307,1,0
83785641594610,973.066,489.056,1.9751,139.642,103.767,-560.882,3.49878,-1.72637,0.0609995,-0.0301263,0.997683,57.7705,57.7705,1,937.4,550.148,1.9019,200.976,106.735,-559.17,-3.47793,-0.772575,-0.0606585,-0.0134836,0.998067,57.7705,57.7705,1,955.233,519.602,1,0
83785644090880,973.066,490.466,1.98965,139.641,103.754,-560.972,3.54567,-1.58656,0.0618204,-0.0276871,0.997703,57.7805,57.7805,1,937.4,544.774,1.93405,201.003,106.722,-559.285,-3.48463,-1.02252,-0.0607711,-0.0178453,0.997992,57.7805,57.7805,1,955.233,517.62,1,0
83785646594080,973.066,490.466,1.97192,139.64,103.765,-560.902,3.63124,-1.40327,0.0633157,-0.0244892,0.997693,57.7794,57.7794,1,937.4,544.774,1.88875,200.999,106.68,-559.323,-3.39203,-1.45538,-0.0591485,-0.0253984,0.997926,57.7794,57.7794,1,955.233,517.62,1,0
83785649093820,973.066,490.466,1.98201,139.639,103.774,-560.922,3.60259,-1.01887,0.0628256,-0.0177816,0.997866,57.7729,57.7729,1,937.4,550.148,1.96532,200.993,106.74,-559.184,-3.1912,-0.576737,-0.0556654,-0.0100658,0.998399,57.7729,57.7729,1,955.233,520.307,1,0
83785651597040,973.066,490.466,1.98759,139.645,103.774,-560.885,3.68575,-1.0875,0.0642726,-0.0189793,0.997752,57.7741,57.7741,1,937.4,544.774,1.90761,200.995,106.697,-559.234,-3.22585,-1.23503,-0.0562589,-0.0215537,0.998184,57.7741,57.7741,1,955.233,517.62,1,0
83785654093300,973.428,490.484,1.96671,139.643,103.781,-560.907,3.66859,-1.14863,0.0639723,-0.020046,0.99775,57.7718,57.7718,1,937.4,544.774,1.93683,200.986,106.755,-559.181,-3.25096,-0.333842,-0.0567085,-0.00582661,0.998374,57.7718,57.7718,1,955.414,517.629,1,0
83785656593040,973.066,500.575,1.9768,139.638,103.792,-560.801,3.52941,-0.913749,0.061553,-0.0159472,0.997976,57.7649,57.7649,1,938.936,550.148,1.92421,200.982,106.738,-559.141,-3.15702,-0.668241,-0.0550687,-0.0116627,0.998414,57.7649,57.7649,1,956.001,525.362,1,0
83785659096250,973.066,498.86,1.99846,139.632,103.744,-560.873,3.49827,-1.43206,0.0609994,-0.0249916,0.997825,57.7735,57.7735,1,943.113,550.148,1.90344,200.981,106.713,-559.232,-3.3151,-1.02277,-0.0578179,-0.0178497,0.998168,57.7735,57.7735,1,958.09,524.504,1,0
83785661592520,973.066,498.86,2.00145,139.633,103.777,-560.836,3.55014,-0.935609,0.0619137,-0.0163287,0.997948,57.7752,57.7752,1,937.4,544.774,1.91227,200.984,106.675,-559.303,-3.53557,-1.54547,-0.0616458,-0.0269703,0.997734,57.7752,57.7752,1,955.233,521.817,1,0
83785664095730,973.066,491.418,1.9769,139.625,103.757,-560.854,3.32972,-1.56979,0.0580601,-0.0273945,0.997937,57.7666,57.7666,1,938.936,550.148,1.92769,200.977,106.742,-559.114,-3.09753,-0.447895,-0.0540342,-0.00781716,0.998508,57.7666,57.7666,1,956.001,520.783,1,0
83785666595470,973.066,498.86,1.99861,139.619,103.735,-560.97,3.48451,-1.73279,0.0607509,-0.0302384,0.997695,57.7754,57.7754,1,938.936,550.148,1.9202,200.964,106.741,-559.179,-3.48787,-0.546958,-0.0608344,-0.00954608,0.998102,57.7754,57.7754,1,956.001,524.504,1,0
83785669098680,973.066,498.86,1.98085,139.619,103.764,-560.868,3.42984,-1.1652,0.0598138,-0.0203351,0.998002,57.7781,57.7781,1,937.4,550.148,1.92169,200.977,106.684,-559.331,-3.60758,-1.33306,-0.0629056,-0.0232642,0.997748,57.7781,57.7781,1,955.233,524.504,1,0
83785671594940,973.066,498.86,1.97872,139.631,103.761,-560.855,3.70429,-1.12126,0.0645946,-0.0195685,0.99772,57.7726,57.7726,1,937.4,550.148,1.92359,200.983,106.727,-559.237,-3.06215,-0.639246,-0.0534158,-0.0111567,0.99851,57.7726,57.7726,1,955.233,524.504,1,0
83785674098160,973.066,498.86,1.97642,139.628,103.767,-560.797,3.63642,-1.32539,0.063408,-0.0231303,0.99772,57.7697,57.7697,1,938.936,550.148,1.91467,200.976,106.696,-559.228,-3.17586,-1.18484,-0.0553889,-0.020678,0.998251,57.7697,57.7697,1,956.001,524.504,1,0
83785676597900,973.066,498.86,1.96306,139.617,103.741,-560.956,3.5814,-1.5774,0.0624429,-0.0275273,0.997669,57.7737,57.7737,1,938.936,550.148,1.93548,200.973,106.738,-559.157,-2.98343,-0.628663,-0.0520441,-0.010972,0.998585,57.7737,57.7737,1,956.001,524.504,1,0
83785679094170,973.066,498.86,1.99692,139.613,103.798,-560.78,3.36008,-0.615532,0.0586075,-0.0107429,0.998223,57.7648,57.7648,1,938.936,550.148,1.92398,200.954,106.723,-559.155,-3.06828,-0.545904,-0.0535236,-0.00952767,0.998521,57.7648,57.7648,1,956.001,524.504,1,0
83785681600850,973.066,498.86,1.98697,139.607,103.76,-560.853,3.42131,-1.18437,0.0596648,-0.0206697,0.998004,57.7676,57.7676,1,950.699,550.148,1.9289,200.951,106.748,-559.139,-3.00054,-0.0554256,-0.0523454,-0.000967359,0.998629,57.7676,57.7676,1,961.883,524.504,1,0
83785684097120,973.066,498.86,2.00409,139.609,103.757,-560.843,3.49292,-1.12547,0.0609134,-0.0196419,0.99795,57.7721,57.7721,1,942.171,550.148,1.91075,200.953,106.691,-559.229,-3.32914,-1.24222,-0.0580581,-0.0216791,0.998078,57.7721,57.7721,1,957.619,524.504,1,0
83785686600330,973.066,498.86,1.94856,139.598,103.758,-560.936,3.43834,-0.941691,0.0599663,-0.0164349,0.998065,57.7774,57.7774,1,942.171,550.148,1.95735,200.967,106.711,-559.254,-3.00772,-0.658908,-0.052467,-0.0114999,0.998556,57.7774,57.7774,1,957.619,524.504,1,0
83785689096600,971.807,512.525,1.97816,139.6,103.752,-560.882,3.52028,-0.97819,0.0613928,-0.0170718,0.997968,57.7696,57.7696,1,950.699,550.148,1.93168,200.943,106.719,-559.142,-2.96285,-0.411165,-0.0516871,-0.00717612,0.998638,57.7696,57.7696,1,961.253,531.336,1,0
83785691603280,971.807,512.525,1.99074,139.587,103.754,-560.874,3.39565,-0.756099,0.0592254,-0.013196,0.998157,57.7668,57.7668,1,950.699,550.148,1.93983,200.96,106.755,-559.102,-2.68084,-0.00135357,-0.0467724,-2.36243e-05,0.998906,57.7668,57.7668,1,961.253,531.336,1,0
83785694099540,971.807,515.724,1.95441,139.576,103.747,-560.95,3.25737,-0.878343,0.0568145,-0.0153294,0.998267,57.7788,57.7788,1,950.699,550.148,1.88665,200.952,106.686,-559.259,-3.15509,-1.12197,-0.0550283,-0.0195808,0.998293,57.7788,57.7788,1,961.253,532.936,1,0
83785696602760,971.807,512.346,1.97948,139.58,103.723,-560.966,3.39719,-1.18367,0.0592447,-0.0206574,0.99803,57.7707,57.7707,1,951.664,550.148,1.93877,200.935,106.752,-559.082,-2.9003,-0.178937,-0.050598,-0.00312303,0.998714,57.7707,57.7707,1,961.735,531.247,1,0
83785699099020,971.807,512.525,1.94573,139.588,103.761,-560.881,3.41877,-0.648031,0.0596295,-0.01131,0.998156,57.775,57.775,1,951.664,550.148,1.88581,200.946,106.685,-559.252,-2.82616,-0.612509,-0.049303,-0.0106901,0.998727,57.775,57.775,1,961.735,531.336,1,0
83785701598760,967.678,515.724,1.99989,139.584,103.721,-560.943,3.44635,-0.872893,0.060107,-0.0152343,0.998076,57.7738,57.7738,1,951.664,550.148,1.92794,200.931,106.715,-559.161,-2.98141,-0.422464,-0.0520105,-0.00737332,0.998619,57.7738,57.7738,1,959.671,532.936,1,0
83785704101970,967.678,515.724,1.9594,139.57,103.735,-560.994,3.29798,-0.837768,0.0575226,-0.0146213,0.998237,57.7814,57.7814,1,951.664,550.148,1.90906,200.942,106.666,-559.262,-2.7654,-0.752451,-0.0482424,-0.0131324,0.998749,57.7814,57.7814,1,959.671,532.936,1,0
83785706601720,971.807,515.724,1.97834,139.583,103.739,-560.893,3.56867,-0.265883,0.0622441,-0.00464051,0.99805,57.7639,57.7639,1,961.144,552.134,1.93186,200.912,106.743,-559.013,-2.5171,0.291087,-0.0439169,0.0050804,0.999022,57.7639,57.7639,1,966.476,533.929,1,0
83785709104920,967.678,529.357,1.93328,139.569,103.72,-561.009,3.42113,-0.707327,0.0596699,-0.0123449,0.998142,57.7844,57.7844,1,959.387,552.134,1.9401,200.923,106.682,-559.311,-3.01181,-0.252851,-0.0525414,-0.00441308,0.998609,57.7844,57.7844,1,963.532,540.746,1,0
83785711601190,967.678,529.357,1.98924,139.561,103.711,-560.956,3.31412,-0.510769,0.0578077,-0.00891448,0.998288,57.7719,57.7719,1,959.387,552.134,1.93247,200.902,106.709,-559.104,-2.85252,-0.159503,-0.049765,-0.00278385,0.998757,57.7719,57.7719,1,963.532,540.746,1,0
83785714104400,967.678,531.398,1.93758,139.548,103.686,-561.068,3.16484,-0.783691,0.0552036,-0.0136776,0.998381,57.7865,57.7865,1,951.664,550.148,1.88653,200.912,106.629,-559.275,-3.19209,-1.20804,-0.0556713,-0.0210827,0.998227,57.7865,57.7865,1,959.671,540.773,1,0
83785716604140,967.678,534.071,1.9397,139.562,103.729,-560.928,3.29304,-0.312264,0.0574419,-0.00545,0.998334,57.7765,57.7765,1,960.959,552.134,1.90877,200.909,106.698,-559.233,-2.98255,0.0718947,-0.0520318,0.0012548,0.998645,57.7765,57.7765,1,964.319,543.103,1,0
83785719107360,966.64,534.071,1.98106,139.558,103.702,-560.967,3.42978,-0.474751,0.0598232,-0.00828588,0.998175,57.7874,57.7874,1,959.387,552.134,1.92329,200.911,106.608,-559.393,-3.43993,-1.43207,-0.0599833,-0.0249917,0.997886,57.7874,57.7874,1,963.013,543.103,1,0
83785721603620,966.64,534.071,1.95033,139.541,103.719,-560.913,3.18831,-0.205868,0.0556174,-0.00359306,0.998446,57.7748,57.7748,1,952.877,552.134,1.96341,200.894,106.678,-559.201,-3.12866,-0.419893,-0.0545768,-0.00732844,0.998483,57.7748,57.7748,1,959.758,543.103,1,0
83785724103360,966.64,534.071,1.96608,139.547,103.721,-560.883,3.36429,-0.214046,0.0586838,-0.00373581,0.99827,57.7776,57.7776,1,951.664,552.134,1.94681,200.903,106.658,-559.287,-3.23301,-0.663633,-0.0563929,-0.0115823,0.998342,57.7776,57.7776,1,959.152,543.103,1,0
83785726606570,966.64,551.064,1.95258,139.531,103.698,-560.978,3.21867,-0.420842,0.0561453,-0.00734501,0.998396,57.784,57.784,1,952.877,552.134,1.92599,200.899,106.652,-559.319,-3.31853,-0.609805,-0.0578836,-0.0106429,0.998267,57.784,57.784,1,959.758,551.599,1,0
83785729102840,966.64,551.064,1.9746,139.548,103.727,-560.826,3.45005,-0.0881099,0.0601783,-0.00153781,0.998186,57.7755,57.7755,1,956.682,552.134,1.9161,200.895,106.627,-559.293,-3.05804,-0.800304,-0.0533423,-0.0139675,0.998479,57.7755,57.7755,1,961.661,551.599,1,0
83785731606050,966.64,554.013,1.94865,139.524,103.712,-560.948,3.21757,-0.298972,0.0561269,-0.00521802,0.99841,57.7848,57.7848,1,952.877,552.134,1.92634,200.902,106.618,-559.364,-3.0413,-0.73517,-0.0530515,-0.0128308,0.998509,57.7848,57.7848,1,959.758,553.074,1,0
83785734105780,966.64,540.803,1.95939,139.532,103.699,-560.94,3.40961,-0.662098,0.0594698,-0.0115555,0.998163,57.7738,57.7738,1,956.682,552.134,1.88583,200.865,106.656,-559.142,-2.87852,-0.0242401,-0.0502186,-0.00042307,0.998738,57.7738,57.7738,1,961.661,546.469,1,0
83785736609000,966.64,551.064,1.94348,139.501,103.689,-561.013,3.02578,-0.535064,0.052783,-0.00933849,0.998562,57.7831,57.7831,1,956.682,552.134,1.92296,200.871,106.638,-559.26,-2.90256,0.00444559,-0.0506376,7.75903e-05,0.998717,57.7831,57.7831,1,961.661,551.599,1,0
83785739105260,966.64,548.755,1.95473,139.509,103.705,-560.974,3.26777,-0.51796,0.0570001,-0.00903998,0.998333,57.7766,57.7766,1,956.682,552.134,1.91494,200.865,106.644,-559.167,-2.82833,0.0453187,-0.0493436,0.00079096,0.998782,57.7766,57.7766,1,961.661,550.445,1,0
83785741611940,966.64,548.755,1.95812,139.519,103.713,-560.833,3.44592,-0.674359,0.0601022,-0.0117695,0.998123,57.7738,57.7738,1,953.575,552.835,1.92105,200.854,106.625,-559.247,-3.11285,-0.193051,-0.0543024,-0.00336937,0.998519,57.7738,57.7738,1,960.107,550.795,1,0
83785744108210,966.64,540.803,1.96758,139.481,103.656,-561.144,3.09924,-1.62788,0.0540437,-0.0284081,0.998134,57.8003,57.8003,1,956.682,552.134,1.89637,200.864,106.573,-559.469,-3.50568,-0.765618,-0.061142,-0.0133622,0.99804,57.8003,57.8003,1,961.661,546.469,1,0
83785746604480,966.64,547.738,1.98522,139.475,103.67,-561.027,3.07218,-1.28682,0.0535805,-0.0224573,0.998311,57.7857,57.7857,1,953.575,552.134,1.91549,200.845,106.608,-559.288,-3.15315,-0.280532,-0.0550044,-0.00489619,0.998474,57.7857,57.7857,1,960.107,549.936,1,0
83785749107690,966.64,540.803,1.9864,139.474,103.679,-560.997,3.20001,-1.18476,0.0558098,-0.0206765,0.998227,57.7846,57.7846,1,956.682,552.835,1.92321,200.845,106.612,-559.299,-2.909,-0.0644494,-0.0507498,-0.00112485,0.998711,57.7846,57.7846,1,961.661,546.819,1,0
83785751607430,966.64,540.208,1.98182,139.455,103.655,-561.119,3.01859,-1.5861,0.0526397,-0.0276791,0.99823,57.7891,57.7891,1,956.682,552.835,1.90144,200.832,106.618,-559.269,-3.04034,0.0207678,-0.0530391,0.000362466,0.998592,57.7891,57.7891,1,961.661,546.522,1,0
83785754110650,961.404,512.099,1.98855,139.461,103.665,-561.129,3.34408,-1.28651,0.0583174,-0.022452,0.998046,57.7919,57.7919,1,956.682,552.835,1.92433,200.819,106.594,-559.313,-3.16182,-0.438209,-0.0551546,-0.00764811,0.998449,57.7919,57.7919,1,959.043,532.467,1,0
83785756606910,964.907,512.099,1.99395,139.461,103.671,-561.055,3.40818,-1.25576,0.0594346,-0.0219154,0.997992,57.79,57.79,1,953.575,568.836,1.90376,200.816,106.589,-559.346,-3.24346,-0.424871,-0.0565773,-0.00741533,0.998371,57.79,57.79,1,959.241,540.468,1,0
83785759113590,964.907,512.099,1.99177,139.444,103.667,-561.03,3.24624,-1.39143,0.0566106,-0.0242827,0.998101,57.7816,57.7816,1,956.682,568.836,1.89469,200.806,106.619,-559.2,-3.03497,-0.425499,-0.052944,-0.00742628,0.99857,57.7816,57.7816,1,960.794,540.468,1,0
83785761609860,966.041,540.208,1.96406,139.442,103.722,-560.883,3.43143,-0.67545,0.0598499,-0.0117886,0.998138,57.7826,57.7826,1,956.682,552.835,1.90145,200.795,106.578,-559.373,-3.46981,-0.9622,-0.060514,-0.0167928,0.998026,57.7826,57.7826,1,961.361,546.522,1,0
83785764106130,964.907,512.099,1.98989,139.429,103.662,-561.081,3.42323,-1.6704,0.0596857,-0.0291499,0.997792,57.7917,57.7917,1,953.575,552.835,1.92541,200.784,106.566,-559.348,-3.45373,-1.13223,-0.0602307,-0.0197599,0.997989,57.7917,57.7917,1,959.241,532.467,1,0
83785766612810,965.558,512.099,1.99028,139.423,103.667,-561.14,3.56598,-1.77212,0.0621682,-0.0309244,0.997587,57.7867,57.7867,1,953.575,554.21,1.91364,200.767,106.604,-559.195,-3.12701,-0.706932,-0.0545454,-0.012338,0.998435,57.7867,57.7867,1,959.566,533.155,1,0
83785769109080,966.041,512.099,1.97245,139.408,103.672,-561.11,3.4549,-1.59751,0.0602394,-0.0278783,0.997795,57.7878,57.7878,1,953.575,552.835,1.92697,200.761,106.601,-559.249,-3.30511,-0.735486,-0.0576484,-0.0128363,0.998254,57.7878,57.7878,1,959.808,532.467,1,0
83785771612290,966.041,512.099,1.9908,139.409,103.689,-561.048,3.63086,-1.42663,0.0633084,-0.0248969,0.997683,57.7842,57.7842,1,953.559,552.835,1.91966,200.754,106.607,-559.239,-3.10282,-0.49439,-0.054126,-0.00862863,0.998497,57.7842,57.7842,1,959.8,532.467,1,0
83785774108550,966.041,498.861,2.01604,139.394,103.668,-561.138,3.57556,-1.74325,0.0623359,-0.0304208,0.997591,57.7832,57.7832,1,953.575,554.21,1.89612,200.743,106.639,-559.13,-2.83585,-0.101777,-0.0494746,-0.00177635,0.998774,57.7832,57.7832,1,959.808,526.536,1,0
83785776615240,965.558,498.861,1.98016,139.387,103.703,-561.036,3.3974,-1.59468,0.0592381,-0.0278289,0.997856,57.7896,57.7896,1,953.575,554.21,1.92784,200.751,106.578,-559.363,-3.18075,-0.878389,-0.0554795,-0.0153302,0.998342,57.7896,57.7896,1,959.566,526.536,1,0
83785779111500,966.041,506.601,1.97642,139.381,103.696,-560.999,3.42822,-1.28613,0.0597829,-0.0224452,0.997959,57.7775,57.7775,1,953.575,552.835,1.92557,200.727,106.622,-559.152,-2.95408,-0.593962,-0.0515328,-0.0103664,0.998618,57.7775,57.7775,1,959.808,529.718,1,0
83785781614720,965.558,498.861,1.97234,139.366,103.679,-561.093,3.42246,-1.72016,0.0596708,-0.030018,0.997767,57.7916,57.7916,1,953.559,552.835,1.89674,200.733,106.585,-559.344,-3.29398,-0.900198,-0.0574521,-0.0157108,0.998225,57.7916,57.7916,1,959.558,525.848,1,0
83785784114460,966.041,498.861,1.98956,139.372,103.703,-560.957,3.56451,-1.30248,0.0621563,-0.0227306,0.997808,57.7781,57.7781,1,953.575,554.21,1.90494,200.715,106.626,-559.211,-3.11388,-0.488694,-0.0543187,-0.00852921,0.998487,57.7781,57.7781,1,959.808,526.536,1,0
83785786610730,966.041,505.719,1.98253,139.36,103.699,-561.02,3.58541,-1.19138,0.0625228,-0.020792,0.997827,57.7786,57.7786,1,953.559,552.835,1.88274,200.709,106.633,-559.159,-3.1131,-0.852903,-0.0543012,-0.0148854,0.998414,57.7786,57.7786,1,959.8,529.277,1,0
83785789113940,966.041,506.601,1.97853,139.37,103.723,-560.924,3.76247,-0.898619,0.0656123,-0.0156832,0.997722,57.7748,57.7748,1,953.575,552.835,1.92638,200.706,106.619,-559.177,-2.96847,-0.776164,-0.0517816,-0.0135462,0.998567,57.7748,57.7748,1,959.808,529.718,1,0
83785791613670,965.558,505.719,2.00089,139.345,103.739,-560.894,3.42992,-0.402088,0.0598261,-0.00701771,0.998184,57.7805,57.7805,1,953.559,552.835,1.92305,200.699,106.576,-559.321,-3.33283,-1.57211,-0.0581142,-0.027435,0.997933,57.7805,57.7805,1,959.558,529.277,1,0
83785794116890,966.041,506.601,1.98046,139.338,103.721,-560.95,3.43443,-0.532418,0.0599036,-0.0092923,0.998161,57.7821,57.7821,1,953.575,552.835,1.90634,200.696,106.57,-559.292,-3.01372,-1.35053,-0.0525605,-0.023569,0.99834,57.7821,57.7821,1,959.808,529.718,1,0
83785796613150,965.659,511.787,1.97007,139.311,103.658,-561.168,3.22303,-1.07852,0.0562129,-0.0188226,0.998241,57.7934,57.7934,1,953.575,550.565,1.89435,200.681,106.532,-559.287,-3.02717,-1.41026,-0.0527935,-0.0246112,0.998302,57.7934,57.7934,1,959.617,531.176,1,0
83785799116370,965.558,517.766,1.98832,139.313,103.656,-560.967,3.30056,-0.830151,0.0575677,-0.0144884,0.998236,57.779,57.779,1,953.575,550.565,1.90054,200.662,106.5,-559.172,-2.84559,-1.43873,-0.0496288,-0.025108,0.998452,57.779,57.779,1,959.566,534.166,1,0
83785801616100,965.558,508.012,1.938,139.3,103.595,-561.042,3.14741,-1.24954,0.0548921,-0.0218068,0.998254,57.7845,57.7845,1,953.575,534.536,1.89667,200.673,106.465,-559.188,-2.49449,-1.05313,-0.0435159,-0.0183796,0.998884,57.7845,57.7845,1,959.566,521.274,1,0
83785804119310,965.558,506.601,1.94393,139.289,103.501,-561.107,3.08271,-2.3968,0.0537304,-0.0418198,0.997679,57.793,57.793,1,957.195,534.536,1.91132,200.682,106.368,-559.254,-2.30793,-2.03057,-0.0402448,-0.0354327,0.998561,57.793,57.793,1,961.376,520.568,1,0
83785806615580,958.179,508.012,1.94847,139.294,103.494,-560.922,3.21589,-1.80821,0.0560704,-0.031554,0.997928,57.7786,57.7786,1,957.195,534.536,1.90291,200.679,106.356,-559.129,-1.98331,-1.66085,-0.0345938,-0.0289832,0.998981,57.7786,57.7786,1,957.687,521.274,1,0
83785809115320,958.179,506.601,2.00095,139.3,103.409,-561.045,3.28147,-2.81098,0.0571722,-0.0490412,0.997159,57.7893,57.7893,1,967.136,534.536,1.90377,200.681,106.249,-559.179,-2.02823,-2.85007,-0.0353482,-0.0497226,0.998137,57.7893,57.7893,1,962.658,520.568,1,0
83785811618530,957.07,506.601,1.9056,139.277,103.319,-561.197,3.13912,-3.52237,0.0546571,-0.0614382,0.996613,57.8087,57.8087,1,978.143,534.536,1.89303,200.668,106.153,-559.391,-2.6431,-3.88798,-0.0460083,-0.0678059,0.996637,57.8087,57.8087,1,967.607,520.568,1,0
83785814114790,957.07,476.755,1.94531,139.29,103.314,-561.057,3.2068,-3.27376,0.0558487,-0.0571068,0.996805,57.8007,57.8007,1,978.143,500.719,1.87214,200.654,106.134,-559.355,-2.5119,-3.95142,-0.0437227,-0.0689107,0.996664,57.8007,57.8007,1,967.607,488.737,1,0
83785816621490,957.07,476.755,1.94006,139.262,103.215,-561.271,2.92195,-4.32455,0.0508304,-0.0754059,0.995857,57.8138,57.8138,1,964.607,500.719,1.88947,200.629,106.085,-559.379,-2.88623,-4.38527,-0.0502055,-0.0764626,0.995808,57.8138,57.8138,1,960.839,488.737,1,0
83785819117750,957.07,421.243,1.9973,139.271,103.205,-561.206,3.01548,-4.21551,0.0524634,-0.0735082,0.995914,57.8108,57.8108,1,967.136,435.099,1.87952,200.621,106.04,-559.365,-2.88609,-4.76714,-0.0501762,-0.0831063,0.995277,57.8108,57.8108,1,962.103,428.171,1,0
83785821620960,952.927,395.266,1.92396,139.28,103.207,-561.135,3.10398,-3.69708,0.0540354,-0.0644815,0.996455,57.8097,57.8097,1,969.49,377.61,1.85461,200.625,106.001,-559.404,-2.79605,-5.21499,-0.048579,-0.0908931,0.994675,57.8097,57.8097,1,961.209,386.438,1,0
83785824117230,957.07,395.266,1.95255,139.29,103.183,-561.181,3.29456,-4.22195,0.0573133,-0.0736202,0.995638,57.8156,57.8156,1,967.136,374.054,1.88583,200.625,105.974,-559.47,-2.95148,-5.649,-0.0512402,-0.0984341,0.993824,57.8156,57.8156,1,962.103,384.66,1,0
83785826623910,957.07,371.355,1.94287,139.296,103.171,-561.218,3.46407,-4.14231,0.0602648,-0.072234,0.995565,57.818,57.818,1,964.607,349.892,1.86755,200.611,105.979,-559.481,-3.00563,-5.13802,-0.0522234,-0.0895552,0.994612,57.818,57.818,1,960.839,360.624,1,0
83785829120180,957.07,385.053,1.96403,139.304,103.208,-561.099,3.5563,-3.44676,0.0619171,-0.060121,0.996269,57.8154,57.8154,1,964.607,328.654,1.86922,200.62,105.957,-559.549,-2.99187,-5.71781,-0.0519345,-0.099629,0.993668,57.8154,57.8154,1,960.839,356.853,1,0
83785831619910,956.705,385.053,1.96779,139.282,103.193,-561.166,3.27587,-3.82381,0.0570163,-0.0666886,0.996143,57.8198,57.8198,1,967.79,307.86,1.87661,200.624,105.947,-559.569,-2.82518,-5.396,-0.0490702,-0.0940388,0.994358,57.8198,57.8198,1,962.247,346.456,1,0
83785834119660,957.07,381.145,1.957,139.299,103.202,-561.098,3.66232,-3.51649,0.0637558,-0.0613359,0.996079,57.8088,57.8088,1,964.607,323.971,1.85724,200.594,105.998,-559.42,-3.03121,-4.84723,-0.0526907,-0.0844993,0.995029,57.8088,57.8088,1,960.839,352.558,1,0
83785836619390,957.07,371.355,1.93233,139.263,103.147,-561.331,3.2084,-4.6282,0.0557853,-0.0806895,0.995177,57.8175,57.8175,1,964.607,339.949,1.91525,200.602,106.018,-559.363,-2.56923,-4.5607,-0.0446846,-0.0795152,0.995832,57.8175,57.8175,1,960.839,355.652,1,0
83785839122610,957.07,381.145,1.98984,139.276,103.174,-561.26,3.51198,-4.01477,0.0611069,-0.0700137,0.995673,57.8136,57.8136,1,967.79,328.654,1.90176,200.603,106.012,-559.356,-2.49187,-4.56312,-0.0433398,-0.0795572,0.995888,57.8136,57.8136,1,962.43,354.899,1,0
83785841622340,957.07,371.355,1.93963,139.261,103.17,-561.294,3.38985,-4.16088,0.0589737,-0.0725572,0.995619,57.8195,57.8195,1,967.79,309.962,1.87042,200.588,105.997,-559.443,-3.07661,-5.10159,-0.0534585,-0.088922,0.994603,57.8195,57.8195,1,962.43,340.659,1,0
83785844125550,957.07,371.355,1.97832,139.252,103.184,-561.262,3.38646,-4.03014,0.0589243,-0.0702813,0.995785,57.8175,57.8175,1,964.607,323.971,1.93388,200.584,106.004,-559.437,-3.13013,-5.05289,-0.0543917,-0.0880753,0.994628,57.8175,57.8175,1,960.839,347.663,1,0
83785846621820,957.07,353.56,1.99561,139.252,103.175,-561.312,3.40494,-4.2083,0.0592324,-0.0733827,0.995543,57.8192,57.8192,1,967.79,327.732,1.92068,200.602,106.002,-559.421,-2.67144,-4.78082,-0.0464463,-0.0833443,0.995438,57.8192,57.8192,1,962.43,340.646,1,0
83785849125030,962.637,371.859,1.99539,139.252,103.206,-561.203,3.40364,-3.68684,0.0592468,-0.0643031,0.99617,57.8187,57.8187,1,967.79,323.971,1.85548,200.589,105.967,-559.517,-3.03493,-5.45445,-0.052705,-0.0950544,0.994076,57.8187,57.8187,1,965.213,347.915,1,0
83785851624780,957.07,371.355,1.98209,139.224,103.171,-561.27,3.14566,-4.13495,0.0547317,-0.0721059,0.995894,57.8197,57.8197,1,964.607,313.72,1.90013,200.595,105.986,-559.468,-2.95971,-5.03259,-0.0514346,-0.0877223,0.994816,57.8197,57.8197,1,960.839,342.538,1,0
83785854121040,957.07,353.56,2.00078,139.233,103.177,-561.288,3.33882,-4.13245,0.0580889,-0.0720623,0.995707,57.8189,57.8189,1,964.607,323.971,1.93188,200.599,105.98,-559.432,-2.58854,-4.80092,-0.0450047,-0.0836939,0.995475,57.8189,57.8189,1,960.839,338.766,1,0
83785856624250,957.767,353.56,1.97929,139.225,103.15,-561.302,3.30033,-4.21745,0.0574139,-0.073542,0.995638,57.8213,57.8213,1,967.79,323.971,1.90554,200.595,105.979,-559.463,-2.74904,-5.00552,-0.0477784,-0.0872516,0.99504,57.8213,57.8213,1,962.779,338.766,1,0
83785859123990,957.97,353.56,2.01307,139.227,103.159,-561.279,3.30413,-4.40199,0.057466,-0.0767536,0.995393,57.8186,57.8186,1,967.79,317.441,1.91107,200.6,105.973,-559.428,-2.559,-4.96538,-0.0444805,-0.0865538,0.995254,57.8186,57.8186,1,962.88,335.501,1,0
83785861627200,957.767,360.666,2.00871,139.229,103.193,-561.198,3.30765,-3.88971,0.0575644,-0.0678362,0.996034,57.8184,57.8184,1,964.607,313.72,1.86328,200.591,105.955,-559.51,-2.93913,-5.15265,-0.0510679,-0.0898096,0.994649,57.8184,57.8184,1,961.187,337.193,1,0
83785864123470,957.97,353.56,2.00914,139.227,103.157,-561.275,3.30959,-4.45329,0.0575569,-0.0776464,0.995318,57.8214,57.8214,1,967.79,317.441,1.89853,200.598,105.945,-559.484,-2.74084,-5.03805,-0.0476337,-0.0878172,0.994997,57.8214,57.8214,1,962.88,335.501,1,0
83785866626680,957.97,353.56,1.99118,139.223,103.171,-561.219,3.35201,-3.64586,0.058352,-0.0635893,0.996269,57.8181,57.8181,1,967.79,323.971,1.92246,200.597,105.959,-559.478,-2.59295,-4.58445,-0.0450953,-0.0799285,0.99578,57.8181,57.8181,1,962.88,338.766,1,0
83785869126420,957.97,360.666,2.01124,139.225,103.172,-561.179,3.36114,-3.73259,0.0585049,-0.0651,0.996162,57.8193,57.8193,1,967.79,317.441,1.91335,200.6,105.932,-559.536,-2.7254,-5.29612,-0.0473462,-0.0923032,0.994605,57.8193,57.8193,1,962.88,339.053,1,0
83785871622690,958.154,360.666,1.99082,139.224,103.155,-561.255,3.36755,-4.1142,0.0585897,-0.0717447,0.995701,57.8202,57.8202,1,967.79,317.441,1.90594,200.593,105.935,-559.476,-2.71219,-4.81203,-0.0471522,-0.083887,0.995359,57.8202,57.8202,1,962.972,339.053,1,0
83785874125900,957.97,353.56,2.0006,139.217,103.15,-561.263,3.2221,-4.09355,0.0560631,-0.0713852,0.995872,57.8226,57.8226,1,967.79,317.441,1.9278,200.591,105.931,-559.516,-2.88742,-5.08384,-0.0501755,-0.0886134,0.994802,57.8226,57.8226,1,962.88,335.501,1,0
83785876625630,957.97,353.56,1.99555,139.224,103.145,-561.244,3.33499,-4.23237,0.058015,-0.0738016,0.995584,57.8223,57.8223,1,967.79,317.441,1.93089,200.591,105.918,-559.523,-2.86435,-5.18051,-0.0497675,-0.0902938,0.994671,57.8223,57.8223,1,962.88,335.501,1,0
83785879128850,957.97,360.666,2.00015,139.214,103.155,-561.253,3.18684,-3.83504,0.0554677,-0.0668841,0.996218,57.8184,57.8184,1,967.79,317.441,1.92356,200.595,105.937,-559.44,-2.64811,-4.79352,-0.0460402,-0.0835651,0.995438,57.8184,57.8184,1,962.88,339.053,1,0
83785881625110,958.154,354.201,2.00627,139.229,103.141,-561.206,3.34138,-4.00115,0.0581429,-0.0697764,0.995867,57.8231,57.8231,1,967.79,317.441,1.89632,200.599,105.895,-559.572,-2.93278,-5.21759,-0.0509523,-0.0909383,0.994552,57.8231,57.8231,1,962.972,335.821,1,0
83785884128330,957.97,354.201,1.97895,139.221,103.14,-561.237,3.22273,-3.88187,0.0560886,-0.0676997,0.996128,57.8262,57.8262,1,967.79,317.441,1.93061,200.604,105.9,-559.609,-2.91531,-5.1482,-0.0506547,-0.0897321,0.994677,57.8262,57.8262,1,962.88,335.821,1,0
83785886628070,957.97,359.816,2.00151,139.236,103.117,-561.306,3.5451,-3.89549,0.0616913,-0.0679368,0.99578,57.8264,57.8264,1,967.79,317.441,1.91809,200.592,105.896,-559.535,-2.89605,-5.38686,-0.050301,-0.09388,0.994312,57.8264,57.8264,1,962.88,338.628,1,0
83785889131270,957.97,359.816,2.00845,139.222,103.117,-561.292,3.29904,-3.9437,0.057411,-0.0687763,0.995979,57.8326,57.8326,1,967.79,317.441,1.93628,200.599,105.892,-559.68,-3.23056,-5.12604,-0.0561287,-0.089347,0.994418,57.8326,57.8326,1,962.88,338.628,1,0
83785891631020,958.154,354.201,1.99975,139.226,103.086,-561.381,3.46741,-4.14003,0.0603229,-0.0721943,0.995565,57.8281,57.8281,1,967.79,317.441,1.94534,200.604,105.918,-559.495,-2.56782,-4.71091,-0.0446505,-0.0821282,0.995621,57.8281,57.8281,1,962.972,335.821,1,0
83785894127280,957.97,354.201,2.00131,139.223,103.077,-561.393,3.2856,-4.44984,0.0571404,-0.0775864,0.995347,57.8317,57.8317,1,967.79,317.441,1.92403,200.6,105.892,-559.549,-2.81338,-5.13719,-0.0488859,-0.0895408,0.994783,57.8317,57.8317,1,962.88,335.821,1,0
83785896630500,957.97,359.816,2.00179,139.237,103.11,-561.296,3.41725,-3.6536,0.0594858,-0.0637241,0.996193,57.8327,57.8327,1,967.79,317.441,1.90148,200.596,105.891,-559.677,-3.40501,-5.59558,-0.0591106,-0.0975061,0.993478,57.8327,57.8327,1,962.88,338.628,1,0
83785899126760,958.154,354.201,1.98221,139.231,103.079,-561.373,3.37261,-4.14675,0.0586752,-0.0723113,0.995655,57.8295,57.8295,1,967.79,317.441,1.90935,200.594,105.899,-559.525,-2.97336,-5.16747,-0.0516607,-0.0900671,0.994595,57.8295,57.8295,1,962.972,335.821,1,0
83785901633440,958.154,354.201,1.9911,139.228,103.104,-561.338,3.3246,-3.63355,0.057876,-0.0633748,0.99631,57.8382,57.8382,1,967.79,317.441,1.90073,200.596,105.853,-559.74,-3.56067,-5.83142,-0.061784,-0.101602,0.992905,57.8382,57.8382,1,962.972,335.821,1,0
83785904129710,958.154,358.082,1.9907,139.24,103.091,-561.336,3.56603,-3.9238,0.0620529,-0.0684297,0.995724,57.8291,57.8291,1,967.79,307.41,1.92254,200.599,105.882,-559.552,-2.97051,-5.32549,-0.0515983,-0.0928136,0.994346,57.8291,57.8291,1,962.972,332.746,1,0
83785906632920,959.136,359.816,1.98099,139.242,103.11,-561.263,3.36687,-3.78822,0.0586009,-0.0660687,0.996093,57.8262,57.8262,1,959.722,317.441,1.9093,200.6,105.902,-559.575,-3.11394,-4.75094,-0.0541352,-0.0828245,0.995093,57.8262,57.8262,1,959.429,338.628,1,0
83785909132660,959.136,358.082,1.99336,139.245,103.115,-561.256,3.4397,-3.61611,0.0598786,-0.063071,0.996211,57.8238,57.8238,1,966.914,317.441,1.93087,200.616,105.882,-559.526,-2.84086,-5.4338,-0.0493393,-0.0946956,0.994283,57.8238,57.8238,1,963.025,337.761,1,0
83785911635870,958.154,354.201,2.00926,139.238,103.066,-561.381,3.23984,-4.88169,0.0563108,-0.0850985,0.99478,57.8219,57.8219,1,967.79,317.441,1.90134,200.597,105.955,-559.366,-2.62236,-4.00096,-0.0456414,-0.0697731,0.996518,57.8219,57.8219,1,962.972,335.821,1,0
83785914132140,958.154,358.082,1.97765,139.243,103.077,-561.353,3.28476,-4.48765,0.0571228,-0.0782442,0.995296,57.8254,57.8254,1,967.79,317.441,1.87615,200.612,105.918,-559.463,-2.789,-4.519,-0.0485067,-0.0787896,0.99571,57.8254,57.8254,1,962.972,337.761,1,0
83785916631880,958.154,354.201,1.99726,139.243,103.081,-561.357,3.28079,-4.21112,0.0570748,-0.0734317,0.995666,57.8299,57.8299,1,959.722,317.441,1.90786,200.606,105.892,-559.549,-3.06215,-5.03392,-0.0532131,-0.0877456,0.994721,57.8299,57.8299,1,958.938,335.821,1,0
83785919135090,958.154,358.082,1.97825,139.244,103.106,-561.239,3.27123,-3.72838,0.0569419,-0.0650266,0.996258,57.8265,57.8265,1,966.914,317.441,1.9276,200.61,105.888,-559.601,-3.16147,-4.59847,-0.0549725,-0.0801723,0.995264,57.8265,57.8265,1,962.534,337.761,1,0
83785921631360,958.154,354.201,2.00331,139.253,103.072,-561.311,3.32521,-4.41433,0.0578312,-0.0769684,0.995355,57.828,57.828,1,967.79,317.441,1.9461,200.62,105.868,-559.546,-2.75671,-4.95817,-0.0479151,-0.0864285,0.995105,57.828,57.828,1,962.972,335.821,1,0
83785924134560,958.154,354.201,1.99878,139.253,103.076,-561.362,3.30935,-4.13207,0.0575769,-0.0720557,0.995737,57.8303,57.8303,1,966.914,317.441,1.88307,200.603,105.896,-559.551,-3.22484,-4.52324,-0.0560791,-0.0788635,0.995307,57.8303,57.8303,1,962.534,335.821,1,0
83785926634310,958.154,354.201,1.97792,139.265,103.085,-561.335,3.47215,-4.15586,0.0604042,-0.0724699,0.99554,57.8384,57.8384,1,959.722,317.441,1.89842,200.616,105.833,-559.736,-3.44077,-5.35507,-0.0597548,-0.0933276,0.993841,57.8384,57.8384,1,958.938,335.821,1,0
83785929137520,958.154,354.201,1.99258,139.267,103.076,-561.286,3.31963,-4.3776,0.0577372,-0.0763292,0.99541,57.8326,57.8326,1,959.722,317.441,1.88177,200.619,105.872,-559.67,-3.3466,-4.89831,-0.0581629,-0.0853875,0.994649,57.8326,57.8326,1,958.938,335.821,1,0
83785931633790,958.437,346.586,2.00301,139.265,103.06,-561.397,3.3431,-4.76834,0.0581132,-0.0831272,0.994843,57.8305,57.8305,1,967.79,317.441,1.94208,200.628,105.87,-559.509,-2.67819,-4.77722,-0.046564,-0.0832817,0.995438,57.8305,57.8305,1,963.113,332.013,1,0
83785934137000,958.154,346.586,1.97614,139.266,103.059,-561.35,3.2314,-4.49279,0.0561954,-0.0783337,0.995342,57.8343,57.8343,1,959.722,317.441,1.88894,200.635,105.876,-559.64,-3.0252,-4.19593,-0.0526337,-0.0731673,0.99593,57.8343,57.8343,1,958.938,332.013,1,0
83785936636740,958.154,345.29,1.97456,139.271,103.043,-561.394,3.21475,-4.68026,0.0558915,-0.0815951,0.995097,57.8397,57.8397,1,959.722,317.441,1.90607,200.638,105.841,-559.695,-3.02648,-4.76704,-0.0526148,-0.0831047,0.995151,57.8397,57.8397,1,958.938,331.365,1,0
83785939133000,958.154,333.069,1.98139,139.268,103.034,-561.394,3.20054,-4.94905,0.0556228,-0.0862699,0.994718,57.8397,57.8397,1,959.722,320.301,1.94812,200.644,105.867,-559.701,-3.02945,-4.46922,-0.0526885,-0.0779235,0.995566,57.8397,57.8397,1,958.938,326.685,1,0
83785941639680,958.437,326.621,1.96408,139.282,103.029,-561.444,3.36209,-4.97465,0.058425,-0.0867149,0.994519,57.8381,57.8381,1,959.722,327.086,1.88301,200.64,105.867,-559.616,-2.99736,-4.48258,-0.05213,-0.078156,0.995577,57.8381,57.8381,1,959.08,326.854,1,0
83785944135950,958.154,346.586,1.93095,139.301,103.084,-561.283,3.58757,-3.92842,0.0624271,-0.0685101,0.995695,57.8242,57.8242,1,959.722,327.358,1.91566,200.643,105.893,-559.502,-2.7503,-4.36432,-0.0478443,-0.076098,0.995952,57.8242,57.8242,1,958.938,336.972,1,0
83785946639160,958.437,334.341,1.94387,139.293,103.068,-561.339,3.45692,-4.35287,0.0601241,-0.0758988,0.995301,57.8277,57.8277,1,959.722,327.358,1.86844,200.646,105.887,-559.515,-2.62137,-4.27958,-0.045608,-0.0746234,0.996168,57.8277,57.8277,1,959.08,330.85,1,0
83785949135430,958.437,333.069,1.94736,139.293,103.042,-561.469,3.4567,-4.6724,0.0600939,-0.0814584,0.994863,57.8411,57.8411,1,959.722,343.18,1.91029,200.646,105.875,-559.66,-3.01998,-4.3238,-0.0525342,-0.075393,0.995769,57.8411,57.8411,1,959.08,338.125,1,0
83785951642110,961.508,334.341,1.93595,139.313,103.072,-561.311,3.55421,-3.98475,0.061843,-0.069491,0.995664,57.83,57.83,1,959.722,342.652,1.88143,200.657,105.871,-559.588,-2.63948,-4.49376,-0.0459098,-0.0783506,0.995868,57.83,57.83,1,960.615,338.497,1,0
83785954138380,966.762,346.586,1.95011,139.304,103.074,-561.341,3.47738,-4.05176,0.0605029,-0.0706576,0.995664,57.8328,57.8328,1,959.722,342.652,1.88312,200.655,105.893,-559.625,-2.95947,-4.14109,-0.0514948,-0.0722128,0.996059,57.8328,57.8328,1,963.242,344.619,1,0
83785956634650,966.432,334.341,1.94135,139.31,103.108,-561.209,3.44967,-3.61652,0.0600519,-0.0630782,0.9962,57.8234,57.8234,1,959.722,334.95,1.86024,200.661,105.863,-559.558,-2.6033,-4.63322,-0.0452721,-0.0807768,0.995704,57.8234,57.8234,1,963.077,334.646,1,0
83785959137860,958.437,333.069,1.93411,139.295,103.054,-561.428,3.28034,-4.37511,0.0570547,-0.0762858,0.995452,57.8397,57.8397,1,959.722,342.652,1.87615,200.67,105.874,-559.674,-3.01353,-4.76311,-0.0523902,-0.0830363,0.995168,57.8397,57.8397,1,959.08,337.861,1,0
83785961637600,966.432,346.586,1.93456,139.323,103.135,-561.134,3.56009,-3.28325,0.0619933,-0.0572721,0.996432,57.8236,57.8236,1,959.722,334.95,1.90873,200.666,105.826,-559.633,-2.90609,-5.46398,-0.0504687,-0.09522,0.994176,57.8236,57.8236,1,963.077,340.768,1,0
83785964140810,966.432,334.341,1.95173,139.299,103.069,-561.355,3.24447,-4.48592,0.056423,-0.0782141,0.995339,57.8286,57.8286,1,959.722,342.652,1.9166,200.661,105.924,-559.529,-2.62868,-3.75294,-0.0457647,-0.0654543,0.996806,57.8286,57.8286,1,963.077,338.497,1,0
83785966640550,966.432,334.341,1.93761,139.318,103.094,-561.295,3.4768,-4.08024,0.0604907,-0.0711535,0.995629,57.8303,57.8303,1,959.722,334.95,1.90192,200.674,105.859,-559.613,-2.71708,-4.94621,-0.0472276,-0.0862205,0.995156,57.8303,57.8303,1,963.077,334.646,1,0
83785969143760,965.665,346.586,1.94379,139.314,103.086,-561.316,3.43492,-4.04269,0.0597656,-0.0704997,0.99572,57.8322,57.8322,1,959.722,334.95,1.88981,200.674,105.878,-559.637,-2.85936,-4.65472,-0.04972,-0.0811509,0.995461,57.8322,57.8322,1,962.694,340.768,1,0
83785971640030,966.432,346.586,1.92975,139.322,103.097,-561.284,3.57235,-3.90617,0.0621641,-0.0681227,0.995738,57.8319,57.8319,1,963.641,334.95,1.91213,200.683,105.841,-559.654,-2.76574,-5.04773,-0.0480653,-0.0879855,0.994961,57.8319,57.8319,1,965.036,340.768,1,0
83785974143240,966.432,334.341,1.93642,139.317,103.083,-561.319,3.33521,-4.50907,0.0579975,-0.078617,0.995216,57.8286,57.8286,1,966.236,342.652,1.89846,200.676,105.929,-559.569,-2.69741,-3.69511,-0.0469634,-0.0644472,0.996815,57.8286,57.8286,1,966.334,338.497,1,0
83785976642980,965.665,335.18,1.92761,139.317,103.09,-561.322,3.29665,-4.34075,0.0573407,-0.0756879,0.995482,57.8285,57.8285,1,966.236,334.95,1.93125,200.693,105.873,-559.552,-2.43592,-4.65833,-0.0423615,-0.0812137,0.995796,57.8285,57.8285,1,965.951,335.065,1,0
83785979139240,965.665,346.319,1.9475,139.324,103.097,-561.302,3.46089,-4.1386,0.0602098,-0.0721694,0.995573,57.8348,57.8348,1,966.236,334.95,1.89233,200.694,105.87,-559.706,-2.69153,-4.84079,-0.0467913,-0.0843873,0.995334,57.8348,57.8348,1,965.951,340.635,1,0
83785981642460,966.432,335.18,1.93296,139.322,103.089,-561.458,3.41467,-4.34895,0.0593905,-0.0758306,0.99535,57.8357,57.8357,1,971.437,334.95,1.9228,200.694,105.888,-559.572,-2.51413,-4.47089,-0.0437322,-0.0779527,0.995997,57.8357,57.8357,1,968.935,335.065,1,0
83785984142200,966.432,334.759,1.95364,139.327,103.08,-561.409,3.44972,-4.34627,0.0599995,-0.075784,0.995317,57.841,57.841,1,966.236,334.95,1.88844,200.688,105.858,-559.724,-2.98951,-4.77906,-0.0519718,-0.0833136,0.995167,57.841,57.841,1,966.334,334.854,1,0
83785986645400,965.665,335.18,1.93293,139.326,103.109,-561.384,3.41954,-3.79957,0.0595157,-0.0662664,0.996025,57.835,57.835,1,966.236,334.95,1.89153,200.7,105.895,-559.64,-2.50706,-4.1458,-0.043628,-0.0722947,0.996429,57.835,57.835,1,965.951,335.065,1,0
83785989141670,965.665,335.18,1.95144,139.324,103.059,-561.461,3.28066,-4.76048,0.0570297,-0.0829905,0.994917,57.8379,57.8379,1,971.437,334.95,1.87821,200.699,105.891,-559.608,-2.42899,-4.04595,-0.0422755,-0.0705564,0.996612,57.8379,57.8379,1,968.551,335.065,1,0
83785991644880,965.665,335.18,1.94726,139.331,103.11,-561.377,3.37772,-3.89227,0.0587823,-0.0678807,0.99596,57.8365,57.8365,1,971.437,334.95,1.88906,200.702,105.884,-559.674,-2.52428,-4.45957,-0.0439094,-0.0777556,0.996005,57.8365,57.8365,1,968.551,335.065,1,0
83785994144630,965.665,334.759,1.92317,139.323,103.062,-561.504,3.25354,-4.4529,0.0565832,-0.0776396,0.995375,57.8467,57.8467,1,971.437,334.95,1.88474,200.708,105.845,-559.74,-2.67692,-4.90046,-0.0465333,-0.085425,0.995257,57.8467,57.8467,1,968.551,334.854,1,0
83785996647840,964.905,335.18,1.97227,139.332,103.091,-561.463,3.41678,-4.21212,0.0594377,-0.0734491,0.995526,57.8533,57.8533,1,966.236,334.95,1.8714,200.714,105.82,-559.924,-3.21575,-5.54451,-0.0558334,-0.096619,0.993754,57.8533,57.8533,1,965.57,335.065,1,0
83785999144110,965.665,335.18,1.93885,139.331,103.068,-561.493,3.44372,-4.40241,0.0598908,-0.076761,0.995249,57.8474,57.8474,1,971.437,334.95,1.90429,200.724,105.855,-559.771,-2.66631,-4.8696,-0.0463512,-0.0848882,0.995312,57.8474,57.8474,1,968.551,335.065,1,0
83786001643840,965.665,335.18,1.94469,139.341,103.12,-561.423,3.46829,-3.80722,0.0603626,-0.0663996,0.995966,57.8456,57.8456,1,971.437,334.95,1.90285,200.719,105.837,-559.812,-2.77618,-5.17475,-0.048237,-0.0901937,0.994755,57.8456,57.8456,1,968.551,335.065,1,0
83786004147050,965.665,335.18,1.9451,139.334,103.102,-561.417,3.34491,-4.04762,0.058201,-0.0705856,0.995806,57.8431,57.8431,1,970.996,334.95,1.88192,200.72,105.884,-559.772,-2.80995,-4.5081,-0.0488715,-0.0786,0.995708,57.8431,57.8431,1,968.331,335.065,1,0
83786006643320,964.905,335.18,1.93755,139.327,103.073,-561.568,3.25932,-4.57263,0.0566742,-0.0797227,0.995205,57.85,57.85,1,970.996,334.95,1.90503,200.73,105.875,-559.759,-2.48824,-4.41991,-0.0432852,-0.0770654,0.996086,57.85,57.85,1,967.95,335.065,1,0
83786009146530,965.665,335.18,1.9527,139.338,103.104,-561.499,3.34822,-4.26434,0.0582426,-0.0743581,0.995529,57.8448,57.8448,1,971.437,334.95,1.88147,200.717,105.872,-559.723,-2.75981,-4.84667,-0.047977,-0.0844896,0.995269,57.8448,57.8448,1,968.551,335.065,1,0
83786011646270,964.905,335.18,1.95598,139.345,103.13,-561.388,3.35174,-3.71907,0.0583425,-0.0648644,0.996187,57.84,57.84,1,971.437,334.95,1.90569,200.718,105.877,-559.742,-2.55545,-4.5713,-0.0444445,-0.0796996,0.995828,57.84,57.84,1,968.171,335.065,1,0
83786014149480,961.29,335.18,1.94148,139.331,103.122,-561.478,3.25346,-3.91715,0.0566205,-0.068314,0.996056,57.8451,57.8451,1,970.996,334.95,1.89364,200.722,105.865,-559.755,-2.85985,-5.30069,-0.0496797,-0.0923826,0.994483,57.8451,57.8451,1,966.143,335.065,1,0
83786016649220,964.905,335.18,1.92957,139.355,103.145,-561.354,3.5706,-3.54571,0.0621591,-0.0618448,0.996148,57.8395,57.8395,1,971.437,334.95,1.88273,200.721,105.885,-559.771,-2.63779,-4.55406,-0.0458766,-0.0793997,0.995787,57.8395,57.8395,1,968.171,335.065,1,0
83786019152430,964.905,339.42,1.95202,139.339,103.132,-561.411,3.28312,-3.90942,0.0571366,-0.0681793,0.996036,57.8456,57.8456,1,971.437,334.95,1.88726,200.715,105.869,-559.836,-2.98493,-4.81051,-0.0518898,-0.0838606,0.995126,57.8456,57.8456,1,968.171,337.185,1,0
83786021648700,963.765,358.678,1.96515,139.348,103.13,-561.412,3.39621,-3.68273,0.059118,-0.0642315,0.996182,57.8418,57.8418,1,971.437,334.95,1.90942,200.714,105.892,-559.76,-2.74122,-4.55196,-0.0476743,-0.0793632,0.995705,57.8418,57.8418,1,967.601,346.814,1,0
83786024144960,963.413,353.618,1.96596,139.342,103.112,-561.501,3.39009,-4.00684,0.0589891,-0.0698755,0.99581,57.8428,57.8428,1,971.437,334.95,1.88904,200.709,105.909,-559.692,-2.72703,-4.09933,-0.0474559,-0.0714858,0.996312,57.8428,57.8428,1,967.425,344.284,1,0
83786026651650,964.862,336.92,1.93862,139.347,103.114,-561.495,3.416,-4.30999,0.0594166,-0.0751527,0.9954,57.8437,57.8437,1,971.437,334.95,1.88966,200.71,105.901,-559.715,-2.86108,-4.63211,-0.0497515,-0.0807576,0.995491,57.8437,57.8437,1,968.15,335.935,1,0
83786029147920,964.905,345.199,1.96492,139.337,103.096,-561.6,3.43172,-4.1574,0.0597015,-0.0724967,0.99558,57.8605,57.8605,1,971.437,334.95,1.87068,200.729,105.856,-559.95,-2.95421,-4.91008,-0.0513488,-0.0855922,0.995006,57.8605,57.8605,1,968.171,340.075,1,0
83786031651130,964.862,358.678,1.96481,139.345,103.12,-561.499,3.43692,-3.81621,0.0598167,-0.0665562,0.995988,57.8563,57.8563,1,971.437,334.95,1.87208,200.724,105.836,-559.963,-3.05587,-5.60942,-0.0530545,-0.0977466,0.993796,57.8563,57.8563,1,968.15,346.814,1,0
83786034147400,963.413,345.199,1.95362,139.329,103.107,-561.592,3.29913,-4.31386,0.0573858,-0.07522,0.995514,57.8523,57.8523,1,971.437,334.95,1.87166,200.703,105.892,-559.797,-2.7898,-4.31484,-0.048534,-0.075237,0.995984,57.8523,57.8523,1,967.425,340.075,1,0
83786036654080,964.862,345.199,1.92905,139.333,103.121,-561.487,3.40406,-3.61796,0.0592588,-0.0631034,0.996246,57.8524,57.8524,1,970.226,334.95,1.88732,200.698,105.858,-559.897,-3.17806,-5.06011,-0.055223,-0.0882008,0.994571,57.8524,57.8524,1,967.544,340.075,1,0
83786039150350,964.135,345.199,1.92857,139.311,103.095,-561.576,3.08165,-4.19105,0.0536152,-0.0730825,0.995884,57.8576,57.8576,1,970.226,334.95,1.87263,200.681,105.838,-559.907,-3.38169,-5.17032,-0.0587474,-0.0901167,0.994197,57.8576,57.8576,1,967.18,340.075,1,0
83786041653560,963.413,352.062,1.93633,139.313,103.098,-561.548,3.06115,-4.03433,0.0532694,-0.0703542,0.996099,57.8432,57.8432,1,970.226,334.95,1.88878,200.673,105.906,-559.649,-2.93921,-4.20802,-0.0511382,-0.0733778,0.995992,57.8432,57.8432,1,966.819,343.506,1,0
83786044153290,963.413,345.199,1.95883,139.314,103.054,-561.689,3.06066,-4.79112,0.0532066,-0.0835234,0.995084,57.8516,57.8516,1,970.226,334.95,1.8636,200.662,105.882,-559.667,-3.13456,-4.54751,-0.054509,-0.0792857,0.99536,57.8516,57.8516,1,966.819,340.075,1,0
83786046649560,963.413,345.199,1.91723,139.335,103.081,-561.595,3.31229,-3.99899,0.0576375,-0.0697389,0.995899,57.8592,57.8592,1,961.972,334.95,1.87933,200.689,105.824,-559.916,-3.28993,-5.24595,-0.0571482,-0.0914312,0.99417,57.8592,57.8592,1,962.692,340.075,1,0
83786049152770,959.132,345.199,1.94926,139.321,103.067,-561.613,3.12368,-4.46674,0.054326,-0.0778804,0.995481,57.8541,57.8541,1,961.972,334.95,1.87407,200.687,105.85,-559.791,-3.02323,-4.88137,-0.0525495,-0.085093,0.994986,57.8541,57.8541,1,960.552,340.075,1,0
83786051652510,959.132,345.199,1.9522,139.336,103.094,-561.514,3.31166,-4.20141,0.057612,-0.0732627,0.995647,57.8478,57.8478,1,961.972,334.95,1.85331,200.685,105.865,-559.768,-3.04156,-4.78014,-0.0528757,-0.0833324,0.995118,57.8478,57.8478,1,960.552,340.075,1,0
83786054155720,959.132,345.199,1.95451,139.339,103.078,-561.591,3.30984,-4.13293,0.0575853,-0.0720706,0.995736,57.8517,57.8517,1,963.779,334.95,1.88083,200.696,105.853,-559.768,-2.90645,-4.92081,-0.0505185,-0.0857787,0.995033,57.8517,57.8517,1,961.455,340.075,1,0
83786056651990,959.132,345.199,1.94949,139.345,103.113,-561.43,3.25648,-3.61881,0.0566924,-0.0631181,0.996395,57.8501,57.8501,1,961.972,326.717,1.87536,200.69,105.829,-559.898,-3.24695,-5.05998,-0.0564189,-0.0881986,0.994504,57.8501,57.8501,1,960.552,335.958,1,0
83786059155200,959.132,345.199,1.96678,139.343,103.079,-561.543,3.37379,-4.01695,0.0587052,-0.0700516,0.995815,57.8533,57.8533,1,961.972,326.717,1.8787,200.697,105.822,-559.842,-2.98847,-5.16374,-0.0519235,-0.0900024,0.994587,57.8533,57.8533,1,960.552,335.958,1,0
83786061654940,959.132,345.199,1.93915,139.342,103.072,-561.646,3.30952,-4.18925,0.0575757,-0.0730511,0.995665,57.8629,57.8629,1,961.972,326.717,1.89168,200.701,105.818,-559.939,-3.19401,-5.06573,-0.0554996,-0.0882984,0.994547,57.8629,57.8629,1,960.552,335.958,1,0
83786064151210,959.132,345.199,1.96072,139.33,103.063,-561.646,3.05657,-4.55631,0.0531535,-0.0794388,0.995422,57.8553,57.8553,1,963.779,334.95,1.88068,200.7,105.841,-559.78,-2.75714,-4.576,-0.0479493,-0.0797813,0.995659,57.8553,57.8553,1,961.455,340.075,1,0
83786066654420,959.132,345.199,1.93933,139.326,103.069,-561.627,2.97459,-4.46351,0.0517356,-0.0778242,0.995624,57.8606,57.8606,1,961.972,326.717,1.86534,200.689,105.81,-559.907,-3.38351,-5.25518,-0.058771,-0.0915917,0.994061,57.8606,57.8606,1,960.552,335.958,1,0
83786069154160,959.132,345.199,1.96108,139.33,103.041,-561.68,3.11496,-4.66294,0.0541596,-0.0812938,0.995218,57.8557,57.8557,1,961.972,326.717,1.91384,200.697,105.824,-559.746,-2.6215,-4.90395,-0.0455704,-0.0854856,0.995297,57.8557,57.8557,1,960.552,335.958,1,0
83786071657370,959.031,343.304,1.92164,139.332,103.042,-561.731,3.25898,-4.47857,0.0566757,-0.0780863,0.995334,57.8621,57.8621,1,962.866,326.717,1.86913,200.7,105.838,-559.835,-2.9234,-4.55342,-0.0508399,-0.0793886,0.995546,57.8621,57.8621,1,960.948,335.01,1,0
83786074153640,956.217,328.258,1.94087,139.338,103.024,-561.696,3.19142,-4.74651,0.055481,-0.0827476,0.995025,57.8574,57.8574,1,963.779,326.717,1.88804,200.696,105.801,-559.754,-2.66518,-5.09098,-0.046316,-0.0887375,0.994978,57.8574,57.8574,1,959.998,327.487,1,0
83786076660320,956.217,328.258,1.93037,139.335,103.04,-561.697,3.0995,-4.56822,0.0538983,-0.0796461,0.995365,57.86,57.86,1,961.972,326.717,1.88694,200.69,105.846,-559.825,-3.01441,-4.27468,-0.0524408,-0.074538,0.995838,57.86,57.86,1,959.094,327.487,1,0
83786079156590,956.217,327.174,1.93043,139.329,103.023,-561.673,3.04047,-4.56043,0.0528734,-0.0795104,0.995431,57.8565,57.8565,1,962.866,326.717,1.87188,200.696,105.781,-559.752,-2.87059,-5.79193,-0.0498247,-0.100916,0.993647,57.8565,57.8565,1,959.541,326.945,1,0
83786081659800,956.217,327.629,1.93341,139.34,103.018,-561.714,3.21297,-4.46817,0.0558772,-0.0779053,0.995394,57.8589,57.8589,1,963.779,326.717,1.87268,200.69,105.842,-559.777,-2.88806,-4.3144,-0.050242,-0.0752294,0.9959,57.8589,57.8589,1,959.998,327.173,1,0
83786084156060,953.73,328.258,1.93741,139.337,103.014,-561.742,3.14656,-4.37865,0.05473,-0.0763475,0.995578,57.8621,57.8621,1,963.779,326.717,1.88507,200.704,105.801,-559.806,-2.85439,-5.09143,-0.0496014,-0.0887453,0.994819,57.8621,57.8621,1,958.754,327.487,1,0
83786086655800,953.73,327.629,1.95149,139.339,103.005,-561.715,3.16627,-4.46738,0.0550659,-0.0778914,0.99544,57.8585,57.8585,1,963.779,326.717,1.87502,200.694,105.851,-559.768,-2.84755,-4.06241,-0.0495539,-0.070843,0.996256,57.8585,57.8585,1,958.754,327.173,1,0
83786089159010,956.217,327.629,1.9307,139.346,103.016,-561.645,3.27664,-4.02594,0.0570159,-0.0702081,0.995902,57.8563,57.8563,1,964.791,326.717,1.88642,200.707,105.758,-559.769,-2.73953,-5.74902,-0.0475552,-0.100171,0.993833,57.8563,57.8563,1,960.504,327.173,1,0
83786091655280,953.73,328.065,1.92889,139.346,103.012,-561.654,3.17279,-4.46015,0.0551798,-0.0777656,0.995443,57.8554,57.8554,1,963.779,326.717,1.87247,200.687,105.837,-559.761,-3.14835,-4.39574,-0.0547599,-0.0766449,0.995554,57.8554,57.8554,1,958.754,327.391,1,0
83786094158490,953.73,328.065,1.95217,139.341,102.962,-561.8,3.11232,-4.96281,0.0540901,-0.0865091,0.994782,57.8621,57.8621,1,963.779,326.717,1.87869,200.71,105.804,-559.734,-2.6881,-4.90148,-0.0467275,-0.0854426,0.995247,57.8621,57.8621,1,958.754,327.391,1,0
83786096658240,953.73,327.629,1.94927,139.354,103.008,-561.608,3.31997,-3.8247,0.057783,-0.066704,0.996098,57.8504,57.8504,1,964.791,326.717,1.87775,200.694,105.836,-559.698,-2.74522,-4.06886,-0.047774,-0.0709553,0.996335,57.8504,57.8504,1,959.26,327.173,1,0
83786099161440,956.217,327.629,1.93156,139.349,102.962,-561.742,3.31436,-4.86395,0.057606,-0.0847901,0.994732,57.8589,57.8589,1,964.791,326.717,1.88387,200.694,105.786,-559.72,-3.06669,-5.34239,-0.0532658,-0.0931072,0.99423,57.8589,57.8589,1,960.504,327.173,1,0
83786101661180,953.73,327.629,1.93559,139.346,103.001,-561.585,3.0275,-4.62775,0.052643,-0.0806817,0.995349,57.8562,57.8562,1,963.779,326.717,1.87459,200.697,105.801,-559.833,-3.201,-4.77734,-0.055645,-0.0832837,0.994971,57.8562,57.8562,1,958.754,327.173,1,0
83786104164400,953.73,328.065,1.93882,139.353,102.98,-561.619,3.20589,-4.28006,0.0557682,-0.0746316,0.995651,57.8519,57.8519,1,963.779,326.717,1.86375,200.693,105.819,-559.707,-2.93845,-4.31708,-0.0511176,-0.075276,0.995852,57.8519,57.8519,1,958.754,327.391,1,0
83786106660660,953.73,327.629,1.94047,139.342,102.998,-561.57,3.04214,-4.12983,0.0529326,-0.0720167,0.995998,57.8564,57.8564,1,963.779,326.717,1.8596,200.709,105.792,-559.85,-3.27911,-4.86743,-0.0569938,-0.0848505,0.994762,57.8564,57.8564,1,958.754,327.173,1,0
83786109156930,953.73,327.629,1.93263,139.354,102.973,-561.624,3.10824,-4.58105,0.0540492,-0.0798693,0.995339,57.8588,57.8588,1,962.081,326.717,1.87985,200.71,105.753,-559.829,-3.16864,-5.42801,-0.0550272,-0.094595,0.993994,57.8588,57.8588,1,957.905,327.173,1,0
83786111663610,953.395,327.629,1.97134,139.347,102.977,-561.608,2.95104,-4.62514,0.0513149,-0.0806364,0.995422,57.8512,57.8512,1,963.779,326.717,1.87083,200.707,105.808,-559.7,-2.90229,-4.3516,-0.0504869,-0.0758768,0.995838,57.8512,57.8512,1,958.587,327.173,1,0
83786114159880,953.73,327.629,1.92681,139.36,102.971,-561.607,3.2484,-4.5968,0.0564827,-0.0801433,0.995182,57.8503,57.8503,1,963.779,326.717,1.90795,200.704,105.827,-559.686,-2.86373,-3.85144,-0.0498479,-0.0671697,0.996496,57.8503,57.8503,1,958.754,327.173,1,0
83786116663090,953.73,327.629,1.94729,139.348,102.973,-561.603,3.05823,-4.59207,0.0531795,-0.080061,0.99537,57.8572,57.8572,1,963.779,326.717,1.87433,200.705,105.778,-559.824,-3.25335,-4.46506,-0.056579,-0.0778511,0.995358,57.8572,57.8572,1,958.754,327.173,1,0
83786119162830,953.395,327.629,1.94493,139.36,102.986,-561.512,3.14258,-4.06305,0.054683,-0.0708542,0.995987,57.8505,57.8505,1,962.081,326.717,1.86414,200.711,105.798,-559.781,-3.08057,-4.19684,-0.0535961,-0.0731832,0.995877,57.8505,57.8505,1,957.738,327.173,1,0
83786121666040,953.395,327.629,1.94555,139.352,102.95,-561.629,3.17902,-5.01631,0.0552434,-0.0874394,0.994637,57.8597,57.8597,1,963.779,343.503,1.85545,200.709,105.765,-559.841,-3.18799,-4.38955,-0.055449,-0.0765372,0.995524,57.8597,57.8597,1,958.587,335.566,1,0
83786124162300,953.73,327.629,1.94312,139.365,102.973,-561.568,3.21354,-4.11028,0.0559132,-0.0716764,0.99586,57.8606,57.8606,1,962.081,331.7,1.86916,200.719,105.757,-559.925,-3.31435,-4.67688,-0.0576215,-0.0815363,0.995003,57.8606,57.8606,1,957.905,329.664,1,0
83786126665520,953.395,327.629,1.91918,139.357,102.941,-561.643,3.12908,-4.71594,0.0544008,-0.0822158,0.995129,57.8617,57.8617,1,954.333,328.728,1.88784,200.72,105.766,-559.867,-3.24281,-4.7324,-0.0563746,-0.082502,0.994995,57.8617,57.8617,1,953.864,328.178,1,0
83786129165260,953.395,327.629,1.92629,139.359,102.941,-561.595,3.15814,-4.78813,0.0548998,-0.0834715,0.994997,57.8578,57.8578,1,955.717,331.7,1.87976,200.714,105.771,-559.834,-3.05631,-4.01382,-0.0531866,-0.069997,0.996128,57.8578,57.8578,1,954.556,329.664,1,0
83786131661530,953.395,327.629,1.9389,139.365,102.925,-561.675,3.27122,-5.11908,0.0568349,-0.0892261,0.994388,57.862,57.862,1,955.717,343.503,1.8638,200.72,105.78,-559.842,-3.17564,-4.23848,-0.0552456,-0.073908,0.995734,57.862,57.862,1,954.556,335.566,1,0
83786134164730,953.395,327.629,1.92644,139.354,102.93,-561.701,3.12917,-5.17788,0.0543645,-0.0902481,0.994434,57.8672,57.8672,1,954.333,331.7,1.86939,200.716,105.745,-559.917,-3.32323,-4.61449,-0.0577808,-0.080451,0.995082,57.8672,57.8672,1,953.864,329.664,1,0
83786136664480,953.395,313.557,1.94246,139.353,102.929,-561.641,2.95882,-4.93254,0.0514271,-0.0859828,0.994968,57.863,57.863,1,954.333,335.043,1.86062,200.728,105.748,-559.888,-3.00643,-4.30639,-0.0523,-0.0750899,0.995804,57.863,57.863,1,953.864,324.3,1,0
83786139167690,953.395,320.216,1.95779,139.366,102.963,-561.522,3.09613,-4.59843,0.0538375,-0.0801715,0.995326,57.856,57.856,1,955.717,342.086,1.87035,200.729,105.756,-559.871,-2.98712,-4.48927,-0.0519517,-0.0782724,0.995577,57.856,57.856,1,954.556,331.151,1,0
83786141663960,953.395,320.216,1.92216,139.366,102.925,-561.631,3.25008,-5.12506,0.0564675,-0.08933,0.9944,57.8637,57.8637,1,955.717,342.086,1.87728,200.731,105.741,-559.911,-3.05007,-4.67526,-0.0530315,-0.0815082,0.995261,57.8637,57.8637,1,954.556,331.151,1,0
83786144167170,953.395,313.557,1.94749,139.36,102.927,-561.646,3.15299,-4.96242,0.0547961,-0.0865024,0.994744,57.8618,57.8618,1,954.333,335.043,1.88114,200.717,105.762,-559.862,-3.18703,-4.58207,-0.0554179,-0.0798869,0.995262,57.8618,57.8618,1,953.864,324.3,1,0
83786146666900,953.395,313.557,1.95003,139.366,102.957,-561.559,3.13619,-4.73273,0.0545229,-0.0825077,0.995098,57.8605,57.8605,1,954.333,335.043,1.87027,200.72,105.736,-559.922,-3.29795,-4.69176,-0.0573356,-0.0817952,0.994999,57.8605,57.8605,1,953.864,324.3,1,0
83786149170120,953.395,313.557,1.9394,139.375,102.929,-561.68,3.50752,-5.12594,0.0609349,-0.0893452,0.994135,57.8621,57.8621,1,954.333,335.043,1.86239,200.72,105.765,-559.835,-3.28151,-4.7102,-0.0570486,-0.0821159,0.994989,57.8621,57.8621,1,953.864,324.3,1,0
83786151669850,953.395,316.494,1.92851,139.367,102.95,-561.574,3.17341,-4.66408,0.0551748,-0.0813137,0.99516,57.8536,57.8536,1,955.717,342.086,1.87433,200.728,105.789,-559.773,-2.82069,-4.09543,-0.0490848,-0.0714179,0.996238,57.8536,57.8536,1,954.556,329.29,1,0
83786154166120,953.395,313.557,1.94995,139.375,102.956,-561.545,3.35558,-4.45782,0.0583553,-0.0777252,0.995266,57.8514,57.8514,1,954.333,335.043,1.86092,200.719,105.782,-559.754,-2.97008,-4.24645,-0.0516722,-0.0740467,0.995915,57.8514,57.8514,1,953.864,324.3,1,0
83786156669330,953.395,313.557,1.94403,139.356,102.911,-561.668,3.01586,-5.47558,0.0523723,-0.0954214,0.994058,57.863,57.863,1,954.333,342.086,1.88151,200.725,105.778,-559.865,-3.20665,-4.15328,-0.0557904,-0.0724249,0.995812,57.863,57.863,1,953.864,327.821,1,0
83786159165600,953.395,313.557,1.96393,139.363,102.921,-561.657,3.13691,-5.17682,0.0544988,-0.0902296,0.994429,57.8593,57.8593,1,954.333,337.072,1.88215,200.714,105.768,-559.798,-3.23167,-4.58056,-0.0561933,-0.0798608,0.995221,57.8593,57.8593,1,953.864,325.315,1,0
83786161672280,953.395,313.557,1.95515,139.362,102.936,-561.609,3.03379,-4.93515,0.0527286,-0.0860282,0.994896,57.8635,57.8635,1,954.333,337.072,1.8757,200.734,105.745,-559.933,-3.21884,-4.67867,-0.0559627,-0.0815674,0.995095,57.8635,57.8635,1,953.864,325.315,1,0
83786164168550,953.395,313.557,1.92697,139.363,102.938,-561.612,3.04166,-4.65498,0.052887,-0.0811554,0.995297,57.8589,57.8589,1,954.333,337.072,1.86283,200.728,105.777,-559.842,-3.12777,-4.33342,-0.0544069,-0.0755603,0.995656,57.8589,57.8589,1,953.864,325.315,1,0
83786166671760,949.656,313.557,1.96708,139.354,102.91,-561.745,3.03626,-5.4064,0.0527323,-0.0942194,0.994154,57.869,57.869,1,954.333,342.086,1.84509,200.737,105.756,-559.91,-3.05224,-4.46919,-0.0530846,-0.077923,0.995545,57.869,57.869,1,951.995,327.821,1,0
83786169168020,949.656,313.557,1.94595,139.363,102.935,-561.619,3.06207,-4.97333,0.0532166,-0.0866921,0.994813,57.8642,57.8642,1,954.333,337.072,1.8788,200.727,105.746,-559.938,-3.37959,-4.73942,-0.0587492,-0.0826241,0.994848,57.8642,57.8642,1,951.995,325.315,1,0
83786171667770,952.141,313.557,1.92958,139.368,102.92,-561.671,3.18151,-4.72826,0.0553104,-0.0824302,0.995061,57.8676,57.8676,1,954.333,337.072,1.87643,200.731,105.743,-559.954,-3.58333,-4.99715,-0.0622626,-0.0871062,0.994251,57.8676,57.8676,1,953.237,325.315,1,0
83786174170980,949.656,313.557,1.96888,139.355,102.925,-561.65,2.96938,-4.54339,0.0516395,-0.079214,0.995519,57.8648,57.8648,1,954.333,337.072,1.86707,200.731,105.763,-559.921,-3.22846,-4.3708,-0.0561537,-0.0762109,0.995509,57.8648,57.8648,1,951.995,325.315,1,0
83786176670720,949.656,313.557,1.94777,139.356,102.906,-561.718,2.98672,-5.29282,0.0518823,-0.0922458,0.994384,57.8671,57.8671,1,954.333,340.962,1.87094,200.723,105.762,-559.896,-3.30738,-4.50846,-0.057514,-0.0786064,0.995245,57.8671,57.8671,1,951.995,327.26,1,0
83786179173930,949.656,313.557,1.93294,139.363,102.907,-561.732,3.09595,-5.29741,0.0537776,-0.0923255,0.994276,57.8684,57.8684,1,947.539,337.072,1.8521,200.735,105.762,-559.911,-3.2057,-4.81809,-0.0557231,-0.0839924,0.994907,57.8684,57.8684,1,948.597,325.315,1,0
83786181670200,949.656,313.557,1.95276,139.357,102.935,-561.641,2.97155,-4.47635,0.0516819,-0.0780476,0.995609,57.8614,57.8614,1,947.539,337.072,1.86787,200.723,105.779,-559.865,-3.36674,-4.69689,-0.0585296,-0.0818844,0.994922,57.8614,57.8614,1,948.597,325.315,1,0
83786184173410,947.42,313.557,1.94277,139.349,102.891,-561.792,2.94905,-5.48762,0.0512122,-0.0956307,0.994099,57.8676,57.8676,1,954.333,337.072,1.85939,200.729,105.787,-559.837,-2.99153,-4.25139,-0.0520447,-0.0741327,0.995889,57.8676,57.8676,1,950.877,325.315,1,0
83786186673140,948.642,313.557,1.94959,139.358,102.932,-561.637,3.11907,-5.05753,0.0541993,-0.088156,0.994631,57.8633,57.8633,1,947.539,337.072,1.87465,200.727,105.77,-559.905,-3.24222,-4.6229,-0.0563733,-0.0805973,0.995151,57.8633,57.8633,1,948.091,325.315,1,0
83786189176360,949.656,313.557,1.92792,139.364,102.92,-561.667,3.21977,-4.8362,0.055966,-0.0843074,0.994867,57.8646,57.8646,1,947.539,337.072,1.85398,200.719,105.763,-559.899,-3.40058,-5.22149,-0.0590704,-0.0910062,0.994097,57.8646,57.8646,1,948.597,325.315,1,0
83786191672620,948.642,313.557,1.92496,139.345,102.916,-561.739,3.05567,-5.291,0.0530791,-0.0922142,0.994323,57.8576,57.8576,1,947.539,337.072,1.85797,200.713,105.826,-559.692,-2.8777,-4.10861,-0.0500753,-0.0716474,0.996172,57.8576,57.8576,1,948.091,325.315,1,0
83786194172370,947.42,306.752,1.93079,139.347,102.917,-561.724,3.09551,-4.93365,0.0538004,-0.0860021,0.994841,57.8639,57.8639,1,947.539,337.072,1.85884,200.702,105.796,-559.835,-3.33041,-4.64833,-0.0579027,-0.0810397,0.995028,57.8639,57.8639,1,947.48,321.912,1,0
83786196675570,948.642,306.752,1.91509,139.34,102.928,-561.663,2.94618,-4.96203,0.0512052,-0.0864956,0.994935,57.861,57.861,1,947.539,337.072,1.8677,200.719,105.778,-559.832,-2.99018,-4.95436,-0.0519698,-0.0863621,0.994907,57.861,57.861,1,948.091,321.912,1,0
83786199171840,947.42,313.557,1.94324,139.346,102.954,-561.6,3.0016,-4.67135,0.0521899,-0.0814402,0.995311,57.8543,57.8543,1,947.539,337.072,1.85168,200.696,105.815,-559.769,-3.27209,-4.72031,-0.0568842,-0.0822917,0.994984,57.8543,57.8543,1,947.48,325.315,1,0
83786201675050,948.642,306.752,1.92196,139.349,102.917,-561.745,3.19785,-4.93501,0.0555772,-0.0860257,0.994742,57.8644,57.8644,1,947.539,337.072,1.85531,200.709,105.81,-559.828,-2.91859,-4.14932,-0.0507834,-0.0723561,0.996085,57.8644,57.8644,1,948.091,321.912,1,0
83786204174790,948.642,306.752,1.93029,139.351,102.944,-561.643,3.24841,-4.95262,0.0564535,-0.0863318,0.994666,57.8624,57.8624,1,947.539,337.072,1.87653,200.719,105.763,-559.882,-3.14252,-5.33142,-0.0545827,-0.0929167,0.994177,57.8624,57.8624,1,948.091,321.912,1,0
83786206678010,948.642,306.752,1.92331,139.346,102.943,-561.652,3.15912,-5.00714,0.0548989,-0.08728,0.99467,57.8593,57.8593,1,947.539,337.072,1.84888,200.699,105.801,-559.817,-3.04379,-4.70648,-0.0529202,-0.0820513,0.995222,57.8593,57.8593,1,948.091,321.912,1,0
83786209174270,947.42,306.752,1.92528,139.33,102.921,-561.701,2.96328,-4.99013,0.0515,-0.086984,0.994878,57.8638,57.8638,1,947.539,337.072,1.83292,200.702,105.759,-559.847,-2.99053,-5.31001,-0.051947,-0.0925446,0.994353,57.8638,57.8638,1,947.48,321.912,1,0
83786211680950,948.642,306.752,1.91359,139.331,102.965,-561.601,3.01627,-4.62416,0.0524482,-0.0806193,0.995364,57.8548,57.8548,1,950.909,337.072,1.86591,200.696,105.804,-559.779,-2.86916,-4.25277,-0.0499175,-0.0741567,0.995997,57.8548,57.8548,1,949.776,321.912,1,0
83786214177220,947.42,306.752,1.93928,139.332,102.94,-561.627,3.06312,-5.16487,0.0532191,-0.090022,0.994517,57.8604,57.8604,1,950.909,337.072,1.85283,200.703,105.79,-559.861,-2.97657,-4.62278,-0.0517586,-0.0805952,0.995402,57.8604,57.8604,1,949.165,321.912,1,0
83786216673490,947.42,306.752,1.90879,139.32,102.919,-561.74,3.07873,-5.25892,0.0534821,-0.0916567,0.994353,57.8694,57.8694,1,952.656,337.072,1.854,200.705,105.752,-559.924,-3.10884,-5.40411,-0.0539919,-0.0941798,0.99409,57.8694,57.8694,1,950.038,321.912,1,0
83786219176700,947.42,306.752,1.91842,139.344,102.977,-561.495,3.49753,-4.19514,0.060842,-0.0731537,0.995463,57.8558,57.8558,1,950.744,337.072,1.87716,200.689,105.776,-559.902,-3.14289,-4.87022,-0.0546283,-0.0848991,0.994891,57.8558,57.8558,1,949.082,321.912,1,0
83786221676430,948.642,306.752,1.91048,139.318,102.913,-561.722,3.21436,-5.43482,0.0558197,-0.0947133,0.993938,57.8758,57.8758,1,950.909,337.072,1.83655,200.701,105.704,-560.064,-3.43277,-6.17875,-0.0595294,-0.107631,0.992407,57.8758,57.8758,1,949.776,321.912,1,0
83786224179650,947.42,306.752,1.88922,139.322,102.937,-561.672,3.33125,-5.19605,0.0578697,-0.090564,0.994208,57.8638,57.8638,1,950.909,334.929,1.82972,200.685,105.772,-559.885,-3.00609,-4.91962,-0.052249,-0.0857581,0.994945,57.8638,57.8638,1,949.165,320.841,1,0
83786226675910,948.642,306.752,1.9162,139.322,102.965,-561.595,3.34801,-4.44291,0.058225,-0.0774657,0.995293,57.859,57.859,1,952.656,321.173,1.84855,200.672,105.773,-559.867,-3.10583,-4.99544,-0.0539747,-0.0870764,0.994738,57.859,57.859,1,950.649,313.962,1,0
83786229182600,953.676,306.752,1.91192,139.31,102.984,-561.547,3.28441,-3.93922,0.057157,-0.0686983,0.995999,57.8554,57.8554,1,950.909,335.432,1.84145,200.66,105.785,-559.846,-3.07589,-4.61251,-0.0534849,-0.0804166,0.995325,57.8554,57.8554,1,952.293,321.092,1,0
83786231678860,949.675,306.752,1.90506,139.298,102.964,-561.593,3.14402,-4.50467,0.0546765,-0.0785404,0.99541,57.8578,57.8578,1,952.656,337.072,1.84615,200.664,105.786,-559.847,-2.98442,-4.52808,-0.0519018,-0.0789477,0.995527,57.8578,57.8578,1,951.165,321.912,1,0
83786234182070,949.675,306.752,1.87747,139.299,102.945,-561.612,3.29144,-4.49665,0.0572381,-0.0784008,0.995277,57.8616,57.8616,1,950.909,334.929,1.83542,200.654,105.768,-559.898,-3.37747,-5.31549,-0.0586605,-0.0926397,0.99397,57.8616,57.8616,1,950.292,320.841,1,0
83786236681820,952.268,325.345,1.89996,139.292,102.955,-561.618,3.19166,-4.43398,0.0555095,-0.0773104,0.995461,57.8605,57.8605,1,950.909,321.173,1.88775,200.655,105.777,-559.874,-3.2684,-5.12107,-0.0567858,-0.0892606,0.994388,57.8605,57.8605,1,951.589,323.259,1,0
83786239178090,953.676,325.345,1.90775,139.288,102.965,-561.589,3.24206,-4.2906,0.0563958,-0.074815,0.995601,57.8602,57.8602,1,950.909,334.929,1.88826,200.655,105.726,-559.885,-2.95005,-5.63168,-0.0512169,-0.0981332,0.993854,57.8602,57.8602,1,952.293,330.137,1,0
83786241681300,952.268,325.345,1.89634,139.282,102.965,-561.632,3.34784,-4.13858,0.0582453,-0.072169,0.99569,57.862,57.862,1,950.909,321.173,1.88377,200.637,105.767,-559.893,-3.30412,-5.07685,-0.0574097,-0.0884918,0.994421,57.862,57.862,1,951.589,323.259,1,0
83786244177570,953.676,325.623,1.88918,139.277,102.951,-561.667,3.30138,-4.27424,0.057428,-0.0745303,0.995564,57.8609,57.8609,1,950.909,309.708,1.88867,200.637,105.746,-559.823,-3.11818,-5.70892,-0.0541259,-0.0994746,0.993567,57.8609,57.8609,1,952.293,317.665,1,0
83786246684250,952.268,325.345,1.95836,139.243,102.882,-561.853,2.98108,-5.46899,0.0517695,-0.0953069,0.994101,57.8663,57.8663,1,950.909,321.173,1.86771,200.62,105.794,-559.747,-3.02063,-4.62515,-0.0525239,-0.0806365,0.995359,57.8663,57.8663,1,951.589,323.259,1,0
83786249180510,953.676,325.345,1.93797,139.254,102.918,-561.708,3.23495,-4.88637,0.0562254,-0.08518,0.994778,57.8659,57.8659,1,950.909,321.173,1.8863,200.625,105.767,-559.885,-3.40189,-5.3711,-0.0590787,-0.0936061,0.993855,57.8659,57.8659,1,952.293,323.259,1,0
83786251683730,953.676,325.345,1.94784,139.251,102.909,-561.715,3.41686,-5.11241,0.059363,-0.0891101,0.994251,57.8608,57.8608,1,950.909,321.173,1.87271,200.606,105.782,-559.772,-3.22189,-4.75978,-0.0560091,-0.0829783,0.994976,57.8608,57.8608,1,952.293,323.259,1,0
83786254183460,953.676,325.345,1.95217,139.235,102.915,-561.716,3.16078,-5.1336,0.0549169,-0.0894783,0.994474,57.8645,57.8645,1,950.909,318.438,1.89007,200.613,105.762,-559.847,-3.19914,-4.91856,-0.055601,-0.0857397,0.994765,57.8645,57.8645,1,952.293,321.892,1,0
83786256686670,952.268,321.68,1.92353,139.225,102.936,-561.7,3.08666,-4.56771,0.0536752,-0.0796372,0.995378,57.864,57.864,1,950.909,321.173,1.87667,200.609,105.767,-559.859,-3.12043,-4.85401,-0.0542397,-0.0846171,0.994936,57.864,57.864,1,951.589,321.426,1,0
83786259182940,953.676,325.345,1.94378,139.222,102.948,-561.62,3.1125,-4.14367,0.0541547,-0.0722577,0.995915,57.8591,57.8591,1,950.909,321.173,1.87244,200.599,105.77,-559.838,-3.1319,-4.55167,-0.0544624,-0.0793581,0.995357,57.8591,57.8591,1,952.293,323.259,1,0
83786261682680,952.268,325.345,1.95263,139.225,102.942,-561.62,3.1815,-4.38087,0.055337,-0.0763862,0.995542,57.8581,57.8581,1,950.909,321.173,1.8782,200.596,105.753,-559.811,-3.06754,-4.82493,-0.0533235,-0.0841115,0.995029,57.8581,57.8581,1,951.589,323.259,1,0
83786264185890,953.676,325.345,1.94921,139.219,102.949,-561.649,3.25578,-4.36192,0.056629,-0.0760564,0.995494,57.8613,57.8613,1,950.909,318.438,1.88331,200.587,105.747,-559.85,-3.39464,-5.24867,-0.0589647,-0.0914785,0.99406,57.8613,57.8613,1,952.293,321.892,1,0
83786266682150,953.676,325.345,1.93509,139.208,102.944,-561.679,3.3421,-4.26098,0.0581364,-0.0742996,0.99554,57.8605,57.8605,1,950.909,321.173,1.89172,200.577,105.762,-559.804,-3.1147,-4.49745,-0.0541678,-0.0784148,0.995448,57.8605,57.8605,1,952.293,323.259,1,0
83786269185370,953.676,325.345,1.9177,139.184,102.917,-561.726,2.88761,-5.10593,0.0501772,-0.0889974,0.994767,57.8652,57.8652,1,950.909,321.173,1.86948,200.582,105.747,-559.846,-2.95686,-4.84773,-0.0513996,-0.0845079,0.995096,57.8652,57.8652,1,952.293,323.259,1,0
83786271685110,952.268,325.345,1.94867,139.196,102.967,-561.583,3.19114,-4.07662,0.0555262,-0.0710905,0.995923,57.8599,57.8599,1,950.909,321.173,1.83963,200.574,105.74,-559.889,-3.26975,-5.04153,-0.0568163,-0.0878777,0.99451,57.8599,57.8599,1,951.589,323.259,1,0
83786274188320,953.676,325.345,1.95544,139.18,102.932,-561.672,3.12452,-4.61867,0.0543292,-0.0805238,0.995271,57.8561,57.8561,1,950.909,321.173,1.86071,200.562,105.771,-559.717,-2.74233,-4.39316,-0.0477038,-0.0766,0.99592,57.8561,57.8561,1,952.293,323.259,1,0
83786276684590,952.268,325.345,1.93773,139.176,102.934,-561.731,3.17734,-4.85826,0.0552275,-0.084691,0.994876,57.863,57.863,1,950.909,321.173,1.83954,200.553,105.75,-559.8,-3.07553,-4.88451,-0.0534575,-0.0851475,0.994933,57.863,57.863,1,951.589,323.259,1,0
83786279184330,952.239,325.345,1.93611,139.179,102.975,-561.587,3.20261,-4.079,0.0557254,-0.0711318,0.995909,57.8569,57.8569,1,950.909,321.173,1.84013,200.55,105.749,-559.827,-3.29383,-5.02819,-0.0572355,-0.0876459,0.994506,57.8569,57.8569,1,951.574,323.259,1,0
83786281687540,952.268,325.345,1.93627,139.179,102.974,-561.572,3.26763,-4.5603,0.0568195,-0.0795083,0.995214,57.8511,57.8511,1,950.909,321.173,1.84294,200.529,105.788,-559.727,-3.11901,-4.35668,-0.0542529,-0.0759651,0.995633,57.8511,57.8511,1,951.589,323.259,1,0
83786284183800,953.676,325.345,1.93701,139.172,102.978,-561.55,3.23898,-4.56809,0.0563213,-0.0796438,0.995231,57.8588,57.8588,1,950.909,321.173,1.86598,200.538,105.731,-559.9,-3.52552,-5.55696,-0.0612041,-0.0968352,0.993417,57.8588,57.8588,1,952.293,323.259,1,0
83786286690490,952.268,325.345,1.94921,139.162,102.988,-561.591,3.13,-4.53994,0.0544303,-0.079154,0.995375,57.859,57.859,1,950.909,321.173,1.85985,200.527,105.74,-559.867,-3.35319,-5.04755,-0.0582639,-0.0879825,0.994417,57.859,57.859,1,951.589,323.259,1,0
83786289186750,952.239,325.345,1.92189,139.154,103.007,-561.515,3.08026,-4.20141,0.0535904,-0.0732627,0.995872,57.8553,57.8553,1,950.909,321.173,1.8409,200.517,105.744,-559.87,-3.56427,-5.05093,-0.0619267,-0.0880413,0.99419,57.8553,57.8553,1,951.574,323.259,1,0
83786291689970,952.268,325.345,1.92977,139.136,102.987,-561.572,2.8297,-5.10542,0.0491717,-0.0889884,0.994818,57.8527,57.8527,1,950.909,321.173,1.83949,200.518,105.762,-559.758,-2.86053,-4.4653,-0.0497535,-0.0778553,0.995722,57.8527,57.8527,1,951.589,323.259,1,0
83786294186230,952.239,325.345,1.91575,139.135,102.982,-561.584,3.05811,-4.51004,0.0531835,-0.0786337,0.995484,57.8612,57.8612,1,950.909,321.173,1.8421,200.522,105.724,-559.915,-3.09959,-5.0234,-0.053864,-0.0875627,0.994702,57.8612,57.8612,1,951.574,323.259,1,0
83786296692910,948.194,325.345,1.90897,139.139,103.031,-561.42,3.13393,-3.86053,0.0545461,-0.0673279,0.996239,57.8465,57.8465,1,950.909,321.173,1.84496,200.495,105.752,-559.787,-2.98125,-4.56239,-0.0518444,-0.0795445,0.995482,57.8465,57.8465,1,949.552,323.259,1,0
83786299189180,948.194,325.345,1.91053,139.116,102.99,-561.583,2.94384,-4.8558,0.0511727,-0.0846483,0.995096,57.854,57.854,1,950.909,321.173,1.84576,200.49,105.749,-559.771,-2.96584,-4.79056,-0.0515598,-0.0835137,0.995172,57.854,57.854,1,949.552,323.259,1,0
83786301688920,948.194,325.345,1.93239,139.116,102.997,-561.56,3.01014,-4.73172,0.0523337,-0.0824902,0.995217,57.8525,57.8525,1,952.15,321.173,1.84802,200.484,105.754,-559.766,-3.02687,-4.78012,-0.0526206,-0.0833321,0.995132,57.8525,57.8525,1,950.172,323.259,1,0
83786304188660,948.194,325.345,1.90193,139.104,102.989,-561.525,3.033,-4.53768,0.0527453,-0.0791147,0.995469,57.8586,57.8586,1,950.909,321.173,1.84969,200.484,105.716,-559.919,-3.3571,-5.55551,-0.0582838,-0.09681,0.993595,57.8586,57.8586,1,949.552,323.259,1,0
83786306688400,948.194,325.345,1.91841,139.104,103.013,-561.506,3.09782,-4.43249,0.0538792,-0.0772844,0.995552,57.8522,57.8522,1,950.909,321.173,1.83171,200.461,105.745,-559.817,-3.13823,-4.77467,-0.0545551,-0.0832372,0.995035,57.8522,57.8522,1,949.552,323.259,1,0
83786309191610,946.027,325.345,1.896,139.085,102.98,-561.632,3.03532,-4.77311,0.052768,-0.0832101,0.995134,57.8601,57.8601,1,950.909,321.173,1.85543,200.459,105.733,-559.847,-3.27092,-5.08639,-0.0568326,-0.0886577,0.994439,57.8601,57.8601,1,948.468,323.259,1,0
83786311691350,948.194,325.345,1.90468,139.091,103.009,-561.486,3.14114,-4.47137,0.0546289,-0.0779608,0.995459,57.8522,57.8522,1,950.909,321.173,1.84551,200.445,105.731,-559.831,-3.28148,-5.30139,-0.0569966,-0.0923947,0.99409,57.8522,57.8522,1,949.552,323.259,1,0
83786314194560,948.194,325.345,1.87553,139.086,103.017,-561.467,3.25973,-4.25895,0.0567053,-0.0742643,0.995625,57.8513,57.8513,1,949.773,321.173,1.83475,200.444,105.733,-559.834,-3.31924,-5.30961,-0.0576509,-0.0925375,0.994039,57.8513,57.8513,1,948.984,323.259,1,0
83786316690830,948.194,325.345,1.89505,139.073,102.989,-561.58,3.2549,-4.65354,0.0565911,-0.0811304,0.995096,57.8556,57.8556,1,949.773,321.173,1.8316,200.431,105.731,-559.806,-3.18671,-5.2433,-0.0553573,-0.0913851,0.994276,57.8556,57.8556,1,948.984,323.259,1,0
83786319194040,948.194,325.345,1.90578,139.063,102.974,-561.64,3.18902,-4.83121,0.0554326,-0.0842207,0.994904,57.8597,57.8597,1,946.913,309.023,1.82248,200.431,105.735,-559.828,-3.23129,-5.1207,-0.0561419,-0.0892541,0.994425,57.8597,57.8597,1,947.554,317.184,1,0
83786321693780,948.328,325.345,1.87446,139.059,103.02,-561.531,3.21915,-3.87041,0.0560271,-0.0675,0.996145,57.8538,57.8538,1,946.913,307.164,1.8656,200.421,105.735,-559.825,-3.34846,-5.49665,-0.0581398,-0.0957876,0.993702,57.8538,57.8538,1,947.621,316.255,1,0
83786324190040,950.843,325.345,1.89454,139.054,102.976,-561.632,3.26927,-5.00911,0.0568108,-0.0873141,0.99456,57.8505,57.8505,1,949.773,321.173,1.89997,200.406,105.758,-559.649,-2.99362,-4.86207,-0.0520368,-0.0847573,0.995042,57.8505,57.8505,1,950.308,323.259,1,0
83786326693260,948.194,325.345,1.88614,139.044,103.024,-561.474,3.117,-3.89494,0.0542495,-0.0679272,0.996214,57.8468,57.8468,1,946.913,317.088,1.81451,200.391,105.742,-559.735,-3.24277,-4.94153,-0.0563566,-0.0861391,0.994688,57.8468,57.8468,1,947.554,321.217,1,0
83786329192990,948.328,325.345,1.89309,139.047,103.011,-561.476,3.2623,-4.00656,0.056768,-0.0698706,0.995939,57.8464,57.8464,1,946.913,317.088,1.8723,200.4,105.748,-559.723,-2.89551,-4.80181,-0.0503373,-0.0837093,0.995218,57.8464,57.8464,1,947.621,321.217,1,0
83786331696200,950.843,325.345,1.88515,139.028,102.994,-561.576,3.20958,-4.40164,0.0558234,-0.0767475,0.995487,57.8466,57.8466,1,949.773,321.173,1.88265,200.398,105.764,-559.626,-2.63606,-4.71682,-0.045836,-0.0822311,0.995559,57.8466,57.8466,1,950.308,323.259,1,0
83786334192470,950.843,325.345,1.92676,139.03,103.007,-561.489,3.28723,-4.18121,0.0571889,-0.0729111,0.995697,57.8506,57.8506,1,949.773,321.173,1.84875,200.392,105.73,-559.794,-3.15639,-5.08016,-0.0548453,-0.0885494,0.994561,57.8506,57.8506,1,950.308,323.259,1,0
83786336695680,950.843,331.178,1.93738,139.02,102.988,-561.549,3.34022,-4.32157,0.0580991,-0.0753541,0.995463,57.8551,57.8551,1,946.913,317.088,1.86825,200.381,105.717,-559.82,-3.28834,-5.45474,-0.0571011,-0.0950595,0.993833,57.8551,57.8551,1,948.878,324.133,1,0
83786339195430,948.328,325.345,1.96541,138.997,102.951,-561.702,3.10052,-5.10547,0.0538732,-0.0889893,0.994575,57.8589,57.8589,1,949.773,317.088,1.87106,200.377,105.732,-559.743,-3.01311,-4.99446,-0.0523649,-0.0870594,0.994826,57.8589,57.8589,1,949.051,321.217,1,0
83786341698630,950.843,325.345,1.96175,138.988,102.92,-561.798,3.17256,-5.26752,0.0551097,-0.0918062,0.994251,57.869,57.869,1,949.773,317.088,1.87518,200.38,105.709,-559.848,-3.20394,-5.46589,-0.055636,-0.0952532,0.993897,57.869,57.869,1,950.308,321.217,1,0
83786344194900,950.843,325.345,1.95545,138.991,102.97,-561.655,3.21664,-4.42218,0.0559444,-0.077105,0.995452,57.8619,57.8619,1,948.242,314.154,1.8691,200.379,105.719,-559.854,-3.15671,-5.26053,-0.0548351,-0.0916847,0.994277,57.8619,57.8619,1,949.542,319.75,1,0
83786346694640,950.843,325.345,1.9229,138.998,102.985,-561.635,3.42096,-4.51595,0.0594863,-0.0787366,0.995119,57.8513,57.8513,1,948.242,317.088,1.8845,200.364,105.751,-559.662,-2.70247,-4.60139,-0.0469975,-0.0802231,0.995668,57.8513,57.8513,1,949.542,321.217,1,0
83786349197860,950.843,325.345,1.96033,138.988,102.982,-561.646,3.29713,-4.33285,0.0573496,-0.0755504,0.995491,57.859,57.859,1,949.773,317.088,1.84951,200.363,105.722,-559.807,-3.18326,-5.31311,-0.0552913,-0.0925985,0.994167,57.859,57.859,1,950.308,321.217,1,0
83786351694120,950.843,325.345,1.95288,138.982,102.97,-561.657,3.34233,-4.65571,0.0581093,-0.081168,0.995005,57.8625,57.8625,1,948.242,314.154,1.86155,200.357,105.7,-559.86,-3.35904,-5.74924,-0.058298,-0.100175,0.99326,57.8625,57.8625,1,949.542,319.75,1,0
83786354197340,951.974,325.345,1.93897,138.971,102.976,-561.69,3.30988,-4.13076,0.0575861,-0.0720329,0.995739,57.8632,57.8632,1,948.242,314.154,1.86438,200.348,105.708,-559.846,-3.31035,-5.31368,-0.0574963,-0.0926083,0.994041,57.8632,57.8632,1,950.108,319.75,1,0
83786356697070,950.843,325.345,1.93094,138.957,102.969,-561.723,3.09216,-4.53611,0.0537733,-0.0790874,0.995416,57.8632,57.8632,1,948.242,314.154,1.88783,200.349,105.72,-559.814,-3.19994,-5.34,-0.0555782,-0.0930657,0.994108,57.8632,57.8632,1,949.542,319.75,1,0
83786359200280,950.843,325.345,1.93817,138.967,102.982,-561.708,3.30561,-3.95829,0.0575242,-0.0690303,0.995955,57.8577,57.8577,1,949.773,317.088,1.86275,200.347,105.748,-559.724,-2.84946,-4.85291,-0.0495338,-0.084598,0.995183,57.8577,57.8577,1,950.308,321.217,1,0
83786361700020,950.843,325.345,1.95311,138.953,102.978,-561.724,3.17977,-4.20833,0.0553195,-0.0733833,0.995768,57.8645,57.8645,1,948.242,314.154,1.85705,200.341,105.714,-559.842,-3.14819,-5.12748,-0.0546988,-0.089372,0.994495,57.8645,57.8645,1,949.542,319.75,1,0
83786364203230,951.974,325.345,1.93854,138.957,102.979,-561.729,3.29838,-4.2052,0.057381,-0.0733288,0.995656,57.8623,57.8623,1,948.537,314.154,1.8431,200.338,105.726,-559.795,-3.03177,-4.9074,-0.0526958,-0.0855456,0.99494,57.8623,57.8623,1,950.256,319.75,1,0
83786366699500,950.843,325.345,1.92336,138.949,102.994,-561.671,3.2338,-4.56472,0.0562316,-0.0795852,0.995241,57.8668,57.8668,1,948.242,314.154,1.85723,200.335,105.683,-559.94,-3.27689,-5.45085,-0.0569028,-0.0949918,0.99385,57.8668,57.8668,1,949.542,319.75,1,0
83786369195760,951.974,325.345,1.94199,138.958,103.013,-561.638,3.42868,-4.17063,0.0596477,-0.0727269,0.995567,57.8624,57.8624,1,948.242,314.154,1.87519,200.33,105.697,-559.887,-3.38499,-5.5172,-0.0587713,-0.0961446,0.993631,57.8624,57.8624,1,950.108,319.75,1,0
83786371702450,951.974,325.345,1.97186,138.951,102.992,-561.694,3.28157,-4.36589,0.0570769,-0.0761255,0.995463,57.8668,57.8668,1,948.242,314.154,1.85358,200.321,105.709,-559.924,-3.47402,-5.17564,-0.0603489,-0.0902092,0.994093,57.8668,57.8668,1,950.108,319.75,1,0
83786374198720,951.974,325.345,1.92573,138.932,102.979,-561.761,3.1771,-4.74659,0.0552323,-0.0827489,0.995039,57.8708,57.8708,1,948.242,314.154,1.85595,200.327,105.702,-559.937,-3.37793,-5.35548,-0.0586646,-0.0933347,0.993905,57.8708,57.8708,1,950.108,319.75,1,0
83786376701920,951.974,325.345,1.9599,138.933,102.972,-561.805,3.24878,-4.98914,0.0564568,-0.0869669,0.99461,57.87,57.87,1,941.388,305.256,1.83488,200.314,105.716,-559.877,-3.28949,-5.15247,-0.0571489,-0.0898064,0.994318,57.87,57.87,1,946.681,315.3,1,0
83786379198190,951.974,325.345,1.94415,138.934,102.995,-561.744,3.21601,-4.57464,0.0559218,-0.0797577,0.995244,57.8651,57.8651,1,948.242,314.154,1.84021,200.316,105.73,-559.843,-3.13258,-4.83767,-0.0544519,-0.084333,0.994949,57.8651,57.8651,1,950.108,319.75,1,0
83786381704880,951.974,325.345,1.94063,138.937,102.993,-561.656,3.2926,-4.75889,0.057237,-0.0829628,0.994908,57.8582,57.8582,1,948.242,314.154,1.83971,200.303,105.742,-559.787,-3.08396,-4.69389,-0.0536188,-0.0818322,0.995203,57.8582,57.8582,1,950.108,319.75,1,0
83786384201150,951.974,321.611,1.92671,138.929,102.983,-561.766,3.24502,-4.70989,0.0564148,-0.0821105,0.995025,57.8652,57.8652,1,948.242,314.154,1.82522,200.306,105.724,-559.819,-3.23638,-5.18722,-0.0562242,-0.0904104,0.994316,57.8652,57.8652,1,950.108,317.882,1,0
83786386700880,951.974,321.611,1.92811,138.922,102.979,-561.773,3.22032,-4.68899,0.0559877,-0.081747,0.995079,57.8695,57.8695,1,947.844,308.991,1.84133,200.309,105.724,-559.904,-3.15641,-5.08649,-0.054845,-0.0886595,0.994551,57.8695,57.8695,1,949.909,315.301,1,0
83786389204100,951.974,325.345,1.94412,138.931,103.009,-561.685,3.33914,-4.3768,0.0580761,-0.0763153,0.995391,57.8677,57.8677,1,948.242,314.154,1.83648,200.308,105.698,-559.954,-3.21183,-5.3654,-0.0557822,-0.0935071,0.994055,57.8677,57.8677,1,950.108,319.75,1,0
83786391700360,951.974,321.611,1.9478,138.923,102.99,-561.753,3.16954,-4.58161,0.055114,-0.079879,0.99528,57.8627,57.8627,1,948.242,314.154,1.85463,200.299,105.75,-559.789,-2.80937,-4.30047,-0.0488752,-0.0749869,0.995986,57.8627,57.8627,1,950.108,317.882,1,0
83786394203570,951.974,321.611,1.9319,138.917,102.992,-561.725,3.08258,-4.4758,0.0536113,-0.0780381,0.995508,57.8662,57.8662,1,948.242,314.154,1.85595,200.298,105.717,-559.883,-3.01405,-4.83635,-0.0523937,-0.0843101,0.995061,57.8662,57.8662,1,950.108,317.882,1,0
83786396703310,951.974,325.345,1.93988,138.914,102.969,-561.835,3.24551,-4.37704,0.0564494,-0.0763195,0.995484,57.8712,57.8712,1,947.844,314.154,1.84477,200.29,105.73,-559.875,-3.33663,-4.94342,-0.0579858,-0.0861719,0.994591,57.8712,57.8712,1,949.909,319.75,1,0
83786399206520,951.974,325.345,1.93382,138.919,103.008,-561.682,3.20325,-3.97745,0.0557435,-0.0693638,0.996033,57.866,57.866,1,948.242,314.154,1.85019,200.291,105.717,-559.924,-3.08628,-4.81169,-0.0536499,-0.0838812,0.99503,57.866,57.866,1,950.108,319.75,1,0
83786401702790,951.974,321.611,1.92027,138.909,102.963,-561.835,3.17168,-4.64059,0.0551467,-0.080905,0.995195,57.8739,57.8739,1,948.242,316.855,1.83308,200.289,105.719,-559.928,-3.05379,-4.52787,-0.0531071,-0.0789439,0.995463,57.8739,57.8739,1,950.108,319.233,1,0
83786404206000,951.974,325.345,1.90958,138.916,103.014,-561.663,3.25875,-3.95394,0.0567099,-0.0689545,0.996007,57.8673,57.8673,1,948.242,316.855,1.8363,200.305,105.706,-559.969,-2.74747,-4.79989,-0.047766,-0.0836759,0.995348,57.8673,57.8673,1,950.108,321.1,1,0
83786406705740,951.974,325.345,1.9218,138.905,102.959,-561.902,3.11488,-5.13443,0.0541202,-0.0894928,0.994516,57.8773,57.8773,1,948.242,316.855,1.85636,200.299,105.713,-559.93,-2.79812,-4.65391,-0.048656,-0.0811368,0.995515,57.8773,57.8773,1,950.108,321.1,1,0
83786409202010,951.974,325.345,1.91449,138.911,103.006,-561.716,3.18839,-4.06638,0.0554793,-0.0709121,0.995938,57.8747,57.8747,1,948.242,314.154,1.84101,200.294,105.69,-560.068,-3.30375,-5.16831,-0.0573951,-0.0900818,0.994279,57.8747,57.8747,1,950.108,319.75,1,0
83786411705220,951.974,325.345,1.93552,138.899,103.003,-561.752,3.01079,-4.24254,0.0523801,-0.0739787,0.995883,57.8713,57.8713,1,948.242,316.855,1.84512,200.295,105.726,-559.967,-2.87722,-4.31321,-0.0500538,-0.0752087,0.995911,57.8713,57.8713,1,950.108,321.1,1,0
83786414204960,951.974,325.345,1.92467,138.9,102.941,-561.894,3.2217,-5.03389,0.0559828,-0.087745,0.994569,57.8806,57.8806,1,948.242,316.855,1.82563,200.285,105.714,-560.005,-3.0652,-4.5144,-0.0533065,-0.0787096,0.995471,57.8806,57.8806,1,950.108,321.1,1,0
83786416708170,951.974,325.345,1.91225,138.907,103.016,-561.701,3.27648,-3.95739,0.0570179,-0.0690146,0.995985,57.8675,57.8675,1,948.242,316.855,1.82143,200.304,105.726,-559.942,-2.58958,-4.33106,-0.0450522,-0.0755193,0.996126,57.8675,57.8675,1,950.108,321.1,1,0
83786419204440,951.974,325.345,1.91468,138.894,102.993,-561.781,3.13016,-4.22702,0.0544559,-0.0737085,0.995792,57.8748,57.8748,1,948.242,316.855,1.82866,200.285,105.717,-560.008,-2.84392,-4.12831,-0.0494866,-0.0719902,0.996177,57.8748,57.8748,1,950.108,321.1,1,0
83786421711120,951.974,325.345,1.93717,138.907,103.02,-561.661,3.20216,-3.98544,0.0557241,-0.0695029,0.996024,57.8669,57.8669,1,952.73,340.392,1.8306,200.275,105.722,-559.969,-3.00348,-4.30333,-0.0522488,-0.0750366,0.995811,57.8669,57.8669,1,952.352,332.868,1,0
83786424207390,951.974,325.345,1.92461,138.901,102.982,-561.836,3.32342,-4.22843,0.0578143,-0.073733,0.995601,57.8747,57.8747,1,952.73,340.392,1.84316,200.284,105.724,-559.951,-2.69694,-4.1634,-0.0469289,-0.0726011,0.996256,57.8747,57.8747,1,952.352,332.868,1,0
83786426710600,951.974,340.382,1.92395,138.901,102.999,-561.84,3.2108,-4.23462,0.0558569,-0.0738408,0.995705,57.8841,57.8841,1,950.741,322.925,1.86133,200.286,105.678,-560.138,-3.10019,-4.82708,-0.0538904,-0.0841488,0.994995,57.8841,57.8841,1,951.357,331.654,1,0
83786429206870,951.974,325.345,1.94621,138.893,102.956,-561.863,3.18642,-5.0047,0.0553729,-0.0872374,0.994647,57.8802,57.8802,1,952.73,340.392,1.86323,200.279,105.695,-560.027,-2.8884,-4.4562,-0.0502385,-0.077697,0.99571,57.8802,57.8802,1,952.352,332.868,1,0
83786431706600,951.974,325.345,1.90618,138.881,102.972,-561.882,3.09439,-4.5098,0.0538139,-0.0786296,0.99545,57.8772,57.8772,1,952.73,340.392,1.86431,200.285,105.733,-559.958,-2.6022,-3.86972,-0.0452979,-0.067488,0.996691,57.8772,57.8772,1,952.352,332.868,1,0
83786434209810,951.974,325.345,1.90564,138.887,102.987,-561.815,3.15161,-3.9653,0.0548466,-0.0691523,0.996097,57.8816,57.8816,1,952.73,340.392,1.83531,200.287,105.69,-560.111,-2.99476,-4.54578,-0.0520802,-0.0792555,0.995493,57.8816,57.8816,1,952.352,332.868,1,0
83786436709560,951.193,340.382,1.93268,138.883,102.991,-561.826,3.20028,-4.05912,0.0556863,-0.0707857,0.995936,57.8793,57.8793,1,952.73,340.392,1.82143,200.28,105.699,-560.054,-3.01668,-4.48135,-0.0524657,-0.0781345,0.995561,57.8793,57.8793,1,951.962,340.387,1,0
83786439212760,951.271,325.345,1.91646,138.879,102.969,-561.874,3.21408,-4.1648,0.0559188,-0.0726254,0.99579,57.8873,57.8873,1,952.73,340.392,1.82394,200.271,105.67,-560.162,-3.193,-4.62433,-0.0555182,-0.0806222,0.995197,57.8873,57.8873,1,952.001,332.868,1,0
83786441709030,951.271,340.382,1.92468,138.871,102.98,-561.846,3.0653,-3.85655,0.053353,-0.0672587,0.996308,57.8807,57.8807,1,952.73,340.392,1.86135,200.285,105.687,-560.058,-2.7352,-4.33034,-0.0475838,-0.0755067,0.996009,57.8807,57.8807,1,952.001,340.387,1,0
83786444212240,951.193,339.882,1.9212,138.864,102.957,-561.889,3.06172,-4.23908,0.0532656,-0.0739185,0.995841,57.883,57.883,1,952.73,340.392,1.85624,200.274,105.702,-560.062,-2.90845,-4.22374,-0.0506024,-0.0736514,0.995999,57.883,57.883,1,951.962,340.137,1,0
83786446711990,951.193,340.382,1.92115,138.867,102.963,-561.845,3.09976,-3.84345,0.0539531,-0.0670306,0.996291,57.8834,57.8834,1,952.73,340.392,1.83687,200.263,105.674,-560.109,-2.99487,-4.23389,-0.052104,-0.0738282,0.995909,57.8834,57.8834,1,951.962,340.387,1,0
83786449215200,951.193,325.345,1.90822,138.86,102.935,-561.858,3.03369,-4.71258,0.0527442,-0.0821574,0.995223,57.8935,57.8935,1,952.73,340.392,1.8399,200.275,105.616,-560.287,-3.23049,-5.42878,-0.0561001,-0.0946083,0.993933,57.8935,57.8935,1,951.962,332.868,1,0
83786451711470,944.92,339.882,1.91056,138.844,102.887,-562.061,3.04129,-4.94845,0.0528579,-0.0862594,0.99487,57.9065,57.9065,1,952.73,340.392,1.85194,200.275,105.582,-560.337,-3.05295,-5.35098,-0.0530268,-0.0932565,0.994229,57.9065,57.9065,1,948.825,340.137,1,0
83786454211200,944.92,339.882,1.90946,138.841,102.95,-561.784,2.99609,-3.81014,0.0521523,-0.0664504,0.996426,57.8855,57.8855,1,952.73,340.392,1.82528,200.266,105.608,-560.194,-2.72826,-4.97098,-0.04742,-0.0866512,0.995109,57.8855,57.8855,1,948.825,340.137,1,0
83786456714410,950.912,340.382,1.9089,138.843,102.914,-561.887,3.21088,-3.89639,0.0558817,-0.0679525,0.996122,57.8884,57.8884,1,952.73,340.392,1.83386,200.249,105.611,-560.143,-2.95686,-5.0075,-0.0513871,-0.0872861,0.994857,57.8884,57.8884,1,951.821,340.387,1,0
83786459210680,951.193,339.882,1.90451,138.845,102.949,-561.741,3.28786,-3.17754,0.0572643,-0.0554301,0.996819,57.8853,57.8853,1,952.73,325.216,1.82235,200.256,105.597,-560.229,-2.86858,-4.77713,-0.0498715,-0.08328,0.995277,57.8853,57.8853,1,951.962,332.549,1,0
83786461713890,946.997,340.382,1.91165,138.824,102.892,-561.892,3.1417,-4.1244,0.0546636,-0.0719222,0.995911,57.8944,57.8944,1,952.73,325.216,1.83381,200.238,105.565,-560.248,-3.09881,-5.44604,-0.053814,-0.0949083,0.99403,57.8944,57.8944,1,949.864,332.799,1,0
83786464213630,950.912,345.793,1.90485,138.821,102.902,-561.845,3.2554,-3.54142,0.0566784,-0.06177,0.99648,57.8851,57.8851,1,952.73,327.839,1.86331,200.229,105.59,-560.106,-2.71912,-4.72978,-0.0472783,-0.0824565,0.995473,57.8851,57.8851,1,951.821,336.816,1,0
83786466716840,951.193,345.793,1.87238,138.801,102.879,-561.906,3.28216,-3.7718,0.0571292,-0.0657828,0.996197,57.8948,57.8948,1,952.73,325.216,1.86202,200.221,105.554,-560.235,-2.83366,-4.91808,-0.0492545,-0.0857313,0.9951,57.8948,57.8948,1,951.962,335.504,1,0
83786469213110,951.193,339.882,1.94881,138.78,102.847,-561.958,3.084,-4.24934,0.0536521,-0.074097,0.995807,57.892,57.892,1,952.73,325.216,1.86826,200.223,105.585,-560.123,-2.53758,-4.61778,-0.0441309,-0.0805082,0.995776,57.892,57.892,1,951.962,332.549,1,0
83786471719790,947.841,340.46,1.94566,138.777,102.841,-562.012,3.16109,-4.21487,0.0549943,-0.0734971,0.995778,57.9021,57.9021,1,952.73,325.216,1.8577,200.207,105.542,-560.272,-3.05097,-4.92652,-0.0530277,-0.0858782,0.994893,57.9021,57.9021,1,950.285,332.838,1,0
83786474216050,951.193,345.793,1.93354,138.776,102.846,-561.956,3.23108,-3.99004,0.0562265,-0.0695831,0.99599,57.8963,57.8963,1,952.73,327.839,1.87581,200.176,105.554,-560.208,-3.11433,-4.59398,-0.054154,-0.0800942,0.995315,57.8963,57.8963,1,951.962,336.816,1,0
83786476712320,951.193,345.793,1.94843,138.76,102.846,-561.948,3.10101,-3.93895,0.0539686,-0.0686935,0.996177,57.8914,57.8914,1,952.73,325.216,1.84542,200.163,105.562,-560.115,-2.83187,-4.13248,-0.0492769,-0.0720629,0.996182,57.8914,57.8914,1,951.962,335.504,1,0
83786479215530,949.757,345.793,1.94408,138.752,102.833,-562.005,3.19838,-3.91905,0.0556628,-0.068347,0.996108,57.8972,57.8972,1,952.73,327.839,1.8692,200.174,105.537,-560.17,-2.66047,-4.45371,-0.0462771,-0.0776536,0.995906,57.8972,57.8972,1,951.244,336.816,1,0
83786481715280,947.841,340.46,1.94764,138.738,102.801,-562.132,3.10504,-4.3642,0.0540096,-0.0760961,0.995637,57.9069,57.9069,1,952.73,327.839,1.87669,200.157,105.524,-560.237,-2.943,-4.63032,-0.0511749,-0.0807264,0.995422,57.9069,57.9069,1,950.285,334.15,1,0
83786484218490,949.757,345.793,1.95885,138.733,102.805,-562.117,3.18225,-4.44748,0.055345,-0.0775452,0.995452,57.9013,57.9013,1,952.73,332.865,1.8698,200.144,105.536,-560.137,-2.75996,-4.4386,-0.0480074,-0.0773908,0.995844,57.9013,57.9013,1,951.244,339.329,1,0
83786486718230,951.193,340.46,1.94305,138.735,102.793,-562.1,3.32541,-4.5172,0.0578266,-0.0787584,0.995215,57.8995,57.8995,1,958.65,332.865,1.85028,200.127,105.527,-560.111,-2.56036,-4.24759,-0.0445492,-0.0740665,0.996258,57.8995,57.8995,1,954.922,336.662,1,0
83786489217960,949.757,340.46,1.93744,138.714,102.809,-562.049,3.05623,-4.53065,0.0531493,-0.0789924,0.995457,57.9081,57.9081,1,952.73,327.839,1.8529,200.115,105.475,-560.334,-3.2374,-4.85099,-0.0562709,-0.0845646,0.994828,57.9081,57.9081,1,951.244,334.15,1,0
83786491717700,947.841,333.182,1.95223,138.694,102.797,-562.046,2.88503,-4.34268,0.0501875,-0.0757215,0.995865,57.9057,57.9057,1,952.73,327.839,1.87212,200.111,105.453,-560.278,-2.98542,-5.37313,-0.051853,-0.0936414,0.994255,57.9057,57.9057,1,950.285,330.511,1,0
83786494213970,948.786,333.182,1.93605,138.689,102.786,-562.113,3.0577,-5.00799,0.0531379,-0.0872947,0.994764,57.9144,57.9144,1,952.73,327.839,1.83428,200.092,105.445,-560.39,-3.28275,-5.38602,-0.0570107,-0.0938654,0.993951,57.9144,57.9144,1,950.758,330.511,1,0
83786496720650,947.841,333.182,1.93204,138.677,102.813,-562,3.11,-4.54104,0.0540827,-0.0791731,0.995393,57.9065,57.9065,1,958.65,327.839,1.82497,200.087,105.43,-560.338,-2.79485,-5.43822,-0.0485405,-0.0947725,0.994315,57.9065,57.9065,1,953.245,330.511,1,0
83786499216920,949.757,333.182,1.92644,138.677,102.806,-562.007,3.21754,-4.60124,0.0559462,-0.0802204,0.995206,57.9178,57.9178,1,952.73,320.343,1.83382,200.072,105.37,-560.553,-3.4639,-6.44661,-0.0600377,-0.112277,0.991862,57.9178,57.9178,1,951.244,326.762,1,0
83786501720130,947.841,333.182,1.90961,138.65,102.806,-562.004,3.04515,-4.47904,0.0529607,-0.0780944,0.995538,57.912,57.912,1,952.73,291.488,1.8442,200.052,105.394,-560.442,-3.07417,-5.58346,-0.0533742,-0.0972956,0.993823,57.912,57.912,1,950.285,312.335,1,0
83786504216400,947.841,325.713,1.91802,138.626,102.787,-562.042,2.88296,-4.74826,0.0501233,-0.0827779,0.995307,57.9071,57.9071,1,952.73,327.839,1.83705,200.013,105.446,-560.307,-3.15799,-4.40086,-0.0549271,-0.076734,0.995537,57.9071,57.9071,1,950.285,326.776,1,0
83786506723080,947.841,325.713,1.88466,138.628,102.802,-561.98,3.32499,-4.52217,0.0578189,-0.0788449,0.995209,57.9151,57.9151,1,952.73,320.343,1.8886,200.03,105.363,-560.522,-3.24838,-6.02111,-0.0563519,-0.104895,0.992886,57.9151,57.9151,1,950.285,323.028,1,0
83786509219350,949.757,325.713,1.88135,138.609,102.764,-562.086,3.35799,-4.73311,0.0583746,-0.0825145,0.994879,57.9097,57.9097,1,952.73,320.343,1.87324,199.99,105.443,-560.311,-2.88667,-4.0527,-0.0502346,-0.070674,0.996234,57.9097,57.9097,1,951.244,323.028,1,0
83786511722560,947.841,333.182,1.86983,138.579,102.788,-562.057,3.04623,-4.27946,0.0529935,-0.0746212,0.995803,57.9209,57.9209,1,952.73,291.488,1.89728,200,105.335,-560.555,-3.02934,-5.604,-0.0525948,-0.0976523,0.99383,57.9209,57.9209,1,950.285,312.335,1,0
83786514222300,947.841,325.713,1.95383,138.546,102.697,-562.275,3.04244,-5.49971,0.0528313,-0.0958408,0.993994,57.9105,57.9105,1,952.73,327.839,1.8579,199.93,105.476,-560.13,-2.98324,-3.90678,-0.051923,-0.0681334,0.996324,57.9105,57.9105,1,950.285,326.776,1,0
83786516718570,947.841,325.713,1.93483,138.526,102.744,-562.182,2.9463,-4.00687,0.0512744,-0.0698761,0.996237,57.9196,57.9196,1,952.73,320.343,1.87242,199.933,105.39,-560.406,-3.16468,-4.60108,-0.0550282,-0.0802177,0.995257,57.9196,57.9196,1,950.285,323.028,1,0
83786519221780,947.841,325.713,1.93905,138.521,102.697,-562.26,3.18377,-4.93528,0.0553327,-0.0860304,0.994755,57.9249,57.9249,1,952.73,320.343,1.80822,199.906,105.371,-560.425,-3.53647,-5.02124,-0.0614472,-0.087525,0.994265,57.9249,57.9249,1,950.285,323.028,1,0
83786521721520,947.732,333.182,1.93589,138.498,102.768,-562.094,2.99408,-3.67117,0.0521255,-0.0640302,0.996586,57.9148,57.9148,1,952.73,313.199,1.85893,199.901,105.364,-560.39,-3.11321,-4.96923,-0.0541049,-0.0866208,0.994771,57.9148,57.9148,1,950.231,323.19,1,0
83786524224730,947.732,325.713,1.93406,138.475,102.739,-562.182,2.84793,-4.2397,0.0495493,-0.0739291,0.996032,57.9209,57.9209,1,952.73,320.343,1.86193,199.876,105.344,-560.421,-3.20363,-5.06243,-0.0556667,-0.0882412,0.994542,57.9209,57.9209,1,950.231,323.028,1,0
83786526721000,947.732,333.182,1.91877,138.455,102.753,-562.159,2.83864,-3.9361,0.0494066,-0.0686439,0.996417,57.9235,57.9235,1,947.812,313.199,1.82863,199.856,105.322,-560.496,-3.36237,-5.08825,-0.0584196,-0.0886901,0.994345,57.9235,57.9235,1,947.772,323.19,1,0
83786529224210,947.732,333.182,1.93087,138.447,102.766,-562.097,3.02813,-4.1263,0.0526893,-0.0719553,0.996015,57.9259,57.9259,1,947.812,313.199,1.82761,199.845,105.282,-560.601,-3.28174,-5.3434,-0.0569971,-0.0931248,0.994022,57.9259,57.9259,1,947.772,323.19,1,0
83786531723940,938.723,333.182,1.91361,138.404,102.734,-562.2,2.85685,-4.37741,0.0496953,-0.0763259,0.995844,57.9243,57.9243,1,947.812,313.199,1.82087,199.808,105.313,-560.465,-3.26053,-4.85034,-0.0566727,-0.0845533,0.994806,57.9243,57.9243,1,943.268,323.19,1,0
83786534227160,938.723,328.134,1.89194,138.39,102.729,-562.229,2.91767,-4.42607,0.0507491,-0.0771727,0.995725,57.9285,57.9285,1,951.123,313.199,1.88041,199.803,105.29,-560.517,-3.04205,-5.26386,-0.052845,-0.0917425,0.99438,57.9285,57.9285,1,944.923,320.666,1,0
83786536723420,938.993,333.182,1.89276,138.366,102.739,-562.248,3.04071,-4.44758,0.0528857,-0.0775469,0.995585,57.9282,57.9282,1,947.812,313.199,1.86203,199.771,105.288,-560.495,-3.19493,-5.21691,-0.0555023,-0.0909264,0.99431,57.9282,57.9282,1,943.402,323.19,1,0
83786539223160,943.15,328.134,1.88358,138.344,102.711,-562.243,3.11847,-4.66726,0.0542203,-0.0813689,0.995208,57.9173,57.9173,1,947.812,313.199,1.82942,199.738,105.333,-560.271,-2.67546,-4.2889,-0.046548,-0.0747856,0.996113,57.9173,57.9173,1,945.481,320.666,1,0
83786541726370,938.723,328.134,1.92984,138.314,102.689,-562.343,3.03559,-5.0653,0.0527495,-0.088291,0.994697,57.9328,57.9328,1,947.812,313.199,1.85437,199.73,105.285,-560.482,-3.31617,-5.4427,-0.0575849,-0.0948502,0.993825,57.9328,57.9328,1,943.268,320.666,1,0
83786544222640,938.993,328.134,1.94643,138.301,102.701,-562.352,3.11536,-4.63138,0.054169,-0.0807449,0.995262,57.9288,57.9288,1,951.123,313.199,1.8222,199.697,105.288,-560.393,-2.87917,-4.87383,-0.0500483,-0.0849618,0.995126,57.9288,57.9288,1,945.058,320.666,1,0
83786546729330,942.767,326.984,1.92909,138.272,102.646,-562.486,3.14604,-5.62584,0.0546167,-0.0980318,0.993683,57.9376,57.9376,1,947.812,313.199,1.80282,199.671,105.273,-560.428,-3.08555,-4.88879,-0.0536311,-0.0852219,0.994918,57.9376,57.9376,1,945.29,320.091,1,0
83786549225600,942.767,324.453,1.93285,138.253,102.713,-562.326,3.01744,-4.48984,0.0524783,-0.0782824,0.995549,57.9357,57.9357,1,947.812,313.199,1.83813,199.652,105.237,-560.555,-3.30375,-5.29481,-0.0573834,-0.0922803,0.994078,57.9357,57.9357,1,945.29,318.826,1,0
83786551728800,938.723,324.453,1.92792,138.228,102.648,-562.55,2.98172,-5.75111,0.0517556,-0.100207,0.99362,57.9473,57.9473,1,947.812,313.199,1.80929,199.632,105.219,-560.556,-3.24411,-5.39152,-0.0563398,-0.093961,0.99398,57.9473,57.9473,1,943.268,318.826,1,0
83786554225070,942.767,327.17,1.92373,138.216,102.712,-562.403,3.18073,-4.43946,0.0553193,-0.0774057,0.995464,57.9409,57.9409,1,947.812,313.199,1.803,199.613,105.194,-560.578,-3.18934,-5.77481,-0.0553534,-0.100619,0.993384,57.9409,57.9409,1,945.29,320.184,1,0
83786556731760,942.767,324.453,1.90347,138.183,102.64,-562.632,3.01597,-5.97181,0.0523288,-0.104039,0.993196,57.9584,57.9584,1,947.812,313.199,1.82517,199.588,105.157,-560.691,-3.36578,-5.90673,-0.0583985,-0.102909,0.992975,57.9584,57.9584,1,945.29,318.826,1,0
83786559228020,938.723,324.453,1.88052,138.162,102.692,-562.452,3.02306,-5.00048,0.0525371,-0.0871641,0.994808,57.9432,57.9432,1,947.812,294.401,1.84044,199.573,105.195,-560.572,-2.99397,-5.32505,-0.0520054,-0.092806,0.994325,57.9432,57.9432,1,943.268,309.427,1,0
83786561724290,938.723,324.453,1.87871,138.135,102.681,-562.486,3.0871,-4.89254,0.0536578,-0.0852872,0.994911,57.9393,57.9393,1,947.812,313.199,1.86498,199.545,105.207,-560.456,-2.84097,-4.85169,-0.0493863,-0.0845768,0.995192,57.9393,57.9393,1,943.268,318.826,1,0
83786564227500,940.327,324.453,1.87332,138.109,102.657,-562.569,3.02592,-5.29508,0.0525625,-0.0922851,0.994344,57.9498,57.9498,1,947.812,313.199,1.83914,199.517,105.175,-560.581,-3.0317,-5.09606,-0.0526793,-0.0888259,0.994653,57.9498,57.9498,1,944.07,318.826,1,0
83786566727240,940.06,301.931,1.90869,138.085,102.645,-562.598,3.08685,-5.23884,0.0536247,-0.0913077,0.994378,57.951,57.951,1,947.812,305.088,1.86312,199.493,105.153,-560.568,-2.96122,-5.16392,-0.0514504,-0.0900054,0.994611,57.951,57.951,1,943.936,303.509,1,0
83786569230450,938.825,301.931,1.92662,138.066,102.661,-562.538,3.06645,-4.94681,0.0532949,-0.0862308,0.994849,57.9553,57.9553,1,947.812,305.088,1.83578,199.46,105.137,-560.72,-3.36274,-5.00641,-0.0584334,-0.0872672,0.99447,57.9553,57.9553,1,943.318,303.509,1,0
83786571730180,938.723,322.272,1.9403,138.027,102.661,-562.555,2.83224,-4.52276,0.049258,-0.0788551,0.995668,57.9501,57.9501,1,947.812,309.663,1.84309,199.449,105.133,-560.592,-2.88063,-5.25501,-0.050044,-0.0915887,0.994539,57.9501,57.9501,1,943.268,315.968,1,0
83786574233400,938.825,319.061,1.93516,138.019,102.68,-562.528,3.02138,-4.58252,0.0525401,-0.0798948,0.995418,57.9503,57.9503,1,947.812,305.088,1.84229,199.413,105.148,-560.63,-3.43826,-5.17594,-0.0597285,-0.0902143,0.99413,57.9503,57.9503,1,943.318,312.074,1,0
83786576729660,938.723,301.931,1.93033,138.005,102.667,-562.602,3.02457,-5.04983,0.0525593,-0.0880221,0.994731,57.9487,57.9487,1,947.812,305.088,1.83446,199.39,105.133,-560.516,-2.81914,-4.94029,-0.0490008,-0.0861175,0.995079,57.9487,57.9487,1,943.268,303.509,1,0
83786579225930,938.825,301.931,1.9256,137.984,102.628,-562.715,3.08202,-5.3021,0.0535353,-0.092407,0.994281,57.9664,57.9664,1,947.812,305.088,1.84035,199.388,105.095,-560.758,-3.22559,-5.27102,-0.0560295,-0.0918669,0.994194,57.9664,57.9664,1,943.318,303.509,1,0
83786581732620,938.723,301.931,1.91592,137.966,102.656,-562.654,2.97151,-4.9243,0.051648,-0.0858395,0.994969,57.9584,57.9584,1,947.812,305.088,1.84203,199.344,105.109,-560.659,-3.30471,-5.18818,-0.05741,-0.0904271,0.994247,57.9584,57.9584,1,943.268,303.509,1,0
83786584228890,938.723,301.931,1.89992,137.932,102.613,-562.771,2.69557,-5.55363,0.0468085,-0.0967774,0.994205,57.969,57.969,1,947.812,305.088,1.87259,199.337,105.08,-560.75,-3.32682,-5.50536,-0.0577636,-0.0959389,0.99371,57.969,57.969,1,943.268,303.509,1,0
83786586732090,938.723,301.931,1.902,137.932,102.633,-562.741,3.20712,-4.61778,0.0557639,-0.0805082,0.995193,57.9711,57.9711,1,947.812,305.088,1.8525,199.323,105.057,-560.823,-3.4114,-6.07928,-0.0591704,-0.105904,0.992614,57.9711,57.9711,1,943.268,303.509,1,0
83786589231830,938.723,301.931,1.89334,137.904,102.623,-562.73,3.07243,-4.61532,0.0534245,-0.0804654,0.995325,57.9756,57.9756,1,938.623,299.498,1.85778,199.303,105.038,-560.921,-3.4675,-5.55924,-0.0601979,-0.0968748,0.993474,57.9756,57.9756,1,938.673,300.714,1,0
83786591735050,938.723,301.931,1.87188,137.881,102.639,-562.633,3.00377,-4.63894,0.0522301,-0.0808763,0.995355,57.9608,57.9608,1,935.508,305.088,1.86179,199.274,105.072,-560.717,-3.27241,-5.01093,-0.0568651,-0.0873458,0.994554,57.9608,57.9608,1,937.116,303.509,1,0
83786594231310,938.723,301.931,1.93285,137.874,102.65,-562.635,3.23868,-3.99683,0.0563581,-0.0697013,0.995975,57.9681,57.9681,1,935.508,305.088,1.84231,199.257,105.031,-560.863,-3.51005,-5.52895,-0.0609388,-0.0963486,0.99348,57.9681,57.9681,1,937.116,303.509,1,0
83786596734530,938.723,315.64,1.92791,137.851,102.623,-562.678,3.27334,-4.04819,0.0569571,-0.0705955,0.995878,57.964,57.964,1,935.508,305.088,1.81029,199.227,105.077,-560.737,-3.37442,-4.86761,-0.0586485,-0.0848536,0.994666,57.964,57.964,1,937.116,310.364,1,0
83786599234260,938.723,315.64,1.94035,137.827,102.63,-562.746,3.09523,-4.23396,0.0538483,-0.0738293,0.995816,57.9732,57.9732,1,938.623,299.498,1.84462,199.227,105.017,-560.851,-3.18649,-5.51965,-0.0553284,-0.0961871,0.993824,57.9732,57.9732,1,938.673,307.569,1,0
83786601730530,938.723,315.64,1.94135,137.822,102.609,-562.699,3.31493,-4.55477,0.0576415,-0.079412,0.995174,57.9672,57.9672,1,935.508,305.088,1.83327,199.2,105.051,-560.774,-2.97727,-4.63494,-0.0517698,-0.0808067,0.995384,57.9672,57.9672,1,937.116,310.364,1,0
83786604233740,938.723,320.024,1.95682,137.789,102.614,-562.773,2.99961,-4.22253,0.0521871,-0.0736304,0.995919,57.9726,57.9726,1,938.623,305.088,1.82751,199.192,105.033,-560.812,-3.07826,-4.93541,-0.0535009,-0.0860326,0.994855,57.9726,57.9726,1,938.673,312.556,1,0
83786606733480,938.723,315.64,1.94806,137.781,102.564,-562.875,3.20379,-5.49142,0.055631,-0.0956968,0.993855,57.9759,57.9759,1,938.623,305.088,1.81515,199.167,105.039,-560.769,-2.9206,-4.60318,-0.0507876,-0.0802542,0.99548,57.9759,57.9759,1,938.673,310.364,1,0
83786609236690,938.723,315.64,1.9198,137.769,102.621,-562.757,3.12389,-4.17183,0.0543507,-0.0727478,0.995868,57.9743,57.9743,1,939.877,305.088,1.82313,199.159,105.014,-560.86,-3.05558,-4.7864,-0.0531188,-0.0834414,0.995096,57.9743,57.9743,1,939.3,310.364,1,0
83786611732950,938.723,315.64,1.92204,137.76,102.543,-562.887,3.13728,-5.44581,0.0544814,-0.0949043,0.993994,57.9775,57.9775,1,945.667,313.006,1.87175,199.146,105.012,-560.778,-2.76592,-4.61663,-0.0480991,-0.0804882,0.995594,57.9775,57.9775,1,942.195,314.323,1,0
83786614236170,938.723,320.024,1.92379,137.731,102.581,-562.877,2.89018,-4.39362,0.0502735,-0.0766079,0.995793,57.9768,57.9768,1,940.414,313.006,1.88293,199.114,105.018,-560.785,-3.16756,-4.31486,-0.0550995,-0.0752374,0.995642,57.9768,57.9768,1,939.569,316.515,1,0
83786616735910,938.723,315.64,1.9131,137.72,102.505,-563.049,3.02482,-5.97581,0.0524818,-0.104109,0.99318,57.9896,57.9896,1,940.414,321.111,1.86314,199.116,104.977,-560.853,-2.92813,-4.66966,-0.0509136,-0.0814108,0.995379,57.9896,57.9896,1,939.569,318.375,1,0
83786619239120,938.723,315.64,1.91363,137.711,102.542,-562.945,3.05836,-4.68864,0.0531746,-0.0817409,0.995234,57.9869,57.9869,1,939.877,306.129,1.84664,199.104,104.954,-560.903,-3.19029,-5.05041,-0.0554363,-0.0880321,0.994574,57.9869,57.9869,1,939.3,310.884,1,0
83786621738860,938.723,315.64,1.91556,137.71,102.48,-563.066,3.21069,-5.24806,0.055773,-0.0914678,0.994245,57.9978,57.9978,1,940.414,313.006,1.83898,199.093,104.928,-560.992,-3.19564,-5.10912,-0.055524,-0.0890529,0.994478,57.9978,57.9978,1,939.569,314.323,1,0
83786624235130,938.723,320.024,1.92006,137.698,102.566,-562.841,3.04533,-3.7876,0.05301,-0.0660579,0.996407,57.9854,57.9854,1,939.877,306.129,1.82704,199.093,104.929,-560.974,-3.42376,-5.44802,-0.0594506,-0.0949427,0.993706,57.9854,57.9854,1,939.3,313.077,1,0
83786626738340,938.723,315.64,1.90722,137.706,102.537,-562.919,3.17457,-3.74501,0.0552601,-0.0653162,0.996333,57.9875,57.9875,1,940.414,306.129,1.8398,199.095,104.929,-560.934,-3.00395,-5.11199,-0.0521963,-0.0891027,0.994654,57.9875,57.9875,1,939.569,310.884,1,0
83786629234610,938.723,315.64,1.91078,137.713,102.477,-563.006,3.40422,-4.78354,0.0591731,-0.0833915,0.994758,58.0043,58.0043,1,939.877,306.129,1.82329,199.109,104.852,-561.168,-3.50006,-6.4375,-0.0606647,-0.112119,0.991841,58.0043,58.0043,1,939.3,310.884,1,0
83786631741290,938.723,315.64,1.89452,137.725,102.502,-562.968,3.55525,-4.12572,0.0618503,-0.0719451,0.995489,58.0018,58.0018,1,940.414,302.705,1.84493,199.131,104.848,-561.159,-2.83898,-6.15203,-0.049244,-0.107167,0.993021,58.0018,58.0018,1,939.569,309.172,1,0
83786634237550,938.723,320.024,1.91581,137.73,102.494,-562.989,3.57761,-4.4161,0.0622153,-0.0769992,0.995088,58.0038,58.0038,1,940.414,302.629,1.84036,199.133,104.827,-561.173,-3.05726,-6.7713,-0.0529619,-0.117907,0.991611,58.0038,58.0038,1,939.569,311.326,1,0
83786636740770,942.9,320.024,1.92856,137.745,102.494,-562.997,4.00386,-3.96285,0.0696567,-0.0691096,0.995174,57.9984,57.9984,1,940.414,302.629,1.84422,199.145,104.866,-561.06,-2.27945,-5.52739,-0.0395884,-0.0963216,0.994563,57.9984,57.9984,1,941.657,311.326,1,0
83786639237030,955.606,320.024,1.90817,137.745,102.469,-563.05,4.08743,-4.25332,0.0710822,-0.0741662,0.994709,58.0055,58.0055,1,940.411,279.325,1.85862,199.144,104.817,-561.138,-2.15638,-5.54781,-0.0374507,-0.0966763,0.994611,58.0055,58.0055,1,948.009,299.674,1,0
83786641743710,963.998,320.105,1.90295,137.73,102.436,-563.143,4.03701,-4.52928,0.0701809,-0.0789685,0.994404,58.0125,58.0125,1,946.237,302.212,1.84973,199.128,104.814,-561.185,-2.21866,-5.10925,-0.0385594,-0.0890551,0.99528,58.0125,58.0125,1,955.118,311.159,1,0
83786644239980,965.256,320.105,1.90602,137.724,102.443,-563.09,3.92077,-4.12281,0.0681999,-0.0718945,0.995078,58.0114,58.0114,1,946.237,302.212,1.84063,199.118,104.795,-561.21,-2.2997,-5.55505,-0.0399382,-0.0968021,0.994502,58.0114,58.0114,1,955.747,311.159,1,0
83786646739730,984.195,320.105,1.88253,137.714,102.443,-563.026,3.92457,-3.86084,0.0682877,-0.0673334,0.995391,58.0095,58.0095,1,965.933,281.649,1.84442,199.086,104.77,-561.226,-2.69534,-5.47478,-0.0468107,-0.0954077,0.994337,58.0095,58.0095,1,975.064,300.877,1,0
83786649242930,980.418,320.105,1.86552,137.697,102.421,-563.185,3.85435,-3.8999,0.0670647,-0.0680136,0.995428,58.0204,58.0204,1,965.933,279.361,1.81228,199.085,104.731,-561.284,-2.54745,-5.90447,-0.044211,-0.10287,0.993712,58.0204,58.0204,1,973.176,299.733,1,0
83786651739200,972.688,320.105,1.90722,137.681,102.38,-563.22,3.71576,-4.26387,0.0646273,-0.0743499,0.995136,58.0233,58.0233,1,958.462,281.649,1.82425,199.06,104.727,-561.298,-2.8282,-5.73891,-0.0490941,-0.0999954,0.993776,58.0233,58.0233,1,965.575,300.877,1,0
83786654242410,968.251,334.517,1.87051,137.666,102.379,-563.27,3.63651,-4.15447,0.0632598,-0.0724456,0.995364,58.0256,58.0256,1,965.933,282.529,1.80666,199.057,104.719,-561.294,-2.5005,-5.45378,-0.0434306,-0.0950428,0.994525,58.0256,58.0256,1,967.092,308.523,1,0
83786656742150,976.387,320.105,1.94372,137.653,102.338,-563.339,3.78497,-4.59968,0.0657995,-0.0801934,0.994605,58.0396,58.0396,1,965.933,281.649,1.81318,199.057,104.674,-561.501,-2.95949,-5.99855,-0.0513472,-0.104503,0.993198,58.0396,58.0396,1,971.16,300.877,1,0
83786659245360,972.688,320.105,1.93827,137.642,102.333,-563.389,3.67291,-4.30839,0.0638794,-0.0751248,0.995126,58.0359,58.0359,1,965.933,281.649,1.79809,199.039,104.683,-561.374,-2.47239,-5.20999,-0.0429598,-0.0908063,0.994942,58.0359,58.0359,1,969.311,300.877,1,0
83786661741630,970.158,320.139,1.93047,137.623,102.308,-563.405,3.6293,-4.51577,0.0631043,-0.0787335,0.994896,58.0426,58.0426,1,958.462,281.649,1.83834,199.029,104.655,-561.484,-2.87668,-5.61981,-0.0499453,-0.097927,0.99394,58.0426,58.0426,1,964.31,300.894,1,0
83786664244840,968.251,334.517,1.94676,137.614,102.319,-563.414,3.61177,-4.04499,0.0628385,-0.0705397,0.995528,58.0383,58.0383,1,965.933,282.529,1.80835,199.022,104.655,-561.388,-2.21636,-4.98277,-0.038527,-0.0868561,0.995476,58.0383,58.0383,1,967.092,308.523,1,0
83786666744580,972.897,320.105,1.95048,137.612,102.274,-563.554,3.72469,-4.8017,0.0647343,-0.0837074,0.994385,58.0597,58.0597,1,965.933,281.649,1.80903,199.016,104.59,-561.673,-2.90271,-6.14802,-0.0503489,-0.107097,0.992973,58.0597,58.0597,1,969.415,300.877,1,0
83786669240850,972.688,320.105,1.94036,137.614,102.264,-563.529,3.78052,-4.62066,0.0657204,-0.0805583,0.994581,58.0528,58.0528,1,965.933,281.649,1.83163,199.002,104.606,-561.553,-2.62015,-5.59359,-0.0454967,-0.0974715,0.994198,58.0528,58.0528,1,969.311,300.877,1,0
83786671744060,972.897,320.105,1.97527,137.598,102.257,-563.536,3.75087,-4.78713,0.0651901,-0.083454,0.994377,58.0448,58.0448,1,965.933,281.649,1.8659,198.973,104.682,-561.395,-2.59917,-4.26394,-0.045223,-0.0743511,0.996206,58.0448,58.0448,1,969.415,300.877,1,0
83786674243790,972.897,329.341,1.93639,137.603,102.258,-563.533,3.83214,-4.343,0.0666417,-0.0757271,0.994899,58.0539,58.0539,1,965.933,281.649,1.83382,198.977,104.575,-561.562,-2.62163,-5.85246,-0.0455017,-0.101967,0.993747,58.0539,58.0539,1,969.415,305.495,1,0
83786676747010,972.897,320.105,1.95144,137.587,102.249,-563.55,3.73281,-4.45455,0.0649071,-0.0776682,0.994864,58.0519,58.0519,1,965.933,281.649,1.85759,198.964,104.627,-561.515,-2.79367,-5.00559,-0.0485535,-0.0872528,0.995002,58.0519,58.0519,1,969.415,300.877,1,0
83786679243270,972.688,320.105,1.92554,137.579,102.198,-563.669,3.6889,-5.28122,0.0640659,-0.0920442,0.993692,58.0638,58.0638,1,965.933,281.649,1.82743,198.951,104.542,-561.612,-2.96621,-6.3261,-0.0514318,-0.110187,0.992579,58.0638,58.0638,1,969.311,300.877,1,0
83786681749950,972.897,320.105,1.94405,137.565,102.194,-563.655,3.51757,-5.38496,0.0610839,-0.0938469,0.993711,58.0655,58.0655,1,965.933,281.649,1.84698,198.944,104.577,-561.67,-2.98358,-5.41288,-0.0518177,-0.0943322,0.994191,58.0655,58.0655,1,969.415,300.877,1,0
83786684246220,972.688,320.105,1.91666,137.558,102.176,-563.721,3.69399,-6.03736,0.0640703,-0.105177,0.992387,58.0693,58.0693,1,965.933,281.649,1.82166,198.94,104.529,-561.667,-2.88041,-5.98827,-0.0499773,-0.104325,0.993287,58.0693,58.0693,1,969.311,300.877,1,0
83786686742490,972.688,320.105,1.92845,137.546,102.165,-563.692,3.6523,-5.72419,0.0633838,-0.0997399,0.992993,58.0667,58.0667,1,960.692,281.649,1.8397,198.921,104.561,-561.647,-2.77247,-4.76694,-0.0482026,-0.0831029,0.995375,58.0667,58.0667,1,966.69,300.877,1,0
83786689245700,972.688,280.077,1.91533,137.547,102.193,-563.591,3.73198,-5.22508,0.0648188,-0.0910684,0.993733,58.0628,58.0628,1,960.692,281.649,1.83048,198.907,104.534,-561.665,-2.77587,-5.05849,-0.0482405,-0.0881726,0.994936,58.0628,58.0628,1,966.69,280.863,1,0
83786691745440,972.897,314.686,1.9115,137.534,102.187,-563.545,3.73404,-4.60009,0.0649154,-0.0802005,0.994663,58.0642,58.0642,1,965.933,281.649,1.83292,198.908,104.516,-561.734,-2.39475,-4.67248,-0.0416453,-0.0814597,0.995806,58.0642,58.0642,1,969.415,298.168,1,0
83786694248660,972.688,314.686,1.91768,137.518,102.156,-563.627,3.81697,-4.75747,0.0663401,-0.0829382,0.994344,58.0686,58.0686,1,965.933,281.649,1.8366,198.885,104.506,-561.736,-2.6212,-4.60917,-0.0455847,-0.0803585,0.995723,58.0686,58.0686,1,969.311,298.168,1,0
83786696744920,972.897,320.105,1.90744,137.5,102.16,-563.622,3.78365,-4.1534,0.0658158,-0.072427,0.9952,58.0661,58.0661,1,965.933,303.088,1.81892,198.872,104.518,-561.692,-2.47243,-4.10742,-0.0430279,-0.0716266,0.996503,58.0661,58.0661,1,969.415,311.596,1,0
83786699251600,972.95,295.503,1.90204,137.49,102.112,-563.776,3.88549,-4.93606,0.0675114,-0.0860439,0.994001,58.0832,58.0832,1,965.933,288.192,1.8263,198.868,104.436,-561.866,-2.62594,-5.31638,-0.0456181,-0.0926552,0.994653,58.0832,58.0832,1,969.441,291.847,1,0
83786701747870,972.993,314.686,1.86675,137.474,102.109,-563.749,3.77703,-5.02877,0.0656204,-0.087656,0.993987,58.0839,58.0839,1,968.41,288.192,1.81763,198.862,104.421,-561.904,-2.28466,-4.88705,-0.0397194,-0.0851917,0.995573,58.0839,58.0839,1,970.702,301.439,1,0
83786704251080,973.424,295.503,1.87043,137.456,102.082,-563.815,3.74816,-5.18379,0.0651036,-0.0903509,0.99378,58.0895,58.0895,1,968.41,303.088,1.80964,198.854,104.408,-561.946,-2.31068,-4.81503,-0.0401758,-0.0839393,0.995661,58.0895,58.0895,1,970.917,299.295,1,0
83786706750820,973.424,309.222,1.85507,137.449,102.059,-563.857,4.04286,-4.68107,0.0702674,-0.0816093,0.994184,58.0876,58.0876,1,968.41,303.088,1.85011,198.834,104.414,-561.858,-2.20916,-5.12558,-0.0383935,-0.0893389,0.995261,58.0876,58.0876,1,970.917,306.155,1,0
83786709247080,972.95,309.222,1.93511,137.408,102.069,-563.903,3.59172,-4.65718,0.0624394,-0.0811936,0.994741,58.0881,58.0881,1,968.41,298.67,1.88447,198.817,104.424,-561.827,-2.01085,-4.43221,-0.0349839,-0.0772795,0.996396,58.0881,58.0881,1,970.68,303.946,1,0
83786711750300,973.424,309.222,1.93211,137.402,102.02,-564.029,3.82351,-5.18734,0.0664103,-0.0904126,0.993688,58.1022,58.1022,1,981.975,288.192,1.85969,198.808,104.363,-561.974,-2.37231,-5.59688,-0.0411954,-0.0975286,0.99438,58.1022,58.1022,1,977.699,298.707,1,0
83786714246560,973.424,295.503,1.92543,137.39,102.028,-564.014,3.79346,-5.18274,0.0658896,-0.0903325,0.99373,58.0996,58.0996,1,980.161,302.845,1.82791,198.773,104.371,-561.937,-2.40274,-5.04467,-0.041761,-0.0879325,0.995251,58.0996,58.0996,1,976.793,299.174,1,0
83786716753250,973.424,309.222,1.92093,137.379,102.034,-563.939,3.64746,-5.36905,0.0633381,-0.0935705,0.993596,58.1007,58.1007,1,978.828,303.088,1.84606,198.757,104.346,-562.031,-2.42472,-5.00932,-0.0421451,-0.0873177,0.995289,58.1007,58.1007,1,976.126,306.155,1,0
83786719249510,972.95,295.503,1.93073,137.351,102.019,-564.01,3.66528,-5.13801,0.0636708,-0.0895551,0.993945,58.1055,58.1055,1,980.161,302.845,1.81266,198.749,104.329,-562.053,-2.14643,-4.8875,-0.0373174,-0.0851996,0.995665,58.1055,58.1055,1,976.555,299.174,1,0
83786721752720,973.424,293.621,1.92273,137.345,102.021,-564.035,3.84013,-4.95882,0.066722,-0.0864398,0.99402,58.1071,58.1071,1,980.161,299.804,1.82534,198.717,104.318,-562.059,-2.45155,-5.09326,-0.0426057,-0.0887771,0.99514,58.1071,58.1071,1,976.793,296.713,1,0
83786724252470,973.424,293.621,1.93354,137.326,101.959,-564.211,3.91612,-6.10328,0.0679089,-0.106321,0.99201,58.1263,58.1263,1,980.161,302.845,1.83678,198.718,104.263,-562.261,-2.30514,-5.37952,-0.0400442,-0.0937525,0.99479,58.1263,58.1263,1,976.793,298.233,1,0
83786726755680,973.424,309.222,1.90055,137.305,101.992,-564.181,3.79078,-4.65156,0.0658956,-0.0810958,0.994526,58.1283,58.1283,1,978.828,299.804,1.843,198.688,104.219,-562.331,-2.55889,-5.91237,-0.0444087,-0.103007,0.993689,58.1283,58.1283,1,976.126,304.513,1,0
83786729251950,972.95,293.621,1.90254,137.269,101.939,-564.321,3.70586,-5.17616,0.0643708,-0.0902181,0.99384,58.1322,58.1322,1,980.161,299.804,1.81992,198.655,104.234,-562.263,-2.55059,-5.49999,-0.0442967,-0.0958455,0.99441,58.1322,58.1322,1,976.555,296.713,1,0
83786731751680,973.424,293.621,1.87939,137.253,101.947,-564.355,3.65905,-5.10803,0.0635655,-0.0890339,0.993998,58.1328,58.1328,1,980.161,299.804,1.87095,198.644,104.243,-562.245,-2.32887,-5.12669,-0.0404727,-0.0893583,0.995177,58.1328,58.1328,1,976.793,296.713,1,0
83786734254900,973.424,293.621,1.86733,137.237,101.939,-564.306,3.83862,-4.71186,0.0667202,-0.0821448,0.994385,58.1336,58.1336,1,980.161,302.845,1.85212,198.61,104.225,-562.304,-2.2836,-4.47507,-0.0397243,-0.0780254,0.99616,58.1336,58.1336,1,976.793,298.233,1,0
83786736751160,973.424,293.621,1.86943,137.208,101.897,-564.446,3.84218,-5.07276,0.0667461,-0.0884207,0.993844,58.1417,58.1417,1,980.161,299.804,1.85351,198.61,104.214,-562.324,-2.01412,-4.72621,-0.0350264,-0.0823944,0.995984,58.1417,58.1417,1,976.793,296.713,1,0
83786739254380,973.424,293.621,1.92913,137.189,101.899,-564.423,3.96462,-5.4573,0.0688271,-0.0951039,0.993085,58.1524,58.1524,1,980.161,299.804,1.81852,198.589,104.131,-562.552,-2.16212,-5.36041,-0.0375621,-0.0934203,0.994918,58.1524,58.1524,1,976.793,296.713,1,0
83786741754110,973.424,293.621,1.94793,137.152,101.946,-564.34,3.5953,-4.6462,0.0625026,-0.0810027,0.994752,58.1455,58.1455,1,981.828,299.804,1.82728,198.554,104.147,-562.504,-2.34678,-5.22975,-0.0407772,-0.0911497,0.995002,58.1455,58.1455,1,977.626,296.713,1,0
83786744257320,973.424,293.621,1.9138,137.135,101.898,-564.411,3.69243,-5.19552,0.0641359,-0.0905547,0.993824,58.1517,58.1517,1,981.828,299.804,1.83842,198.536,104.115,-562.544,-2.21856,-5.69531,-0.0385204,-0.0992383,0.994318,58.1517,58.1517,1,977.626,296.713,1,0
83786746753590,973.424,293.621,1.90969,137.108,101.925,-564.418,3.63724,-5.03055,0.0631948,-0.0876868,0.994142,58.1562,58.1562,1,981.828,299.804,1.80758,198.512,104.102,-562.638,-2.2665,-5.55757,-0.0393617,-0.0968458,0.994521,58.1562,58.1562,1,977.626,296.713,1,0
83786749256800,973.424,293.621,1.904,137.093,101.878,-564.518,3.85688,-5.40444,0.0669654,-0.0941855,0.9933,58.1633,58.1633,1,980.161,291.575,1.84067,198.471,104.099,-562.674,-2.46323,-5.21525,-0.0428003,-0.0908976,0.99494,58.1633,58.1633,1,976.793,292.598,1,0
83786751756540,973.424,293.621,1.90085,137.052,101.895,-564.547,3.70573,-4.88218,0.0643975,-0.0851071,0.994289,58.1607,58.1607,1,981.828,291.575,1.885,198.44,104.093,-562.592,-2.48688,-5.50649,-0.0431904,-0.0959585,0.994448,58.1607,58.1607,1,977.626,292.598,1,0
83786754252800,973.424,293.621,1.87693,137.028,101.837,-564.691,3.84837,-5.74378,0.0667792,-0.10008,0.992736,58.1761,58.1761,1,980.161,299.804,1.85867,198.402,104.078,-562.757,-2.73203,-5.03914,-0.0474805,-0.0878363,0.995003,58.1761,58.1761,1,976.793,296.713,1,0
83786756759490,973.424,293.621,1.85489,137.006,101.879,-564.566,3.88835,-4.20935,0.0676295,-0.073401,0.995007,58.1725,58.1725,1,980.161,291.575,1.84169,198.389,104.009,-562.798,-2.36271,-5.99529,-0.0409998,-0.104447,0.993685,58.1725,58.1725,1,976.793,292.598,1,0
83786759255760,973.424,293.621,1.87247,136.988,101.816,-564.734,4.1054,-5.1964,0.0712972,-0.09057,0.993335,58.1818,58.1818,1,979.938,291.575,1.808,198.347,104.049,-562.822,-2.57397,-4.89198,-0.0447456,-0.0852775,0.995352,58.1818,58.1818,1,976.681,292.598,1,0
83786761758970,973.424,293.621,1.93697,136.939,101.746,-564.929,3.78157,-6.13454,0.0655753,-0.106863,0.992109,58.1998,58.1998,1,979.938,291.575,1.81879,198.322,103.98,-562.972,-2.67726,-5.77575,-0.0464728,-0.100635,0.993837,58.1998,58.1998,1,976.681,292.598,1,0
83786764255240,973.424,293.621,1.9551,136.905,101.78,-564.912,3.75282,-4.86104,0.0652168,-0.0847393,0.994267,58.1908,58.1908,1,979.938,299.804,1.83312,198.273,104.06,-562.828,-2.43465,-4.07028,-0.0423727,-0.07098,0.996577,58.1908,58.1908,1,976.681,296.713,1,0
83786766761920,973.424,293.621,1.93497,136.892,101.764,-564.874,3.96925,-5.18714,0.0689376,-0.090409,0.993516,58.1975,58.1975,1,980.161,291.575,1.81789,198.265,103.97,-562.98,-2.30277,-5.33499,-0.040006,-0.0929787,0.994864,58.1975,58.1975,1,976.793,292.598,1,0
83786769258190,973.424,293.621,1.89833,136.85,101.766,-564.835,3.78936,-5.06975,0.06583,-0.0883683,0.99391,58.1976,58.1976,1,979.938,291.575,1.84198,198.226,103.984,-563.025,-2.65073,-5.24142,-0.046054,-0.0913525,0.994753,58.1976,58.1976,1,976.681,292.598,1,0
83786771761400,973.424,293.621,1.87118,136.829,101.766,-564.867,3.98325,-4.5135,0.0692494,-0.078694,0.994491,58.2075,58.2075,1,979.938,291.575,1.85268,198.211,103.917,-563.186,-2.47058,-5.94996,-0.0428742,-0.10366,0.993688,58.2075,58.2075,1,976.681,292.598,1,0
83786774257670,973.424,293.621,1.86397,136.788,101.757,-564.882,3.82232,-4.78902,0.06643,-0.0834868,0.994292,58.2031,58.2031,1,979.938,298.894,1.82617,198.157,103.96,-563.088,-2.56948,-5.065,-0.0446558,-0.0882858,0.995094,58.2031,58.2031,1,976.681,296.257,1,0
83786776757400,973.424,293.621,1.847,136.758,101.714,-565.018,3.96798,-5.02989,0.0689326,-0.0876754,0.993761,58.2163,58.2163,1,979.938,291.575,1.81409,198.136,103.891,-563.201,-2.45444,-5.76193,-0.0426085,-0.100395,0.994035,58.2163,58.2163,1,976.681,292.598,1,0
83786779260620,973.424,293.621,1.91534,136.721,101.677,-565.143,3.84258,-5.09814,0.0667503,-0.0888619,0.993805,58.2215,58.2215,1,979.938,291.575,1.81561,198.105,103.912,-563.183,-2.2983,-4.84507,-0.0399589,-0.0844617,0.995625,58.2215,58.2215,1,976.681,292.598,1,0
83786781760350,974.197,293.621,1.90957,136.696,101.672,-565.125,3.87441,-4.4839,0.0673629,-0.078179,0.994661,58.2181,58.2181,1,979.938,298.894,1.7965,198.061,103.944,-563.135,-2.30083,-4.48971,-0.0400231,-0.07828,0.996128,58.2181,58.2181,1,977.067,296.257,1,0
83786784263560,973.424,293.621,1.91701,136.654,101.608,-565.288,3.69094,-4.95527,0.0641339,-0.086378,0.994196,58.2349,58.2349,1,979.938,298.894,1.85791,198.045,103.837,-563.285,-2.26846,-5.60414,-0.0393925,-0.0976548,0.99444,58.2349,58.2349,1,976.681,296.257,1,0
83786786759830,973.424,293.621,1.88783,136.618,101.575,-565.415,3.72441,-5.27032,0.0646828,-0.0918548,0.993669,58.2413,58.2413,1,979.938,291.575,1.83534,197.995,103.873,-563.293,-2.54559,-5.18651,-0.0442324,-0.0903981,0.994923,58.2413,58.2413,1,976.681,292.598,1,0
83786789263040,973.424,293.621,1.88442,136.604,101.571,-565.314,3.9768,-4.94514,0.0690944,-0.0862018,0.993879,58.2417,58.2417,1,979.938,291.575,1.82198,197.973,103.846,-563.396,-2.56121,-5.25643,-0.0444987,-0.0916134,0.9948,58.2417,58.2417,1,976.681,292.598,1,0
83786791762790,974.197,293.621,1.91193,136.564,101.54,-565.434,4.01259,-5.23354,0.0696839,-0.0912155,0.99339,58.2491,58.2491,1,979.938,291.575,1.83048,197.939,103.823,-563.419,-2.524,-5.76794,-0.0438148,-0.1005,0.993972,58.2491,58.2491,1,977.067,292.598,1,0
83786794259050,973.424,291.18,1.86805,136.53,101.514,-565.382,3.95447,-5.11759,0.0686888,-0.0892001,0.993642,58.2479,58.2479,1,979.938,298.894,1.82566,197.905,103.824,-563.438,-2.30945,-4.72182,-0.0401598,-0.0823181,0.995797,58.2479,58.2479,1,976.681,295.037,1,0
83786796762260,974.197,291.18,1.93566,136.489,101.474,-565.56,3.945,-5.49757,0.0684823,-0.0958036,0.993042,58.2559,58.2559,1,979.938,291.575,1.80989,197.861,103.79,-563.41,-2.29876,-4.87704,-0.0399649,-0.0850177,0.995578,58.2559,58.2559,1,977.067,291.377,1,0
83786799262000,973.424,291.18,1.92287,136.452,101.443,-565.62,3.77696,-5.50002,0.0655695,-0.0958461,0.993234,58.2561,58.2561,1,979.938,298.894,1.83768,197.846,103.797,-563.348,-1.95444,-4.33114,-0.0340074,-0.0755206,0.996564,58.2561,58.2561,1,976.681,295.037,1,0
83786801765210,973.424,293.621,1.94773,136.43,101.45,-565.564,3.78463,-4.76975,0.0657777,-0.0831517,0.994364,58.2631,58.2631,1,979.938,291.575,1.82405,197.814,103.738,-563.54,-2.31551,-5.20807,-0.0402355,-0.0907729,0.995058,58.2631,58.2631,1,976.681,292.598,1,0
83786804261480,973.424,291.18,1.90788,136.404,101.418,-565.558,3.73632,-4.63911,0.0649514,-0.0808792,0.994605,58.2631,58.2631,1,979.938,291.575,1.80966,197.777,103.721,-563.532,-2.2217,-5.49743,-0.0385879,-0.0958011,0.994652,58.2631,58.2631,1,976.681,291.377,1,0
83786806764690,973.424,291.18,1.90247,136.37,101.366,-565.696,3.82486,-4.93023,0.0664601,-0.0859426,0.994081,58.2743,58.2743,1,979.938,291.575,1.81227,197.738,103.682,-563.609,-2.24021,-5.31033,-0.0389214,-0.09255,0.994947,58.2743,58.2743,1,976.681,291.377,1,0
83786809264430,973.424,291.18,1.89569,136.356,101.363,-565.641,3.98844,-4.17198,0.0693709,-0.0727505,0.994935,58.2796,58.2796,1,979.938,291.575,1.77627,197.708,103.635,-563.763,-2.70705,-5.98745,-0.0469718,-0.104311,0.993435,58.2796,58.2796,1,976.681,291.377,1,0
83786811767640,973.424,293.621,1.85145,136.322,101.305,-565.718,3.94971,-4.44339,0.0686738,-0.0774741,0.994626,58.2818,58.2818,1,979.938,289.508,1.81272,197.693,103.623,-563.713,-2.1952,-5.40449,-0.0381338,-0.0941864,0.994824,58.2818,58.2818,1,976.681,291.565,1,0
83786814263910,973.424,293.621,1.84985,136.3,101.247,-565.796,4.04958,-4.7734,0.0703747,-0.0832152,0.994044,58.289,58.289,1,979.938,290.144,1.80442,197.639,103.588,-563.764,-2.56374,-5.17899,-0.0445482,-0.0902674,0.994921,58.289,58.289,1,976.681,291.883,1,0
83786816763640,973.424,291.18,1.88382,136.26,101.196,-565.867,4.00473,-5.34898,0.0695347,-0.0932218,0.993214,58.2895,58.2895,1,979.938,291.575,1.84597,197.612,103.582,-563.688,-2.20626,-4.57108,-0.0383746,-0.0796959,0.99608,58.2895,58.2895,1,976.681,291.377,1,0
83786819266850,978.981,291.18,1.89706,136.237,101.162,-565.91,4.06794,-5.31213,0.0706346,-0.0925813,0.993197,58.3047,58.3047,1,979.938,290.144,1.84452,197.591,103.501,-563.938,-2.58268,-5.29422,-0.0448688,-0.0922702,0.994723,58.3047,58.3047,1,979.46,290.662,1,0
83786821763120,976.324,293.621,1.91247,136.2,101.132,-565.86,3.91309,-4.72824,0.0680109,-0.0824298,0.994274,58.3005,58.3005,1,979.938,290.144,1.84701,197.563,103.48,-563.884,-2.3188,-5.15804,-0.0402958,-0.0899032,0.995135,58.3005,58.3005,1,978.131,291.883,1,0
83786824266330,973.424,291.18,1.89784,136.168,101.112,-565.917,3.8204,-5.00224,0.0663754,-0.0871947,0.993978,58.2975,58.2975,1,979.938,290.675,1.81907,197.525,103.503,-563.764,-2.15494,-4.29802,-0.0374962,-0.0749443,0.996482,58.2975,58.2975,1,976.681,290.928,1,0
83786826766080,973.424,291.18,1.87614,136.144,101.095,-565.892,3.8369,-4.37868,0.0667211,-0.076348,0.994846,58.3057,58.3057,1,979.938,290.675,1.79923,197.499,103.419,-563.936,-2.75526,-5.5831,-0.0478418,-0.0972893,0.994106,58.3057,58.3057,1,976.681,290.928,1,0
83786829269280,974.324,293.621,1.87476,136.122,101.056,-565.931,3.88424,-4.0795,0.0675692,-0.0711405,0.995175,58.3052,58.3052,1,979.938,290.144,1.81541,197.486,103.41,-563.874,-1.98711,-5.05424,-0.0345398,-0.0880987,0.995513,58.3052,58.3052,1,977.131,291.883,1,0
83786831769030,976.324,293.621,1.85087,136.096,100.985,-566.041,3.94389,-4.44626,0.0685725,-0.077524,0.99463,58.3135,58.3135,1,979.938,290.144,1.81725,197.463,103.364,-563.911,-2.06964,-5.80142,-0.0359292,-0.101081,0.994229,58.3135,58.3135,1,978.131,291.883,1,0
83786834272240,974.324,291.18,1.85523,136.075,100.923,-566.097,3.99165,-5.15329,0.0693298,-0.0898206,0.993542,58.3119,58.3119,1,979.938,290.675,1.87101,197.435,103.363,-563.802,-1.78556,-4.73753,-0.0310523,-0.0825914,0.9961,58.3119,58.3119,1,977.131,290.928,1,0
83786836768510,973.424,291.18,1.90371,136.037,100.88,-566.254,3.72169,-4.9418,0.0646688,-0.0861437,0.994182,58.3265,58.3265,1,979.938,290.675,1.86526,197.4,103.307,-563.929,-2.18331,-4.62504,-0.0379726,-0.0806345,0.99602,58.3265,58.3265,1,976.681,290.928,1,0
83786839264770,974.324,293.621,1.91004,136.03,100.88,-566.117,3.80459,-4.11744,0.0661825,-0.071801,0.995221,58.3219,58.3219,1,984.121,290.675,1.86621,197.396,103.237,-563.948,-1.75539,-5.01835,-0.030515,-0.0874748,0.995699,58.3219,58.3219,1,979.222,292.148,1,0
83786841771450,973.424,293.621,1.91243,136.001,100.809,-566.25,3.75978,-4.56694,0.0653653,-0.0796237,0.99468,58.3416,58.3416,1,979.938,290.144,1.84428,197.359,103.156,-564.196,-2.69736,-5.68427,-0.046829,-0.0990466,0.99398,58.3416,58.3416,1,976.681,291.883,1,0
83786844267720,973.424,293.621,1.91109,135.979,100.769,-566.308,3.76949,-4.77834,0.065514,-0.0833011,0.994369,58.3411,58.3411,1,979.938,290.675,1.83336,197.344,103.164,-564.118,-2.53335,-5.18687,-0.04402,-0.0904044,0.994932,58.3411,58.3411,1,976.681,292.148,1,0
83786846770930,973.424,291.18,1.91286,135.971,100.74,-566.258,3.8927,-5.09851,0.0676196,-0.0888683,0.993745,58.3424,58.3424,1,979.938,290.144,1.82813,197.314,103.115,-564.173,-2.81016,-5.37698,-0.0488112,-0.0937083,0.994402,58.3424,58.3424,1,976.681,290.662,1,0
83786849267200,974.324,293.621,1.88598,135.959,100.702,-566.265,3.97308,-4.85866,0.0690387,-0.0846981,0.994012,58.3426,58.3426,1,979.938,290.144,1.80732,197.309,103.059,-564.147,-2.69958,-6.13445,-0.0468294,-0.106862,0.99317,58.3426,58.3426,1,977.131,291.883,1,0
83786851773880,973.424,293.621,1.87906,135.948,100.648,-566.285,4.02127,-4.69365,0.0698916,-0.0818281,0.994193,58.3402,58.3402,1,969.619,287.185,1.81828,197.284,103.04,-564.056,-2.43332,-5.29639,-0.0422755,-0.0923078,0.994833,58.3402,58.3402,1,971.522,290.403,1,0
83786854270150,974.324,293.621,1.86059,135.922,100.608,-566.299,3.97372,-4.3493,0.0690994,-0.0758367,0.994723,58.3426,58.3426,1,972.725,287.185,1.80921,197.274,102.986,-564.069,-2.37549,-5.29688,-0.0412713,-0.0923163,0.994874,58.3426,58.3426,1,973.524,290.403,1,0
83786856773360,973.424,291.18,1.83929,135.891,100.539,-566.335,3.82581,-5.35366,0.0664322,-0.0933031,0.993419,58.351,58.351,1,972.725,280.431,1.81465,197.249,102.928,-564.175,-2.5633,-5.86925,-0.0444887,-0.102259,0.993762,58.351,58.351,1,973.074,285.805,1,0
83786859273100,973.424,293.621,1.86879,135.871,100.504,-566.378,3.83967,-5.29444,0.066679,-0.092274,0.993499,58.3501,58.3501,1,971.271,290.144,1.86498,197.219,102.929,-564.105,-2.39651,-4.91287,-0.0416612,-0.0856407,0.995455,58.3501,58.3501,1,972.348,291.883,1,0
83786861769370,973.424,291.18,1.83498,135.838,100.45,-566.486,3.67196,-5.25639,0.0637746,-0.0916128,0.99375,58.3551,58.3551,1,969.619,287.185,1.85091,197.191,102.89,-564.079,-2.59836,-4.9344,-0.0451664,-0.0860151,0.99527,58.3551,58.3551,1,971.522,289.182,1,0
83786864272570,973.424,293.621,1.91627,135.824,100.443,-566.429,3.73205,-4.52307,0.0648879,-0.0788604,0.994772,58.3523,58.3523,1,972.725,290.144,1.82843,197.18,102.866,-564.067,-2.30615,-4.88137,-0.0400932,-0.085093,0.995566,58.3523,58.3523,1,973.074,291.883,1,0
83786866772320,970.6,293.621,1.91243,135.807,100.408,-566.438,3.54787,-4.30743,0.0617076,-0.075108,0.995264,58.3521,58.3521,1,972.725,290.144,1.82875,197.165,102.82,-564.033,-2.0223,-4.38629,-0.0351852,-0.0764805,0.99645,58.3521,58.3521,1,971.662,291.883,1,0
83786869275530,970.6,293.621,1.90309,135.796,100.347,-566.496,3.7012,-5.04206,0.0643033,-0.087887,0.994053,58.3519,58.3519,1,972.725,299.651,1.81242,197.134,102.797,-563.948,-2.15327,-3.72813,-0.0374934,-0.0650222,0.997179,58.3519,58.3519,1,971.662,296.636,1,0
83786871771800,964.388,291.18,1.88392,135.793,100.354,-566.429,3.68249,-4.9291,0.0639898,-0.0859229,0.994245,58.3639,58.3639,1,969.619,289.92,1.81893,197.146,102.686,-564.244,-2.76308,-5.08799,-0.0480162,-0.0886855,0.994902,58.3639,58.3639,1,967.003,290.55,1,0
83786874275010,973.424,293.621,1.88713,135.799,100.329,-566.423,3.90624,-4.83363,0.0678816,-0.0842628,0.994129,58.3572,58.3572,1,972.725,290.144,1.7983,197.124,102.667,-564.093,-2.58274,-4.9524,-0.0448938,-0.0863281,0.995255,58.3572,58.3572,1,973.074,291.883,1,0
83786876774740,970.6,293.621,1.91648,135.785,100.273,-566.462,3.88477,-4.74654,0.0675177,-0.0827481,0.994281,58.3618,58.3618,1,969.619,297.391,1.80882,197.121,102.648,-564.133,-2.66351,-4.57455,-0.0463223,-0.0797561,0.995738,58.3618,58.3618,1,970.109,295.506,1,0
83786879277960,970.6,293.621,1.93058,135.779,100.261,-566.482,3.83996,-3.79308,0.066823,-0.0661534,0.995569,58.3689,58.3689,1,969.619,297.391,1.79252,197.113,102.579,-564.242,-3.00954,-5.11832,-0.0522929,-0.0892128,0.994639,58.3689,58.3689,1,970.109,295.506,1,0
83786881774220,969.276,293.621,1.91854,135.774,100.227,-566.443,3.82487,-3.89304,0.0665531,-0.0678941,0.99547,58.3599,58.3599,1,960.488,290.144,1.77047,197.103,102.558,-564.076,-2.6549,-4.72906,-0.0461625,-0.082444,0.995526,58.3599,58.3599,1,964.882,291.883,1,0
83786884273960,970.6,293.621,1.92669,135.756,100.134,-566.636,3.67097,-5.35788,0.063747,-0.0933765,0.993588,58.3783,58.3783,1,960.488,290.855,1.80273,197.109,102.448,-564.218,-2.60191,-5.04732,-0.0452203,-0.0879784,0.995095,58.3783,58.3783,1,965.544,292.238,1,0
83786886777170,969.276,293.621,1.89312,135.756,100.121,-566.534,3.70572,-4.7443,0.0644104,-0.0827091,0.99449,58.3683,58.3683,1,962.982,297.391,1.81758,197.098,102.464,-564.109,-2.53478,-4.54536,-0.0440867,-0.0792483,0.99588,58.3683,58.3683,1,966.129,295.506,1,0
83786889273440,970.6,293.621,1.90605,135.766,100.097,-566.476,3.98952,-4.68187,0.0693419,-0.0816232,0.994248,58.3677,58.3677,1,961.332,297.391,1.79346,197.095,102.44,-564.141,-2.56454,-3.94246,-0.0446388,-0.0687546,0.996634,58.3677,58.3677,1,965.966,295.506,1,0
83786891780120,970.6,293.621,1.89311,135.76,100.048,-566.58,4.09384,-5.45387,0.071067,-0.0950443,0.992933,58.385,58.385,1,960.488,290.144,1.81932,197.108,102.319,-564.359,-3.00716,-5.72888,-0.0521987,-0.0998213,0.993635,58.385,58.385,1,965.544,291.883,1,0
83786894276390,970.6,293.621,1.89711,135.753,100.046,-566.457,3.78393,-4.49326,0.0657912,-0.0783419,0.994753,58.3599,58.3599,1,961.332,297.391,1.80422,197.079,102.381,-563.965,-2.54242,-4.03749,-0.0442489,-0.0704091,0.996536,58.3599,58.3599,1,965.966,295.506,1,0
83786896779600,969.276,293.621,1.90193,135.749,99.9908,-566.492,3.73664,-4.47952,0.0649715,-0.0781027,0.994826,58.3647,58.3647,1,962.982,297.391,1.79113,197.095,102.304,-563.998,-2.27653,-4.46596,-0.0396018,-0.0778668,0.996177,58.3647,58.3647,1,966.129,295.506,1,0
83786899275870,970.6,293.621,1.89557,135.762,99.9951,-566.423,3.88158,-3.78556,0.0675468,-0.0660225,0.995529,58.3624,58.3624,1,961.332,297.391,1.80823,197.081,102.236,-564,-2.45633,-4.73131,-0.0427118,-0.0824832,0.995677,58.3624,58.3624,1,965.966,295.506,1,0
83786901775610,970.6,293.621,1.90125,135.752,99.9388,-566.463,3.67057,-4.6022,0.0638133,-0.0802372,0.994731,58.372,58.372,1,960.488,290.144,1.80085,197.083,102.181,-564.133,-2.74031,-5.0352,-0.0476248,-0.0877677,0.995002,58.372,58.372,1,965.544,291.883,1,0
83786904278820,969.276,293.621,1.90658,135.746,99.8776,-566.523,3.73389,-4.83931,0.0648904,-0.0843615,0.99432,58.3755,58.3755,1,961.332,297.391,1.79133,197.092,102.139,-564.122,-2.77055,-5.09957,-0.0481451,-0.0888867,0.994877,58.3755,58.3755,1,965.304,295.506,1,0
83786906778560,969.276,293.621,1.88396,135.758,99.859,-566.441,3.80461,-4.93026,0.0661087,-0.0859431,0.994104,58.3742,58.3742,1,960.488,290.144,1.78663,197.098,102.076,-564.153,-2.85276,-5.73971,-0.0495199,-0.100009,0.993753,58.3742,58.3742,1,964.882,291.883,1,0
83786909278300,970.6,293.621,1.89231,135.761,99.845,-566.433,3.89294,-4.42691,0.0676897,-0.0771873,0.994716,58.378,58.378,1,960.488,290.144,1.7716,197.102,102.01,-564.22,-3.1201,-6.19204,-0.0541115,-0.107861,0.992692,58.378,58.378,1,965.544,291.883,1,0
83786911778040,969.276,293.621,1.89248,135.764,99.8226,-566.4,3.77675,-4.65269,0.0656519,-0.0811155,0.99454,58.3611,58.3611,1,960.488,290.144,1.79098,197.09,102.057,-563.902,-2.47133,-4.43844,-0.0429901,-0.077388,0.996074,58.3611,58.3611,1,964.882,291.883,1,0
83786914281250,969.276,293.621,1.89923,135.779,99.7915,-566.413,4.05303,-4.26917,0.0704836,-0.0744422,0.994731,58.3661,58.3661,1,960.488,297.391,1.80788,197.1,102.023,-563.976,-2.6307,-4.37581,-0.0457645,-0.0762982,0.996034,58.3661,58.3661,1,964.882,295.506,1,0
83786916780980,970.6,293.621,1.88987,135.775,99.729,-566.512,3.88044,-4.71279,0.0674459,-0.082161,0.994334,58.3738,58.3738,1,960.488,290.144,1.82012,197.117,101.966,-564.009,-2.52186,-4.83973,-0.0438437,-0.0843689,0.99547,58.3738,58.3738,1,965.544,291.883,1,0
83786919284200,970.6,293.621,1.91377,135.78,99.7216,-566.497,3.84477,-4.3588,0.0668595,-0.0760021,0.994864,58.3761,58.3761,1,960.488,290.144,1.8105,197.104,101.927,-564.06,-3.27248,-5.4042,-0.0568308,-0.0941813,0.993932,58.3761,58.3761,1,965.544,291.883,1,0
83786921780460,970.421,293.621,1.91162,135.79,99.6478,-566.599,3.93725,-5.15699,0.068386,-0.089885,0.993602,58.3687,58.3687,1,960.488,297.391,1.8311,197.106,101.954,-563.789,-2.71897,-4.55987,-0.047287,-0.0795007,0.995713,58.3687,58.3687,1,965.455,295.506,1,0
83786924280210,970.6,293.621,1.89125,135.808,99.6437,-566.488,3.87274,-4.66969,0.0673163,-0.0814112,0.994405,58.3663,58.3663,1,960.488,297.391,1.8156,197.138,101.893,-563.832,-2.39431,-4.40591,-0.0416529,-0.0768219,0.996174,58.3663,58.3663,1,965.544,295.506,1,0
83786926783410,970.6,293.621,1.883,135.817,99.6157,-566.438,3.8206,-4.7501,0.0664038,-0.0828099,0.994351,58.3568,58.3568,1,960.488,297.391,1.83852,197.141,101.901,-563.675,-2.2662,-3.9898,-0.0394465,-0.0695789,0.996796,58.3568,58.3568,1,965.544,295.506,1,0
83786929279680,970.6,293.621,1.87183,135.841,99.6507,-566.267,3.92049,-3.9242,0.0682118,-0.0684366,0.995321,58.3525,58.3525,1,960.488,297.391,1.80992,197.171,101.812,-563.74,-2.15396,-4.82583,-0.0374515,-0.0841271,0.995751,58.3525,58.3525,1,965.544,295.506,1,0
83786931782890,970.421,293.621,1.88031,135.843,99.6032,-566.34,3.69836,-4.63215,0.0642931,-0.0807583,0.994658,58.3584,58.3584,1,960.488,299.886,1.80926,197.155,101.821,-563.782,-2.83591,-4.64363,-0.0493134,-0.0809579,0.995497,58.3584,58.3584,1,965.455,296.754,1,0
83786934282640,970.6,293.621,1.89868,135.865,99.6052,-566.24,3.76628,-4.11283,0.0655175,-0.0717208,0.995271,58.3448,58.3448,1,960.488,299.886,1.84232,197.183,101.791,-563.583,-2.26675,-4.72709,-0.0394174,-0.0824097,0.995819,58.3448,58.3448,1,965.544,296.754,1,0
83786936785850,970.421,293.621,1.91462,135.87,99.5133,-566.455,3.57394,-5.33339,0.0620667,-0.0929508,0.993734,58.3602,58.3602,1,960.488,299.886,1.82278,197.192,101.779,-563.67,-2.61764,-4.45621,-0.0455324,-0.0776972,0.995937,58.3602,58.3602,1,965.455,296.754,1,0
83786939282110,970.421,293.621,1.89661,135.886,99.4812,-566.534,3.51177,-5.55609,0.0609658,-0.0968201,0.993433,58.365,58.365,1,960.488,299.886,1.85535,197.214,101.739,-563.673,-2.63512,-4.66871,-0.0458228,-0.0813941,0.995628,58.365,58.365,1,965.455,296.754,1,0
83786941785320,966.466,293.621,1.85921,135.92,99.5414,-566.307,3.65415,-4.10446,0.0635703,-0.0715751,0.995407,58.3486,58.3486,1,960.488,305.26,1.87737,197.243,101.75,-563.57,-2.31213,-4.14934,-0.0402376,-0.0723564,0.996567,58.3486,58.3486,1,963.477,299.44,1,0
83786944285060,966.466,293.621,1.8556,135.939,99.5038,-566.37,3.60885,-4.69977,0.062733,-0.0819344,0.994661,58.3533,58.3533,1,960.488,305.26,1.86503,197.254,101.705,-563.585,-2.69052,-4.5482,-0.0467934,-0.0792977,0.995752,58.3533,58.3533,1,963.477,299.44,1,0
83786946781330,960.559,293.621,1.87529,135.95,99.4825,-566.355,3.46436,-4.73867,0.0602211,-0.0826111,0.994761,58.358,58.358,1,960.488,307.397,1.88685,197.282,101.649,-563.679,-2.6286,-4.67376,-0.0457092,-0.081482,0.995626,58.358,58.358,1,960.523,300.509,1,0
83786949284540,960.559,293.621,1.86318,135.964,99.4651,-566.397,3.3138,-5.02931,0.057582,-0.0876654,0.994484,58.3579,58.3579,1,960.488,299.886,1.79527,197.296,101.625,-563.624,-2.57793,-4.85425,-0.0448168,-0.0846213,0.995405,58.3579,58.3579,1,960.523,296.754,1,0
83786951784280,960.559,293.621,1.88565,136,99.4696,-566.293,3.63792,-4.67962,0.0632394,-0.081584,0.994658,58.3482,58.3482,1,960.488,305.26,1.84674,197.303,101.649,-563.531,-2.64795,-4.00393,-0.0460862,-0.0698249,0.996494,58.3482,58.3482,1,960.523,299.44,1,0
83786954287490,962.264,293.621,1.87969,136.018,99.4315,-566.339,3.67491,-4.73541,0.0638765,-0.0825544,0.994537,58.3454,58.3454,1,960.488,307.397,1.8575,197.336,101.68,-563.421,-2.38866,-3.56386,-0.0415973,-0.0621609,0.997199,58.3454,58.3454,1,961.376,300.509,1,0
83786956787230,960.559,293.621,1.89467,136.036,99.4211,-566.337,3.60671,-4.68689,0.062697,-0.0817105,0.994682,58.352,58.352,1,960.488,307.397,1.81781,197.353,101.603,-563.542,-2.91351,-4.75711,-0.0506533,-0.0829319,0.995267,58.352,58.352,1,960.523,300.509,1,0
83786959286970,960.559,293.621,1.9008,136.077,99.4036,-566.323,3.79264,-5.13755,0.0658799,-0.0895471,0.993801,58.345,58.345,1,960.488,305.26,1.85238,197.39,101.651,-563.415,-2.63341,-4.46519,-0.0458061,-0.0778534,0.995912,58.345,58.345,1,960.523,299.44,1,0
83786961786700,960.559,293.621,1.86421,136.092,99.4138,-566.311,3.63356,-4.61407,0.0631697,-0.0804436,0.994755,58.3471,58.3471,1,960.488,305.26,1.83527,197.408,101.613,-563.464,-3.08835,-5.23648,-0.0536508,-0.0912667,0.99438,58.3471,58.3471,1,960.523,299.44,1,0
83786964289920,960.559,293.621,1.87472,136.113,99.3879,-566.362,3.52026,-5.11845,0.0611567,-0.089215,0.994133,58.344,58.344,1,960.488,307.397,1.85568,197.433,101.639,-563.348,-2.55672,-4.42025,-0.0444757,-0.0770714,0.996033,58.344,58.344,1,960.523,300.509,1,0
83786966789660,960.559,293.621,1.85529,136.154,99.401,-566.344,3.65329,-4.94615,0.0634814,-0.0862194,0.994252,58.3423,58.3423,1,960.488,307.397,1.87737,197.454,101.631,-563.33,-2.5679,-4.38157,-0.0446724,-0.0763984,0.996076,58.3423,58.3423,1,960.523,300.509,1,0
83786969285930,960.559,293.621,1.85914,136.182,99.4302,-566.295,3.66265,-4.71802,0.0636654,-0.082252,0.994576,58.3333,58.3333,1,960.488,307.397,1.86852,197.468,101.664,-563.204,-2.75689,-3.96775,-0.047983,-0.0691949,0.996449,58.3333,58.3333,1,960.523,300.509,1,0
83786971789140,960.559,293.621,1.86144,136.206,99.4265,-566.302,3.68229,-4.98842,0.0639806,-0.0869544,0.994156,58.3445,58.3445,1,960.488,305.26,1.82634,197.523,101.616,-563.422,-3.04299,-5.15159,-0.0528709,-0.089791,0.994556,58.3445,58.3445,1,960.523,299.44,1,0
83786974285410,960.559,293.621,1.89061,136.243,99.4778,-566.176,3.84555,-4.10353,0.0668952,-0.071559,0.995191,58.3349,58.3349,1,960.488,307.397,1.84959,197.549,101.63,-563.362,-2.7723,-4.54268,-0.048215,-0.0792017,0.995692,58.3349,58.3349,1,960.523,300.509,1,0
83786976792090,961.822,293.621,1.8857,136.261,99.4396,-566.209,3.66121,-4.80844,0.063632,-0.0838247,0.994447,58.334,58.334,1,960.488,307.397,1.84503,197.573,101.643,-563.302,-2.69897,-4.27836,-0.0469573,-0.074602,0.996107,58.334,58.334,1,961.155,300.509,1,0
83786979288350,962.479,293.621,1.89177,136.311,99.4783,-566.122,3.90465,-4.23986,0.0679099,-0.073932,0.994948,58.3223,58.3223,1,960.488,307.397,1.85405,197.609,101.68,-563.16,-2.51601,-4.51963,-0.043762,-0.0788007,0.995929,58.3223,58.3223,1,961.483,300.509,1,0
83786981791570,962.818,293.621,1.89071,136.34,99.4918,-566.05,3.85885,-4.09633,0.0671268,-0.0714336,0.995184,58.3129,58.3129,1,960.488,307.397,1.84223,197.619,101.728,-563.048,-2.43302,-3.6611,-0.0423648,-0.0638549,0.99706,58.3129,58.3129,1,961.653,300.509,1,0
83786984291300,962.818,293.621,1.88368,136.361,99.4583,-566.166,3.78143,-4.86732,0.0657127,-0.0848487,0.994225,58.3239,58.3239,1,960.488,313.142,1.87012,197.664,101.689,-563.148,-2.37526,-4.57893,-0.0413119,-0.0798324,0.995952,58.3239,58.3239,1,961.653,303.382,1,0
83786986794510,961.822,293.621,1.86802,136.388,99.5179,-566.076,3.56469,-3.96241,0.0620268,-0.0691019,0.995679,58.321,58.321,1,960.488,307.397,1.90894,197.691,101.682,-563.19,-2.74156,-4.78713,-0.0476642,-0.083454,0.995371,58.321,58.321,1,961.155,300.509,1,0
83786989290780,962.479,293.621,1.84965,136.413,99.5237,-566.16,3.49014,-4.31496,0.0607041,-0.0752391,0.995316,58.3273,58.3273,1,960.488,307.397,1.79863,197.71,101.699,-563.246,-3.17225,-4.39709,-0.055175,-0.0766684,0.995529,58.3273,58.3273,1,961.483,300.509,1,0
83786991790520,961.822,293.621,1.86672,136.437,99.5448,-566.12,3.45808,-4.16812,0.0601586,-0.0726832,0.995539,58.3209,58.3209,1,960.488,313.142,1.82148,197.736,101.718,-563.16,-3.18546,-4.57385,-0.0553911,-0.0797439,0.995275,58.3209,58.3209,1,961.155,303.382,1,0
83786994293730,961.822,293.621,1.87027,136.466,99.5368,-566.168,3.50585,-4.22077,0.0609846,-0.0735997,0.995421,58.3262,58.3262,1,960.488,313.142,1.82863,197.783,101.713,-563.222,-2.94907,-4.62528,-0.0512807,-0.0806387,0.995423,58.3262,58.3262,1,961.155,303.382,1,0
83786996789990,961.822,314.632,1.89607,136.5,99.5808,-566.085,3.67349,-3.76048,0.0639326,-0.0655857,0.995797,58.3206,58.3206,1,955.093,310.597,1.84337,197.806,101.733,-563.202,-3.07997,-4.53218,-0.0535618,-0.079019,0.995433,58.3206,58.3206,1,958.458,312.615,1,0
83786999293210,961.822,314.632,1.90056,136.52,99.5629,-566.15,3.54962,-4.00984,0.0617613,-0.0699278,0.995638,58.3156,58.3156,1,953.236,313.142,1.85458,197.834,101.786,-563.04,-2.79098,-4.14942,-0.048565,-0.0723578,0.996196,58.3156,58.3156,1,957.529,313.887,1,0
83787001792950,961.822,297.417,1.87817,136.556,99.5623,-566.138,3.43682,-4.62823,0.0597524,-0.08069,0.994947,58.3248,58.3248,1,953.236,313.142,1.85945,197.874,101.737,-563.235,-3.03419,-4.89873,-0.0527385,-0.0853949,0.99495,58.3248,58.3248,1,957.529,305.279,1,0
83787004296160,961.822,293.621,1.89811,136.591,99.5354,-566.3,3.54311,-5.85385,0.0614773,-0.101991,0.992884,58.3199,58.3199,1,958.675,310.597,1.85747,197.896,101.79,-562.976,-2.69894,-4.65586,-0.0469326,-0.0811708,0.995595,58.3199,58.3199,1,960.249,302.109,1,0
83787006792430,961.822,314.632,1.84286,136.624,99.6076,-566.119,3.56772,-4.25548,0.0620567,-0.0742038,0.99531,58.3079,58.3079,1,955.093,313.142,1.83494,197.924,101.857,-562.94,-2.60502,-3.61658,-0.0453601,-0.0630792,0.996977,58.3079,58.3079,1,958.458,313.887,1,0
83787009292170,959.631,297.417,1.88139,136.651,99.6014,-566.148,3.48421,-4.80352,0.06056,-0.083739,0.994646,58.3166,58.3166,1,958.675,313.142,1.79286,197.964,101.789,-563.076,-2.62846,-5.05458,-0.0456809,-0.0881047,0.995063,58.3166,58.3166,1,959.153,305.279,1,0
83787011795380,959.631,297.417,1.87561,136.671,99.6551,-566.162,3.3518,-4.09301,0.0583174,-0.0713757,0.995743,58.3212,58.3212,1,956.861,310.597,1.81735,197.998,101.808,-563.179,-2.73956,-4.96376,-0.0476169,-0.0865255,0.995111,58.3212,58.3212,1,958.246,304.007,1,0
83787014291650,961.822,314.632,1.88964,136.711,99.6835,-566.061,3.64651,-4.10657,0.0634374,-0.0716118,0.995413,58.3111,58.3111,1,958.675,310.597,1.82381,198.028,101.844,-563.082,-2.55761,-5.05587,-0.0444503,-0.0881271,0.995117,58.3111,58.3111,1,960.249,312.615,1,0
83787016798330,961.822,314.632,1.86525,136.747,99.729,-565.965,3.66613,-3.98122,0.0637882,-0.0694295,0.995545,58.2994,58.2994,1,955.093,310.597,1.85029,198.034,101.897,-562.956,-2.86077,-5.03398,-0.0497166,-0.0877466,0.994901,58.2994,58.2994,1,958.458,312.615,1,0
83787019294590,959.631,297.417,1.87228,136.747,99.6934,-566.171,3.50826,-4.96124,0.0609632,-0.0864819,0.994386,58.3096,58.3096,1,958.675,300.91,1.84919,198.072,101.926,-562.966,-2.69183,-4.82407,-0.0467977,-0.0840965,0.995358,58.3096,58.3096,1,959.153,299.163,1,0
83787021797810,961.822,314.632,1.89646,136.796,99.7209,-566.071,3.76238,-4.30471,0.0654336,-0.0750607,0.99503,58.307,58.307,1,958.675,300.91,1.89048,198.106,101.925,-563.017,-2.65847,-5.3831,-0.0461778,-0.0938146,0.994518,58.307,58.307,1,960.249,307.771,1,0
83787024294070,961.822,314.632,1.88983,136.822,99.7518,-566.067,3.74537,-3.87499,0.0651731,-0.0675799,0.995583,58.299,58.299,1,958.675,310.597,1.8483,198.112,102.007,-562.88,-2.76417,-4.49059,-0.0480771,-0.0782954,0.99577,58.299,58.299,1,960.249,312.615,1,0
83787026800750,961.822,314.632,1.83129,136.822,99.7146,-566.269,3.42171,-5.14022,0.0594445,-0.0895934,0.994203,58.3125,58.3125,1,955.093,307.531,1.83216,198.129,102.013,-562.957,-3.05738,-4.71273,-0.0531557,-0.08216,0.995201,58.3125,58.3125,1,958.458,311.082,1,0
83787029297020,961.366,297.417,1.85638,136.856,99.7433,-566.279,3.57491,-4.83132,0.0621319,-0.0842226,0.994508,58.3052,58.3052,1,958.675,307.531,1.84024,198.154,102.074,-562.816,-2.63687,-4.37332,-0.0458718,-0.0762548,0.996033,58.3052,58.3052,1,960.021,302.474,1,0
83787031793290,961.822,314.632,1.87023,136.884,99.8097,-566.161,3.41569,-4.26128,0.0594151,-0.0743048,0.995464,58.306,58.306,1,958.675,306.286,1.82381,198.183,102.059,-562.964,-3.1039,-4.7397,-0.0539616,-0.082629,0.995118,58.306,58.306,1,960.249,310.459,1,0
83787034296500,961.366,314.632,1.85493,136.895,99.8172,-566.23,3.26798,-4.38861,0.056839,-0.0765208,0.995447,58.3113,58.3113,1,955.093,307.531,1.81982,198.217,102.056,-563.011,-2.83524,-4.89467,-0.0492837,-0.0853242,0.995134,58.3113,58.3113,1,958.23,311.082,1,0
83787036796240,961.366,314.632,1.88345,136.913,99.8389,-566.306,3.35829,-4.00429,0.0584367,-0.0698311,0.995846,58.3088,58.3088,1,955.093,307.531,1.85899,198.236,102.097,-562.897,-2.76612,-4.47809,-0.0481117,-0.0780778,0.995786,58.3088,58.3088,1,958.23,311.082,1,0
83787039299450,961.366,304.141,1.87519,136.932,99.8612,-566.276,3.2959,-4.53742,0.0573124,-0.0791101,0.995217,58.3036,58.3036,1,958.675,307.531,1.83411,198.258,102.155,-562.838,-2.52113,-4.04745,-0.0438781,-0.0705827,0.99654,58.3036,58.3036,1,960.021,305.836,1,0
83787041799190,961.822,314.632,1.89446,136.971,99.9251,-566.188,3.70399,-4.34433,0.0644162,-0.0757502,0.995044,58.2949,58.2949,1,958.675,307.531,1.88291,198.274,102.2,-562.77,-2.51311,-4.22382,-0.0437289,-0.0736529,0.996325,58.2949,58.2949,1,960.249,311.082,1,0
83787044302400,961.366,314.632,1.90636,136.97,99.9058,-566.305,3.30982,-4.98461,0.0575167,-0.0868881,0.994556,58.3111,58.3111,1,955.093,307.531,1.89715,198.297,102.162,-562.983,-2.92034,-5.33181,-0.050727,-0.0929234,0.99438,58.3111,58.3111,1,958.23,311.082,1,0
83787046798670,961.366,314.632,1.91316,137.017,99.9584,-566.236,3.80402,-4.15865,0.0661693,-0.0725184,0.99517,58.3001,58.3001,1,958.675,307.531,1.87755,198.306,102.236,-562.851,-2.67555,-4.48168,-0.0465374,-0.0781403,0.995856,58.3001,58.3001,1,960.021,311.082,1,0
83787049301880,961.822,314.632,1.88759,137.033,99.9983,-566.143,3.56819,-3.52571,0.0621186,-0.0614964,0.996172,58.3034,58.3034,1,958.675,307.531,1.87934,198.34,102.227,-563.023,-2.93635,-5.07404,-0.0510258,-0.088443,0.994773,58.3034,58.3034,1,960.249,311.082,1,0
83787051801620,961.822,314.632,1.91268,137.04,99.9604,-566.363,3.47063,-5.05046,0.0603018,-0.0880331,0.994291,58.3077,58.3077,1,955.093,307.531,1.87869,198.34,102.298,-562.905,-2.91624,-4.35094,-0.0507294,-0.0758653,0.995827,58.3077,58.3077,1,958.458,311.082,1,0
83787054297890,961.366,314.632,1.92949,137.051,99.9949,-566.423,3.30833,-5.47404,0.0574459,-0.0953947,0.993781,58.3204,58.3204,1,955.093,307.531,1.84443,198.369,102.27,-563.117,-3.18905,-5.13828,-0.0554072,-0.0895597,0.994439,58.3204,58.3204,1,958.23,311.082,1,0
83787056801100,961.366,314.632,1.89727,137.067,100.005,-566.469,3.36259,-5.51229,0.0583833,-0.0960592,0.993662,58.3134,58.3134,1,955.093,307.531,1.82794,198.387,102.342,-562.941,-2.85514,-4.95403,-0.0496249,-0.0863565,0.995028,58.3134,58.3134,1,958.23,311.082,1,0
83787059300830,961.822,314.632,1.84963,137.111,100.124,-566.123,3.59817,-3.92663,0.0626113,-0.0684789,0.995686,58.2929,58.2929,1,958.675,307.531,1.82227,198.397,102.406,-562.902,-2.74266,-4.58564,-0.047697,-0.0799491,0.995657,58.2929,58.2929,1,960.249,311.082,1,0
83787061804050,961.822,314.632,1.87698,137.128,100.154,-566.208,3.60618,-4.03197,0.0627425,-0.070313,0.99555,58.293,58.293,1,955.093,307.531,1.82487,198.395,102.457,-562.842,-2.74411,-4.4106,-0.0477337,-0.0769034,0.995895,58.293,58.293,1,958.458,311.082,1,0
83787064300310,961.822,314.632,1.87889,137.143,100.172,-566.358,3.6702,-3.86196,0.063868,-0.0673529,0.995683,58.3065,58.3065,1,955.093,307.531,1.83166,198.423,102.471,-562.988,-2.88769,-4.63874,-0.0502133,-0.0808728,0.995459,58.3065,58.3065,1,958.458,311.082,1,0
83787066803530,961.366,314.632,1.89372,137.135,100.149,-566.515,3.47741,-5.18984,0.0604063,-0.0904559,0.994067,58.3198,58.3198,1,955.093,307.531,1.82374,198.444,102.478,-563.109,-3.02429,-4.67887,-0.0525836,-0.0815709,0.995279,58.3198,58.3198,1,958.23,311.082,1,0
83787069303270,961.822,314.632,1.88906,137.157,100.237,-566.344,3.48689,-4.13188,0.060662,-0.0720524,0.995554,58.2982,58.2982,1,958.675,311.933,1.83113,198.438,102.583,-562.872,-2.59333,-3.39274,-0.0451673,-0.0591799,0.997225,58.2982,58.2982,1,960.249,313.283,1,0
83787071806470,961.366,314.632,1.9113,137.157,100.265,-566.395,3.16724,-4.02692,0.0551141,-0.0702251,0.996007,58.3016,58.3016,1,955.093,311.933,1.84306,198.467,102.551,-562.891,-2.31293,-4.66953,-0.0402233,-0.0814084,0.995869,58.3016,58.3016,1,958.23,313.283,1,0
83787074302740,961.366,314.632,1.89666,137.171,100.313,-566.375,3.20951,-3.67058,0.0558724,-0.0640198,0.996383,58.3079,58.3079,1,958.675,311.933,1.8399,198.485,102.581,-563.067,-2.697,-4.6397,-0.0469,-0.0808895,0.995619,58.3079,58.3079,1,960.021,313.283,1,0
83787076802480,958.198,314.632,1.88573,137.191,100.337,-566.3,3.31153,-4.31877,0.0576009,-0.0753055,0.995495,58.3022,58.3022,1,955.895,307.531,1.83373,198.491,102.615,-563.036,-2.8093,-4.85484,-0.0488361,-0.0846315,0.995215,58.3022,58.3022,1,957.047,311.082,1,0
83787079305700,958.198,314.632,1.88243,137.201,100.334,-566.485,3.454,-4.70192,0.0600445,-0.0819719,0.994824,58.3161,58.3161,1,955.895,311.933,1.86078,198.507,102.641,-563.152,-2.90124,-4.61509,-0.0504504,-0.0804614,0.99548,58.3161,58.3161,1,957.047,313.283,1,0
83787081801960,957.135,314.632,1.91095,137.209,100.364,-566.54,3.46158,-4.68954,0.0601772,-0.0817565,0.994834,58.3171,58.3171,1,955.093,311.933,1.87562,198.521,102.671,-563.134,-2.91006,-4.77551,-0.050592,-0.0832519,0.995243,58.3171,58.3171,1,956.114,313.283,1,0
83787084305180,957.135,314.632,1.89831,137.226,100.388,-566.49,3.40092,-4.62958,0.0591288,-0.0807135,0.994982,58.3131,58.3131,1,955.895,311.933,1.86227,198.512,102.717,-563.118,-2.87977,-4.18216,-0.0501065,-0.0729277,0.996078,58.3131,58.3131,1,956.515,313.283,1,0
83787086804910,958.198,314.632,1.89631,137.238,100.414,-566.536,3.48387,-4.44399,0.0605848,-0.0774846,0.995151,58.3169,58.3169,1,955.093,311.933,1.8805,198.515,102.752,-563.17,-3.18464,-4.17647,-0.0554064,-0.0728287,0.995804,58.3169,58.3169,1,956.646,313.283,1,0
83787089308120,957.135,312.237,1.89374,137.238,100.406,-566.649,3.4203,-5.00406,0.0594326,-0.0872263,0.994414,58.3185,58.3185,1,955.895,311.933,1.9189,198.551,102.777,-563.096,-2.59962,-4.27688,-0.04523,-0.0745763,0.996189,58.3185,58.3185,1,956.515,312.085,1,0
83787091807860,957.135,312.237,1.91845,137.242,100.415,-566.742,3.31537,-5.52676,0.057563,-0.0963106,0.993685,58.3236,58.3236,1,955.895,311.933,1.88734,198.553,102.802,-563.119,-2.77318,-4.72128,-0.0482181,-0.0823087,0.99544,58.3236,58.3236,1,956.515,312.085,1,0
83787094304120,957.135,312.237,1.8924,137.278,100.464,-566.652,3.59941,-4.87426,0.0625532,-0.0849693,0.994418,58.3252,58.3252,1,955.895,311.933,1.87448,198.572,102.806,-563.258,-2.81804,-5.11847,-0.0489681,-0.0892154,0.994808,58.3252,58.3252,1,956.515,312.085,1,0
83787096807340,958.198,314.632,1.89645,137.285,100.514,-566.569,3.49656,-4.35066,0.0608128,-0.0758604,0.995262,58.3214,58.3214,1,955.093,311.933,1.85473,198.569,102.848,-563.286,-2.84555,-4.83119,-0.0494674,-0.0842203,0.995219,58.3214,58.3214,1,956.646,313.283,1,0
83787099303600,957.135,312.237,1.87784,137.284,100.512,-566.68,3.30383,-4.81828,0.057427,-0.0839958,0.99481,58.3224,58.3224,1,955.895,311.933,1.87316,198.582,102.906,-563.21,-2.67267,-4.24112,-0.0465022,-0.073954,0.996177,58.3224,58.3224,1,956.515,312.085,1,0
83787101810290,957.135,312.237,1.90496,137.285,100.508,-566.817,3.25238,-4.90163,0.0565268,-0.0854452,0.994738,58.3422,58.3422,1,955.895,311.933,1.86829,198.587,102.854,-563.479,-3.45442,-5.72429,-0.0599541,-0.0997415,0.993205,58.3422,58.3422,1,956.515,312.085,1,0
83787104306560,957.135,312.237,1.89112,137.322,100.509,-566.879,3.59501,-4.98158,0.0624667,-0.0868354,0.994262,58.3362,58.3362,1,955.818,311.933,1.85475,198.606,102.937,-563.313,-2.82053,-4.65569,-0.0490452,-0.0811678,0.995493,58.3362,58.3362,1,956.476,312.085,1,0
83787106809760,958.198,314.632,1.86646,137.343,100.611,-566.753,3.54558,-4.21989,0.0616749,-0.0735844,0.99538,58.3305,58.3305,1,955.093,311.933,1.83652,198.629,102.96,-563.349,-2.83682,-4.52244,-0.0493376,-0.0788496,0.995665,58.3305,58.3305,1,956.646,313.283,1,0
83787109306030,957.135,312.237,1.89461,137.373,100.622,-566.811,3.66854,-4.52164,0.0637852,-0.0788356,0.994845,58.3423,58.3423,1,955.895,311.933,1.79393,198.667,102.928,-563.537,-2.77574,-5.37815,-0.0482136,-0.0937286,0.99443,58.3423,58.3423,1,956.515,312.085,1,0
83787111812720,958.198,312.237,1.89502,137.401,100.654,-566.842,3.91357,-3.9687,0.0680879,-0.0692115,0.995276,58.3412,58.3412,1,955.895,311.933,1.80335,198.675,102.976,-563.504,-2.55859,-5.07425,-0.044466,-0.0884467,0.995088,58.3412,58.3412,1,957.047,312.085,1,0
83787114308990,962.626,314.632,1.8802,137.419,100.664,-566.834,4.01885,-4.3705,0.0698808,-0.0762056,0.99464,58.341,58.341,1,955.895,311.933,1.7847,198.683,103.01,-563.519,-2.59751,-4.72169,-0.0451659,-0.0823158,0.995582,58.341,58.341,1,959.26,313.283,1,0
83787116808720,962.626,314.632,1.89648,137.419,100.685,-566.861,3.90797,-4.23481,0.067968,-0.073844,0.994951,58.3427,58.3427,1,955.895,311.933,1.82298,198.69,103.034,-563.543,-2.75975,-4.98344,-0.047966,-0.0868677,0.995064,58.3427,58.3427,1,959.26,313.283,1,0
83787119311940,969.632,312.237,1.88436,137.411,100.678,-566.964,3.68759,-4.78506,0.0640919,-0.083418,0.994451,58.344,58.344,1,958.493,311.933,1.83471,198.705,103.078,-563.475,-2.22538,-4.17146,-0.0387276,-0.0727414,0.996599,58.344,58.344,1,964.062,312.085,1,0
83787121808200,970.95,312.237,1.88249,137.42,100.702,-566.979,3.8998,-4.85585,0.0677677,-0.0846492,0.994104,58.3493,58.3493,1,959.532,311.933,1.82973,198.698,103.086,-563.584,-2.53599,-3.78107,-0.0441507,-0.0659443,0.996846,58.3493,58.3493,1,965.241,312.085,1,0
83787124311420,967.798,312.237,1.88212,137.41,100.672,-567.127,3.63002,-5.44921,0.0630273,-0.0949634,0.993484,58.3538,58.3538,1,959.532,311.933,1.84732,198.69,103.13,-563.534,-2.46124,-3.26229,-0.0428739,-0.0569069,0.997458,58.3538,58.3538,1,963.665,312.085,1,0
83787126811150,966.746,314.632,1.90938,137.424,100.727,-567.06,3.60972,-4.27975,0.0627842,-0.0746264,0.995233,58.3553,58.3553,1,959.532,311.933,1.85168,198.72,103.093,-563.637,-2.28307,-4.18443,-0.0397304,-0.0729671,0.996543,58.3553,58.3553,1,963.139,313.283,1,0
83787129314360,967.798,312.237,1.90005,137.427,100.721,-567.103,3.55629,-4.79476,0.0618121,-0.0835867,0.994582,58.35,58.35,1,972.003,342.557,1.83624,198.717,103.152,-563.497,-2.17787,-3.82612,-0.0379172,-0.0667287,0.99705,58.35,58.35,1,969.9,327.397,1,0
83787131810630,966.746,312.237,1.92505,137.438,100.724,-567.179,3.53642,-4.54756,0.0614887,-0.0792866,0.994954,58.3676,58.3676,1,970.721,314.405,1.82888,198.732,103.105,-563.782,-2.56028,-4.69339,-0.0445206,-0.0818235,0.995652,58.3676,58.3676,1,968.733,313.321,1,0
83787134313840,967.798,312.237,1.90664,137.444,100.731,-567.255,3.65431,-4.68945,0.0635231,-0.081755,0.994626,58.3688,58.3688,1,970.721,311.933,1.836,198.741,103.133,-563.74,-2.51664,-4.75669,-0.0437583,-0.0829246,0.995595,58.3688,58.3688,1,969.259,312.085,1,0
83787136813580,967.798,314.632,1.92002,137.454,100.754,-567.196,3.67743,-4.29222,0.0639592,-0.0748434,0.995142,58.3687,58.3687,1,966.039,311.933,1.83374,198.749,103.131,-563.805,-2.64706,-4.91437,-0.0460137,-0.0856668,0.995261,58.3687,58.3687,1,966.918,313.283,1,0
83787139309850,967.798,312.237,1.91171,137.45,100.72,-567.387,3.5844,-5.18408,0.062263,-0.0903559,0.993961,58.3743,58.3743,1,970.721,315.393,1.81334,198.746,103.171,-563.733,-2.57329,-4.68144,-0.0447474,-0.0816156,0.995659,58.3743,58.3743,1,969.259,313.815,1,0
83787141813060,967.798,312.237,1.89845,137.481,100.778,-567.14,3.77143,-4.30572,0.0655906,-0.0750783,0.995018,58.3702,58.3702,1,970.163,311.933,1.85743,198.771,103.149,-563.903,-2.63112,-5.23029,-0.0457145,-0.0911591,0.994787,58.3702,58.3702,1,968.98,312.085,1,0
83787144312800,967.798,312.237,1.92373,137.479,100.771,-567.313,3.67932,-4.48741,0.0639754,-0.0782401,0.99488,58.3756,58.3756,1,970.721,311.933,1.82158,198.781,103.194,-563.854,-2.30433,-4.33474,-0.0400923,-0.0755834,0.996333,58.3756,58.3756,1,969.259,312.085,1,0
83787146816010,967.798,314.632,1.90728,137.496,100.781,-567.324,3.7248,-4.21759,0.0647883,-0.0735444,0.995185,58.3771,58.3771,1,968.905,315.393,1.83035,198.779,103.213,-563.884,-2.59861,-4.26586,-0.0452131,-0.0743846,0.996204,58.3771,58.3771,1,968.351,315.013,1,0
83787149312280,967.798,312.237,1.89386,137.511,100.78,-567.396,3.90828,-4.29245,0.0679683,-0.0748473,0.994876,58.379,58.379,1,970.163,315.393,1.87871,198.774,103.237,-563.859,-2.59707,-4.04888,-0.0451988,-0.0706074,0.99648,58.379,58.379,1,968.98,313.815,1,0
83787151818960,971.01,312.237,1.88605,137.509,100.766,-567.491,3.73079,-4.72486,0.0648475,-0.082371,0.99449,58.3875,58.3875,1,968.994,315.393,1.86027,198.781,103.234,-563.941,-2.65379,-4.09695,-0.0461825,-0.0714444,0.996375,58.3875,58.3875,1,970.002,313.815,1,0
83787154315230,971.01,312.237,1.89681,137.505,100.759,-567.602,3.75488,-4.59546,0.0652775,-0.08012,0.994645,58.3964,58.3964,1,968.905,334.703,1.85224,198.789,103.239,-564.017,-2.63318,-4.10606,-0.0458236,-0.0716029,0.99638,58.3964,58.3964,1,969.958,323.47,1,0
83787156818440,973.645,314.632,1.86453,137.524,100.8,-567.507,3.77531,-4.16305,0.0656702,-0.0725949,0.995197,58.3947,58.3947,1,968.905,315.393,1.8484,198.805,103.191,-564.075,-2.38582,-4.85516,-0.041479,-0.0846371,0.995548,58.3947,58.3947,1,971.275,315.013,1,0
83787159314710,974.099,312.237,1.86708,137.539,100.807,-567.517,3.95384,-4.34442,0.0687546,-0.0757518,0.994753,58.398,58.398,1,968.994,315.393,1.85738,198.808,103.206,-564.14,-2.64338,-4.91175,-0.04595,-0.0856213,0.995268,58.398,58.398,1,971.546,313.815,1,0
83787161814440,974.099,312.237,1.90056,137.537,100.773,-567.626,3.98757,-5.34607,0.0692375,-0.0931711,0.99324,58.4004,58.4004,1,968.994,315.393,1.87076,198.817,103.24,-564.083,-2.35418,-4.47223,-0.0409515,-0.077976,0.996114,58.4004,58.4004,1,971.546,313.815,1,0
83787164317650,975.454,312.237,1.89024,137.535,100.807,-567.608,3.94975,-4.57129,0.0686624,-0.0796995,0.994451,58.4067,58.4067,1,968.905,315.393,1.85386,198.819,103.226,-564.239,-2.71178,-4.7239,-0.0471512,-0.0823542,0.995487,58.4067,58.4067,1,972.18,313.815,1,0
83787166817400,973.645,312.237,1.91437,137.529,100.788,-567.671,3.66885,-4.72653,0.0637721,-0.0824,0.994557,58.4054,58.4054,1,968.994,315.393,1.87984,198.823,103.273,-564.156,-2.36134,-4.28882,-0.041086,-0.0747841,0.996353,58.4054,58.4054,1,971.319,313.815,1,0
83787169320600,974.099,312.237,1.88969,137.549,100.796,-567.664,3.9417,-5.20883,0.0684574,-0.090786,0.993515,58.4106,58.4106,1,968.994,315.393,1.85749,198.844,103.241,-564.267,-2.20056,-4.75104,-0.0382656,-0.0828262,0.995829,58.4106,58.4106,1,971.546,313.815,1,0
83787171816870,975.454,306.735,1.90907,137.545,100.777,-567.811,3.79792,-5.04142,0.0659814,-0.0878759,0.993944,58.4212,58.4212,1,968.994,315.393,1.87241,198.833,103.269,-564.349,-2.70184,-4.59867,-0.0469868,-0.0801758,0.995673,58.4212,58.4212,1,972.224,311.064,1,0
83787174320080,975.454,310.02,1.91227,137.565,100.815,-567.7,3.84132,-4.5127,0.0667857,-0.07868,0.99466,58.4151,58.4151,1,968.905,315.393,1.83644,198.828,103.288,-564.345,-2.82719,-4.69155,-0.0491586,-0.0817915,0.995436,58.4151,58.4151,1,972.18,312.707,1,0
83787176819830,973.645,312.237,1.86964,137.56,100.841,-567.721,3.70262,-4.15194,0.0644084,-0.0724016,0.995294,58.4208,58.4208,1,968.994,315.393,1.8603,198.853,103.274,-564.447,-2.45031,-4.89035,-0.0425973,-0.0852491,0.995449,58.4208,58.4208,1,971.319,313.815,1,0
83787179323040,974.099,310.02,1.90781,137.558,100.803,-567.91,3.62382,-4.98879,0.062966,-0.0869608,0.99422,58.4242,58.4242,1,968.994,315.393,1.83641,198.836,103.319,-564.334,-2.48533,-4.40861,-0.0432352,-0.0768689,0.996103,58.4242,58.4242,1,971.546,312.707,1,0
83787181819310,973.687,306.735,1.89128,137.573,100.815,-567.907,3.71439,-4.79676,0.064556,-0.0836215,0.994404,58.4305,58.4305,1,968.994,315.393,1.85654,198.852,103.303,-564.47,-2.64287,-4.59994,-0.0459619,-0.0801979,0.995719,58.4305,58.4305,1,971.34,311.064,1,0
83787184315570,973.948,310.02,1.86793,137.579,100.819,-567.918,3.7182,-4.46142,0.0646528,-0.0777878,0.994871,58.4329,58.4329,1,968.905,315.393,1.83803,198.848,103.301,-564.51,-2.66266,-4.45202,-0.0463152,-0.0776243,0.995906,58.4329,58.4329,1,971.426,312.707,1,0
83787186822250,973.645,310.02,1.86274,137.57,100.81,-567.963,3.63524,-4.9591,0.0631669,-0.0864447,0.994252,58.4376,58.4376,1,968.994,315.393,1.86005,198.854,103.324,-564.569,-2.61283,-4.2177,-0.0454632,-0.0735463,0.996255,58.4376,58.4376,1,971.319,312.707,1,0
83787189318520,973.687,310.02,1.85264,137.581,100.825,-568.041,3.68782,-4.34585,0.0641353,-0.0757767,0.99506,58.4557,58.4557,1,968.905,315.393,1.86122,198.879,103.225,-564.852,-3.0495,-6.06008,-0.0529015,-0.105571,0.993004,58.4557,58.4557,1,971.296,312.707,1,0
83787191821730,973.687,310.02,1.83776,137.605,100.836,-567.97,3.906,-4.44459,0.067915,-0.077495,0.994677,58.443,58.443,1,968.335,315.393,1.85403,198.863,103.322,-564.682,-2.77002,-4.329,-0.0481892,-0.0754834,0.995982,58.443,58.443,1,971.011,312.707,1,0
83787194321470,973.687,310.02,1.82829,137.591,100.811,-568.062,3.6729,-5.0918,0.0638075,-0.0887518,0.994008,58.4508,58.4508,1,968.905,315.393,1.82918,198.879,103.277,-564.739,-2.49668,-5.11878,-0.0433878,-0.0892208,0.995066,58.4508,58.4508,1,971.296,312.707,1,0
83787196824680,973.687,310.02,1.82242,137.602,100.832,-568.041,3.76344,-4.62782,0.0654233,-0.080683,0.99459,58.4556,58.4556,1,968.905,315.393,1.845,198.883,103.287,-564.87,-2.73191,-5.09374,-0.0474746,-0.0887855,0.994919,58.4556,58.4556,1,971.296,312.707,1,0
83787199320950,973.687,310.02,1.83002,137.605,100.825,-568.134,3.84697,-4.48503,0.0668865,-0.0781986,0.994692,58.4622,58.4622,1,968.905,315.393,1.84037,198.902,103.274,-564.911,-2.25951,-5.3912,-0.0392513,-0.0939554,0.994802,58.4622,58.4622,1,971.296,312.707,1,0
83787201820690,973.687,310.02,1.85241,137.608,100.834,-568.132,3.78387,-4.16246,0.065819,-0.0725847,0.995188,58.463,58.463,1,968.905,315.393,1.84122,198.91,103.283,-564.936,-2.04296,-4.84636,-0.0355214,-0.0844841,0.995791,58.463,58.463,1,971.296,312.707,1,0
83787204323890,973.687,310.02,1.86172,137.617,100.823,-568.243,3.96873,-4.45854,0.0690026,-0.0777377,0.994583,58.4664,58.4664,1,968.905,314.701,1.86141,198.895,103.322,-564.904,-2.49331,-4.70047,-0.0433564,-0.0819467,0.995693,58.4664,58.4664,1,971.296,312.361,1,0
83787206820160,976.642,310.02,1.84581,137.608,100.816,-568.332,3.81376,-4.34877,0.0663221,-0.0758276,0.994913,58.4742,58.4742,1,968.905,314.701,1.81338,198.889,103.305,-564.975,-2.63314,-5.20146,-0.0457517,-0.090658,0.994831,58.4742,58.4742,1,972.773,312.361,1,0
83787209323370,977.852,311.432,1.85907,137.608,100.813,-568.363,3.79214,-4.27947,0.0659525,-0.0746213,0.995029,58.479,58.479,1,968.905,314.701,1.84852,198.895,103.328,-565.05,-2.62783,-4.97029,-0.0456759,-0.0866392,0.995192,58.479,58.479,1,973.379,313.067,1,0
83787211823120,977.852,310.02,1.8487,137.607,100.814,-568.427,3.84923,-4.70956,0.0669046,-0.0821048,0.994375,58.4803,58.4803,1,968.905,314.701,1.85729,198.894,103.34,-565.018,-2.45968,-4.8306,-0.042764,-0.08421,0.99553,58.4803,58.4803,1,973.379,312.361,1,0
83787214326330,978.389,310.02,1.86046,137.61,100.797,-568.508,3.86473,-4.34303,0.0672076,-0.0757276,0.994861,58.4832,58.4832,1,968.905,314.701,1.83046,198.891,103.358,-565,-2.27031,-4.36581,-0.039499,-0.076124,0.996316,58.4832,58.4832,1,973.647,312.361,1,0
83787216822600,976.642,310.02,1.86166,137.604,100.773,-568.635,3.75879,-4.9468,0.0653121,-0.0862307,0.994132,58.4944,58.4944,1,968.905,314.701,1.81555,198.892,103.364,-565.104,-2.51394,-4.3769,-0.0437346,-0.0763171,0.996124,58.4944,58.4944,1,972.773,312.361,1,0
83787219325800,977.852,311.432,1.83852,137.618,100.818,-568.463,3.97098,-4.10323,0.0690737,-0.0715536,0.995042,58.4866,58.4866,1,968.905,314.701,1.86097,198.901,103.359,-565.122,-2.32146,-4.50559,-0.0403808,-0.0785564,0.996092,58.4866,58.4866,1,973.379,313.067,1,0
83787221825550,978.389,310.02,1.85453,137.613,100.781,-568.655,3.9711,-4.72555,0.0690178,-0.082383,0.994208,58.5013,58.5013,1,970.643,314.701,1.8697,198.893,103.346,-565.23,-2.57192,-4.56708,-0.0447309,-0.0796262,0.995821,58.5013,58.5013,1,974.516,312.361,1,0
83787224321810,978.389,310.02,1.86103,137.616,100.827,-568.46,3.80338,-3.80547,0.0661865,-0.0663692,0.995597,58.4887,58.4887,1,970.643,322.074,1.86013,198.888,103.372,-565.175,-2.49906,-4.1154,-0.0434905,-0.0717656,0.996473,58.4887,58.4887,1,974.516,316.047,1,0
83787226828490,976.642,310.02,1.8564,137.606,100.794,-568.607,3.73234,-4.76698,0.0648705,-0.0831036,0.994427,58.4963,58.4963,1,970.643,322.074,1.85606,198.883,103.386,-565.185,-2.35134,-3.72666,-0.0409403,-0.0649966,0.997045,58.4963,58.4963,1,973.643,316.047,1,0
83787229324760,978.389,310.02,1.85009,137.613,100.799,-568.638,3.80177,-4.66153,0.0660855,-0.0812694,0.994499,58.5048,58.5048,1,968.905,322.074,1.8631,198.886,103.359,-565.33,-2.82233,-4.43381,-0.0490917,-0.0773073,0.995798,58.5048,58.5048,1,973.647,316.047,1,0
83787231827970,978.389,310.02,1.85625,137.605,100.791,-568.661,3.85233,-4.00015,0.0670215,-0.0697592,0.99531,58.51,58.51,1,970.643,314.701,1.84478,198.884,103.322,-565.406,-2.75741,-4.7872,-0.0479395,-0.0834552,0.995358,58.51,58.51,1,974.516,312.361,1,0
83787234324240,978.389,310.02,1.85707,137.614,100.803,-568.65,3.86856,-4.44096,0.0672652,-0.0774318,0.994726,58.5082,58.5082,1,969.279,322.074,1.84504,198.883,103.36,-565.392,-2.59612,-4.06216,-0.0451815,-0.0708386,0.996464,58.5082,58.5082,1,973.834,316.047,1,0
83787236830920,978.389,310.02,1.86494,137.615,100.807,-568.664,3.84119,-4.07779,0.0668216,-0.0711107,0.995228,58.5167,58.5167,1,969.279,322.074,1.84105,198.904,103.303,-565.543,-2.60131,-5.04252,-0.0452102,-0.0878949,0.995103,58.5167,58.5167,1,973.834,316.047,1,0
83787239327190,979.048,310.02,1.85623,137.615,100.788,-568.703,3.86919,-4.41221,0.0672788,-0.0769314,0.994764,58.5098,58.5098,1,969.279,322.074,1.85212,198.885,103.395,-565.377,-2.3723,-3.59606,-0.0413111,-0.0627218,0.997176,58.5098,58.5098,1,974.163,316.047,1,0
83787241830400,981.282,310.02,1.85612,137.618,100.774,-568.855,4.04567,-4.6281,0.0703216,-0.0806878,0.994256,58.5306,58.5306,1,969.279,314.701,1.81035,198.9,103.279,-565.633,-2.62985,-5.5858,-0.0456655,-0.0973362,0.994203,58.5306,58.5306,1,975.28,312.361,1,0
83787244326670,980.486,310.02,1.86232,137.614,100.786,-568.772,3.82646,-4.47894,0.0665309,-0.0780926,0.994724,58.5232,58.5232,1,969.279,322.074,1.85317,198.895,103.325,-565.573,-2.62287,-4.98427,-0.0455887,-0.0868822,0.995175,58.5232,58.5232,1,974.882,316.047,1,0
83787246826410,978.389,310.02,1.87123,137.608,100.778,-568.82,3.75197,-4.00644,0.0652774,-0.0698686,0.995418,58.5322,58.5322,1,969.279,314.701,1.82655,198.899,103.283,-565.704,-2.82666,-5.66649,-0.0490736,-0.0987378,0.993903,58.5322,58.5322,1,973.834,312.361,1,0
83787249329620,980.486,310.02,1.85411,137.614,100.764,-568.9,3.91951,-4.54696,0.0681398,-0.0792762,0.994521,58.5318,58.5318,1,969.279,322.074,1.85162,198.91,103.345,-565.628,-2.32028,-4.56204,-0.0403572,-0.0795385,0.996015,58.5318,58.5318,1,974.882,316.047,1,0
83787251829360,980.486,310.02,1.8523,137.604,100.793,-568.856,3.78715,-3.92126,0.0658955,-0.0683854,0.99548,58.5393,58.5393,1,969.279,314.701,1.84383,198.912,103.286,-565.824,-2.68225,-5.71227,-0.0465647,-0.0995329,0.993944,58.5393,58.5393,1,974.882,312.361,1,0
83787254332570,980.394,310.02,1.85816,137.613,100.778,-568.874,3.82411,-3.96767,0.066534,-0.0691935,0.995382,58.5367,58.5367,1,969.279,314.701,1.80531,198.9,103.317,-565.754,-2.53742,-5.31736,-0.0440813,-0.0926723,0.99472,58.5367,58.5367,1,974.836,312.361,1,0
83787256828840,980.394,310.02,1.84835,137.618,100.766,-568.932,3.96878,-4.18071,0.0690288,-0.0729024,0.994947,58.5395,58.5395,1,969.279,314.701,1.81933,198.891,103.335,-565.757,-2.76766,-5.09182,-0.0480955,-0.088752,0.994892,58.5395,58.5395,1,974.836,312.361,1,0
83787259332050,980.486,310.02,1.84667,137.609,100.752,-569.022,3.83174,-4.3078,0.0666379,-0.0751145,0.994946,58.5383,58.5383,1,969.279,322.074,1.83471,198.892,103.39,-565.653,-2.1872,-3.92938,-0.0380749,-0.0685269,0.996922,58.5383,58.5383,1,974.882,316.047,1,0
83787261831780,980.486,310.719,1.86871,137.61,100.738,-569.018,3.84307,-4.48251,0.066819,-0.0781547,0.994699,58.5456,58.5456,1,969.279,314.701,1.82369,198.894,103.341,-565.797,-2.62858,-5.29824,-0.0456653,-0.0923399,0.99468,58.5456,58.5456,1,974.882,312.71,1,0
83787264335000,980.394,310.02,1.83685,137.601,100.722,-569.109,3.6847,-4.52289,0.0640657,-0.0788574,0.994825,58.5538,58.5538,1,969.279,314.701,1.88387,198.895,103.327,-565.87,-2.53124,-5.43571,-0.0439656,-0.0947288,0.994532,58.5538,58.5538,1,974.836,312.361,1,0
83787266831260,980.486,310.02,1.86489,137.624,100.75,-569.034,3.96286,-4.25836,0.068919,-0.074254,0.994855,58.5493,58.5493,1,969.279,314.701,1.89078,198.895,103.364,-565.868,-2.46176,-4.70066,-0.0428082,-0.08195,0.995717,58.5493,58.5493,1,974.882,312.361,1,0
83787269331000,980.486,310.719,1.85338,137.607,100.723,-569.147,3.75155,-4.3674,0.0652401,-0.0761518,0.99496,58.5574,58.5574,1,969.279,314.701,1.89909,198.897,103.356,-565.918,-2.43051,-5.03602,-0.042244,-0.0877819,0.995244,58.5574,58.5574,1,974.882,312.71,1,0
83787271834210,980.394,310.719,1.86663,137.61,100.725,-569.195,3.80157,-4.44992,0.0661014,-0.0775877,0.994792,58.5591,58.5591,1,969.279,314.701,1.88997,198.899,103.372,-565.912,-2.31596,-4.50498,-0.0402853,-0.0785458,0.996096,58.5591,58.5591,1,974.836,312.71,1,0
83787274330480,980.394,310.02,1.84478,137.607,100.66,-569.254,3.83827,-5.22365,0.0666623,-0.0910437,0.993613,58.5619,58.5619,1,972.738,314.701,1.88294,198.893,103.383,-565.898,-2.33955,-4.43376,-0.0406993,-0.0773066,0.996176,58.5619,58.5619,1,976.566,312.361,1,0
83787276833690,980.486,310.02,1.84733,137.607,100.699,-569.21,3.76028,-4.5915,0.0653717,-0.0800511,0.994645,58.5616,58.5616,1,976.62,314.701,1.91378,198.902,103.398,-565.948,-2.2191,-3.80584,-0.0386355,-0.0663756,0.997046,58.5616,58.5616,1,978.553,312.361,1,0
83787279333440,980.394,310.719,1.87088,137.608,100.701,-569.175,3.73749,-4.16235,0.0650134,-0.0725828,0.995241,58.5631,58.5631,1,978.036,314.701,1.90099,198.895,103.386,-566.012,-2.43602,-4.11655,-0.042394,-0.0717856,0.996519,58.5631,58.5631,1,979.215,312.71,1,0
83787281836640,980.394,310.02,1.86378,137.594,100.668,-569.321,3.5555,-5.04224,0.0617754,-0.0878901,0.994213,58.5707,58.5707,1,978.036,325.36,1.87688,198.903,103.405,-566.025,-2.11288,-3.7291,-0.0367903,-0.0650391,0.997204,58.5707,58.5707,1,979.215,317.69,1,0
83787284332910,980.394,310.02,1.93152,137.603,100.663,-569.31,3.71111,-4.70995,0.0645073,-0.0821117,0.994533,58.5717,58.5717,1,978.036,329.383,1.91014,198.9,103.402,-566.055,-2.35369,-4.11188,-0.0409625,-0.0717042,0.996584,58.5717,58.5717,1,979.215,319.702,1,0
83787286839600,976.913,310.02,1.84113,137.605,100.659,-569.334,3.71243,-4.80538,0.0645212,-0.0837714,0.994394,58.5764,58.5764,1,976.894,329.502,1.90251,198.899,103.366,-566.12,-2.45672,-4.42787,-0.0427368,-0.077204,0.996099,58.5764,58.5764,1,976.903,319.761,1,0
83787289335860,976.788,310.719,1.87019,137.609,100.68,-569.293,3.75724,-4.21625,0.0653518,-0.073521,0.99515,58.5724,58.5724,1,978.036,329.502,1.85905,198.89,103.408,-566.093,-2.35699,-3.54848,-0.0410468,-0.061893,0.997238,58.5724,58.5724,1,977.412,320.11,1,0
83787291832130,980.053,310.02,1.83765,137.616,100.666,-569.262,3.81514,-4.55513,0.0663273,-0.0794183,0.994632,58.5763,58.5763,1,978.036,328.646,1.89207,198.907,103.365,-566.192,-2.25224,-4.44333,-0.0391807,-0.077473,0.996224,58.5763,58.5763,1,979.044,319.333,1,0
83787294335340,976.913,310.02,1.8503,137.609,100.667,-569.307,3.65388,-4.45442,0.0635365,-0.0776661,0.994953,58.5802,58.5802,1,978.036,329.502,1.88082,198.9,103.402,-566.239,-2.61549,-4.15068,-0.0455135,-0.0723796,0.996338,58.5802,58.5802,1,977.474,319.761,1,0
83787296835080,976.913,310.719,1.86462,137.616,100.652,-569.348,3.85211,-4.46011,0.0669779,-0.0777651,0.994719,58.5845,58.5845,1,978.036,329.502,1.88782,198.916,103.343,-566.271,-2.22922,-4.90456,-0.0387549,-0.0854963,0.995584,58.5845,58.5845,1,977.474,320.11,1,0
83787299338290,976.788,310.719,1.85807,137.603,100.643,-569.387,3.72904,-4.7728,0.0648125,-0.0832047,0.994423,58.5854,58.5854,1,978.036,329.502,1.87177,198.9,103.399,-566.263,-2.62077,-4.32108,-0.0455952,-0.0753456,0.996114,58.5854,58.5854,1,977.412,320.11,1,0
83787301838020,980.053,310.02,1.91068,137.622,100.646,-569.379,3.93456,-4.4702,0.0684084,-0.0779405,0.994608,58.5848,58.5848,1,978.036,328.646,1.90411,198.912,103.385,-566.257,-2.2332,-4.44631,-0.0388495,-0.0775249,0.996233,58.5848,58.5848,1,979.044,319.333,1,0
83787304341240,976.913,310.719,1.86,137.625,100.666,-569.367,3.95118,-4.05641,0.0687338,-0.0707386,0.995124,58.5857,58.5857,1,978.036,329.502,1.88642,198.904,103.421,-566.303,-2.39298,-3.86697,-0.0416581,-0.0674402,0.996853,58.5857,58.5857,1,977.474,320.11,1,0
83787306837500,980.053,310.719,1.85521,137.609,100.612,-569.542,3.86309,-5.24472,0.0670906,-0.0914098,0.993551,58.5943,58.5943,1,978.036,329.502,1.88627,198.916,103.415,-566.294,-2.14461,-4.18214,-0.0373222,-0.0729273,0.996639,58.5943,58.5943,1,979.044,320.11,1,0
83787309333770,980.053,310.02,1.84978,137.614,100.628,-569.532,3.98705,-4.91037,0.0692757,-0.0855972,0.993919,58.5932,58.5932,1,978.036,329.502,1.91178,198.926,103.439,-566.291,-2.03276,-4.40399,-0.0353662,-0.0767884,0.99642,58.5932,58.5932,1,979.044,319.761,1,0
83787311840460,982.769,310.02,1.84099,137.624,100.647,-569.459,3.87243,-4.55408,0.067322,-0.0794,0.994567,58.5924,58.5924,1,980.384,328.646,1.88808,198.936,103.455,-566.356,-2.16156,-4.60565,-0.0375955,-0.0802973,0.996062,58.5924,58.5924,1,981.576,319.333,1,0
83787314336730,982.769,310.719,1.88758,137.645,100.674,-569.52,3.94157,-4.41668,0.0685351,-0.0770092,0.994672,58.5918,58.5918,1,980.384,329.502,1.87899,198.944,103.495,-566.301,-2.19926,-4.39319,-0.0382621,-0.0766005,0.996327,58.5918,58.5918,1,981.576,320.11,1,0
83787316839930,982.769,310.02,1.88204,137.687,100.692,-569.424,4.20731,-4.9779,0.0730887,-0.0867715,0.993544,58.5922,58.5922,1,991.343,329.502,1.89546,198.973,103.511,-566.414,-1.9953,-4.23233,-0.0347227,-0.073801,0.996668,58.5922,58.5922,1,987.056,319.761,1,0
83787319336200,983.359,310.02,1.89851,137.725,100.764,-569.438,4.70611,-3.5479,0.0818876,-0.061883,0.994718,58.5933,58.5933,1,991.343,329.502,1.86252,199.009,103.561,-566.457,-1.74449,-3.84356,-0.0303738,-0.0670325,0.997288,58.5933,58.5933,1,987.351,319.761,1,0
83787321842890,983.359,310.719,1.92348,137.768,100.806,-569.456,4.96465,-3.65828,0.0863647,-0.0638057,0.994218,58.5959,58.5959,1,991.343,329.502,1.88946,199.045,103.571,-566.507,-1.59275,-4.42306,-0.0277124,-0.0771202,0.996637,58.5959,58.5959,1,987.351,320.11,1,0
83787324339150,987.346,310.719,1.92907,137.819,100.838,-569.462,5.26684,-3.08193,0.0916615,-0.053764,0.994338,58.5875,58.5875,1,991.343,331.003,1.85096,199.099,103.664,-566.357,-0.748951,-3.62181,-0.0130452,-0.0631705,0.997918,58.5875,58.5875,1,989.344,320.861,1,0
83787326842370,1002.38,310.719,1.93562,137.849,100.861,-569.585,5.4677,-2.88351,0.0951639,-0.0503055,0.99419,58.5924,58.5924,1,1002.72,331.003,1.85408,199.134,103.746,-566.365,-0.493341,-3.28868,-0.00859615,-0.0573667,0.998316,58.5924,58.5924,1,1002.55,320.861,1,0
83787329342100,1030.49,356.77,1.9254,137.915,100.926,-569.491,5.82642,-2.93415,0.101382,-0.0511882,0.99353,58.5916,58.5916,1,1016.77,331.003,1.90143,199.17,103.762,-566.464,-0.386306,-2.98842,-0.0067331,-0.0521342,0.998617,58.5916,58.5916,1,1023.63,343.887,1,0
83787331838370,1045.18,356.77,1.92257,137.948,101.02,-569.528,5.79822,-1.6622,0.100983,-0.0290067,0.994465,58.5938,58.5938,1,1025.27,331.003,1.90703,199.22,103.826,-566.516,-0.0897187,-2.39107,-0.00156452,-0.04172,0.999128,58.5938,58.5938,1,1035.23,343.887,1,0
83787334341580,1062.41,389.065,1.92963,138.011,101.041,-569.566,6.4515,-1.99848,0.112294,-0.0348729,0.993063,58.595,58.595,1,1072.31,376.107,1.87543,199.263,103.854,-566.516,0.347475,-2.29113,0.00605969,-0.0399771,0.999182,58.595,58.595,1,1067.36,382.586,1,0
83787336841320,1073.89,397.697,1.95149,138.052,101.106,-569.687,6.88052,-1.72769,0.119745,-0.0301493,0.992347,58.6021,58.6021,1,1086.59,395.075,1.86357,199.306,103.951,-566.591,0.861061,-0.543675,0.0150271,-0.00948877,0.999842,58.6021,58.6021,1,1080.24,396.386,1,0
83787339344530,1092.95,397.697,1.96084,138.108,101.171,-569.617,7.54661,-1.31447,0.131298,-0.0229399,0.991077,58.5989,58.5989,1,1092.79,411.709,1.84904,199.336,104.026,-566.629,1.25794,-0.19453,0.0219533,-0.00339517,0.999753,58.5989,58.5989,1,1092.87,404.703,1,0
83787341840800,1092.95,450.547,1.91243,138.173,101.31,-569.434,8.05834,0.175695,0.140181,0.00306645,0.990121,58.5913,58.5913,1,1109.46,445.151,1.88204,199.362,104.068,-566.701,1.27855,-0.678124,0.0223115,-0.0118352,0.999681,58.5913,58.5913,1,1101.21,447.849,1,0
83787344344010,1130.03,450.547,1.93923,138.195,101.329,-569.661,8.27031,0.600915,0.143836,0.0104878,0.989546,58.595,58.595,1,1133.92,450.801,1.87884,199.384,104.17,-566.582,1.69469,-0.08246,0.0295736,-0.0014392,0.999562,58.595,58.595,1,1131.98,450.674,1,0
83787346843750,1154.47,466.012,1.94818,138.245,101.422,-569.57,8.43535,1.39446,0.14665,0.0243355,0.988889,58.5883,58.5883,1,1162.64,541.211,1.87901,199.413,104.286,-566.587,1.93518,1.06387,0.033763,0.018567,0.999257,58.5883,58.5883,1,1158.55,503.611,1,0
83787349346960,1192.36,489.39,1.94429,138.278,101.549,-569.435,8.4051,2.14792,0.146068,0.0374794,0.988564,58.5745,58.5745,1,1184.73,541.211,1.87227,199.412,104.352,-566.48,2.00454,1.198,0.0349711,0.0209076,0.99917,58.5745,58.5745,1,1188.54,515.3,1,0
83787351843220,1221.58,573.647,1.93289,138.293,101.546,-569.655,8.33083,2.15859,0.144786,0.0376656,0.988746,58.5939,58.5939,1,1185.96,541.211,1.87034,199.449,104.383,-566.682,2.00706,0.131943,0.0350225,0.00230283,0.999384,58.5939,58.5939,1,1203.77,557.429,1,0
83787354342970,1233.9,597.654,1.98702,138.322,101.65,-569.686,8.32074,3.13071,0.144498,0.054614,0.987997,58.5915,58.5915,1,1209.13,574.7,1.86376,199.444,104.544,-566.671,2.03478,2.09412,0.0354825,0.0365411,0.998702,58.5915,58.5915,1,1221.52,586.177,1,0
83787356846180,1237.51,642.735,1.90258,138.382,101.789,-569.5,9.01249,3.72208,0.156319,0.0649169,0.985571,58.5733,58.5733,1,1222.58,587.859,1.85066,199.458,104.628,-566.528,2.25236,2.59311,0.0392608,0.0452429,0.998204,58.5733,58.5733,1,1230.05,615.297,1,0
83787359342450,1237.51,685.755,1.89644,138.428,101.898,-569.398,9.26902,4.59614,0.160552,0.0801318,0.983769,58.5748,58.5748,1,1226.45,587.859,1.84167,199.504,104.7,-566.713,2.58076,3.57209,0.0449401,0.0623044,0.997045,58.5748,58.5748,1,1231.98,636.807,1,0
83787361849130,1237.51,686.376,1.92492,138.451,101.937,-569.586,9.62263,4.73805,0.166587,0.0826004,0.982561,58.5824,58.5824,1,1226.61,587.859,1.85491,199.525,104.791,-566.719,2.72123,3.24959,0.0474002,0.0566856,0.997266,58.5824,58.5824,1,1232.06,637.117,1,0
83787364345390,1237.51,741.67,1.9345,138.495,102.072,-569.555,10.0607,6.05803,0.173716,0.105536,0.979125,58.5828,58.5828,1,1228.2,697.312,1.84996,199.539,104.869,-566.816,2.89719,4.06014,0.0504172,0.0708036,0.996215,58.5828,58.5828,1,1232.86,719.491,1,0
83787366848610,1277.01,776.112,1.88562,138.526,102.132,-569.649,10.6039,6.4969,0.182836,0.11315,0.976611,58.5878,58.5878,1,1240.37,725.377,1.86366,199.559,104.958,-566.87,3.20181,5.10393,0.0556316,0.0889626,0.99448,58.5878,58.5878,1,1258.69,750.744,1,0
83787369344870,1291.82,826.262,1.91635,138.547,102.192,-569.728,10.9731,7.2183,0.188839,0.12565,0.973936,58.5741,58.5741,1,1258.71,762.933,1.83578,199.544,105.114,-566.556,3.13278,5.93975,0.0543567,0.103483,0.993145,58.5741,58.5741,1,1275.27,794.597,1,0
83787371851550,1312.27,834.916,1.87579,138.581,102.322,-569.549,10.7493,7.90447,0.18474,0.137522,0.973118,58.5598,58.5598,1,1266.51,762.933,1.81353,199.534,105.248,-566.502,3.0394,6.4681,0.0526851,0.11265,0.992237,58.5598,58.5598,1,1289.39,798.925,1,0
83787374347820,1337.56,911.154,1.83893,138.635,102.465,-569.485,11.0533,9.0057,0.189358,0.156533,0.969351,58.564,58.564,1,1276.41,808.476,1.8281,199.566,105.292,-566.706,3.38657,7.07175,0.058623,0.123112,0.99066,58.564,58.564,1,1306.99,859.815,1,0
83787376847560,1369.02,937.253,1.88113,138.677,102.581,-569.382,11.2953,9.64344,0.193099,0.167516,0.966774,58.5569,58.5569,1,1284.37,867.243,1.8282,199.555,105.432,-566.727,3.19549,8.59524,0.0551168,0.149453,0.987231,58.5569,58.5569,1,1326.7,902.248,1,0
83787379347300,1377.64,979.528,1.8783,138.694,102.58,-569.787,12.1514,10.1072,0.20723,0.17549,0.962424,58.5854,58.5854,1,1284.37,914.587,1.80487,199.598,105.49,-566.942,3.44425,8.91356,0.0593518,0.154944,0.986139,58.5854,58.5854,1,1331.01,947.057,1,0
83787381847040,1377.64,1019.27,1.86527,138.745,102.722,-569.731,12.2253,11.2351,0.207699,0.194836,0.958593,58.5557,58.5557,1,1284.37,944.843,1.82674,199.576,105.702,-566.461,3.7732,9.48994,0.0649066,0.164874,0.984177,58.5557,58.5557,1,1331.01,982.057,1,0
83787384350250,1395.4,1080,1.84764,138.781,102.751,-569.892,12.8478,11.2916,0.218058,0.195803,0.956092,58.5703,58.5703,1,1293.11,979.262,1.83902,199.579,105.778,-566.639,3.62821,10.4216,0.0622379,0.18089,0.981532,58.5703,58.5703,1,1344.25,1031.73,1,0
83787386849990,1409.49,1080,1.82842,138.847,102.921,-569.634,12.7818,12.5555,0.215948,0.217386,0.951898,58.5598,58.5598,1,1293.11,1065.97,1.79558,199.643,105.853,-566.74,4.55267,11.3064,0.077835,0.196056,0.977499,58.5598,58.5598,1,1351.3,1094.12,1,0
83787389353200,1459.54,1080,1.81987,138.88,103.087,-569.571,12.7367,14.007,0.213915,0.24204,0.946392,58.5332,58.5332,1,1306.94,1080,1.68573,199.651,106.119,-566.353,5.07434,12.6038,0.0863168,0.218208,0.972078,58.5332,58.5332,1,1383.24,1118.15,1,0
83787391849470,1464.09,1080,1.80874,138.902,103.156,-569.687,13.3808,14.7262,0.22382,0.254201,0.940897,58.5666,58.5666,1,1317.32,1080,1.80849,199.68,106.004,-566.935,5.03922,11.7631,0.085993,0.203866,0.975215,58.5666,58.5666,1,1390.71,1168.6,1,0
83787394352680,1494.58,1080,1.80778,138.932,103.289,-569.512,13.5292,15.2195,0.225735,0.262517,0.938151,58.5435,58.5435,1,1317.32,1080,1.71524,199.643,106.185,-566.702,4.79787,13.0471,0.0814815,0.225752,0.970771,58.5435,58.5435,1,1405.95,1198.1,1,0
83787396852420,1494.58,1080,1.81968,138.948,103.324,-569.798,14.396,16.0252,0.238961,0.276061,0.930961,58.5458,58.5458,1,1369.01,1080,1.71122,199.661,106.341,-566.517,5.1998,13.7655,0.0880259,0.237949,0.96728,58.5458,58.5458,1,1431.79,1262,1,0
83787399348690,1494.58,1080,1.82615,138.989,103.412,-569.926,14.919,17.0282,0.246167,0.292843,0.923929,58.5687,58.5687,1,1382.76,1080,1.67684,199.711,106.352,-566.902,5.75684,14.2497,0.0972206,0.246148,0.964344,58.5687,58.5687,1,1438.67,1319.99,1,0
83787401851900,1532.52,1080,1.80941,139.01,103.448,-570.023,15.4878,17.2719,0.254992,0.296907,0.920231,58.5621,58.5621,1,1382.76,1080,1.68041,199.662,106.501,-566.714,5.16017,14.8292,0.0869446,0.255938,0.962775,58.5621,58.5621,1,1457.64,1343.22,1,0
83787404351630,1541.17,1080,1.82921,139.027,103.569,-570.015,15.6919,18.46,0.256547,0.316643,0.913193,58.552,58.552,1,1382.76,1080,1.68405,199.685,106.682,-566.59,5.65629,16.39,0.0945554,0.282174,0.954692,58.552,58.552,1,1461.97,1396.41,1,0
83787406854850,1592.7,1080,1.86257,139.039,103.669,-569.992,15.652,18.905,0.255241,0.324,0.910975,58.5507,58.5507,1,1403.09,1080,1.63249,199.699,106.776,-566.636,5.79773,16.9537,0.0966268,0.291599,0.951648,58.5507,58.5507,1,1497.9,1444.94,1,0
83787409351110,1624.17,1080,1.77514,139.061,103.688,-570.17,16.557,19.1928,0.269131,0.328747,0.905259,58.5741,58.5741,1,1403.09,1080,1.58537,199.789,106.826,-566.974,7.05773,18.1087,0.116783,0.31082,0.943267,58.5741,58.5741,1,1513.63,1492.78,1,0
83787411854320,1658.39,1080,1.81621,139.07,103.779,-570.043,16.2603,19.5057,0.263932,0.333901,0.904903,58.5772,58.5772,1,1403.09,1080,1.61268,199.792,106.857,-567.2,7.08078,18.9139,0.116613,0.324147,0.938792,58.5772,58.5772,1,1530.74,1519.07,1,0
83787414354060,1668.34,1080,1.78617,139.103,103.919,-569.901,16.3529,20.2941,0.264076,0.346839,0.899982,58.5489,58.5489,1,1430.94,1080,1.64942,199.808,107.06,-566.831,7.55308,19.5048,0.123902,0.333885,0.934435,58.5489,58.5489,1,1549.64,1605.3,1,0
83787416850330,1668.34,1080,1.80037,139.121,104.004,-569.922,16.4559,21.1387,0.264215,0.360627,0.894505,58.5654,58.5654,1,1438.78,1080,1.64731,199.827,107.053,-567.182,7.7415,20.7261,0.125986,0.3539,0.926759,58.5654,58.5654,1,1553.56,1637.25,1,0
83787419353540,1705.11,1080,1.81229,139.107,104.024,-570.054,16.5791,21.4821,0.265516,0.36621,0.891847,58.5829,58.5829,1,1509.86,1080,1.64449,199.809,107.071,-567.433,7.26122,21.123,0.117901,0.360372,0.925328,58.5829,58.5829,1,1607.49,1686.44,1,0
83787421853280,1705.11,1080,1.80472,139.15,104.171,-569.803,16.3986,21.7584,0.262205,0.370693,0.890974,58.5657,58.5657,1,1511.28,1080,1.65627,199.811,107.226,-567.398,7.3031,22.5077,0.117435,0.382807,0.916334,58.5657,58.5657,1,1608.2,1721.15,1,0
83787424356500,1710.69,1080,1.8159,139.144,104.218,-569.976,17.1626,22.7341,0.272158,0.386455,0.881239,58.5783,58.5783,1,1493.24,1080,1.74311,199.774,107.301,-567.527,6.7628,24.0505,0.107536,0.407542,0.906833,58.5783,58.5783,1,1601.97,1766.82,1,0
83787426852760,1713.59,1080,1.76979,139.136,104.266,-570.027,17.2793,23.1606,0.273091,0.39331,0.877912,58.5742,58.5742,1,1495.43,1080,1.66787,199.779,107.388,-567.425,6.8008,23.9446,0.108227,0.405853,0.907508,58.5742,58.5742,1,1604.51,1834.62,1,0
83787429355970,1713.59,1080,1.81995,139.151,104.371,-569.868,16.4228,23.085,0.260084,0.392096,0.882393,58.5566,58.5566,1,1495.82,1080,1.65567,199.773,107.53,-567.274,6.80918,24.6915,0.107723,0.417732,0.902162,58.5566,58.5566,1,1604.7,1859.01,1,0
83787431855710,1713.59,1080,1.78583,139.165,104.396,-570.028,17.1191,23.856,0.269211,0.404439,0.874045,58.561,58.561,1,1495.43,1080,1.71118,199.754,107.602,-567.235,6.66713,24.2766,0.105834,0.411141,0.905407,58.561,58.561,1,1604.51,1913.12,1,0
83787434358920,1719.47,1080,1.78953,139.154,104.452,-570.013,17.168,24.1837,0.269269,0.409664,0.87159,58.5687,58.5687,1,1495.43,1080,1.70512,199.76,107.64,-567.44,6.83557,25.1304,0.107754,0.424679,0.898908,58.5687,58.5687,1,1607.45,1998.45,1,0
83787436858660,1721.55,1080,1.80599,139.129,104.474,-570.225,17.5149,25.2305,0.272242,0.426262,0.862662,58.5863,58.5863,1,1495.43,1080,1.76051,199.712,107.707,-567.624,5.83777,26.8804,0.0907224,0.452129,0.887327,58.5863,58.5863,1,1608.49,2009.06,1,0
83787439354920,1721.55,1080,1.73637,139.165,104.601,-569.959,17.0467,24.8437,0.266022,0.420145,0.867589,58.5724,58.5724,1,1495.43,1080,1.76494,199.753,107.698,-567.627,6.70897,26.3146,0.10472,0.4433,0.890235,58.5724,58.5724,1,1608.49,2020.35,1,0
83787441858140,1771.22,1080,1.75282,139.17,104.595,-570.123,17.8887,25.0524,0.278271,0.423446,0.862125,58.5635,58.5635,1,1495.43,1080,1.70761,199.71,107.827,-567.307,6.0349,25.7215,0.094717,0.433998,0.895921,58.5635,58.5635,1,1633.32,2055.66,1,0
83787444354400,1730.06,1080,1.74982,139.175,104.762,-569.649,15.7244,24.2369,0.247123,0.410511,0.877731,58.5217,58.5217,1,1495.43,1080,1.6863,199.7,107.97,-566.974,6.14267,24.6694,0.0972383,0.417382,0.903513,58.5217,58.5217,1,1612.75,2076.34,1,0
83787446861090,1730.06,1080,1.7436,139.169,104.738,-570.024,16.7486,25.5588,0.259974,0.431437,0.863872,58.5429,58.5429,1,1490.2,1080,1.74848,199.673,108.065,-567.07,5.75675,25.7032,0.0903803,0.43371,0.896508,58.5429,58.5429,1,1610.13,2076.34,1,0
83787449357350,1741.01,1080,1.73807,139.179,104.816,-569.908,16.5796,25.5817,0.257374,0.431797,0.864471,58.5394,58.5394,1,1490.2,1080,1.85367,199.632,108.086,-567.139,5.12727,25.9097,0.0803854,0.436954,0.895885,58.5394,58.5394,1,1615.6,2076.9,1,0
83787451860560,1745.76,1080,1.72293,139.189,104.866,-569.884,16.6485,25.7621,0.258023,0.434635,0.862854,58.5699,58.5699,1,1458.27,1080,1.83827,199.713,107.933,-567.782,6.11351,27.9234,0.0940994,0.468291,0.878549,58.5699,58.5699,1,1602.02,2077.14,1,0
83787454360310,1741.01,1080,1.71361,139.177,104.854,-570.031,16.9834,26.0472,0.262428,0.439111,0.859252,58.569,58.569,1,1466.23,1080,1.78921,199.714,108.011,-567.635,6.28552,27.7632,0.0968794,0.465819,0.879561,58.569,58.569,1,1603.62,2076.9,1,0
83787456863520,1757.91,1080,1.7237,139.17,104.92,-569.989,16.9912,26.5934,0.26131,0.447656,0.855173,58.5555,58.5555,1,1466.23,1080,1.72742,199.705,108.058,-567.419,6.15931,26.5844,0.0959498,0.447515,0.889114,58.5555,58.5555,1,1612.07,2171.21,1,0
83787459359790,1757.95,1080,1.73628,139.176,104.969,-569.95,16.9941,26.7379,0.261022,0.44991,0.854078,58.5496,58.5496,1,1471.73,1080,1.76585,199.705,108.141,-567.369,6.36922,26.4471,0.0993252,0.445372,0.889819,58.5496,58.5496,1,1614.84,2178.47,1,0
83787461859520,1759.63,1080,1.78857,139.144,104.94,-570.1,17.3538,27.0658,0.265606,0.455014,0.849951,58.5405,58.5405,1,1458.27,1080,1.71457,199.669,108.257,-567.048,6.14388,25.1995,0.09684,0.425771,0.899634,58.5405,58.5405,1,1608.95,2163.38,1,0
83787464362740,1778.72,1080,1.75209,139.16,105.05,-569.939,16.883,27.2622,0.258158,0.458064,0.850607,58.55,58.55,1,1466.23,1080,1.75905,199.691,108.233,-567.434,6.40054,26.5499,0.0997224,0.446977,0.88897,58.55,58.55,1,1622.48,2194.45,1,0
83787466859000,1778.67,1080,1.7193,139.177,105.061,-569.85,16.8191,26.5436,0.258852,0.446879,0.856326,58.5111,58.5111,1,1466.23,1080,1.7772,199.594,108.42,-566.748,5.32612,24.8797,0.0842097,0.420715,0.903276,58.5111,58.5111,1,1622.45,2215.3,1,0
83787469362220,1778.67,1080,1.73795,139.154,105.045,-569.992,16.8654,26.8811,0.258776,0.452141,0.853583,58.5668,58.5668,1,1458.32,1080,1.90149,199.663,108.212,-567.732,5.6585,28.1719,0.0869185,0.472118,0.87724,58.5668,58.5668,1,1618.5,2221.76,1,0
83787471861950,1770.04,1080,1.73188,139.165,105.128,-569.852,16.6966,26.9991,0.255992,0.453976,0.853448,58.5324,58.5324,1,1458.27,1080,1.81238,199.7,108.309,-567.188,6.83209,25.5113,0.107361,0.43069,0.896092,58.5324,58.5324,1,1614.16,2210.68,1,0
83787474365160,1775.1,1080,1.70286,139.16,105.167,-569.691,15.9248,26.256,0.246067,0.442383,0.862409,58.5369,58.5369,1,1466.23,1080,1.87782,199.632,108.35,-567.467,5.29432,27.7001,0.0816969,0.464843,0.881616,58.5369,58.5369,1,1620.67,2198.36,1,0
83787476861430,1770.04,1080,1.71783,139.179,105.201,-569.789,16.6115,27.1859,0.254299,0.456879,0.852405,58.5488,58.5488,1,1466.7,1080,1.76063,199.704,108.293,-567.615,6.34169,27.8071,0.0977023,0.466496,0.87911,58.5488,58.5488,1,1618.37,2221.65,1,0
83787479364640,1770.04,1080,1.69964,139.178,105.272,-569.553,15.8016,26.5015,0.243694,0.446221,0.861104,58.5233,58.5233,1,1458.32,1080,1.75079,199.644,108.393,-567.354,5.50957,27.1619,0.0854238,0.456507,0.88561,58.5233,58.5233,1,1614.18,2221.29,1,0
83787481864380,1770.04,1080,1.72821,139.178,105.286,-569.595,16.0111,26.7605,0.246282,0.450263,0.858259,58.5558,58.5558,1,1465.16,1080,1.79788,199.722,108.275,-567.975,6.25977,29.5704,0.0948344,0.493493,0.864564,58.5558,58.5558,1,1617.6,2221.58,1,0
83787484360640,1764.11,1080,1.74375,139.176,105.289,-569.598,15.963,26.7539,0.245575,0.450159,0.858516,58.5324,58.5324,1,1471.54,1080,1.78261,199.685,108.371,-567.502,5.94689,26.8389,0.092446,0.451484,0.887477,58.5324,58.5324,1,1617.83,2261.75,1,0
83787486867330,1770.04,1080,1.7476,139.18,105.283,-569.748,16.7309,27.3025,0.255807,0.458688,0.850981,58.5282,58.5282,1,1464.65,1080,1.7502,199.677,108.486,-567.292,5.86093,27.0713,0.0909266,0.455099,0.885786,58.5282,58.5282,1,1617.34,2261.78,1,0
83787489363600,1770.04,1080,1.79633,139.138,105.224,-569.911,16.5828,27.4639,0.253236,0.461189,0.850397,58.5656,58.5656,1,1464.65,1080,1.78373,199.738,108.339,-567.87,6.65657,28.5753,0.101798,0.478313,0.87227,58.5656,58.5656,1,1617.34,2261.78,1,0
83787491866810,1771.12,1080,1.76323,139.178,105.308,-569.836,17.0291,27.9896,0.258602,0.469311,0.844317,58.5268,58.5268,1,1469.97,1080,1.75824,199.647,108.541,-567.196,5.43225,26.6152,0.0846372,0.447996,0.89002,58.5268,58.5268,1,1620.55,2257.24,1,0
83787494363080,1771.12,1080,1.76345,139.14,105.248,-569.996,17.0431,28.3266,0.257996,0.474497,0.8416,58.5714,58.5714,1,1471.54,1080,1.90284,199.722,108.397,-567.93,6.31406,29.7624,0.0954712,0.496404,0.862826,58.5714,58.5714,1,1621.33,2267.23,1,0
83787496869760,1776.05,1080,1.7699,139.166,105.294,-569.791,16.6335,27.1953,0.254605,0.457024,0.852235,58.5082,58.5082,1,1464.65,1080,1.92706,199.605,108.725,-566.89,4.95704,27.087,0.0769312,0.455342,0.886986,58.5082,58.5082,1,1620.35,2290.39,1,0
83787499366030,1776.05,1080,1.75649,139.175,105.348,-569.777,16.8551,27.9848,0.256049,0.469238,0.845136,58.568,58.568,1,1464.65,1080,1.95756,199.709,108.375,-568.097,5.76195,30.73,0.0862985,0.510994,0.855241,58.568,58.568,1,1620.35,2290.39,1,0
83787501869240,1776.05,1080,1.77614,139.154,105.312,-569.822,16.5982,27.5756,0.253207,0.462919,0.849466,58.5147,58.5147,1,1464.65,1080,1.74205,199.659,108.69,-566.995,5.60504,27.2934,0.0867968,0.458547,0.884421,58.5147,58.5147,1,1620.35,2290.39,1,0
83787504365510,1776.05,1080,1.76962,139.165,105.323,-569.769,16.6831,27.3442,0.255001,0.459335,0.850873,58.5694,58.5694,1,1466.05,1080,1.93219,199.738,108.39,-568.13,6.12908,31.418,0.0911151,0.521278,0.848509,58.5694,58.5694,1,1621.05,2299.37,1,0
83787506865240,1776.05,1080,1.75987,139.18,105.368,-569.698,16.6986,27.5664,0.254717,0.462776,0.849092,58.5393,58.5393,1,1465.06,1080,1.94523,199.634,108.593,-567.63,4.26077,30.3641,0.0641048,0.505493,0.860446,58.5393,58.5393,1,1620.56,2299.32,1,0
83787509368450,1777.53,1080,1.73701,139.176,105.365,-569.752,16.8366,27.7112,0.256422,0.465016,0.847354,58.5558,58.5558,1,1467.56,1080,1.8266,199.77,108.483,-567.896,6.70978,31.255,0.0998829,0.518848,0.849012,58.5558,58.5558,1,1622.54,2316.14,1,0
83787511868190,1776.05,1080,1.73594,139.185,105.418,-569.557,16.0319,27.0947,0.245864,0.455462,0.855631,58.5168,58.5168,1,1467.56,1080,1.94551,199.664,108.65,-567.322,4.9749,28.9548,0.0758796,0.484119,0.871706,58.5168,58.5168,1,1621.8,2309.09,1,0
83787514371400,1776.05,1080,1.74417,139.182,105.381,-569.674,16.5263,27.4266,0.252482,0.460613,0.850934,58.567,58.567,1,1477.62,1080,1.95261,199.765,108.431,-568.203,5.91272,33.5167,0.0858848,0.55218,0.829289,58.567,58.567,1,1626.84,2381,1,0
83787516867670,1777.53,1080,1.75759,139.192,105.417,-569.593,16.5823,27.6848,0.25272,0.464607,0.848689,58.5244,58.5244,1,1477.62,1080,1.95436,199.686,108.636,-567.442,4.83275,29.6335,0.0732283,0.49445,0.866116,58.5244,58.5244,1,1627.58,2388.05,1,0
83787519370880,1777.53,1080,1.73612,139.183,105.397,-569.742,16.673,27.9555,0.253431,0.468785,0.846176,58.5613,58.5613,1,1477.62,1080,1.88585,199.772,108.472,-568.029,5.89137,31.8807,0.0871591,0.528152,0.844665,58.5613,58.5613,1,1627.58,2388.05,1,0
83787521870630,1774.26,1080,1.72757,139.189,105.494,-569.263,14.9696,26.2371,0.231693,0.442087,0.866532,58.4951,58.4951,1,1462.36,1080,1.87861,199.705,108.703,-567.187,5.18568,28.6263,0.0793355,0.479094,0.874171,58.4951,58.4951,1,1618.31,2365.88,1,0
83787524366890,1775.74,1080,1.73909,139.225,105.484,-569.469,16.3735,27.4541,0.250151,0.461038,0.851392,58.524,58.524,1,1464.52,1080,1.84582,199.747,108.565,-567.555,5.4855,29.3103,0.083356,0.489539,0.867988,58.524,58.524,1,1620.13,2387.38,1,0
83787526870100,1775.74,1080,1.73806,139.208,105.499,-569.257,15.2991,26.412,0.236316,0.444822,0.86388,58.5038,58.5038,1,1463.43,1080,1.85428,199.747,108.644,-567.364,5.54486,29.1338,0.0844005,0.48685,0.869398,58.5038,58.5038,1,1619.58,2387.34,1,0
83787529369840,1775.74,1080,1.75846,139.225,105.463,-569.513,16.4611,27.5262,0.251288,0.462154,0.850452,58.5167,58.5167,1,1463.43,1080,1.83452,199.761,108.647,-567.374,5.52852,29.4841,0.0838642,0.492182,0.866443,58.5167,58.5167,1,1619.58,2387.34,1,0
83787531873050,1759.38,1080,1.74651,139.215,105.495,-569.324,15.4213,26.7279,0.237502,0.449754,0.860996,58.4975,58.4975,1,1440.45,1080,1.92281,199.754,108.683,-567.174,5.43382,28.2212,0.0834393,0.472876,0.877169,58.4975,58.4975,1,1599.92,2364.13,1,0
83787534369320,1760.84,1080,1.7487,139.24,105.514,-569.406,15.9616,27.2845,0.244397,0.458409,0.854477,58.5171,58.5171,1,1464.52,1080,1.81659,199.811,108.596,-567.488,5.99734,29.2165,0.0911902,0.48811,0.868005,58.5171,58.5171,1,1612.68,2386.55,1,0
83787536872530,1759.49,1080,1.78132,139.179,105.421,-569.499,15.0414,26.4161,0.232421,0.444887,0.864903,58.5142,58.5142,1,1463.43,1080,1.85076,199.829,108.611,-567.314,6.16278,28.2007,0.0946104,0.472561,0.876205,58.5142,58.5142,1,1611.46,2379.99,1,0
83787539372270,1759.38,1080,1.71725,139.253,105.517,-569.367,15.8339,27.0156,0.243077,0.454233,0.85708,58.5021,58.5021,1,1462.36,1080,1.80787,199.868,108.608,-567.214,6.68621,27.5087,0.103268,0.461884,0.880908,58.5021,58.5021,1,1610.87,2365.06,1,0
83787541875480,1724.88,1080,1.74419,139.209,105.438,-569.46,15.0978,26.346,0.233412,0.443791,0.865198,58.5328,58.5328,1,1462.36,1080,1.93865,199.866,108.517,-567.729,5.95632,29.8209,0.0900294,0.497291,0.8629,58.5328,58.5328,1,1593.62,2363.16,1,0
83787544371750,1724.88,1080,1.77071,139.256,105.538,-569.349,15.4987,27.0937,0.237893,0.455447,0.85789,58.5039,58.5039,1,1467.98,1080,1.76769,199.922,108.609,-567.275,6.98639,27.3858,0.108002,0.45998,0.881336,58.5039,58.5039,1,1596.43,2377.76,1,0
83787546871480,1714.08,1080,1.75236,139.234,105.465,-569.385,15.2041,26.4311,0.234844,0.445122,0.864127,58.5264,58.5264,1,1467.98,1080,1.92351,199.905,108.526,-567.676,6.14586,29.1036,0.0935427,0.486391,0.86872,58.5264,58.5264,1,1591.03,2366.95,1,0
83787549374690,1714.08,1080,1.76692,139.285,105.569,-569.237,15.4157,26.8954,0.237068,0.452364,0.859748,58.5018,58.5018,1,1465.81,1080,1.79985,199.938,108.603,-567.349,6.80176,27.8357,0.104731,0.466938,0.878067,58.5018,58.5018,1,1589.94,2352.5,1,0
83787551870960,1691.33,1080,1.73584,139.26,105.492,-569.279,15.0346,26.1531,0.232845,0.440772,0.866893,58.4936,58.4936,1,1462.36,1080,1.93676,199.84,108.626,-567.119,4.86764,26.646,0.0758422,0.448476,0.890571,58.4936,58.4936,1,1576.84,2351.13,1,0
83787554374170,1714.36,1080,1.76402,139.257,105.474,-569.502,15.8053,27.5575,0.241468,0.462639,0.853029,58.5483,58.5483,1,1467.98,1080,1.91219,199.949,108.473,-568.014,5.87989,30.7988,0.0879959,0.512025,0.854451,58.5483,58.5483,1,1591.17,2377.19,1,0
83787556873920,1712.28,1080,1.75147,139.28,105.479,-569.314,15.7009,26.6684,0.241828,0.448826,0.860276,58.4924,58.4924,1,1462.36,1080,1.76751,199.881,108.674,-567.068,5.15557,26.7794,0.0802225,0.450557,0.889136,58.4924,58.4924,1,1587.32,2352.25,1,0
83787559377120,1706.28,1080,1.74756,139.309,105.503,-569.27,15.7176,26.7473,0.24191,0.450057,0.859609,58.5249,58.5249,1,1462.36,1080,1.86642,199.955,108.483,-567.757,5.70248,28.9669,0.0869325,0.484304,0.87057,58.5249,58.5249,1,1584.32,2351.93,1,0
83787561876870,1691.33,1080,1.75261,139.298,105.519,-569.174,15.1711,26.4574,0.234293,0.445533,0.864064,58.4899,58.4899,1,1461.72,1080,1.90431,199.884,108.637,-567.155,4.81025,27.2256,0.0745659,0.457495,0.88608,58.4899,58.4899,1,1576.52,2351.11,1,0
83787564380080,1706.28,1080,1.75321,139.316,105.521,-569.25,15.5441,27.0511,0.238663,0.454785,0.858027,58.5212,58.5212,1,1467.98,1080,1.91084,199.994,108.517,-567.714,6.12887,29.3882,0.093026,0.490724,0.866335,58.5212,58.5212,1,1587.13,2366.53,1,0
83787566876340,1694.15,1080,1.73448,139.339,105.519,-569.133,15.408,26.4436,0.237892,0.445317,0.863192,58.5074,58.5074,1,1462.36,1080,1.93363,199.941,108.546,-567.544,4.93428,28.5892,0.0755256,0.478527,0.874819,58.5074,58.5074,1,1578.25,2349.37,1,0
83787569372610,1696.08,1080,1.72727,139.387,105.568,-569.031,15.5704,26.3294,0.240575,0.443532,0.863367,58.4809,58.4809,1,1461.72,1080,1.91752,199.955,108.639,-567.119,5.36628,27.2848,0.083117,0.458414,0.884844,58.4809,58.4809,1,1578.9,2349.44,1,0
83787571879290,1690.94,1080,1.73867,139.363,105.594,-568.85,14.3766,25.6227,0.223877,0.432442,0.873426,58.451,58.451,1,1461.72,1080,1.88914,199.948,108.74,-566.701,5.42056,26.2473,0.0847255,0.442247,0.892883,58.451,58.451,1,1576.33,2349.17,1,0
83787574375560,1694.15,1080,1.72498,139.393,105.612,-568.993,15.0508,26.7314,0.231923,0.449809,0.862487,58.4851,58.4851,1,1465.81,1080,1.86587,200.054,108.608,-567.251,6.76178,28.1439,0.10382,0.471688,0.875632,58.4851,58.4851,1,1579.98,2349.52,1,0
83787576878770,1687.69,1080,1.72912,139.397,105.634,-568.747,14.245,25.5947,0.221923,0.432002,0.874142,58.4713,58.4713,1,1462.05,1080,1.8793,200.035,108.623,-567.215,6.13318,28.5084,0.0938853,0.477287,0.873718,58.4713,58.4713,1,1574.87,2330.69,1,0
83787579375040,1696.08,1080,1.73611,139.414,105.589,-569.115,15.6177,27.2906,0.239252,0.458504,0.855881,58.4831,58.4831,1,1464.14,1080,1.85679,200.033,108.644,-567.09,5.92178,27.7525,0.0913027,0.465653,0.880245,58.4831,58.4831,1,1580.11,2345.78,1,0
83787581881720,1690.94,1080,1.74117,139.418,105.666,-568.732,14.3258,26.2176,0.221981,0.441781,0.869226,58.4701,58.4701,1,1464.14,1080,1.8579,200.05,108.606,-567.206,5.9343,27.7715,0.091479,0.465947,0.880071,58.4701,58.4701,1,1577.54,2345.51,1,0
83787584377990,1694.15,1080,1.7529,139.435,105.58,-569.174,15.9866,27.5943,0.244084,0.463208,0.851975,58.5058,58.5058,1,1464.71,1080,1.68454,200.034,108.637,-567.51,4.91012,30.7016,0.073596,0.510567,0.856683,58.5058,58.5058,1,1579.43,2349.47,1,0
83787586881200,1687.69,1080,1.74063,139.441,105.662,-568.741,14.3948,26.0019,0.223439,0.438401,0.870563,58.498,58.498,1,1464.4,1080,1.85873,200.148,108.496,-567.76,6.68396,30.2974,0.100496,0.504488,0.85755,58.498,58.498,1,1576.05,2330.79,1,0
83787589380940,1696.08,1080,1.75193,139.471,105.59,-569.1,16.049,27.3029,0.24566,0.458694,0.853962,58.4888,58.4888,1,1464.14,1080,1.82587,200.143,108.595,-567.214,6.72223,27.4555,0.103872,0.461059,0.881269,58.4888,58.4888,1,1580.11,2345.78,1,0
83787591877210,1690.94,1080,1.79879,139.418,105.562,-569.061,14.8026,26.5592,0.228528,0.447123,0.864787,58.4991,58.4991,1,1464.14,1080,1.86248,200.127,108.552,-567.453,5.73951,28.4682,0.0879133,0.476671,0.874675,58.4991,58.4991,1,1577.54,2345.51,1,0
83787594380410,1687.69,1080,1.7581,139.476,105.64,-568.834,14.9801,26.2889,0.231749,0.442898,0.866103,58.5011,58.5011,1,1464.71,1080,1.93175,200.146,108.535,-567.739,5.70565,30.5609,0.0856077,0.508453,0.856824,58.5011,58.5011,1,1576.2,2332.83,1,0
83787596880160,1687.69,1080,1.75072,139.457,105.507,-569.374,16.4452,27.9019,0.250188,0.46796,0.847596,58.492,58.492,1,1464.14,1080,1.86232,200.173,108.728,-567.021,6.67151,27.9879,0.10259,0.469285,0.877067,58.492,58.492,1,1575.91,2329.04,1,0
83787599383370,1690.94,1080,1.73439,139.495,105.683,-568.714,14.7087,26.32,0.227582,0.443385,0.866958,58.4818,58.4818,1,1464.14,1080,1.88938,200.172,108.634,-567.485,6.00093,29.8431,0.0906812,0.497626,0.862638,58.4818,58.4818,1,1577.54,2345.51,1,0
83787601879640,1690.94,1080,1.76064,139.484,105.522,-569.323,16.5741,27.8901,0.252121,0.467777,0.847125,58.4851,58.4851,1,1464.14,1080,1.89302,200.103,108.673,-566.914,4.89022,26.3912,0.0763625,0.444497,0.89252,58.4851,58.4851,1,1577.54,2345.51,1,0
83787604382850,1688.13,1080,1.77628,139.461,105.549,-569.093,14.9448,26.7961,0.230195,0.450817,0.862423,58.5256,58.5256,1,1464.71,1080,1.9106,200.211,108.532,-567.976,5.69069,32.4894,0.0836389,0.537144,0.839334,58.5256,58.5256,1,1576.42,2335.04,1,0
83787606882580,1690.94,1080,1.78247,139.529,105.601,-569.152,16.3565,28.0394,0.248559,0.470079,0.846903,58.4847,58.4847,1,1464.14,1080,1.94073,200.113,108.639,-567.088,4.44045,27.0204,0.0689718,0.454307,0.888171,58.4847,58.4847,1,1577.54,2345.51,1,0
83787609378850,1690.94,1080,1.74439,139.515,105.6,-568.899,14.9048,26.3673,0.230454,0.444124,0.86582,58.4955,58.4955,1,1464.14,1080,1.8906,200.227,108.615,-567.565,5.96793,30.3192,0.0897513,0.504817,0.858548,58.4955,58.4955,1,1577.54,2345.51,1,0
83787611882060,1690.94,1080,1.76631,139.554,105.59,-569.128,15.9996,27.7075,0.244025,0.464958,0.851038,58.4705,58.4705,1,1464.14,1080,1.90278,200.144,108.743,-566.836,4.83999,27.0158,0.0751666,0.454235,0.887705,58.4705,58.4705,1,1577.54,2345.51,1,0
83787614381800,1688.13,1080,1.73896,139.561,105.638,-568.801,14.792,26.2693,0.228943,0.442591,0.867006,58.4854,58.4854,1,1464.71,1080,1.91604,200.251,108.587,-567.451,6.18827,29.4031,0.0939104,0.49095,0.866111,58.4854,58.4854,1,1576.42,2335.04,1,0
83787616885010,1690.94,1080,1.74369,139.579,105.656,-568.739,14.7657,26.2996,0.228486,0.443065,0.866884,58.4431,58.4431,1,1464.14,1080,1.84354,200.23,108.747,-566.66,5.98106,26.044,0.093619,0.439061,0.893566,58.4431,58.4431,1,1577.54,2345.51,1,0
83787619381280,1690.94,1080,1.74698,139.604,105.634,-568.999,15.8663,27.6008,0.24228,0.463308,0.852435,58.4717,58.4717,1,1464.14,1080,1.82864,200.264,108.693,-566.989,6.06863,27.6069,0.0936832,0.463402,0.881182,58.4717,58.4717,1,1577.54,2345.51,1,0
83787621887960,1690.94,1080,1.74384,139.622,105.742,-568.451,13.9983,25.8282,0.217729,0.435675,0.873374,58.4082,58.4082,1,1464.14,1080,1.80214,200.271,108.793,-566.243,6.24232,24.1977,0.09918,0.409886,0.906729,58.4082,58.4082,1,1577.54,2345.51,1,0
83787624384230,1688.13,1080,1.75786,139.649,105.692,-568.762,14.8413,26.6508,0.228929,0.448551,0.863941,58.4592,58.4592,1,1464.14,1080,1.79996,200.303,108.715,-566.981,5.88754,27.3606,0.0911012,0.459589,0.883447,58.4592,58.4592,1,1576.13,2331.24,1,0
83787626887440,1688.13,1080,1.74885,139.659,105.773,-568.361,13.771,25.5412,0.214779,0.43116,0.876339,58.4523,58.4523,1,1459.46,1080,1.86989,200.311,108.629,-567.235,5.4447,27.8292,0.0839109,0.466838,0.880353,58.4523,58.4523,1,1573.79,2300.24,1,0
83787629383700,1690.94,1080,1.74215,139.654,105.66,-568.945,15.2994,27.5574,0.233926,0.462637,0.855129,58.4782,58.4782,1,1459.46,1080,1.83869,200.37,108.637,-567.173,6.36709,27.7646,0.0981303,0.46584,0.879411,58.4782,58.4782,1,1575.2,2314.5,1,0
83787631883450,1676.49,1080,1.74558,139.677,105.722,-568.602,14.3246,26.0826,0.222219,0.439666,0.870237,58.4769,58.4769,1,1464.14,1080,1.84742,200.403,108.644,-567.507,6.3295,30.3935,0.0950951,0.505936,0.857313,58.4769,58.4769,1,1570.31,2330.63,1,0
83787634386660,1688.13,1080,1.74915,139.697,105.65,-569.049,15.9023,27.9285,0.242087,0.468369,0.84972,58.4571,58.4571,1,1459.46,1080,1.7894,200.283,108.807,-566.662,4.51238,26.2284,0.0705742,0.44195,0.894259,58.4571,58.4571,1,1573.79,2300.24,1,0
83787636886400,1688.13,1080,1.76519,139.702,105.698,-568.681,14.329,26.1791,0.222103,0.441178,0.869501,58.4809,58.4809,1,1459.46,1080,1.8683,200.408,108.642,-567.507,5.62098,29.7861,0.0850072,0.496763,0.863713,58.4809,58.4809,1,1573.79,2300.24,1,0
83787639389610,1676.49,1080,1.75949,139.691,105.646,-568.794,14.4394,26.3275,0.223491,0.443502,0.867962,58.4492,58.4492,1,1459.46,1080,1.82098,200.326,108.801,-566.746,4.54278,26.6782,0.0707716,0.44898,0.890735,58.4492,58.4492,1,1567.97,2299.63,1,0
83787641885880,1676.49,1080,1.79419,139.743,105.732,-568.632,14.6284,26.5136,0.225989,0.44641,0.865822,58.4656,58.4656,1,1464.14,1080,1.84858,200.41,108.768,-567.273,5.21055,29.6188,0.0789493,0.494227,0.865741,58.4656,58.4656,1,1570.31,2330.63,1,0
83787644389090,1676.49,1080,1.77119,139.724,105.64,-568.873,14.9701,26.9819,0.230197,0.453708,0.860905,58.4509,58.4509,1,1443.71,1080,1.84006,200.383,108.826,-566.709,5.11898,26.5703,0.079801,0.447295,0.890819,58.4509,58.4509,1,1560.1,2298.96,1,0
83787646888820,1654.81,1080,1.74599,139.766,105.682,-568.689,14.7113,26.413,0.227439,0.444839,0.86625,58.4649,58.4649,1,1451.66,1080,1.79746,200.467,108.799,-567.196,5.74672,29.7399,0.0869425,0.496063,0.863923,58.4649,58.4649,1,1553.23,2298.16,1,0
83787649392040,1654.81,1080,1.72182,139.814,105.701,-568.655,14.76,26.2507,0.228495,0.4423,0.867272,58.4198,58.4198,1,1451.66,1080,1.76569,200.411,108.984,-566.326,5.11791,26.7057,0.0796899,0.449407,0.889765,58.4198,58.4198,1,1553.23,2298.16,1,0
83787651888300,1654.81,1080,1.76883,139.822,105.711,-568.618,14.773,26.3192,0.228558,0.443372,0.866708,58.4397,58.4397,1,1459.46,1080,1.81109,200.519,108.818,-566.743,6.26613,26.9844,0.097264,0.453747,0.885807,58.4397,58.4397,1,1557.13,2298.5,1,0
83787654384570,1655.09,1080,1.74363,139.851,105.701,-568.663,14.9662,26.3604,0.231396,0.444016,0.865625,58.4303,58.4303,1,1443.71,1080,1.75819,200.5,108.849,-566.503,5.56281,26.1684,0.0870011,0.441011,0.893275,58.4303,58.4303,1,1549.4,2297.84,1,0
83787656891250,1651.4,1080,1.74749,139.879,105.731,-568.567,14.6552,26.1986,0.22701,0.441483,0.868078,58.4306,58.4306,1,1451.66,1080,1.75682,200.54,108.877,-566.622,5.94752,27.2749,0.0920971,0.45826,0.884034,58.4306,58.4306,1,1551.53,2280.39,1,0
83787659387520,1651.19,1080,1.73765,139.91,105.762,-568.47,14.6034,26.0235,0.226565,0.43874,0.869583,58.4254,58.4254,1,1448.21,1080,1.75468,200.526,108.842,-566.608,5.14818,26.3071,0.0804384,0.443182,0.892815,58.4254,58.4254,1,1549.7,2256.39,1,0
83787661890730,1653.36,1080,1.75894,139.913,105.736,-568.657,14.834,26.6344,0.228852,0.448295,0.864094,58.4728,58.4728,1,1459.46,1080,1.74458,200.652,108.639,-567.368,6.47839,28.0779,0.0995495,0.470672,0.876674,58.4728,58.4728,1,1556.41,2290.93,1,0
83787664390470,1651.4,1080,1.73996,139.929,105.777,-568.488,14.3257,26.298,0.221825,0.44304,0.868625,58.4465,58.4465,1,1451.66,1080,1.72779,200.631,108.757,-567.019,5.84963,27.2607,0.0905981,0.458039,0.884303,58.4465,58.4465,1,1551.53,2280.39,1,0
83787666893690,1643.34,1080,1.74809,139.905,105.642,-568.839,14.6931,26.4386,0.227113,0.445239,0.866131,58.4797,58.4797,1,1458.69,1080,1.70844,200.685,108.746,-567.335,6.21091,29.2801,0.0943664,0.48908,0.867119,58.4797,58.4797,1,1551.02,2280.28,1,0
83787669389950,1643.87,1080,1.75277,139.977,105.732,-568.573,14.8409,26.2652,0.229692,0.442526,0.86684,58.4174,58.4174,1,1448.21,1080,1.90297,200.545,108.99,-566.367,4.31287,25.7958,0.0677087,0.435166,0.897801,58.4174,58.4174,1,1546.04,2256.02,1,0
83787671893160,1653.36,1080,1.743,139.96,105.629,-568.849,15.324,26.7725,0.235948,0.45045,0.86106,58.4838,58.4838,1,1455.92,1080,1.71109,200.703,108.766,-567.415,5.79633,29.7581,0.0876745,0.496339,0.86369,58.4838,58.4838,1,1554.64,2290.78,1,0
83787674392900,1651.4,1080,1.74421,140.002,105.64,-568.75,15.4607,26.4995,0.238571,0.44619,0.862553,58.4425,58.4425,1,1451.66,1080,1.90905,200.627,108.91,-566.676,4.67482,26.8169,0.0727354,0.45114,0.889484,58.4425,58.4425,1,1551.53,2280.39,1,0
83787676889170,1652.76,1080,1.76706,140.017,105.603,-569.128,16.6649,28.3682,0.252335,0.475135,0.842955,58.4793,58.4793,1,1453.22,1080,1.73385,200.733,108.92,-567.074,5.75012,30.2063,0.0865862,0.503116,0.859871,58.4793,58.4793,1,1552.99,2287.55,1,0
83787679392380,1643.87,1080,1.72951,140.055,105.714,-568.509,14.5734,26.0293,0.226098,0.438831,0.869659,58.4437,58.4437,1,1453.22,1080,1.87668,200.753,108.84,-566.945,5.77719,28.021,0.0888603,0.469795,0.878292,58.4437,58.4437,1,1548.55,2279.02,1,0
83787681892110,1653.36,1080,1.74928,140.081,105.665,-568.811,15.807,27.2691,0.242125,0.45817,0.855252,58.4457,58.4457,1,1453.22,1080,1.78388,200.753,108.869,-566.68,5.47117,26.2566,0.0855074,0.442392,0.892736,58.4457,58.4457,1,1553.29,2290.66,1,0
83787684395330,1651.4,1080,1.74045,140.108,105.695,-568.552,15.1277,26.3214,0.233914,0.443406,0.86526,58.4364,58.4364,1,1451.66,1080,1.7381,200.774,108.828,-566.738,5.26229,25.9521,0.0824667,0.43762,0.89537,58.4364,58.4364,1,1551.53,2280.39,1,0
83787686891590,1652.76,1080,1.72639,140.127,105.679,-568.737,15.5557,27.141,0.238645,0.456181,0.857291,58.4603,58.4603,1,1453.22,1080,1.71184,200.849,108.792,-567.047,5.9645,27.3925,0.0922613,0.460083,0.88307,58.4603,58.4603,1,1552.99,2287.55,1,0
83787689394810,1643.87,1080,1.75052,140.134,105.701,-568.441,14.3712,25.8919,0.223288,0.436675,0.871469,58.4451,58.4451,1,1453.22,1080,1.70422,200.831,108.78,-567.024,5.22898,26.9179,0.0812623,0.452713,0.887946,58.4451,58.4451,1,1548.55,2279.02,1,0
83787691894540,1653.36,1080,1.77596,140.147,105.578,-568.841,15.2842,26.7148,0.235469,0.44955,0.861661,58.4607,58.4607,1,1449.03,1080,1.72383,200.836,108.806,-566.928,5.09114,27.207,0.0789221,0.457207,0.885852,58.4607,58.4607,1,1551.19,2273.07,1,0
83787694397750,1652.76,1080,1.80714,140.15,105.505,-568.885,15.4181,26.6382,0.237641,0.448355,0.861687,58.4801,58.4801,1,1451.66,1080,1.79908,200.863,108.706,-567.251,4.93901,28.2848,0.0758158,0.473854,0.877334,58.4801,58.4801,1,1552.21,2287.49,1,0
83787696897500,1652.76,1080,1.7727,140.174,105.496,-568.668,15.0299,25.9916,0.233095,0.43824,0.868109,58.469,58.469,1,1451.66,1080,1.91163,200.893,108.613,-567.205,5.20294,27.1648,0.080681,0.456552,0.886031,58.469,58.469,1,1552.21,2287.49,1,0
83787699393770,1643.87,1080,1.79036,140.165,105.342,-568.616,14.602,24.3841,0.229615,0.412852,0.88138,58.4505,58.4505,1,1420.53,1080,1.89975,200.879,108.611,-566.821,4.90452,26.0216,0.0768288,0.438709,0.895339,58.4505,58.4505,1,1532.2,2260.24,1,0
83787701896980,1652.76,1080,1.78518,140.193,105.203,-568.88,15.735,24.8206,0.246138,0.419778,0.873615,58.4798,58.4798,1,1419.38,1080,1.81035,200.943,108.492,-567.111,5.13026,26.8261,0.079797,0.451284,0.888805,58.4798,58.4798,1,1536.07,2268.72,1,0
83787704393250,1651.19,1080,1.84099,140.167,105.006,-568.867,15.4892,23.435,0.245027,0.397708,0.884189,58.4634,58.4634,1,1449.03,1080,1.903,200.979,108.375,-566.691,5.70695,23.6845,0.0910647,0.4017,0.911232,58.4634,58.4634,1,1550.11,2261.8,1,0
83787706899930,1648.12,1080,1.87811,140.204,104.864,-568.831,15.9861,22.2057,0.254978,0.377933,0.89003,58.4296,58.4296,1,1438.78,1080,1.75294,200.956,108.333,-565.96,5.55173,20.3623,0.090699,0.347955,0.933114,58.4296,58.4296,1,1543.45,2234.22,1,0
83787709396190,1639.38,1080,1.82787,140.155,104.615,-569.072,16.1528,21.1002,0.259547,0.36,0.896122,58.4584,58.4584,1,1436.57,1080,1.71428,201.083,108.022,-566.18,7.02346,18.3915,0.11603,0.315509,0.941802,58.4584,58.4584,1,1537.97,2173.68,1,0
83787711899410,1639.38,1080,1.87698,140.169,104.557,-568.643,14.5751,19.2164,0.237628,0.329137,0.913894,58.4519,58.4519,1,1445.1,1080,1.74938,201.13,107.73,-566.378,7.36134,16.43,0.122894,0.282844,0.95126,58.4519,58.4519,1,1542.24,2174.04,1,0
83787714395670,1629.67,1080,1.93264,140.162,104.393,-568.396,13.871,17.2425,0.228963,0.296416,0.927207,58.4291,58.4291,1,1440.13,1080,1.75695,201.118,107.628,-566.067,7.26403,14.7289,0.122287,0.254246,0.959377,58.4291,58.4291,1,1534.9,2006.93,1,0
83787716895410,1629.67,1080,1.92251,140.133,104.211,-568.135,12.8267,15.0293,0.21441,0.259312,0.941693,58.4178,58.4178,1,1440.13,1080,1.69932,201.091,107.476,-566,6.72628,14.1329,0.113581,0.244171,0.963057,58.4178,58.4178,1,1534.9,1858.03,1,0
83787719398620,1629.67,1080,1.89759,140.088,103.919,-568.466,13.1467,13.5642,0.221101,0.234535,0.946629,58.4408,58.4408,1,1475.66,1080,1.79712,201.066,107.226,-566.013,6.32166,11.8295,0.107772,0.205,0.972811,58.4408,58.4408,1,1552.66,1760.54,1,0
83787721898360,1608.46,1080,1.88104,140.06,103.846,-568.061,11.79,12.3242,0.199617,0.213443,0.956345,58.4123,58.4123,1,1447.62,1080,1.86691,201.025,107.058,-565.747,5.82626,10.2674,0.0998867,0.178243,0.978904,58.4123,58.4123,1,1528.04,1633.6,1,0
83787724401570,1566.57,1080,1.9168,140.007,103.614,-567.919,10.8497,10.1471,0.185289,0.176176,0.966763,58.4366,58.4366,1,1440.13,1080,1.94401,200.982,106.734,-566.256,5.12103,8.40256,0.0883018,0.146127,0.985317,58.4366,58.4366,1,1503.35,1516.93,1,0
83787726897830,1523.74,1080,1.96697,139.888,103.313,-568.265,9.77689,7.82204,0.168232,0.136097,0.976307,58.4501,58.4501,1,1440.13,1080,1.86952,200.968,106.557,-566.07,5.26119,6.44216,0.0911171,0.1122,0.989499,58.4501,58.4501,1,1481.94,1427.19,1,0
83787729401050,1523.74,1080,1.95538,139.853,103.245,-567.965,9.11011,7.31896,0.157042,0.127393,0.979341,58.4507,58.4507,1,1440.13,1080,1.87494,200.903,106.338,-566.305,4.60872,5.4146,0.0799921,0.094362,0.992319,58.4507,58.4507,1,1481.94,1314.32,1,0
83787731900790,1444.29,1080,1.93945,139.799,103.088,-567.882,8.39163,6.06544,0.145122,0.105664,0.983755,58.4685,58.4685,1,1440.13,1080,1.97784,200.864,106.093,-566.66,3.68419,3.23768,0.0641544,0.0564781,0.996341,58.4685,58.4685,1,1442.21,1228.89,1,0
83787734404000,1389.72,1080,1.96456,139.721,102.895,-567.981,7.58027,4.46563,0.131515,0.0778611,0.988252,58.4692,58.4692,1,1415.73,1063.06,1.9066,200.828,105.921,-566.477,3.67271,1.93807,0.0640203,0.0338192,0.997375,58.4692,58.4692,1,1402.73,1109.05,1,0
83787736900270,1327.87,1017.7,1.92243,139.673,102.798,-567.822,7.12108,3.51625,0.123733,0.0613316,0.990418,58.4656,58.4656,1,1415.73,951.407,1.83975,200.756,105.771,-566.493,2.80645,0.158376,0.048962,0.00276419,0.998797,58.4656,58.4656,1,1371.8,984.552,1,0
83787739400010,1289.45,987.482,1.94981,139.624,102.631,-567.877,6.79331,1.9981,0.118216,0.0348664,0.992376,58.479,58.479,1,1378.99,892.458,1.82245,200.741,105.646,-566.646,2.43191,-0.68353,0.0424291,-0.0119296,0.999028,58.479,58.479,1,1334.22,939.97,1,0
83787741903220,1248.36,914.553,1.94638,139.59,102.56,-567.809,6.66392,1.53688,0.116004,0.0268204,0.992887,58.4724,58.4724,1,1327.24,769.749,1.82076,200.673,105.62,-566.547,1.6032,-0.169377,0.0279773,-0.00295619,0.999604,58.4724,58.4724,1,1287.8,842.151,1,0
83787744399480,1202.13,822.694,1.87986,139.521,102.368,-568.117,6.34893,-0.509989,0.110579,-0.00890087,0.993827,58.4874,58.4874,1,1326.58,696.495,1.79677,200.621,105.547,-566.487,1.07862,-0.447573,0.0188237,-0.00781155,0.999792,58.4874,58.4874,1,1264.35,759.594,1,0
83787746902700,1175.88,768.556,1.86154,139.509,102.414,-567.905,6.36238,0.455927,0.110813,0.00795735,0.993809,58.4755,58.4755,1,1278.11,597.075,1.84263,200.615,105.506,-566.447,1.34581,-0.513937,0.0234857,-0.00896977,0.999684,58.4755,58.4755,1,1227,682.815,1,0
83787749402430,1157.21,682.619,1.86351,139.477,102.325,-567.933,6.153,-0.104729,0.107184,-0.00182786,0.994238,58.4802,58.4802,1,1257.26,578.117,1.81405,200.558,105.459,-566.482,0.61438,-0.644312,0.0107221,-0.0112451,0.999879,58.4802,58.4802,1,1207.24,630.368,1,0
83787751905640,1149.72,656.418,1.90515,139.427,102.317,-567.966,5.49061,0.297933,0.0956813,0.00519989,0.995398,58.4755,58.4755,1,1211.03,578.117,1.86603,200.5,105.446,-566.344,-0.0423021,-0.642424,-0.000738264,-0.0112122,0.999937,58.4755,58.4755,1,1180.37,617.268,1,0
83787754401910,1132.39,595.318,1.95219,139.369,102.192,-568.216,5.10419,-0.95864,0.0889546,-0.0167306,0.995895,58.4953,58.4953,1,1196.58,562.284,1.86104,200.492,105.372,-566.462,-0.298025,-1.87392,-0.00519872,-0.0327003,0.999452,58.4953,58.4953,1,1164.49,578.801,1,0
83787756908590,1132.39,595.318,1.94707,139.337,102.144,-568.315,4.8634,-1.35377,0.0847568,-0.0236255,0.996122,58.4947,58.4947,1,1196.58,558.356,1.83702,200.479,105.373,-566.338,-0.271453,-1.76595,-0.00473548,-0.0308168,0.999514,58.4947,58.4947,1,1164.49,576.837,1,0
83787759404860,1120.49,585.947,1.94056,139.314,102.15,-568.182,4.47791,-1.35689,0.0780528,-0.0236801,0.996668,58.4887,58.4887,1,1155.88,550.864,1.83964,200.454,105.329,-566.333,-0.585434,-2.22607,-0.0102099,-0.0388424,0.999193,58.4887,58.4887,1,1138.18,568.405,1,0
83787761901130,1083.14,585.947,1.97311,139.288,102.184,-568.046,4.09342,-0.660154,0.0713781,-0.0115216,0.997383,58.4922,58.4922,1,1119.32,550.863,1.84322,200.449,105.273,-566.538,-0.678813,-2.05528,-0.0118396,-0.0358637,0.999287,58.4922,58.4922,1,1101.23,568.405,1,0
83787764404340,1061.32,533.575,1.9695,139.302,102.187,-567.955,4.39432,-0.630479,0.0766155,-0.0110037,0.997,58.4764,58.4764,1,1110.95,488.405,1.87215,200.46,105.27,-566.292,-0.189295,-2.44875,-0.0033008,-0.0427257,0.999081,58.4764,58.4764,1,1086.13,510.99,1,0
83787766904080,1047.73,533.575,1.97246,139.298,102.143,-568.056,4.47548,-1.28509,0.0780129,-0.0224272,0.9967,58.4794,58.4794,1,1110.95,547.989,1.83768,200.425,105.364,-566.268,-0.799657,-0.686283,-0.0139552,-0.0119776,0.999831,58.4794,58.4794,1,1079.34,540.782,1,0
83787769407290,1026.04,533.575,1.96729,139.262,102.126,-568.161,3.97623,-1.47595,0.0693196,-0.0257574,0.997262,58.4905,58.4905,1,1110.95,547.989,1.88835,200.471,105.24,-566.362,-0.377368,-2.59686,-0.00657951,-0.0453082,0.998951,58.4905,58.4905,1,1068.49,540.782,1,0
83787771907030,1025.78,533.575,1.99775,139.28,102.118,-568.21,4.47194,-1.79706,0.0779326,-0.0313594,0.996465,58.4907,58.4907,1,1110.95,531.718,1.85957,200.427,105.327,-566.339,-1.03529,-0.977437,-0.0180655,-0.0170587,0.999691,58.4907,58.4907,1,1068.36,532.646,1,0
83787774410240,1028.71,533.575,1.98269,139.287,102.145,-568.078,4.52928,-1.73289,0.0789325,-0.0302401,0.996421,58.4802,58.4802,1,1110.95,488.405,1.89104,200.469,105.266,-566.239,-0.167852,-2.13193,-0.00292754,-0.0372006,0.999304,58.4802,58.4802,1,1069.83,510.99,1,0
83787776906510,1034.43,496.964,1.96671,139.282,102.141,-568.144,4.63197,-1.49484,0.0807276,-0.0260869,0.996395,58.4803,58.4803,1,1110.95,547.989,1.8997,200.43,105.358,-566.198,-0.80493,-0.482761,-0.0140477,-0.00842567,0.999866,58.4803,58.4803,1,1072.69,522.477,1,0
83787779409720,1028.71,486.33,1.98368,139.269,102.127,-568.171,4.58942,-1.59776,0.0799838,-0.0278826,0.996406,58.4937,58.4937,1,1110.95,531.718,1.89546,200.448,105.265,-566.426,-0.965914,-1.73126,-0.0168499,-0.0302116,0.999402,58.4937,58.4937,1,1069.83,509.024,1,0
83787781909460,1032,485.313,1.98158,139.268,102.125,-568.214,4.67103,-1.81093,0.0813938,-0.0316015,0.996181,58.4936,58.4936,1,1110.95,504.376,1.85434,200.45,105.275,-566.384,-0.748375,-1.46662,-0.013057,-0.0255946,0.999587,58.4936,58.4936,1,1071.47,494.845,1,0
83787784405720,1034.43,485.313,1.97546,139.279,102.144,-568.063,4.90255,-1.54377,0.0854303,-0.0269407,0.99598,58.4945,58.4945,1,1110.95,488.405,1.87464,200.477,105.207,-566.54,-0.59582,-2.37145,-0.0103899,-0.0413777,0.99909,58.4945,58.4945,1,1072.69,486.859,1,0
83787786908940,1034.43,496.964,1.98489,139.268,102.19,-567.963,4.71539,-0.97637,0.0821942,-0.01704,0.996471,58.4829,58.4829,1,1088.45,521.866,1.91027,200.444,105.284,-566.427,-0.860553,-1.15131,-0.0150159,-0.0200928,0.999685,58.4829,58.4829,1,1061.44,509.415,1,0
83787789405200,1034.43,485.313,1.97642,139.247,102.13,-568.208,4.66369,-1.59794,0.0812752,-0.0278857,0.996302,58.495,58.495,1,1088.45,504.376,1.91691,200.457,105.265,-566.418,-0.640965,-1.50762,-0.0111828,-0.0263099,0.999591,58.495,58.495,1,1061.44,494.845,1,0
83787791911880,1036.03,485.313,1.93335,139.245,102.093,-568.322,4.79597,-2.11894,0.0835506,-0.0369741,0.995817,58.4992,58.4992,1,1088.45,504.376,1.8999,200.441,105.303,-566.395,-0.894997,-0.985569,-0.0156177,-0.0172006,0.99973,58.4992,58.4992,1,1062.24,494.845,1,0
83787794408150,1036.03,485.313,1.94432,139.249,102.134,-568.207,4.98144,-1.70635,0.0867946,-0.029777,0.995781,58.4959,58.4959,1,1088.45,488.405,1.88749,200.458,105.216,-566.426,-0.708344,-2.47004,-0.0123511,-0.0430969,0.998995,58.4959,58.4959,1,1062.24,486.859,1,0
83787796911360,1036.03,496.964,1.93002,139.246,102.167,-568.128,5.01415,-1.06889,0.0873866,-0.0186545,0.996,58.491,58.491,1,1085.93,521.866,1.90155,200.433,105.299,-566.432,-0.94045,-0.888927,-0.0164112,-0.0155141,0.999745,58.491,58.491,1,1060.98,509.415,1,0
83787799411110,1036.03,485.313,1.93429,139.243,102.156,-568.17,5.0572,-1.21587,0.0881303,-0.0212193,0.995883,58.4901,58.4901,1,1085.93,504.376,1.89492,200.442,105.243,-566.353,-0.674318,-2.14436,-0.0117606,-0.0374174,0.999231,58.4901,58.4901,1,1060.98,494.845,1,0
83787801914310,1043.45,485.313,1.91733,139.215,102.118,-568.367,4.94314,-1.57913,0.0861344,-0.0275574,0.995902,58.5041,58.5041,1,1084.01,504.376,1.89992,200.429,105.303,-566.459,-0.978873,-0.828505,-0.0170819,-0.0144596,0.99975,58.5041,58.5041,1,1063.73,494.845,1,0
83787804410580,1051.52,485.313,1.9963,139.208,102.09,-568.409,5.11931,-1.77569,0.0891871,-0.0309866,0.995533,58.5052,58.5052,1,1084.01,488.405,1.88684,200.438,105.232,-566.414,-0.720483,-2.48954,-0.0125626,-0.0434369,0.998977,58.5052,58.5052,1,1067.77,486.859,1,0
83787806910320,1051.52,496.964,1.98181,139.213,102.113,-568.379,5.19353,-1.26829,0.0904979,-0.022134,0.995651,58.4963,58.4963,1,1084.01,521.866,1.90846,200.409,105.331,-566.289,-0.767543,-0.651851,-0.0133949,-0.0113767,0.999846,58.4963,58.4963,1,1067.77,509.415,1,0
83787809413530,1051.52,485.313,1.98962,139.208,102.116,-568.423,5.39223,-1.58441,0.0939374,-0.0276496,0.995194,58.504,58.504,1,1085.93,504.376,1.91923,200.431,105.248,-566.386,-0.54556,-2.00471,-0.00951585,-0.0349816,0.999343,58.504,58.504,1,1068.73,494.845,1,0
83787811909800,1051.52,485.313,1.97965,139.198,102.109,-568.415,5.42123,-1.96416,0.0944218,-0.0342744,0.994942,58.5022,58.5022,1,1084.01,504.376,1.89658,200.418,105.32,-566.374,-0.433954,-0.219786,-0.0075738,-0.00383599,0.999964,58.5022,58.5022,1,1067.77,494.845,1,0
83787814413010,1061.36,485.313,1.99676,139.196,102.121,-568.378,5.41568,-1.46848,0.0943498,-0.025627,0.995209,58.5061,58.5061,1,1085.93,488.405,1.91781,200.422,105.219,-566.469,-0.477816,-1.84332,-0.00833505,-0.0321665,0.999448,58.5061,58.5061,1,1073.64,486.859,1,0
83787816912750,1065.54,490.36,1.98621,139.192,102.129,-568.385,5.49375,-1.40003,0.0957086,-0.0244328,0.995109,58.5036,58.5036,1,1085.93,521.866,1.91352,200.414,105.304,-566.435,-0.482559,-0.755664,-0.00842141,-0.0131884,0.999878,58.5036,58.5036,1,1075.73,506.113,1,0
83787819415960,1076.62,485.313,1.98351,139.186,102.102,-568.441,5.63746,-2.2834,0.0981556,-0.0398422,0.994373,58.5116,58.5116,1,1087.79,504.376,1.9104,200.418,105.214,-566.516,-0.60219,-2.15716,-0.0105026,-0.0376406,0.999236,58.5116,58.5116,1,1082.21,494.845,1,0
83787821912230,1077.86,485.313,1.97012,139.184,102.131,-568.39,5.60218,-1.86288,0.0975692,-0.0325076,0.994698,58.5061,58.5061,1,1087.79,504.376,1.88431,200.395,105.274,-566.476,-0.453005,-0.84193,-0.00790549,-0.0146939,0.999861,58.5061,58.5061,1,1082.82,494.845,1,0
83787824411960,1077.86,485.313,1.99034,139.177,102.12,-568.406,5.63108,-1.99462,0.0980634,-0.0348057,0.994571,58.5008,58.5008,1,1087.79,521.866,1.91338,200.389,105.29,-566.347,-0.333241,-0.668616,-0.00581572,-0.0116693,0.999915,58.5008,58.5008,1,1082.82,503.589,1,0
83787826915180,1082.21,485.313,1.98496,139.175,102.143,-568.367,5.66376,-1.53806,0.0986548,-0.026841,0.99476,58.5014,58.5014,1,1087.79,521.866,1.9008,200.393,105.294,-566.407,-0.272099,-0.424801,-0.00474887,-0.0074141,0.999961,58.5014,58.5014,1,1085,503.589,1,0
83787829411440,1086.49,482.743,1.98662,139.148,102.077,-568.592,5.57346,-2.65267,0.0970178,-0.0462814,0.994206,58.5146,58.5146,1,1087.79,521.866,1.90368,200.384,105.262,-566.435,-0.364758,-0.954872,-0.0063653,-0.0166649,0.999841,58.5146,58.5146,1,1087.14,502.304,1,0
83787831918130,1086.49,482.743,2.00428,139.163,102.087,-568.58,5.8387,-2.26009,0.101649,-0.0394358,0.994038,58.514,58.514,1,1095.99,532.583,1.87591,200.386,105.275,-566.441,-0.371032,-0.905975,-0.00647487,-0.0158116,0.999854,58.514,58.514,1,1091.24,507.663,1,0
83787834414400,1085.78,482.743,1.96892,139.138,102.078,-568.639,5.56138,-2.61375,0.0968112,-0.0456027,0.994258,58.5135,58.5135,1,1100.42,532.583,1.87415,200.376,105.269,-566.368,-0.104705,-0.772194,-0.00182728,-0.0134769,0.999907,58.5135,58.5135,1,1093.1,507.663,1,0
83787836917600,1085.21,482.743,1.96277,139.131,102.1,-568.567,5.55234,-2.12591,0.0966885,-0.0370956,0.994623,58.523,58.523,1,1091.1,521.866,1.89836,200.38,105.22,-566.635,-0.537381,-1.36302,-0.00937628,-0.0237869,0.999673,58.523,58.523,1,1088.15,502.304,1,0
83787839413870,1085.78,454.718,1.96215,139.121,102.083,-568.618,5.53637,-2.03494,0.0964168,-0.0355089,0.994707,58.5242,58.5242,1,1095.99,521.866,1.88354,200.387,105.201,-566.6,-0.315213,-1.73556,-0.00549895,-0.0302866,0.999526,58.5242,58.5242,1,1090.88,488.292,1,0
83787841920560,1086.49,454.718,1.97067,139.129,102.085,-568.593,5.737,-2.15393,0.0998917,-0.0375842,0.994288,58.5207,58.5207,1,1098.16,528.095,1.87267,200.368,105.225,-566.557,-0.409939,-1.03283,-0.00715357,-0.0180253,0.999812,58.5207,58.5207,1,1092.32,491.407,1,0
83787844416830,1085.78,454.718,1.97551,139.098,102.031,-568.796,5.47146,-2.92686,0.0952255,-0.0510612,0.994145,58.5246,58.5246,1,1098.16,532.583,1.9416,200.339,105.247,-566.429,-0.430481,-0.565069,-0.00751287,-0.00986215,0.999923,58.5246,58.5246,1,1091.97,493.65,1,0
83787846913090,1085.78,454.718,1.96607,139.103,102.056,-568.715,5.66386,-2.41059,0.0986048,-0.0420603,0.994237,58.5329,58.5329,1,1091.1,521.866,1.90235,200.357,105.193,-566.677,-0.700101,-1.45907,-0.0122148,-0.0254629,0.999601,58.5329,58.5329,1,1088.44,488.292,1,0
83787849419770,1085.78,454.718,1.98657,139.097,102.109,-568.504,5.29646,-1.53485,0.0922759,-0.026785,0.995373,58.5124,58.5124,1,1095.99,528.095,1.94508,200.322,105.229,-566.477,-0.812203,-0.94954,-0.0141732,-0.0165718,0.999762,58.5124,58.5124,1,1090.88,491.407,1,0
83787851916040,1086.49,454.718,1.96307,139.096,102.064,-568.657,5.58309,-2.30968,0.0972101,-0.0403006,0.994448,58.5257,58.5257,1,1091.1,528.095,1.92354,200.341,105.209,-566.59,-0.762992,-1.22053,-0.0133133,-0.0213007,0.999684,58.5257,58.5257,1,1088.79,491.407,1,0
83787854419250,1085.78,454.718,1.97336,139.092,102.103,-568.454,5.43549,-1.76497,0.09468,-0.0307997,0.995031,58.5117,58.5117,1,1091.1,521.866,1.94578,200.321,105.197,-566.502,-0.75059,-1.38783,-0.0130961,-0.0242199,0.999621,58.5117,58.5117,1,1088.44,488.292,1,0
83787856918990,1085.78,454.718,1.98499,139.087,102.11,-568.48,5.57377,-1.61047,0.0970889,-0.0281043,0.994879,58.5209,58.5209,1,1081.93,521.866,1.92975,200.332,105.172,-566.667,-0.942694,-1.50716,-0.0164467,-0.0263018,0.999519,58.5209,58.5209,1,1083.86,488.292,1,0
83787859422200,1085.78,454.718,1.962,139.075,102.082,-568.566,5.50344,-1.66084,0.0958652,-0.0289831,0.994972,58.5223,58.5223,1,1083.02,521.866,1.96323,200.331,105.174,-566.603,-0.678905,-1.32224,-0.0118457,-0.0230754,0.999664,58.5223,58.5223,1,1084.4,488.292,1,0
83787861918470,1085.78,454.718,1.96065,139.07,102.087,-568.493,5.48299,-1.32325,0.0955248,-0.0230931,0.995159,58.5203,58.5203,1,1083.02,517.669,1.94641,200.331,105.147,-566.628,-0.742914,-1.89383,-0.0129588,-0.0330475,0.99937,58.5203,58.5203,1,1084.4,486.194,1,0
83787864421680,1085.78,469.891,1.95961,139.055,102.072,-568.571,5.3173,-1.58987,0.0926355,-0.027745,0.995313,58.5255,58.5255,1,1081.93,511.84,1.94259,200.317,105.138,-566.653,-0.829443,-1.91098,-0.0144679,-0.0333467,0.999339,58.5255,58.5255,1,1083.86,490.866,1,0
83787866921420,1085.78,475.565,1.96116,139.063,102.077,-568.489,5.35508,-1.10181,0.0933105,-0.019229,0.995451,58.5219,58.5219,1,1081.93,511.84,1.94986,200.316,105.136,-566.66,-0.685514,-1.63759,-0.0119593,-0.0285775,0.99952,58.5219,58.5219,1,1083.86,493.703,1,0
83787869417690,1085.78,475.565,1.93324,139.067,102.055,-568.496,5.60844,-1.56867,0.0976929,-0.027375,0.99484,58.5294,58.5294,1,1082.53,511.84,1.93706,200.306,105.085,-566.794,-1.05885,-2.08994,-0.018467,-0.0364683,0.999164,58.5294,58.5294,1,1084.16,493.703,1,0
83787871920890,1085.78,476.751,1.9384,139.033,102.025,-568.663,5.38433,-1.63377,0.0937979,-0.0285108,0.995183,58.5276,58.5276,1,1083.02,517.669,1.93459,200.303,105.133,-566.592,-0.427334,-1.19709,-0.00745668,-0.0208917,0.999754,58.5276,58.5276,1,1084.4,497.21,1,0
83787874420640,1085.78,469.962,1.96478,139.035,102.043,-568.522,5.48172,-1.75727,0.0954833,-0.0306653,0.994959,58.529,58.529,1,1081.93,511.84,1.92374,200.285,105.064,-566.75,-1.03211,-1.9399,-0.0180024,-0.0338512,0.999265,58.529,58.529,1,1083.86,490.901,1,0
83787876923850,1085.78,475.565,1.93263,139.028,102.069,-568.412,5.42394,-0.667675,0.0945178,-0.0116529,0.995455,58.5224,58.5224,1,1081.93,511.84,1.94989,200.294,105.064,-566.727,-0.696564,-2.05066,-0.0121493,-0.0357832,0.999286,58.5224,58.5224,1,1083.86,493.703,1,0
83787879420120,1085.78,476.751,1.92965,139.014,102.048,-568.488,5.31214,-1.36323,0.0925554,-0.0237905,0.995423,58.5222,58.5222,1,1082.53,511.84,1.94946,200.279,105.084,-566.646,-0.581518,-1.48691,-0.0101458,-0.0259485,0.999612,58.5222,58.5222,1,1084.16,494.296,1,0
83787881923330,1083.3,476.751,1.91652,139.015,102.038,-568.486,5.52963,-0.81557,0.0963507,-0.0142339,0.995246,58.5283,58.5283,1,1081.93,511.84,1.94898,200.276,105.045,-566.765,-0.85421,-1.89173,-0.0149001,-0.033011,0.999344,58.5283,58.5283,1,1082.62,494.296,1,0
83787884423070,1084.64,476.751,1.91265,139.005,102.006,-568.547,5.55372,-0.900172,0.0967671,-0.0157103,0.995183,58.5256,58.5256,1,1081.93,502.185,1.9427,200.251,105.037,-566.635,-0.99554,-2.19579,-0.0173618,-0.0383143,0.999115,58.5256,58.5256,1,1083.28,489.468,1,0
83787886926280,1085.78,491.963,1.90573,138.991,101.979,-568.64,5.66265,-1.06675,0.0986539,-0.0186172,0.994948,58.5307,58.5307,1,1081.93,502.185,1.94401,200.245,105.031,-566.641,-1.11205,-2.25039,-0.0193928,-0.0392666,0.999041,58.5307,58.5307,1,1083.86,497.074,1,0
83787889422550,1084.64,491.942,1.98442,138.981,101.976,-568.579,5.47526,-1.35555,0.0953892,-0.0236566,0.995159,58.5291,58.5291,1,1081.93,502.185,1.91996,200.237,105.021,-566.666,-1.18169,-2.20293,-0.0206077,-0.0384389,0.999048,58.5291,58.5291,1,1083.28,497.064,1,0
83787891922280,1084.64,491.942,1.97322,138.993,101.973,-568.572,5.88921,-1.24965,0.102581,-0.0218088,0.994486,58.5252,58.5252,1,1080.42,479.585,1.93475,200.24,105.025,-566.59,-0.718393,-1.8934,-0.0125312,-0.0330401,0.999375,58.5252,58.5252,1,1082.53,485.764,1,0
83787894425490,1085.78,491.963,1.96679,138.98,101.95,-568.596,5.75657,-1.33448,0.100275,-0.023289,0.994687,58.5292,58.5292,1,1080.42,479.343,1.91205,200.233,104.974,-566.632,-0.886741,-2.50765,-0.0154611,-0.0437528,0.998923,58.5292,58.5292,1,1083.1,485.653,1,0
83787896921760,1085.78,491.963,1.98228,138.958,101.911,-568.688,5.66658,-1.90168,0.0986849,-0.0331846,0.994565,58.5329,58.5329,1,1080.42,496.136,1.92234,200.207,105.006,-566.617,-1.14097,-1.58816,-0.0199047,-0.0277151,0.999418,58.5329,58.5329,1,1083.1,494.05,1,0
83787899424970,1085.78,491.942,1.96993,138.951,101.922,-568.613,5.62228,-1.49339,0.0979367,-0.0260616,0.994851,58.5303,58.5303,1,1080.42,479.585,1.95294,200.209,104.955,-566.625,-0.860804,-1.92629,-0.0150148,-0.0336138,0.999322,58.5303,58.5303,1,1083.1,485.764,1,0
83787901924710,1088.2,491.942,1.97574,138.942,101.873,-568.698,5.69982,-2.31253,0.0992357,-0.0403504,0.994246,58.5399,58.5399,1,1080.42,479.585,1.92925,200.195,104.975,-566.737,-1.21371,-1.26137,-0.0211764,-0.0220132,0.999533,58.5399,58.5399,1,1084.31,485.764,1,0
83787904427920,1088.2,491.942,1.95676,138.935,101.862,-568.702,5.73235,-2.07121,0.0998164,-0.0361415,0.994349,58.5373,58.5373,1,1072.37,481.426,1.93938,200.194,104.924,-566.661,-0.90549,-1.8455,-0.0157949,-0.0322045,0.999357,58.5373,58.5373,1,1080.28,486.684,1,0
83787906927660,1085.78,483.925,1.96222,138.914,101.865,-568.748,5.49839,-1.8186,0.0957696,-0.0317352,0.994898,58.5392,58.5392,1,1076.23,496.136,1.94402,200.183,104.96,-566.665,-0.788397,-0.730041,-0.0137586,-0.0127413,0.999824,58.5392,58.5392,1,1081.01,490.03,1,0
83787909430880,1088.2,483.925,1.99201,138.915,101.857,-568.706,5.75003,-2.27323,0.10011,-0.0396649,0.994185,58.5427,58.5427,1,1076.23,481.426,1.9261,200.177,104.884,-566.759,-0.796208,-1.66348,-0.0138901,-0.0290291,0.999482,58.5427,58.5427,1,1082.22,482.676,1,0
83787911927140,1088.2,465.508,1.94172,138.914,101.85,-568.669,5.90888,-2.27632,0.102865,-0.0397189,0.993902,58.5332,58.5332,1,1080.42,491.273,1.89547,200.155,104.933,-566.607,-0.463049,-0.774296,-0.00808091,-0.0135136,0.999876,58.5332,58.5332,1,1084.31,478.39,1,0
83787914423410,1088.2,465.508,1.96271,138.886,101.815,-568.813,5.67317,-2.52289,0.098758,-0.0440184,0.994137,58.5389,58.5389,1,1076.23,496.136,1.90224,200.142,104.93,-566.572,-0.434231,-0.511991,-0.00757839,-0.0089358,0.999931,58.5389,58.5389,1,1082.22,480.822,1,0
83787916930090,1088.2,465.508,1.94745,138.887,101.822,-568.736,5.75756,-1.90029,0.100264,-0.0331603,0.994408,58.5443,58.5443,1,1076.23,496.136,1.91075,200.139,104.871,-566.751,-0.789631,-1.37467,-0.0137773,-0.0239903,0.999617,58.5443,58.5443,1,1082.22,480.822,1,0
83787919426360,1090.74,460.678,1.96971,138.866,101.769,-568.868,5.75668,-2.66944,0.100195,-0.0465737,0.993877,58.5551,58.5551,1,1076.23,481.426,1.93403,200.125,104.826,-566.822,-1.0401,-2.22384,-0.0181384,-0.0388036,0.999082,58.5551,58.5551,1,1083.49,471.052,1,0
83787921929570,1090.74,460.678,1.94468,138.851,101.76,-568.882,5.81912,-2.42924,0.101297,-0.0423856,0.993953,58.552,58.552,1,1076.23,491.273,1.93083,200.113,104.818,-566.737,-1.07821,-2.64974,-0.0187972,-0.0462301,0.998754,58.552,58.552,1,1083.49,475.976,1,0
83787924425840,1090.74,465.508,1.93797,138.854,101.764,-568.812,5.94206,-1.7692,0.103473,-0.0308735,0.994153,58.5452,58.5452,1,1076.23,481.426,1.91847,200.098,104.823,-566.664,-0.941938,-2.28448,-0.0164261,-0.0398612,0.99907,58.5452,58.5452,1,1083.49,473.467,1,0
83787926932520,1095.34,465.508,1.97853,138.843,101.759,-568.796,5.94198,-1.66993,0.103477,-0.0291416,0.994205,58.5461,58.5461,1,1075.86,481.426,1.9441,200.095,104.812,-566.695,-0.879277,-2.16276,-0.0153347,-0.0377383,0.99917,58.5461,58.5461,1,1085.6,473.467,1,0
83787929428780,1090.74,460.678,1.96237,138.817,101.732,-568.838,5.66988,-2.03863,0.0987341,-0.0355733,0.994478,58.5419,58.5419,1,1076.23,481.426,1.95828,200.083,104.828,-566.563,-0.592096,-1.7638,-0.0103289,-0.0307792,0.999473,58.5419,58.5419,1,1083.49,471.052,1,0
83787931928530,1090.74,465.508,1.97138,138.803,101.738,-568.772,5.51169,-1.53187,0.0960144,-0.0267329,0.995021,58.5463,58.5463,1,1076.23,481.426,1.92988,200.074,104.756,-566.703,-0.969224,-2.81826,-0.0168949,-0.0491681,0.998648,58.5463,58.5463,1,1083.49,473.467,1,0
83787934431730,1090.74,465.508,1.97349,138.785,101.73,-568.765,5.45553,-1.25232,0.0950504,-0.0218554,0.995233,58.5437,58.5437,1,1075.86,481.426,1.95924,200.066,104.768,-566.657,-0.869373,-2.47512,-0.0151587,-0.0431856,0.998952,58.5437,58.5437,1,1083.3,473.467,1,0
83787936928000,1090.74,465.508,1.96568,138.757,101.683,-568.857,5.5179,-1.82765,0.0961077,-0.0318931,0.99486,58.5477,58.5477,1,1075.86,481.426,1.92159,200.039,104.747,-566.632,-1.16733,-2.50018,-0.020353,-0.0436226,0.998841,58.5477,58.5477,1,1083.3,473.467,1,0
83787939431210,1090.74,465.508,1.97658,138.762,101.693,-568.805,5.82585,-1.50493,0.10147,-0.026263,0.994492,58.5491,58.5491,1,1075.86,481.426,1.96889,200.024,104.746,-566.716,-1.19026,-1.70793,-0.0207632,-0.0298045,0.99934,58.5491,58.5491,1,1083.3,473.467,1,0
83787941930960,1090.74,465.508,1.98839,138.733,101.704,-568.633,5.4444,-1.21579,0.0948585,-0.0212179,0.995265,58.544,58.544,1,1070.97,481.426,1.93913,200.008,104.667,-566.761,-1.32958,-2.71364,-0.0231775,-0.0473443,0.99861,58.544,58.544,1,1080.85,473.467,1,0
83787944434170,1090.74,465.508,1.97707,138.734,101.723,-568.584,5.71471,-1.10672,0.0995566,-0.0193146,0.994844,58.5355,58.5355,1,1075.86,481.426,1.93302,199.988,104.711,-566.645,-0.740428,-0.870867,-0.012921,-0.0151989,0.999801,58.5355,58.5355,1,1083.3,473.467,1,0
83787946930440,1090.74,465.508,1.96216,138.725,101.704,-568.586,5.70018,-1.21299,0.0993007,-0.0211692,0.994832,58.5456,58.5456,1,1075.86,481.426,1.93174,199.987,104.623,-566.831,-0.999079,-1.87352,-0.017427,-0.0326932,0.999313,58.5456,58.5456,1,1083.3,473.467,1,0
83787949433640,1090.74,481.97,1.99174,138.705,101.684,-568.64,5.68445,-1.45982,0.0990175,-0.025476,0.99476,58.543,58.543,1,1075.86,481.426,1.93124,199.961,104.643,-566.721,-0.608538,-0.815969,-0.0106197,-0.0142409,0.999842,58.543,58.543,1,1083.3,481.698,1,0
83787951933380,1090.74,484.455,1.97142,138.69,101.687,-568.593,5.62591,-1.39001,0.098004,-0.0242579,0.99489,58.5454,58.5454,1,1070.97,481.426,1.94256,199.936,104.626,-566.814,-1.03542,-0.981341,-0.0180679,-0.0171268,0.99969,58.5454,58.5454,1,1080.85,482.941,1,0
83787954429650,1090.74,475.971,1.97374,138.68,101.66,-568.636,5.75335,-1.60929,0.100207,-0.0280837,0.99457,58.551,58.551,1,1075.86,481.426,1.9067,199.936,104.592,-566.874,-0.834812,-1.27499,-0.0145661,-0.0222509,0.999646,58.551,58.551,1,1083.3,478.699,1,0
83787956932860,1090.74,465.508,1.97531,138.651,101.606,-568.824,5.74263,-2.22581,0.0999845,-0.038838,0.994231,58.5474,58.5474,1,1075.86,481.426,1.9857,199.907,104.647,-566.61,-0.636583,-0.83837,-0.0111091,-0.0146318,0.999831,58.5474,58.5474,1,1083.3,473.467,1,0
83787959432600,1090.74,475.971,1.98004,138.633,101.615,-568.73,5.60235,-2.52134,0.0975292,-0.0439916,0.99426,58.5538,58.5538,1,1075.86,481.426,1.94807,199.889,104.565,-566.821,-1.12052,-2.23765,-0.0195406,-0.0390444,0.999046,58.5538,58.5538,1,1083.3,478.699,1,0
83787961935810,1090.74,465.508,1.95617,138.605,101.606,-568.776,5.44965,-1.97296,0.0949146,-0.0344278,0.99489,58.5462,58.5462,1,1070.97,481.426,1.94796,199.865,104.588,-566.616,-0.865093,-1.92327,-0.0150896,-0.0335612,0.999323,58.5462,58.5462,1,1080.85,473.467,1,0
83787964432080,1090.74,465.508,1.98414,138.587,101.563,-568.898,5.62879,-2.40689,0.0979965,-0.0419958,0.9943,58.5535,58.5535,1,1075.86,481.426,1.93049,199.871,104.578,-566.635,-0.449674,-2.06927,-0.00784309,-0.0361077,0.999317,58.5535,58.5535,1,1083.3,473.467,1,0
83787966938760,1090.74,465.508,1.95287,138.576,101.591,-568.833,5.64053,-1.64577,0.0982463,-0.0287202,0.994748,58.548,58.548,1,1075.86,481.426,1.97352,199.848,104.568,-566.59,-0.487427,-2.1867,-0.00850091,-0.0381559,0.999236,58.548,58.548,1,1083.3,473.467,1,0
83787969435020,1090.74,465.508,1.95552,138.557,101.548,-568.884,5.70643,-2.11449,0.0993636,-0.0368965,0.994367,58.5558,58.5558,1,1075.86,475.233,1.95553,199.83,104.548,-566.686,-0.751471,-2.27816,-0.0131049,-0.0397509,0.999124,58.5558,58.5558,1,1083.3,470.37,1,0
83787971938240,1090.74,465.508,1.95802,138.534,101.609,-568.747,5.37955,-0.898539,0.0937415,-0.0156818,0.995473,58.5485,58.5485,1,1070.97,475.233,1.95966,199.798,104.522,-566.678,-1.13862,-2.80347,-0.0198476,-0.0489103,0.998606,58.5485,58.5485,1,1080.85,470.37,1,0
83787974434500,1090.74,465.508,1.95537,138.502,101.499,-569.011,5.45887,-2.81526,0.0950163,-0.0491158,0.994263,58.5682,58.5682,1,1075.86,467.154,1.93493,199.796,104.463,-566.787,-0.974941,-3.17128,-0.016989,-0.055321,0.998324,58.5682,58.5682,1,1083.3,466.331,1,0
83787976934250,1090.74,465.508,1.97772,138.499,101.549,-568.804,5.63677,-2.10244,0.0981554,-0.0366863,0.994495,58.5501,58.5501,1,1070.97,479.588,1.97492,199.749,104.521,-566.639,-1.07044,-1.83782,-0.018672,-0.0320705,0.999311,58.5501,58.5501,1,1080.85,472.548,1,0
83787979437460,1090.74,465.508,1.96624,138.474,101.534,-568.837,5.50771,-1.98328,0.0959221,-0.0346078,0.994787,58.5559,58.5559,1,1070.97,475.233,1.96193,199.737,104.463,-566.71,-0.947629,-2.15715,-0.0165268,-0.0376404,0.999155,58.5559,58.5559,1,1080.85,470.37,1,0
83787981937200,1086.57,465.508,1.97637,138.46,101.55,-568.772,5.50677,-1.74457,0.0959189,-0.0304438,0.994923,58.5524,58.5524,1,1070.97,475.233,1.94807,199.722,104.473,-566.707,-0.618625,-1.21187,-0.0107944,-0.0211495,0.999718,58.5524,58.5524,1,1078.77,470.37,1,0
83787984440410,1086.57,465.508,1.94837,138.437,101.526,-568.873,5.48212,-2.0727,0.0954725,-0.0361675,0.994775,58.5544,58.5544,1,1075.86,479.588,1.96145,199.696,104.456,-566.637,-0.573008,-1.23456,-0.00999838,-0.0215454,0.999718,58.5544,58.5544,1,1081.22,472.548,1,0
83787986936670,1088.63,465.508,1.95892,138.427,101.505,-568.845,5.68043,-2.57728,0.0988797,-0.0449669,0.994083,58.5549,58.5549,1,1070.97,479.588,1.94371,199.681,104.448,-566.67,-0.429598,-0.906457,-0.00749689,-0.01582,0.999847,58.5549,58.5549,1,1079.8,472.548,1,0
83787989439890,1086.57,465.508,1.96013,138.394,101.51,-568.842,5.53477,-2.55116,0.0963541,-0.0445115,0.994351,58.5589,58.5589,1,1075.86,479.588,1.94049,199.666,104.432,-566.753,-0.577948,-1.01927,-0.0100853,-0.0177887,0.999791,58.5589,58.5589,1,1081.22,472.548,1,0
83787991939620,1086.57,465.508,1.96553,138.388,101.53,-568.799,5.8185,-2.41042,0.101288,-0.0420574,0.993968,58.5468,58.5468,1,1083.14,512.521,1.97144,199.639,104.479,-566.558,-0.489133,-0.891885,-0.00853584,-0.0155657,0.999842,58.5468,58.5468,1,1084.86,489.014,1,0
83787994442830,1088.63,449.432,1.95333,138.365,101.483,-568.915,6.04607,-2.76813,0.105205,-0.0482943,0.993277,58.5642,58.5642,1,1075.86,487.892,1.95354,199.612,104.42,-566.782,-1.08734,-1.67902,-0.0189684,-0.0293003,0.999391,58.5642,58.5642,1,1082.25,468.662,1,0
83787996939100,1088.63,451.839,1.97149,138.317,101.498,-568.915,5.71371,-2.02603,0.0994956,-0.0353534,0.99441,58.5606,58.5606,1,1075.86,487.892,1.94129,199.598,104.408,-566.707,-0.513941,-1.41064,-0.00896713,-0.0246178,0.999657,58.5606,58.5606,1,1082.25,469.865,1,0
83787999438840,1086.57,456.285,1.94201,138.24,101.447,-569.012,5.10772,-1.9425,0.0889773,-0.0338965,0.995457,58.5655,58.5655,1,1075.86,479.588,1.94059,199.553,104.378,-566.693,-0.814114,-1.86857,-0.0142009,-0.032607,0.999367,58.5655,58.5655,1,1081.22,467.936,1,0
83788001942050,1086.57,461.403,1.97044,138.223,101.486,-568.696,5.30049,-1.85426,0.0923308,-0.0323573,0.995203,58.5523,58.5523,1,1075.86,487.892,1.97039,199.506,104.322,-566.723,-1.00562,-2.14976,-0.0175382,-0.0375115,0.999142,58.5523,58.5523,1,1081.22,474.648,1,0
83788004438320,1086.57,449.432,1.95714,138.139,101.393,-568.882,4.69156,-2.7371,0.0816984,-0.0477533,0.995512,58.5633,58.5633,1,1075.86,479.588,1.96549,199.409,104.259,-566.73,-1.77634,-2.3281,-0.0309725,-0.0406218,0.998694,58.5633,58.5633,1,1081.22,464.51,1,0
83788006941530,1086.57,451.839,1.98785,138.043,101.369,-568.94,3.77304,-2.89109,0.0657207,-0.0504376,0.996562,58.558,58.558,1,1075.86,479.588,1.97198,199.342,104.237,-566.546,-1.64197,-2.68374,-0.0286224,-0.046823,0.998493,58.558,58.558,1,1081.22,465.713,1,0
83788009441270,1066.16,449.432,2.01903,138.001,101.353,-568.758,3.56473,-2.66757,0.0621087,-0.0465411,0.996984,58.5588,58.5588,1,1071.22,477.139,1.99056,199.306,104.2,-566.732,-2.48004,-3.17216,-0.043205,-0.0553363,0.997533,58.5588,58.5588,1,1068.69,463.285,1,0
83788011944480,1066.16,449.432,2.00099,137.943,101.272,-568.956,3.2588,-3.20159,0.0567573,-0.0558492,0.996825,58.5743,58.5743,1,1060.4,461.224,1.97685,199.27,104.12,-566.82,-3.02745,-3.78399,-0.0526992,-0.0659951,0.996427,58.5743,58.5743,1,1063.28,455.328,1,0
83788014440750,1031.72,415.594,2.03675,137.929,101.244,-568.82,3.40666,-3.42828,0.0593161,-0.0597991,0.996446,58.5703,58.5703,1,1024.44,450.902,1.93633,199.225,104.076,-566.852,-3.07705,-3.80594,-0.0535605,-0.0663774,0.996356,58.5703,58.5703,1,1028.08,433.248,1,0
83788016947430,979.943,415.594,1.97376,137.878,101.173,-569.064,3.16803,-3.69584,0.0551495,-0.0644599,0.996395,58.5738,58.5738,1,1024.44,431.071,1.96014,199.204,104.05,-566.656,-2.14421,-3.35726,-0.0373506,-0.0585617,0.997585,58.5738,58.5738,1,1002.19,423.333,1,0
83788019443700,968.071,415.594,1.96074,137.87,101.177,-568.954,3.43895,-3.15115,0.0598943,-0.0549702,0.99669,58.5647,58.5647,1,1008.27,427.196,1.97461,199.17,104.038,-566.569,-1.91726,-2.73271,-0.0334182,-0.0476766,0.998304,58.5647,58.5647,1,988.172,421.395,1,0
83788021939970,960.399,387.613,1.96375,137.821,101.149,-569.041,3.10024,-3.68556,0.0539711,-0.0642807,0.996471,58.5746,58.5746,1,1008.27,427.196,1.97255,199.14,104.014,-566.679,-2.35411,-3.15997,-0.041013,-0.0551239,0.997637,58.5746,58.5746,1,984.336,407.405,1,0
83788024443180,960.399,387.613,1.97858,137.823,101.132,-568.966,3.37356,-4.42479,0.0586703,-0.0771503,0.995292,58.5701,58.5701,1,1008.27,427.196,1.93329,199.117,103.965,-566.64,-2.21029,-4.06378,-0.0384703,-0.0708669,0.996744,58.5701,58.5701,1,984.336,407.405,1,0
83788026942910,960.399,387.613,1.99327,137.79,101.134,-568.958,3.19321,-4.65088,0.0555197,-0.0810841,0.99516,58.5728,58.5728,1,1008.27,427.196,1.93555,199.086,103.997,-566.715,-2.75284,-3.52918,-0.0479366,-0.0615568,0.996952,58.5728,58.5728,1,984.336,407.405,1,0
83788029446130,960.399,387.613,1.96652,137.79,101.195,-568.781,3.39553,-3.43342,0.0591221,-0.0598887,0.996453,58.5531,58.5531,1,1008.27,427.196,1.93736,199.049,103.997,-566.49,-2.28613,-3.03575,-0.039834,-0.052959,0.997802,58.5531,58.5531,1,984.336,407.405,1,0
83788031945860,957.472,372.047,1.96169,137.76,101.139,-568.915,3.33496,-4.86624,0.0579636,-0.0848298,0.994708,58.57,58.57,1,991.641,410.141,1.95252,199.036,103.967,-566.694,-3.07104,-4.08888,-0.0534377,-0.0713038,0.996022,58.57,58.57,1,974.557,391.094,1,0
83788034445610,960.399,372.047,1.98201,137.745,101.135,-568.97,3.57824,-4.60362,0.0622102,-0.0802619,0.994831,58.5743,58.5743,1,991.641,410.141,1.94378,199.016,103.929,-566.719,-2.99847,-4.65876,-0.0521365,-0.0812212,0.995332,58.5743,58.5743,1,976.02,391.094,1,0
83788036945340,960.399,387.613,1.97772,137.752,101.216,-568.64,3.6643,-3.03919,0.0638207,-0.0530189,0.996552,58.5517,58.5517,1,987.195,410.141,1.95433,199.003,103.985,-566.603,-2.71088,-3.7706,-0.0471937,-0.0657618,0.996719,58.5517,58.5517,1,973.797,398.877,1,0
83788039441610,960.399,372.047,1.97806,137.712,101.18,-568.785,3.31524,-3.77252,0.0577043,-0.0657954,0.996163,58.5623,58.5623,1,987.195,410.141,1.9443,198.97,103.944,-566.664,-3.10303,-4.36913,-0.0539743,-0.0761818,0.995632,58.5623,58.5623,1,973.797,391.094,1,0
83788041948300,959.285,372.047,1.94485,137.705,101.214,-568.706,3.43678,-2.8506,0.059873,-0.0497319,0.996966,58.5595,58.5595,1,963.196,369.332,1.93045,198.973,103.926,-566.688,-2.74912,-4.53579,-0.0478126,-0.0790817,0.995721,58.5595,58.5595,1,961.24,370.689,1,0
83788044444560,960.399,378.728,1.95912,137.67,101.189,-568.812,3.27024,-3.31309,0.05695,-0.0577922,0.996703,58.5569,58.5569,1,985.017,383.668,1.98323,198.954,103.97,-566.53,-2.31353,-3.51148,-0.040292,-0.0612486,0.997309,58.5569,58.5569,1,972.708,381.198,1,0
83788046947770,959.285,387.613,1.95757,137.649,101.191,-568.794,3.307,-2.85589,0.0576143,-0.0498241,0.997095,58.5578,58.5578,1,985.017,384.516,1.9795,198.923,103.946,-566.563,-2.55539,-3.49282,-0.0445024,-0.0609234,0.99715,58.5578,58.5578,1,972.151,386.065,1,0
83788049444040,959.285,378.728,1.92807,137.634,101.216,-568.741,3.3628,-2.61218,0.0585973,-0.0455754,0.997241,58.5588,58.5588,1,980.49,383.668,1.93289,198.906,103.896,-566.63,-2.39069,-3.71702,-0.0416256,-0.0648288,0.997028,58.5588,58.5588,1,969.888,381.198,1,0
83788051950720,959.285,372.047,1.93742,137.606,101.129,-569.013,3.35703,-4.27798,0.0583945,-0.0745954,0.995503,58.5727,58.5727,1,980.49,383.668,1.92741,198.894,103.9,-566.63,-2.0877,-3.34859,-0.0363669,-0.0584107,0.99763,58.5727,58.5727,1,969.888,377.858,1,0
83788054446990,954.784,378.728,1.93173,137.58,101.153,-568.955,3.33689,-3.62787,0.0580901,-0.063276,0.996304,58.5749,58.5749,1,985.017,383.668,1.89743,198.87,103.861,-566.733,-2.47126,-3.62961,-0.0430318,-0.0633062,0.997066,58.5749,58.5749,1,969.9,381.198,1,0
83788056950200,954.784,372.047,1.96495,137.567,101.187,-568.763,3.35615,-3.49085,0.0584338,-0.0608892,0.996433,58.5692,58.5692,1,981.928,383.668,1.90106,198.859,103.839,-566.805,-2.35726,-3.79537,-0.0410402,-0.0661933,0.996962,58.5692,58.5692,1,968.356,377.858,1,0
83788059449940,954.784,372.047,1.95964,137.543,101.137,-568.931,3.35407,-4.50318,0.0583256,-0.0785144,0.995205,58.5729,58.5729,1,981.928,383.668,1.92307,198.848,103.85,-566.705,-2.21608,-3.99918,-0.0385741,-0.0697421,0.996819,58.5729,58.5729,1,968.356,377.858,1,0
83788061946210,959.285,368.822,1.95803,137.521,101.135,-568.918,3.65957,-4.6541,0.0636176,-0.0811401,0.99467,58.5688,58.5688,1,980.49,383.668,1.9087,198.814,103.847,-566.631,-2.4635,-4.35406,-0.0428589,-0.0759195,0.996192,58.5688,58.5688,1,969.888,376.245,1,0
83788064449420,954.784,368.822,1.96475,137.506,101.154,-568.847,3.72628,-3.74435,0.0648514,-0.0653048,0.995756,58.5697,58.5697,1,981.928,376.418,1.90267,198.803,103.839,-566.725,-2.93847,-4.74407,-0.0510879,-0.0827051,0.995264,58.5697,58.5697,1,968.356,372.62,1,0
83788066949150,959.285,372.047,1.97409,137.486,101.177,-568.722,3.49525,-3.36471,0.0608606,-0.0586915,0.996419,58.558,58.558,1,980.49,367.123,1.92255,198.783,103.844,-566.608,-2.44998,-4.28495,-0.0426276,-0.0747167,0.996293,58.558,58.558,1,969.888,369.585,1,0
83788069452370,959.285,368.822,1.938,137.458,101.133,-568.834,3.50284,-3.59521,0.0609778,-0.062707,0.996167,58.5689,58.5689,1,980.49,355.921,1.92134,198.738,103.795,-566.703,-3.10284,-4.59402,-0.0539543,-0.0800949,0.995326,58.5689,58.5689,1,969.888,362.371,1,0
83788071948630,961.311,368.822,1.95029,137.458,101.156,-568.723,3.64234,-3.11496,0.0634342,-0.0543395,0.996506,58.5584,58.5584,1,976.344,350.966,1.95963,198.73,103.812,-566.601,-2.67463,-4.0841,-0.0465457,-0.0712206,0.996374,58.5584,58.5584,1,968.828,359.894,1,0
83788074451840,961.311,372.047,1.91592,137.429,101.135,-568.764,3.59021,-3.20999,0.0625217,-0.0559956,0.996472,58.5624,58.5624,1,976.344,353.91,1.9294,198.712,103.776,-566.63,-2.45943,-4.02704,-0.042806,-0.0702272,0.996612,58.5624,58.5624,1,968.828,362.978,1,0
83788076951590,961.311,372.047,1.94613,137.411,101.137,-568.704,3.53491,-3.11622,0.0615655,-0.0543615,0.996622,58.5559,58.5559,1,976.344,367.123,1.94008,198.679,103.795,-566.558,-2.52514,-3.44682,-0.043978,-0.060122,0.997222,58.5559,58.5559,1,968.828,369.585,1,0
83788079454790,961.611,372.047,1.91329,137.39,101.129,-568.721,3.63208,-2.97199,0.063264,-0.0518477,0.996649,58.5604,58.5604,1,975.53,353.91,1.91379,198.675,103.741,-566.618,-2.58023,-4.29315,-0.044892,-0.0748595,0.996183,58.5604,58.5604,1,968.571,362.978,1,0
83788081951060,963.108,381.81,1.8989,137.366,101.127,-568.703,3.62888,-3.25116,0.0631916,-0.056713,0.996389,58.5619,58.5619,1,975.53,353.517,1.92333,198.653,103.743,-566.669,-2.67773,-4.03018,-0.0466026,-0.070282,0.996438,58.5619,58.5619,1,969.319,367.663,1,0
83788084450800,961.311,372.047,1.89933,137.34,101.119,-568.742,3.41479,-3.7608,0.0594357,-0.0655912,0.996075,58.5509,58.5509,1,975.53,353.91,1.87585,198.612,103.788,-566.406,-2.53603,-3.4033,-0.0441696,-0.0593638,0.997259,58.5509,58.5509,1,968.42,362.978,1,0
83788086954020,961.311,372.047,1.96597,137.318,101.07,-568.805,3.49961,-4.04633,0.0608896,-0.070563,0.995647,58.5668,58.5668,1,971.781,353.91,1.90656,198.615,103.715,-566.648,-2.64489,-4.34094,-0.0460132,-0.0756912,0.996069,58.5668,58.5668,1,966.546,362.978,1,0
83788089450280,961.611,372.047,1.94691,137.298,101.076,-568.775,3.524,-3.93644,0.0613216,-0.0686497,0.995754,58.56,58.56,1,970.896,353.91,1.90165,198.58,103.751,-566.545,-2.69684,-3.76723,-0.0469497,-0.0657032,0.996734,58.56,58.56,1,966.253,362.978,1,0
83788091956960,961.356,372.047,1.93787,137.273,101.078,-568.766,3.51733,-3.77949,0.061217,-0.0659168,0.995946,58.5514,58.5514,1,975.53,353.517,1.8861,198.559,103.744,-566.37,-2.42723,-4.03231,-0.0422457,-0.0703189,0.99663,58.5514,58.5514,1,968.443,362.782,1,0
83788094453230,961.356,369.408,1.94511,137.261,101.075,-568.688,3.62342,-3.46848,0.0630826,-0.0604994,0.996173,58.5592,58.5592,1,971.781,353.91,1.88437,198.537,103.721,-566.607,-3.15667,-4.38715,-0.0549051,-0.0764954,0.995557,58.5592,58.5592,1,966.568,361.659,1,0
83788096956440,961.461,372.047,1.95705,137.235,101.069,-568.736,3.52307,-3.23211,0.0613528,-0.056381,0.996522,58.5539,58.5539,1,970.896,353.91,1.88842,198.518,103.748,-566.451,-2.86091,-3.85788,-0.0497985,-0.0672818,0.99649,58.5539,58.5539,1,966.178,362.978,1,0
83788099452710,961.611,372.047,1.96535,137.22,101.067,-568.688,3.62059,-2.90416,0.063068,-0.0506654,0.996722,58.5543,58.5543,1,970.896,353.91,1.84798,198.497,103.718,-566.5,-3.19477,-4.09994,-0.0555878,-0.0714965,0.995891,58.5543,58.5543,1,966.253,362.978,1,0
83788101959390,961.356,372.047,1.94594,137.187,101.033,-568.796,3.46513,-3.6327,0.0603197,-0.0633601,0.996166,58.5646,58.5646,1,970.896,353.517,1.88086,198.472,103.664,-566.588,-3.40493,-4.48857,-0.0592102,-0.0782601,0.995173,58.5646,58.5646,1,966.126,362.782,1,0
83788104455660,961.461,369.408,1.9134,137.169,101.014,-568.808,3.56746,-3.87495,0.0620814,-0.0675791,0.995781,58.5544,58.5544,1,971.781,353.91,1.93367,198.455,103.715,-566.368,-2.27648,-2.62274,-0.03968,-0.0457594,0.998164,58.5544,58.5544,1,966.621,361.659,1,0
83788106955400,961.611,372.047,1.9076,137.163,101.019,-568.752,3.88072,-3.93186,0.0675202,-0.06857,0.995359,58.5581,58.5581,1,970.896,353.91,1.89768,198.439,103.653,-566.488,-2.51663,-3.39701,-0.0438322,-0.0592543,0.99728,58.5581,58.5581,1,966.253,362.978,1,0
83788109458610,961.611,369.408,1.89374,137.137,101.02,-568.718,3.68753,-3.92025,0.0641647,-0.0683678,0.995595,58.5538,58.5538,1,970.909,353.91,1.89008,198.418,103.65,-566.428,-2.27044,-3.32932,-0.0395494,-0.058075,0.997528,58.5538,58.5538,1,966.26,361.659,1,0
83788111954880,961.611,360.04,1.89084,137.12,101.013,-568.733,3.87791,-4.35207,0.0674357,-0.075885,0.994834,58.5609,58.5609,1,971.781,353.91,1.87683,198.408,103.599,-566.549,-2.12543,-3.49747,-0.0370181,-0.0610044,0.997451,58.5609,58.5609,1,966.696,356.975,1,0
83788114458080,963.583,346.387,1.88883,137.098,101.008,-568.712,3.79417,-4.46397,0.0659716,-0.0778322,0.994781,58.5573,58.5573,1,971.781,382.373,1.88667,198.386,103.613,-566.496,-2.17409,-3.49391,-0.0378654,-0.0609424,0.997423,58.5573,58.5573,1,967.682,364.38,1,0
83788116957830,970.067,343.886,1.94058,137.074,100.971,-568.806,3.77288,-4.50847,0.065598,-0.0786064,0.994745,58.5608,58.5608,1,971.781,379.021,1.87972,198.362,103.609,-566.465,-2.12723,-3.55979,-0.037047,-0.0620901,0.997383,58.5608,58.5608,1,970.924,361.454,1,0
83788119461040,970.067,343.886,1.9178,137.056,100.99,-568.697,3.85395,-4.08389,0.0670427,-0.071217,0.995205,58.5552,58.5552,1,978.16,365.09,1.85118,198.338,103.602,-566.457,-2.37512,-3.80981,-0.0413501,-0.0664447,0.996933,58.5552,58.5552,1,974.113,354.488,1,0
83788121957310,972.714,355.355,1.93565,137.018,100.983,-568.711,3.74695,-3.71054,0.065213,-0.064716,0.995771,58.5539,58.5539,1,972.445,353.91,1.88459,198.311,103.587,-566.411,-2.47505,-4.43641,-0.043055,-0.0773527,0.996074,58.5539,58.5539,1,972.579,354.632,1,0
83788124453570,963.583,346.387,1.91824,136.989,100.99,-568.688,3.41246,-3.70975,0.0593987,-0.0647022,0.996135,58.5612,58.5612,1,971.781,365.09,1.89172,198.295,103.551,-566.581,-2.76572,-4.69917,-0.0480899,-0.0819241,0.995478,58.5612,58.5612,1,967.682,355.739,1,0
83788126960260,970.067,353.578,1.90679,136.995,100.995,-568.649,3.72019,-3.74424,0.0647455,-0.0653029,0.995763,58.553,58.553,1,971.781,353.91,1.88238,198.276,103.547,-566.446,-2.49676,-4.65028,-0.0434195,-0.0810737,0.995762,58.553,58.553,1,970.924,353.744,1,0
83788129456520,970.067,353.578,1.91093,136.969,101.027,-568.575,3.49879,-3.19621,0.0609325,-0.0557554,0.996583,58.5482,58.5482,1,971.781,353.91,1.85874,198.247,103.559,-566.43,-2.58065,-4.20734,-0.0449043,-0.0733659,0.996294,58.5482,58.5482,1,970.924,353.744,1,0
83788131959740,963.583,355.355,1.89657,136.935,100.982,-568.691,3.46435,-3.55179,0.0603114,-0.0619508,0.996255,58.5604,58.5604,1,971.781,353.91,1.92309,198.238,103.549,-566.558,-2.79045,-4.00149,-0.0485646,-0.0697823,0.996379,58.5604,58.5604,1,967.682,354.632,1,0
83788134459470,963.583,355.355,1.88496,136.93,101.019,-568.565,3.7329,-3.0738,0.0650116,-0.0536222,0.996443,58.5514,58.5514,1,971.036,353.91,1.90918,198.193,103.525,-566.497,-3.13505,-4.35651,-0.0545317,-0.0759622,0.995618,58.5514,58.5514,1,967.309,354.632,1,0
83788136962680,970.067,353.578,1.89602,136.903,100.938,-568.839,3.80779,-4.76081,0.0661805,-0.0829963,0.99435,58.5605,58.5605,1,971.036,353.91,1.91593,198.187,103.571,-566.406,-2.78283,-3.69063,-0.0484498,-0.064369,0.996749,58.5605,58.5605,1,970.551,353.744,1,0
83788139458950,970.067,355.355,1.8908,136.892,101.048,-568.541,3.83112,-3.27274,0.0667069,-0.057089,0.996138,58.5456,58.5456,1,966.252,353.91,1.88675,198.167,103.544,-566.41,-2.82987,-4.45158,-0.0492215,-0.0776166,0.995768,58.5456,58.5456,1,968.159,354.632,1,0
83788141962160,968.142,355.355,1.84754,136.859,100.996,-568.651,3.68135,-4.08339,0.0640446,-0.0712084,0.995403,58.5499,58.5499,1,965.388,353.91,1.87423,198.143,103.562,-566.382,-2.58593,-4.04256,-0.0450054,-0.0704974,0.996496,58.5499,58.5499,1,966.765,354.632,1,0
83788144461900,963.583,353.578,1.92768,136.825,100.968,-568.734,3.50072,-4.97193,0.0608313,-0.0866677,0.994378,58.5547,58.5547,1,965.388,353.91,1.87339,198.114,103.535,-566.386,-2.79216,-4.40475,-0.0485693,-0.0768017,0.995863,58.5547,58.5547,1,964.485,353.744,1,0
83788146958170,970.067,353.578,1.92743,136.813,101.011,-568.609,3.76977,-3.89346,0.0655957,-0.0679015,0.995533,58.5468,58.5468,1,965.388,353.91,1.85813,198.095,103.563,-566.362,-2.88402,-4.29593,-0.050173,-0.0749078,0.995928,58.5468,58.5468,1,967.727,353.744,1,0
83788149461380,970.067,353.578,1.9351,136.794,101,-568.666,3.88367,-3.80542,0.0675816,-0.0663683,0.995504,58.5505,58.5505,1,965.388,351.952,1.86609,198.072,103.535,-566.375,-3.04947,-4.95647,-0.0529993,-0.0863989,0.99485,58.5505,58.5505,1,967.727,352.765,1,0
83788151961120,970.067,355.355,1.93677,136.776,101.028,-568.547,3.78608,-3.41197,0.0659145,-0.0595148,0.996049,58.5462,58.5462,1,965.388,351.952,1.858,198.055,103.551,-566.414,-3.0483,-4.53661,-0.0530111,-0.0790961,0.995456,58.5462,58.5462,1,967.727,353.653,1,0
83788154464330,963.583,353.578,1.91714,136.744,101.054,-568.55,3.47185,-3.39689,0.0604517,-0.0592522,0.996411,58.5463,58.5463,1,953.801,337.851,1.86806,198.044,103.518,-566.411,-3.0522,-5.44379,-0.0530055,-0.0948692,0.994078,58.5463,58.5463,1,958.692,345.715,1,0
83788156960600,970.067,353.578,1.92051,136.733,101.013,-568.689,3.8409,-3.76908,0.0668413,-0.0657354,0.995596,58.5495,58.5495,1,948.572,345.658,1.89108,198.003,103.571,-566.344,-3.03195,-4.15608,-0.0527537,-0.0724738,0.995974,58.5495,58.5495,1,959.32,349.618,1,0
83788159463810,970.067,353.578,1.89973,136.705,101.033,-568.593,3.76967,-3.56485,0.0656186,-0.0621783,0.995906,58.5495,58.5495,1,950.408,345.658,1.88627,197.998,103.524,-566.431,-2.84062,-4.62677,-0.0493964,-0.0806646,0.995517,58.5495,58.5495,1,960.237,349.618,1,0
83788161963550,970.067,355.355,1.91813,136.69,101.063,-568.597,3.94358,-3.47365,0.0686478,-0.0605895,0.995799,58.5467,58.5467,1,958.481,339.72,1.88268,197.976,103.54,-566.38,-2.69386,-4.25994,-0.0468696,-0.0742815,0.996135,58.5467,58.5467,1,964.274,347.538,1,0
83788164466760,970.067,355.355,1.87754,136.668,101.068,-568.548,3.92462,-3.6431,0.0683057,-0.0635413,0.995639,58.5414,58.5414,1,953.801,339.72,1.89432,197.957,103.549,-566.32,-2.48663,-4.13058,-0.0432735,-0.0720298,0.996463,58.5414,58.5414,1,961.934,347.538,1,0
83788166966490,972.018,353.578,1.87346,136.637,101.063,-568.624,3.77338,-3.92969,0.0656556,-0.0685322,0.995486,58.5403,58.5403,1,955.898,345.658,1.86294,197.922,103.58,-566.227,-2.73632,-4.05923,-0.04762,-0.0707876,0.996354,58.5403,58.5403,1,963.958,349.618,1,0
83788169462760,972.018,355.229,1.86107,136.622,101.094,-568.565,3.86393,-3.72504,0.0672449,-0.0649685,0.995619,58.5451,58.5451,1,950.408,339.72,1.85525,197.913,103.541,-566.387,-2.86726,-4.55058,-0.0498646,-0.0793391,0.9956,58.5451,58.5451,1,961.213,347.474,1,0
83788171965970,972.018,355.229,1.9418,136.602,101.053,-568.637,3.96313,-4.52834,0.0688988,-0.0789522,0.994495,58.5452,58.5452,1,958.481,339.72,1.87683,197.89,103.538,-566.305,-2.53823,-4.49603,-0.0441498,-0.07839,0.995945,58.5452,58.5452,1,965.249,347.474,1,0
83788174462240,970.067,353.578,1.915,136.561,101.044,-568.701,3.61191,-4.78732,0.0627782,-0.0834573,0.994532,58.5439,58.5439,1,955.898,339.72,1.84877,197.864,103.61,-566.231,-2.4604,-3.64546,-0.042842,-0.0635824,0.997057,58.5439,58.5439,1,962.983,346.649,1,0
83788176968920,972.018,353.578,1.91916,136.553,101.065,-568.634,3.84728,-4.24258,0.0669134,-0.0739794,0.995012,58.5446,58.5446,1,958.481,339.72,1.87032,197.844,103.545,-566.301,-2.60895,-4.84796,-0.0453561,-0.0845119,0.99539,58.5446,58.5446,1,965.249,346.649,1,0
83788179465190,972.018,353.578,1.93875,136.515,101.086,-568.667,3.60668,-3.76012,0.0627715,-0.0655794,0.995871,58.5456,58.5456,1,950.408,339.72,1.85715,197.813,103.595,-566.308,-2.89599,-4.00731,-0.0503996,-0.0698837,0.996281,58.5456,58.5456,1,961.213,346.649,1,0
83788181968400,972.018,353.244,1.90587,136.508,101.114,-568.581,3.84054,-3.80403,0.0668324,-0.066344,0.995556,58.5446,58.5446,1,956.551,339.72,1.83538,197.8,103.541,-566.366,-2.70955,-4.8238,-0.0471055,-0.0840918,0.995344,58.5446,58.5446,1,964.284,346.482,1,0
83788184464670,972.018,353.578,1.90581,136.488,101.14,-568.521,3.82068,-3.45543,0.0665129,-0.060272,0.995964,58.5419,58.5419,1,955.898,339.72,1.83937,197.77,103.561,-566.38,-3.14062,-4.52212,-0.0546162,-0.0788439,0.99539,58.5419,58.5419,1,963.958,346.649,1,0
83788186971360,972.018,353.578,1.88158,136.472,101.129,-568.582,4.02278,-3.52947,0.07002,-0.0615619,0.995644,58.5357,58.5357,1,958.481,339.72,1.90636,197.749,103.579,-566.191,-2.30998,-3.75858,-0.0402191,-0.0655526,0.997038,58.5357,58.5357,1,965.249,346.649,1,0
83788189467630,972.018,353.578,1.90355,136.451,101.16,-568.485,3.82242,-2.96545,0.0665751,-0.0517337,0.996439,58.5399,58.5399,1,950.408,339.72,1.84414,197.73,103.548,-566.377,-2.93021,-4.3786,-0.0509704,-0.0763466,0.995778,58.5399,58.5399,1,961.213,346.649,1,0
83788191967360,972.018,353.578,1.91371,136.415,101.196,-568.475,3.57629,-2.67267,0.0623096,-0.0466299,0.996967,58.5314,58.5314,1,956.551,339.72,1.87402,197.704,103.607,-566.231,-2.53735,-3.46131,-0.0441898,-0.0603745,0.997197,58.5314,58.5314,1,964.284,346.649,1,0
83788194470570,972.018,359.344,1.87132,136.395,101.139,-568.628,3.74651,-3.65582,0.0652094,-0.0637628,0.995832,58.5411,58.5411,1,955.898,339.72,1.88068,197.695,103.579,-566.261,-2.74751,-4.387,-0.0477942,-0.0764928,0.995924,58.5411,58.5411,1,963.958,349.532,1,0
83788196966840,972.018,358.499,1.86149,136.369,101.171,-568.596,3.55778,-3.67551,0.0619274,-0.0641057,0.99602,58.5413,58.5413,1,953.96,339.72,1.87436,197.671,103.567,-566.303,-2.94166,-4.94489,-0.051128,-0.0861975,0.994965,58.5413,58.5413,1,962.989,349.109,1,0
83788199470050,972.018,357.942,1.94944,136.364,101.168,-568.513,3.91024,-3.68343,0.0680527,-0.0642437,0.995611,58.5321,58.5321,1,953.96,339.72,1.87963,197.644,103.595,-566.196,-2.68261,-4.17799,-0.0466789,-0.0728551,0.99625,58.5321,58.5321,1,962.989,348.831,1,0
83788201969790,972.018,353.578,1.92728,136.331,101.141,-568.669,3.77604,-4.31269,0.0656702,-0.0751996,0.995004,58.5437,58.5437,1,955.898,339.72,1.87234,197.62,103.605,-566.284,-2.83469,-3.76379,-0.0493479,-0.0656433,0.996622,58.5437,58.5437,1,963.958,346.649,1,0
83788204473000,972.018,357.942,1.92738,136.322,101.202,-568.441,3.7415,-3.72671,0.0651171,-0.0649976,0.995759,58.5273,58.5273,1,955.898,339.72,1.87725,197.603,103.588,-566.174,-2.58138,-4.01442,-0.0449278,-0.0700075,0.996534,58.5273,58.5273,1,963.958,348.831,1,0
83788206969270,972.018,358.499,1.94848,136.302,101.22,-568.482,3.74459,-2.96275,0.0652216,-0.0516867,0.996531,58.5392,58.5392,1,953.96,339.72,1.87164,197.6,103.573,-566.386,-2.89995,-4.37709,-0.0504445,-0.0763203,0.995807,58.5392,58.5392,1,962.989,349.109,1,0
83788209472480,972.018,357.942,1.91603,136.29,101.22,-568.484,3.87261,-3.05634,0.0674423,-0.053318,0.996297,58.5411,58.5411,1,953.96,339.72,1.83838,197.583,103.523,-566.413,-3.13047,-5.75331,-0.0543348,-0.100246,0.993478,58.5411,58.5411,1,962.989,348.831,1,0
83788211972210,972.018,358.499,1.89906,136.274,101.245,-568.427,3.87043,-2.44728,0.0674389,-0.0427001,0.996809,58.5271,58.5271,1,953.96,339.72,1.83592,197.549,103.615,-566.204,-2.96026,-4.18874,-0.0515053,-0.0730422,0.995998,58.5271,58.5271,1,962.989,349.109,1,0
83788214468480,972.018,358.499,1.89304,136.255,101.248,-568.424,3.88706,-2.86815,0.0677051,-0.0500378,0.99645,58.5262,58.5262,1,953.96,339.72,1.83211,197.53,103.597,-566.183,-2.91373,-4.22458,-0.0506942,-0.073666,0.995994,58.5262,58.5262,1,962.989,349.109,1,0
83788216971690,972.018,393.196,1.89224,136.231,101.246,-568.483,3.77361,-2.99493,0.0657244,-0.0522477,0.996469,58.5333,58.5333,1,944.849,339.72,1.85332,197.511,103.583,-566.27,-3.01974,-4.26787,-0.0525339,-0.0744195,0.995842,58.5333,58.5333,1,958.433,366.458,1,0
83788219471440,972.018,393.196,1.86744,136.213,101.274,-568.379,3.59774,-2.5872,0.0626871,-0.0451398,0.997012,58.5232,58.5232,1,953.96,339.72,1.88256,197.493,103.6,-566.172,-2.52325,-3.427,-0.043946,-0.0597768,0.997244,58.5232,58.5232,1,962.989,366.458,1,0
83788221974650,972.018,371.184,1.87253,136.207,101.26,-568.442,3.91674,-3.45589,0.0681826,-0.0602801,0.99585,58.5255,58.5255,1,953.96,339.72,1.91662,197.487,103.581,-566.15,-2.56259,-4.19229,-0.0445911,-0.073104,0.996327,58.5255,58.5255,1,962.989,355.452,1,0
83788224470920,972.018,358.499,1.85317,136.176,101.265,-568.436,3.74013,-3.80823,0.0650872,-0.0664173,0.995667,58.5271,58.5271,1,953.96,339.72,1.88297,197.475,103.6,-566.195,-2.56485,-3.8545,-0.0446489,-0.067223,0.996738,58.5271,58.5271,1,962.989,349.109,1,0
83788226977600,972.018,371.184,1.85855,136.156,101.272,-568.417,3.7036,-3.87264,0.0644476,-0.0675389,0.995633,58.5211,58.5211,1,953.96,339.72,1.8573,197.448,103.594,-566.086,-2.36655,-3.89514,-0.041197,-0.0679307,0.996839,58.5211,58.5211,1,962.989,355.452,1,0
83788229473860,972.018,358.499,1.86861,136.159,101.267,-568.447,4.13297,-3.96544,0.0718989,-0.0691547,0.995012,58.528,58.528,1,957.015,343.779,1.85007,197.439,103.592,-566.201,-2.66694,-4.03986,-0.0464144,-0.0704505,0.996435,58.528,58.528,1,964.516,351.139,1,0
83788231970130,972.018,358.499,1.84855,136.126,101.258,-568.504,3.77243,-4.19015,0.0656178,-0.0730668,0.995166,58.5304,58.5304,1,953.96,343.779,1.84856,197.41,103.591,-566.192,-2.85983,-3.95192,-0.0497741,-0.0689193,0.99638,58.5304,58.5304,1,962.989,351.139,1,0
83788234473340,972.018,351.624,1.91601,136.108,101.263,-568.418,3.70242,-4.01977,0.0644156,-0.0701006,0.995458,58.5319,58.5319,1,953.96,352.33,1.81502,197.414,103.554,-566.301,-2.52754,-3.90729,-0.0439971,-0.0681423,0.996705,58.5319,58.5319,1,962.989,351.977,1,0
83788236973080,972.018,359.597,1.92627,136.102,101.269,-568.445,3.76103,-3.66511,0.0654611,-0.0639246,0.995805,58.528,58.528,1,957.015,342.928,1.83677,197.394,103.574,-566.199,-2.5847,-4.20766,-0.0449747,-0.0733716,0.99629,58.528,58.528,1,964.516,351.263,1,0
83788239476290,972.018,358.499,1.91372,136.091,101.292,-568.338,3.75982,-3.087,0.065479,-0.0538523,0.9964,58.5229,58.5229,1,957.015,343.779,1.86903,197.383,103.578,-566.205,-2.24239,-3.44407,-0.0390564,-0.0600742,0.99743,58.5229,58.5229,1,964.516,351.139,1,0
83788241976030,972.018,359.597,1.90444,136.089,101.304,-568.316,3.97261,-2.92744,0.0691892,-0.0510713,0.996295,58.5164,58.5164,1,957.015,352.33,1.83626,197.355,103.601,-566.097,-2.30837,-3.37322,-0.040208,-0.0588397,0.997457,58.5164,58.5164,1,964.516,355.963,1,0
83788244479240,972.018,359.597,1.92703,136.07,101.279,-568.406,3.94454,-3.00665,0.0686961,-0.0524519,0.996258,58.5328,58.5328,1,953.96,352.33,1.82601,197.353,103.525,-566.331,-2.83104,-4.45267,-0.0492418,-0.0776356,0.995765,58.5328,58.5328,1,962.989,355.963,1,0
83788246975500,972.018,359.597,1.93815,136.05,101.307,-568.367,3.752,-2.68527,0.0653661,-0.0468496,0.996761,58.5247,58.5247,1,957.015,343.779,1.81416,197.351,103.564,-566.214,-2.35618,-3.59801,-0.0410304,-0.0627559,0.997185,58.5247,58.5247,1,964.516,351.688,1,0
83788249478720,972.018,372.042,1.91528,136.031,101.263,-568.433,3.714,-3.44057,0.0646593,-0.0600132,0.996101,58.523,58.523,1,957.015,352.33,1.79691,197.314,103.584,-566.106,-2.76286,-3.56318,-0.0481091,-0.0621491,0.996907,58.523,58.523,1,964.516,362.186,1,0
83788251978460,972.018,372.042,1.90354,136.03,101.298,-568.376,3.81017,-2.92135,0.0663647,-0.0509651,0.996493,58.5214,58.5214,1,955.875,352.33,1.81207,197.317,103.563,-566.134,-2.6756,-3.58368,-0.0465898,-0.0625063,0.996957,58.5214,58.5214,1,963.946,362.186,1,0
83788254474730,972.018,372.042,1.88756,136.023,101.273,-568.359,3.87694,-3.42569,0.0674929,-0.0597539,0.995929,58.5249,58.5249,1,953.96,352.33,1.79743,197.301,103.529,-566.208,-3.04474,-4.24223,-0.0529701,-0.0739732,0.995852,58.5249,58.5249,1,962.989,362.186,1,0
83788256977940,972.018,371.217,1.90698,136,101.27,-568.47,3.76351,-3.45636,0.065519,-0.0602883,0.996028,58.5327,58.5327,1,955.875,343.779,1.79452,197.298,103.515,-566.258,-3.00672,-4.18711,-0.0523131,-0.0730138,0.995958,58.5327,58.5327,1,963.946,357.498,1,0
83788259474210,972.018,372.042,1.87992,135.994,101.24,-568.545,3.97063,-3.47844,0.0691176,-0.0606729,0.995762,58.5298,58.5298,1,953.96,352.33,1.79521,197.275,103.537,-566.119,-2.94504,-3.71937,-0.0512698,-0.0648697,0.996576,58.5298,58.5298,1,962.989,362.186,1,0
83788261980890,972.018,372.042,1.8725,135.992,101.318,-568.338,3.85416,-2.37107,0.0671595,-0.0413711,0.996884,58.5283,58.5283,1,953.96,352.33,1.82131,197.285,103.475,-566.298,-3.12173,-4.67162,-0.0542766,-0.0814449,0.995199,58.5283,58.5283,1,962.989,362.186,1,0
83788264477160,972.018,372.042,1.87724,135.972,101.23,-568.526,3.99042,-4.10181,0.0694114,-0.0715289,0.99502,58.5314,58.5314,1,941.31,352.33,1.89644,197.265,103.521,-566.165,-2.93271,-3.84194,-0.0510481,-0.0670043,0.996446,58.5314,58.5314,1,956.664,362.186,1,0
83788266980370,972.018,371.217,1.90124,135.954,101.263,-568.512,3.84684,-3.65798,0.0669529,-0.0638005,0.995714,58.529,58.529,1,955.875,352.33,1.90362,197.272,103.506,-566.135,-2.55337,-4.02022,-0.0444404,-0.0701085,0.996549,58.529,58.529,1,963.946,361.773,1,0
83788269480100,972.018,371.217,1.88778,135.947,101.253,-568.503,3.72591,-4.14775,0.0648133,-0.0723286,0.995273,58.5308,58.5308,1,953.96,352.33,1.80035,197.256,103.504,-566.177,-2.54577,-3.53593,-0.0443329,-0.0616744,0.997111,58.5308,58.5308,1,962.989,361.773,1,0
83788271983320,972.018,371.217,1.87581,135.938,101.241,-568.588,3.81093,-4.32318,0.0662751,-0.0753822,0.99495,58.5366,58.5366,1,955.875,352.33,1.91964,197.253,103.485,-566.208,-2.49055,-3.64141,-0.0433669,-0.0635118,0.997038,58.5366,58.5366,1,963.946,361.773,1,0
83788274479580,972.018,362.589,1.89378,135.942,101.292,-568.381,4.06797,-3.61293,0.0707989,-0.0630157,0.995498,58.5203,58.5203,1,955.875,352.994,1.90475,197.238,103.504,-566.086,-2.36101,-3.28438,-0.0411281,-0.0572919,0.99751,58.5203,58.5203,1,963.946,357.792,1,0
83788276979320,972.018,362.589,1.87526,135.937,101.275,-568.401,3.99592,-3.67826,0.0695419,-0.0641536,0.995514,58.5269,58.5269,1,962.38,352.994,1.89416,197.249,103.459,-566.19,-2.24938,-3.38323,-0.0391807,-0.0590142,0.997488,58.5269,58.5269,1,967.199,357.792,1,0
83788279482530,972.018,362.589,1.85165,135.932,101.248,-568.426,4.02532,-3.80477,0.0700427,-0.066357,0.995335,58.5303,58.5303,1,961.715,358.802,1.85514,197.237,103.434,-566.224,-2.5616,-3.90772,-0.0445896,-0.0681497,0.996678,58.5303,58.5303,1,966.866,360.696,1,0
83788281978800,972.018,362.589,1.88008,135.92,101.22,-568.421,4.00647,-4.30055,0.0696724,-0.0749882,0.994747,58.5302,58.5302,1,961.715,355.914,1.87671,197.228,103.4,-566.211,-2.47817,-3.95589,-0.0431357,-0.0689884,0.996684,58.5302,58.5302,1,966.866,359.252,1,0
83788284482010,976.661,362.589,1.86531,135.915,101.2,-568.44,3.9303,-3.98794,0.0683769,-0.0695465,0.995233,58.5371,58.5371,1,961.864,352.994,1.85111,197.228,103.351,-566.318,-2.55753,-4.4739,-0.0444864,-0.078005,0.99596,58.5371,58.5371,1,969.262,357.792,1,0
83788286981750,974.458,358.852,1.90678,135.913,101.168,-568.438,3.89081,-4.15811,0.0676766,-0.072509,0.995069,58.5354,58.5354,1,962.38,352.994,1.88973,197.221,103.341,-566.273,-2.45961,-4.43674,-0.0427866,-0.0773583,0.996085,58.5354,58.5354,1,968.419,355.923,1,0
83788289484960,974.458,351.635,1.8853,135.922,101.162,-568.396,4.10376,-4.04698,0.0713845,-0.0705745,0.994949,58.5317,58.5317,1,961.864,352.994,1.86814,197.216,103.346,-566.237,-2.49543,-4.39035,-0.0434119,-0.0765511,0.99612,58.5317,58.5317,1,968.161,352.315,1,0
83788291981230,976.661,341.172,1.87219,135.913,101.143,-568.443,3.99101,-4.24315,0.0694092,-0.0739892,0.994841,58.5317,58.5317,1,962.38,352.994,1.85747,197.214,103.32,-566.179,-2.31491,-4.77334,-0.0402517,-0.0832142,0.995718,58.5317,58.5317,1,969.521,347.083,1,0
83788294484440,976.661,341.172,1.88266,135.91,101.09,-568.525,3.98396,-4.86195,0.0692273,-0.0847553,0.993994,58.5354,58.5354,1,962.38,335.116,1.85279,197.204,103.309,-566.157,-1.94515,-4.32182,-0.0338463,-0.0753584,0.996582,58.5354,58.5354,1,969.521,338.144,1,0
83788296984180,974.458,337.605,1.94017,135.903,101.08,-568.543,3.83345,-5.18785,0.0665826,-0.0904214,0.993675,58.5346,58.5346,1,965.264,348.216,1.87203,197.2,103.314,-566.123,-1.90811,-4.08685,-0.0332119,-0.0712685,0.996904,58.5346,58.5346,1,969.861,342.911,1,0
83788299480450,976.661,337.605,1.92653,135.888,101.077,-568.582,3.94723,-4.64722,0.0686114,-0.0810205,0.994348,58.5362,58.5362,1,965.264,352.994,1.8928,197.192,103.33,-566.119,-1.9082,-3.82088,-0.0332243,-0.0666376,0.997224,58.5362,58.5362,1,970.962,345.299,1,0
83788301987130,976.661,326.572,1.92527,135.883,101.072,-568.593,3.90057,-5.00596,0.0677657,-0.0872594,0.993878,58.5393,58.5393,1,975.268,348.216,1.84939,197.177,103.295,-566.163,-2.0914,-4.11135,-0.0363998,-0.071695,0.996762,58.5393,58.5393,1,975.965,337.394,1,0
83788304483390,974.875,303.575,1.94293,135.877,101.091,-568.566,3.88807,-4.66062,0.0675833,-0.0812535,0.9944,58.541,58.541,1,974.464,335.116,1.84124,197.177,103.282,-566.229,-2.32555,-4.67682,-0.0404422,-0.0815353,0.99585,58.541,58.541,1,974.669,319.345,1,0
83788306986610,974.458,303.575,1.9468,135.864,101.068,-568.591,3.72283,-5.02216,0.0646806,-0.0875411,0.994059,58.5392,58.5392,1,974.464,348.216,1.84497,197.175,103.303,-566.165,-2.03713,-4.03657,-0.035459,-0.0703932,0.996889,58.5392,58.5392,1,974.461,325.895,1,0
83788309482870,976.661,311.307,1.92889,135.871,101.088,-568.512,3.95592,-4.51006,0.0687754,-0.0786341,0.994528,58.5332,58.5332,1,975.268,352.994,1.86323,197.167,103.321,-566.126,-2.04033,-3.96529,-0.0355177,-0.0691521,0.996974,58.5332,58.5332,1,975.965,332.15,1,0
83788311989560,974.875,303.575,1.93404,135.859,101.067,-568.589,3.77862,-5.03158,0.0656476,-0.0877048,0.993981,58.5407,58.5407,1,975.268,348.216,1.814,197.167,103.284,-566.192,-2.20355,-4.81624,-0.0383139,-0.0839603,0.995732,58.5407,58.5407,1,975.072,325.895,1,0
83788314485820,974.458,303.575,1.93385,135.859,101.081,-568.593,3.89305,-4.50177,0.0676849,-0.0784899,0.994615,58.5396,58.5396,1,975.268,348.216,1.83978,197.165,103.317,-566.178,-2.06555,-3.98375,-0.0359558,-0.0694735,0.996936,58.5396,58.5396,1,974.863,325.895,1,0
83788316989030,974.458,311.307,1.94822,135.857,101.096,-568.501,3.77598,-4.03546,0.0656922,-0.0703738,0.995355,58.5347,58.5347,1,981.152,348.216,1.86326,197.166,103.303,-566.167,-2.00452,-4.22536,-0.0348833,-0.0736796,0.996672,58.5347,58.5347,1,977.805,329.761,1,0
83788319488780,976.661,311.307,1.93748,135.863,101.097,-568.507,4.00715,-4.4424,0.069671,-0.0774569,0.994558,58.5367,58.5367,1,975.85,351.128,1.83474,197.148,103.309,-566.205,-2.29807,-4.03355,-0.0399988,-0.0703405,0.996721,58.5367,58.5367,1,976.255,331.217,1,0
83788321985050,974.875,311.307,1.92427,135.856,101.106,-568.485,3.93503,-4.36953,0.0684259,-0.0761888,0.994743,58.5368,58.5368,1,975.268,348.216,1.82913,197.153,103.289,-566.226,-2.34908,-4.51688,-0.0408604,-0.0787528,0.996056,58.5368,58.5368,1,975.072,329.761,1,0
83788324488250,974.458,303.575,1.94854,135.843,101.086,-568.581,3.72471,-4.66368,0.0647476,-0.0813067,0.994584,58.5395,58.5395,1,975.85,348.216,1.85044,197.159,103.292,-566.183,-2.17938,-4.56198,-0.0379076,-0.0795374,0.996111,58.5395,58.5395,1,975.154,325.895,1,0
83788326987990,974.458,311.307,1.92865,135.839,101.113,-568.489,3.60273,-4.26772,0.0626638,-0.0744169,0.995256,58.5394,58.5394,1,975.85,348.216,1.86349,197.156,103.27,-566.276,-2.30975,-4.75581,-0.040163,-0.0829092,0.995747,58.5394,58.5394,1,975.154,329.761,1,0
83788329491210,974.458,311.307,1.94494,135.851,101.117,-568.456,3.80932,-4.3745,0.0662427,-0.0762752,0.994884,58.5357,58.5357,1,975.85,351.128,1.84082,197.159,103.294,-566.236,-2.09315,-3.96779,-0.0364368,-0.0691956,0.996938,58.5357,58.5357,1,975.154,331.217,1,0
83788331987470,974.458,311.307,1.92818,135.846,101.087,-568.558,3.85737,-4.73115,0.0670438,-0.0824803,0.994335,58.5396,58.5396,1,975.85,348.216,1.86247,197.153,103.292,-566.207,-2.25714,-4.52977,-0.0392614,-0.0789771,0.996103,58.5396,58.5396,1,975.154,329.761,1,0
83788334490690,974.458,311.307,1.9242,135.861,101.137,-568.384,3.92715,-4.18261,0.0683057,-0.0729355,0.994995,58.5317,58.5317,1,975.85,348.216,1.84834,197.148,103.289,-566.228,-2.3424,-4.33655,-0.0407541,-0.0756148,0.996304,58.5317,58.5317,1,975.154,329.761,1,0
83788336990420,974.458,311.307,1.93486,135.851,101.105,-568.523,3.90481,-4.51369,0.0678878,-0.0786972,0.994584,58.5364,58.5364,1,975.85,348.216,1.86268,197.153,103.297,-566.182,-2.19182,-4.41677,-0.0381316,-0.0770109,0.996301,58.5364,58.5364,1,975.154,329.761,1,0
83788339486690,974.458,311.307,1.94636,135.851,101.084,-568.605,3.86933,-5.15929,0.0672079,-0.0899249,0.993678,58.5441,58.5441,1,975.85,348.216,1.85507,197.16,103.277,-566.252,-2.06096,-4.52626,-0.0358506,-0.0789159,0.996236,58.5441,58.5441,1,975.154,329.761,1,0
83788341989900,974.458,311.307,1.94569,135.859,101.142,-568.437,3.88999,-4.41785,0.0676394,-0.0770296,0.994732,58.5366,58.5366,1,975.85,334.155,1.8434,197.159,103.28,-566.278,-2.2227,-4.56464,-0.0386607,-0.0795837,0.996078,58.5366,58.5366,1,975.154,322.731,1,0
83788344489630,974.458,311.307,1.93231,135.857,101.133,-568.465,3.88249,-4.64659,0.0674879,-0.0810093,0.994426,58.5364,58.5364,1,975.85,334.155,1.85203,197.147,103.289,-566.246,-2.56649,-4.81694,-0.0446205,-0.0839725,0.995468,58.5364,58.5364,1,975.154,322.731,1,0
83788346992850,974.458,311.307,1.93435,135.864,101.127,-568.503,4.00235,-4.63876,0.0695687,-0.0808732,0.994294,58.537,58.537,1,975.85,342.731,1.86861,197.152,103.314,-566.226,-2.30756,-4.18492,-0.0401563,-0.0729757,0.996525,58.537,58.537,1,975.154,327.019,1,0
83788349489110,974.458,311.307,1.95433,135.86,101.154,-568.405,3.84361,-4.4964,0.066827,-0.0783965,0.99468,58.5286,58.5286,1,975.85,345.991,1.83095,197.149,103.328,-566.154,-2.28981,-4.12751,-0.0398505,-0.0719763,0.99661,58.5286,58.5286,1,975.154,328.649,1,0
83788351992330,974.458,311.307,1.96605,135.855,101.114,-568.58,3.92475,-5.16798,0.068168,-0.090076,0.993599,58.5445,58.5445,1,975.85,334.155,1.86385,197.159,103.307,-566.303,-2.55628,-4.36275,-0.0444715,-0.0760707,0.99611,58.5445,58.5445,1,975.154,322.731,1,0
83788354492070,974.458,311.307,1.93846,135.871,101.176,-568.369,3.91209,-4.00653,0.0680591,-0.0698702,0.995232,58.5324,58.5324,1,975.85,341.035,1.83909,197.166,103.326,-566.277,-2.53484,-4.21579,-0.0441071,-0.0735131,0.996318,58.5324,58.5324,1,975.154,326.171,1,0
83788356995270,974.458,311.307,1.95748,135.867,101.158,-568.45,3.78137,-4.94423,0.065704,-0.086186,0.99411,58.5359,58.5359,1,975.85,341.035,1.88055,197.171,103.299,-566.259,-2.42681,-4.65972,-0.0422032,-0.0812378,0.995801,58.5359,58.5359,1,975.154,326.171,1,0
83788359491540,974.458,311.307,1.94199,135.867,101.156,-568.502,3.7887,-4.67624,0.0658572,-0.0815253,0.994493,58.5395,58.5395,1,975.85,334.155,1.85868,197.166,103.321,-566.289,-2.7047,-4.64127,-0.0470336,-0.0809169,0.99561,58.5395,58.5395,1,975.154,322.731,1,0
83788361991280,974.458,311.307,1.94033,135.883,101.176,-568.448,3.92752,-4.38495,0.0682941,-0.0764571,0.994731,58.5397,58.5397,1,968.838,334.155,1.86927,197.176,103.313,-566.351,-2.88431,-4.808,-0.0501423,-0.0838169,0.995219,58.5397,58.5397,1,971.648,322.731,1,0
83788364494500,974.458,311.307,1.93933,135.88,101.168,-568.47,3.97852,-4.29721,0.0691875,-0.0749302,0.994786,58.537,58.537,1,968.838,336.451,1.84916,197.181,103.345,-566.276,-2.55856,-4.30043,-0.0445148,-0.0749862,0.99619,58.537,58.537,1,971.648,323.879,1,0
83788366990760,974.458,311.307,1.96175,135.872,101.176,-568.498,3.78174,-4.43409,0.0657586,-0.0773122,0.994836,58.5357,58.5357,1,975.85,341.035,1.87896,197.191,103.391,-566.236,-2.1281,-3.17791,-0.0370767,-0.0554365,0.997774,58.5357,58.5357,1,975.154,326.171,1,0
83788369493980,974.458,311.307,1.94851,135.883,101.184,-568.503,3.7837,-4.58799,0.0657785,-0.0799899,0.994623,58.5429,58.5429,1,970.895,334.155,1.87777,197.204,103.278,-566.357,-2.39221,-5.235,-0.0415657,-0.091241,0.994961,58.5429,58.5429,1,972.676,322.731,1,0
83788371993710,974.458,311.307,1.92347,135.883,101.164,-568.515,3.75972,-4.99977,0.0653229,-0.0871517,0.994051,58.5449,58.5449,1,968.838,336.451,1.87569,197.195,103.354,-566.401,-2.83608,-4.13668,-0.0493498,-0.072136,0.996173,58.5449,58.5449,1,971.648,323.879,1,0
83788374496920,974.458,311.307,1.95213,135.882,101.18,-568.541,3.81825,-4.80999,0.0663572,-0.0838515,0.994266,58.5396,58.5396,1,970.895,341.035,1.88006,197.207,103.36,-566.268,-2.23803,-4.13329,-0.0389495,-0.072077,0.996638,58.5396,58.5396,1,972.676,326.171,1,0
83788376996660,970.268,311.307,1.93327,135.889,101.14,-568.607,3.70867,-5.33522,0.0644031,-0.0929826,0.993583,58.5394,58.5394,1,975.85,341.035,1.9076,197.204,103.385,-566.194,-2.02862,-3.47563,-0.0353335,-0.060624,0.997535,58.5394,58.5394,1,973.059,326.171,1,0
83788379499870,974.458,307.562,1.95621,135.892,101.139,-568.767,3.90759,-5.16625,0.0678705,-0.0900459,0.993622,58.5555,58.5555,1,970.895,341.035,1.85383,197.217,103.351,-566.367,-2.29428,-3.90242,-0.0399392,-0.0680574,0.996882,58.5555,58.5555,1,972.676,324.298,1,0
83788381996140,974.458,295.104,1.95189,135.899,101.147,-568.691,3.82782,-5.37325,0.066465,-0.0936435,0.993385,58.5537,58.5537,1,968.838,336.451,1.89267,197.233,103.32,-566.398,-2.4748,-4.91108,-0.0430214,-0.0856096,0.995399,58.5537,58.5537,1,971.648,315.777,1,0
83788384492400,974.247,304.564,1.94685,135.909,101.181,-568.646,3.88628,-4.64013,0.0675543,-0.080897,0.99443,58.5596,58.5596,1,970.895,341.035,1.86123,197.233,103.303,-566.574,-2.91647,-5.04665,-0.0506829,-0.0879668,0.994833,58.5596,58.5596,1,972.571,322.8,1,0
83788386999090,972.599,304.564,1.91676,135.919,101.161,-568.649,3.85556,-4.87251,0.0669985,-0.0849388,0.994131,58.5441,58.5441,1,975.85,341.035,1.8935,197.237,103.379,-566.256,-2.01717,-3.8457,-0.0351197,-0.0670697,0.99713,58.5441,58.5441,1,974.224,322.8,1,0
83788389495360,974.458,307.562,1.91121,135.931,101.199,-568.637,3.95851,-4.04431,0.0688622,-0.0705279,0.99513,58.555,58.555,1,970.895,341.035,1.87553,197.229,103.359,-566.506,-2.84361,-4.12884,-0.0494812,-0.0719994,0.996177,58.555,58.555,1,972.676,324.298,1,0
83788391998570,974.458,304.564,1.87305,135.934,101.187,-568.659,3.90631,-4.33904,0.0679299,-0.0756581,0.994817,58.5523,58.5523,1,970.558,336.451,1.89519,197.244,103.354,-566.421,-2.40256,-4.34886,-0.0417996,-0.075829,0.996244,58.5523,58.5523,1,972.508,320.508,1,0
83788394494830,974.458,307.562,1.91117,135.952,101.223,-568.538,4.00178,-3.87634,0.0696278,-0.0676032,0.99528,58.5441,58.5441,1,970.895,341.035,1.88534,197.258,103.383,-566.385,-2.20693,-4.07879,-0.038411,-0.0711281,0.996727,58.5441,58.5441,1,972.676,324.298,1,0
83788397001520,974.458,304.564,1.88921,135.941,101.152,-568.776,3.91702,-4.82919,0.0680692,-0.0841854,0.994122,58.5562,58.5562,1,975.85,341.035,1.90021,197.258,103.377,-566.383,-2.20418,-4.23594,-0.0383557,-0.0738637,0.99653,58.5562,58.5562,1,975.154,322.8,1,0
83788399497790,974.458,307.562,1.92029,135.955,101.219,-568.634,3.85004,-3.68477,0.0670064,-0.064267,0.995681,58.543,58.543,1,970.895,341.035,1.92045,197.261,103.418,-566.275,-2.06323,-3.88442,-0.0359197,-0.067744,0.997056,58.543,58.543,1,972.676,324.298,1,0
83788402001000,974.458,307.562,1.89732,135.949,101.175,-568.734,3.88405,-4.43547,0.0675347,-0.0773363,0.994715,58.5548,58.5548,1,975.85,340.029,1.94344,197.273,103.394,-566.406,-2.27078,-4.24082,-0.0395138,-0.0739488,0.996479,58.5548,58.5548,1,975.154,323.796,1,0
83788404500740,974.458,307.562,1.90736,135.951,101.169,-568.736,3.75047,-4.15477,0.0652393,-0.0724509,0.995236,58.5505,58.5505,1,977.983,341.035,1.91102,197.267,103.433,-566.322,-2.14324,-3.55047,-0.037326,-0.0619278,0.997382,58.5505,58.5505,1,976.22,324.298,1,0
83788406997000,974.458,307.562,1.91868,135.956,101.199,-568.677,3.70168,-3.71018,0.0644263,-0.0647097,0.995822,58.5479,58.5479,1,977.983,341.035,1.91389,197.276,103.415,-566.33,-2.16888,-4.01216,-0.0377523,-0.0699681,0.996835,58.5479,58.5479,1,976.22,324.298,1,0
83788409500220,974.458,315.909,1.93475,135.966,101.193,-568.715,3.89739,-3.8226,0.0678186,-0.0666674,0.995468,58.5539,58.5539,1,973.627,341.035,1.92984,197.285,103.397,-566.413,-2.35048,-4.40017,-0.0408912,-0.076722,0.996214,58.5539,58.5539,1,974.042,328.472,1,0
83788411999950,974.458,315.909,1.90661,135.984,101.187,-568.696,4.05853,-4.0061,0.0706026,-0.0698626,0.995055,58.5549,58.5549,1,975.85,341.035,1.90397,197.285,103.418,-566.456,-2.46549,-3.96854,-0.0429144,-0.0692086,0.996679,58.5549,58.5549,1,975.154,328.472,1,0
83788414503160,974.458,331.568,1.93095,135.985,101.213,-568.636,3.98653,-3.56939,0.069387,-0.0622573,0.995645,58.5429,58.5429,1,977.983,341.035,1.91985,197.28,103.446,-566.277,-2.25928,-3.75978,-0.0393369,-0.0655735,0.997072,58.5429,58.5429,1,976.22,336.301,1,0
83788416999430,974.458,323.917,1.91966,135.979,101.17,-568.759,3.98373,-4.2905,0.0692786,-0.0748135,0.994788,58.5546,58.5546,1,975.85,341.035,1.92691,197.281,103.42,-566.384,-2.44712,-3.80495,-0.0426033,-0.0663601,0.996886,58.5546,58.5546,1,975.154,332.476,1,0
83788419502640,975.234,323.917,1.94629,135.993,101.221,-568.625,4.08375,-3.44462,0.0710859,-0.0600837,0.995659,58.55,58.55,1,975.521,341.035,1.90367,197.306,103.428,-566.436,-2.31792,-4.02473,-0.0403445,-0.070187,0.996718,58.55,58.55,1,975.378,332.476,1,0
83788422002380,980.132,331.568,1.92891,135.989,101.186,-568.757,4.04879,-4.04236,0.0704302,-0.070494,0.995023,58.5558,58.5558,1,975.85,344.214,1.92066,197.302,103.422,-566.415,-2.31182,-4.16796,-0.0402312,-0.0726805,0.996544,58.5558,58.5558,1,977.991,337.891,1,0
83788424505590,975.842,331.568,1.91728,135.992,101.205,-568.676,3.90585,-3.78425,0.0679687,-0.0659995,0.995502,58.5544,58.5544,1,975.85,341.035,1.92232,197.306,103.415,-566.469,-2.56721,-4.29755,-0.0446654,-0.0749361,0.996188,58.5544,58.5544,1,975.846,336.301,1,0
83788427001860,975.842,331.568,1.9328,135.999,101.187,-568.733,3.99812,-3.92142,0.0695606,-0.0683883,0.995231,58.5586,58.5586,1,975.521,341.035,1.90839,197.312,103.406,-566.495,-2.44556,-4.32016,-0.0425488,-0.0753296,0.996251,58.5586,58.5586,1,975.682,336.301,1,0
83788429501600,980.132,337.854,1.90424,135.995,101.204,-568.716,3.98278,-3.69969,0.0693119,-0.0645268,0.995506,58.5556,58.5556,1,975.521,341.035,1.91439,197.311,103.414,-566.454,-2.33184,-4.23868,-0.0405758,-0.0739115,0.996439,58.5556,58.5556,1,977.827,339.445,1,0
83788432004810,980.132,337.854,1.9246,135.999,101.182,-568.757,3.88912,-3.90177,0.0676687,-0.0680461,0.995385,58.5642,58.5642,1,975.521,341.035,1.91661,197.318,103.386,-566.582,-2.73832,-4.73825,-0.0476112,-0.0826038,0.995444,58.5642,58.5642,1,977.827,339.445,1,0
83788434501080,975.842,344.621,1.92738,136.009,101.212,-568.674,4.07593,-3.44249,0.0709501,-0.0600466,0.995671,58.5536,58.5536,1,974.79,340.239,1.90855,197.317,103.409,-566.454,-2.54526,-4.64665,-0.0442626,-0.0810105,0.99573,58.5536,58.5536,1,975.316,342.43,1,0
83788437007760,975.842,343.085,1.93271,135.999,101.16,-568.848,3.86461,-3.94612,0.0672392,-0.0688183,0.995361,58.5676,58.5676,1,974.79,340.239,1.82948,197.325,103.38,-566.556,-2.73186,-4.9836,-0.0474817,-0.0868706,0.995087,58.5676,58.5676,1,975.316,341.662,1,0
83788439504030,979.33,343.085,1.9246,136.005,101.181,-568.785,3.96622,-3.52535,0.0690374,-0.0614901,0.995717,58.5648,58.5648,1,974.79,340.239,1.92521,197.34,103.388,-566.568,-2.44987,-4.9366,-0.0425867,-0.0860533,0.99538,58.5648,58.5648,1,977.06,341.662,1,0
83788442007240,975.842,344.621,1.94181,135.994,101.17,-568.77,3.68573,-3.76135,0.0641453,-0.0656008,0.995782,58.5704,58.5704,1,968.305,317.495,1.84956,197.334,103.341,-566.687,-2.63333,-5.33023,-0.0457454,-0.0928959,0.994624,58.5704,58.5704,1,972.073,331.058,1,0
83788444503510,975.842,344.621,1.95888,135.998,101.155,-568.854,3.79384,-4.01578,0.0660041,-0.0700312,0.995359,58.5719,58.5719,1,968.305,317.495,1.94594,197.339,103.358,-566.635,-2.80779,-5.61092,-0.0487508,-0.0977726,0.994014,58.5719,58.5719,1,972.073,331.058,1,0
83788447003240,975.842,343.085,1.91154,136.002,101.144,-568.855,3.79865,-4.18203,0.0660739,-0.0729253,0.995146,58.5742,58.5742,1,968.305,301.238,1.85819,197.333,103.349,-566.678,-2.89783,-5.03487,-0.05036,-0.087762,0.994868,58.5742,58.5742,1,972.073,322.162,1,0
83788449506460,975.842,344.621,1.93917,136.006,101.18,-568.738,3.72701,-3.48011,0.0648829,-0.060702,0.996045,58.5622,58.5622,1,973.417,326.958,1.93967,197.34,103.38,-566.557,-2.35843,-4.47368,-0.0410254,-0.0780012,0.996109,58.5622,58.5622,1,974.629,335.79,1,0
83788452006200,972.998,344.621,1.94135,136.013,101.164,-568.786,3.85193,-3.87524,0.0670246,-0.0675841,0.99546,58.5752,58.5752,1,968.305,317.495,1.82498,197.344,103.306,-566.762,-3.06366,-5.96041,-0.0531565,-0.103841,0.993172,58.5752,58.5752,1,970.651,331.058,1,0
83788454509400,975.842,344.621,1.95168,136.029,101.16,-568.832,4.06817,-3.85232,0.070783,-0.067185,0.995227,58.5735,58.5735,1,968.305,306.458,1.93387,197.354,103.339,-566.687,-2.35896,-4.83734,-0.0410133,-0.0843273,0.995594,58.5735,58.5735,1,972.073,325.54,1,0
83788457005670,975.842,344.621,1.92057,136.019,101.168,-568.76,3.82383,-3.70112,0.0665498,-0.0645518,0.995693,58.5746,58.5746,1,968.305,301.238,1.87144,197.346,103.288,-566.772,-3.09108,-6.01856,-0.0536262,-0.104851,0.993041,58.5746,58.5746,1,972.073,322.929,1,0
83788459508880,972.998,344.621,1.92754,136.013,101.127,-568.913,3.83045,-4.64627,0.0665847,-0.0810039,0.994487,58.5822,58.5822,1,968.305,306.458,1.94946,197.36,103.303,-566.773,-2.61205,-5.4093,-0.04537,-0.09427,0.994512,58.5822,58.5822,1,970.651,325.54,1,0
83788462008630,972.998,344.621,1.93695,136.035,101.16,-568.799,4.03437,-3.68628,0.0702093,-0.0642934,0.995458,58.5776,58.5776,1,968.305,301.238,1.86053,197.348,103.288,-566.794,-2.82587,-5.28064,-0.0490915,-0.0920341,0.994545,58.5776,58.5776,1,970.651,322.929,1,0
83788464511840,975.842,344.621,1.92304,136.021,101.143,-568.826,3.83665,-4.21097,0.0667316,-0.0734291,0.995065,58.5719,58.5719,1,968.305,306.458,1.94801,197.356,103.328,-566.652,-2.32551,-4.67059,-0.040442,-0.0814269,0.995858,58.5719,58.5719,1,972.073,325.54,1,0
83788467008110,975.842,344.621,1.94022,136.038,101.133,-568.804,4.02493,-4.17486,0.0700043,-0.0728006,0.994887,58.571,58.571,1,968.305,301.238,1.84047,197.347,103.313,-566.648,-2.5194,-5.05085,-0.043787,-0.0880398,0.995154,58.571,58.571,1,972.073,322.929,1,0
83788469507840,972.998,344.621,1.96869,136.024,101.136,-568.863,3.80985,-3.95794,0.066287,-0.0690242,0.99541,58.5885,58.5885,1,968.305,301.238,1.84924,197.374,103.225,-566.937,-2.60397,-6.16302,-0.0451696,-0.107358,0.993194,58.5885,58.5885,1,970.651,322.929,1,0
83788472011050,973.375,344.621,1.96842,136.033,101.155,-568.784,3.85671,-3.78072,0.0671151,-0.0659381,0.995564,58.5772,58.5772,1,968.305,301.238,1.94389,197.363,103.268,-566.795,-2.33426,-5.191,-0.0405622,-0.0904762,0.995072,58.5772,58.5772,1,970.84,322.929,1,0
83788474507320,975.842,344.621,1.95201,136.048,101.119,-568.871,4.13641,-4.07365,0.071949,-0.0710387,0.994875,58.5866,58.5866,1,968.305,301.238,1.85846,197.372,103.243,-566.89,-2.81489,-6.12406,-0.0488291,-0.106682,0.993094,58.5866,58.5866,1,972.073,322.929,1,0
83788477010530,975.842,344.621,1.93935,136.031,101.107,-568.909,3.92958,-4.36437,0.0683317,-0.0760989,0.994756,58.5906,58.5906,1,968.305,294.378,1.85158,197.376,103.215,-566.926,-2.50906,-6.16321,-0.0435244,-0.107361,0.993267,58.5906,58.5906,1,972.073,319.5,1,0
83788479510270,975.842,344.621,1.93413,136.027,101.078,-568.987,3.95296,-4.44616,0.06873,-0.0775223,0.994619,58.5929,58.5929,1,968.305,289.95,1.87948,197.37,103.243,-566.896,-2.44218,-5.12193,-0.042441,-0.0892754,0.995102,58.5929,58.5929,1,972.073,317.286,1,0
83788482013480,975.255,344.621,1.96066,136.041,101.139,-568.845,3.88929,-3.95632,0.0676671,-0.068996,0.995319,58.585,58.585,1,968.305,290.462,1.94588,197.38,103.237,-566.887,-2.29631,-5.11251,-0.039908,-0.0891117,0.995222,58.585,58.585,1,971.78,317.542,1,0
83788484509750,975.842,342.395,1.96029,136.035,101.098,-568.932,3.8777,-4.3406,0.0674329,-0.0756854,0.994849,58.5871,58.5871,1,968.305,292.012,1.85862,197.372,103.234,-566.832,-2.18518,-5.08505,-0.0379792,-0.0886343,0.99534,58.5871,58.5871,1,972.073,317.203,1,0
83788487012960,975.842,342.395,1.95565,136.045,101.088,-568.922,4.03412,-4.57562,0.0701264,-0.0797748,0.994343,58.5919,58.5919,1,968.305,294.378,1.87057,197.38,103.235,-566.941,-2.41722,-4.79255,-0.0420285,-0.0835483,0.995617,58.5919,58.5919,1,972.073,318.387,1,0
83788489512690,975.842,342.395,1.95274,136.04,101.112,-568.904,3.91487,-3.9904,0.0681087,-0.0695893,0.995248,58.5895,58.5895,1,968.305,289.95,1.8571,197.363,103.203,-566.906,-2.53418,-5.16425,-0.0440358,-0.0900112,0.994967,58.5895,58.5895,1,972.073,316.173,1,0
83788492008960,975.842,342.395,1.94223,136.06,101.108,-568.892,4.25697,-3.96193,0.0740523,-0.0690936,0.994858,58.5938,58.5938,1,968.305,290.462,1.9174,197.372,103.203,-567.009,-2.79148,-5.22027,-0.0484992,-0.090985,0.994671,58.5938,58.5938,1,972.073,316.429,1,0
83788494512170,975.842,342.395,1.9649,136.058,101.121,-568.868,4.06454,-3.92142,0.0707141,-0.0683883,0.99515,58.5897,58.5897,1,968.305,290.022,1.93835,197.385,103.199,-566.948,-2.35861,-5.11552,-0.04099,-0.0891642,0.995173,58.5897,58.5897,1,972.073,316.209,1,0
83788497011920,976.694,342.395,1.95188,136.048,101.101,-568.913,3.93702,-4.03202,0.0684899,-0.070314,0.995171,58.5957,58.5957,1,968.305,290.022,1.88539,197.381,103.194,-567.024,-2.72218,-5.42553,-0.0472804,-0.094552,0.994397,58.5957,58.5957,1,972.499,316.209,1,0
83788499515130,975.842,342.395,1.95239,136.034,101.053,-569.036,3.83784,-4.76361,0.0667017,-0.0830448,0.994311,58.6061,58.6061,1,968.305,289.95,1.95079,197.397,103.147,-567.096,-2.53645,-6.13409,-0.0440016,-0.106856,0.9933,58.6061,58.6061,1,972.073,316.173,1,0
83788502014870,975.842,342.395,1.96495,136.057,101.083,-568.949,4.06507,-4.25133,0.0706942,-0.0741316,0.99474,58.5958,58.5958,1,968.305,289.95,1.92663,197.383,103.189,-566.983,-2.48978,-5.2667,-0.0432577,-0.0917919,0.994838,58.5958,58.5958,1,972.073,316.173,1,0
83788504514600,976.694,342.395,1.96034,136.054,101.062,-569.026,4.14335,-4.92911,0.0719849,-0.0859232,0.993698,58.6068,58.6068,1,968.305,289.95,1.90367,197.398,103.169,-567.129,-2.77437,-5.81578,-0.0481538,-0.10133,0.993687,58.6068,58.6068,1,972.499,316.173,1,0
83788507014350,976.694,337.91,1.97063,136.062,101.076,-568.925,4.04112,-4.26951,0.0702768,-0.0744481,0.994745,58.5925,58.5925,1,968.305,290.022,1.95821,197.39,103.195,-566.938,-2.15726,-4.88976,-0.0375055,-0.0852388,0.995654,58.5925,58.5925,1,972.499,313.966,1,0
83788509517560,976.372,325.498,1.93236,136.049,101.046,-569.091,3.90728,-5.06492,0.067876,-0.0882844,0.99378,58.6062,58.6062,1,968.305,289.95,1.9006,197.392,103.185,-567.051,-2.48519,-4.9203,-0.0432014,-0.0857698,0.995378,58.6062,58.6062,1,972.338,307.724,1,0
83788512017290,976.694,325.498,1.96894,136.073,101.065,-569.014,4.30109,-4.54506,0.0747618,-0.079243,0.994048,58.6077,58.6077,1,968.305,289.95,1.9604,197.392,103.143,-567.154,-2.80965,-5.72105,-0.0487739,-0.0996852,0.993823,58.6077,58.6077,1,972.499,307.724,1,0
83788514513560,976.694,324.446,1.9662,136.057,101.04,-569.173,3.96518,-5.52436,0.068829,-0.096269,0.992973,58.6131,58.6131,1,968.305,289.95,1.9326,197.395,103.157,-567.107,-2.53431,-5.17616,-0.0440372,-0.0902182,0.994948,58.6131,58.6131,1,972.499,307.198,1,0
83788517016770,976.694,324.446,1.97382,136.063,101.06,-569.109,4.17551,-4.41455,0.072596,-0.0769722,0.994387,58.6081,58.6081,1,968.305,289.95,1.95254,197.387,103.163,-567.072,-2.63351,-5.27772,-0.0457524,-0.0919833,0.994709,58.6081,58.6081,1,972.499,307.198,1,0
83788519513040,976.694,316.166,1.96727,136.072,101.035,-569.21,4.40259,-4.9434,0.0764785,-0.0861715,0.993341,58.6151,58.6151,1,966.516,289.95,1.91635,197.391,103.16,-567.113,-2.69114,-5.07336,-0.0467681,-0.0884311,0.994984,58.6151,58.6151,1,971.605,303.058,1,0
83788522019720,979.661,316.166,1.96572,136.059,101.041,-569.208,4.20552,-4.94571,0.0730613,-0.0862117,0.993594,58.6149,58.6149,1,964.903,289.95,1.9172,197.393,103.138,-567.106,-2.5141,-5.55117,-0.0436595,-0.0967347,0.994352,58.6149,58.6149,1,972.282,303.058,1,0
83788524515990,979.661,316.166,1.96202,136.047,101.023,-569.267,4.00804,-5.24878,0.0696034,-0.0914803,0.993371,58.6173,58.6173,1,965.744,289.95,1.94414,197.401,103.165,-567.1,-2.50007,-4.89148,-0.0434617,-0.0852687,0.99541,58.6173,58.6173,1,972.703,303.058,1,0
83788527019200,982.041,316.166,1.96649,136.06,101.013,-569.302,4.11718,-5.71104,0.0714402,-0.0995115,0.992469,58.6218,58.6218,1,965.744,289.95,1.85485,197.405,103.126,-567.148,-2.57404,-5.95953,-0.0446676,-0.103826,0.993592,58.6218,58.6218,1,973.892,303.058,1,0
83788529518940,982.041,286.31,1.96264,136.066,101.024,-569.249,4.24298,-5.55272,0.0736392,-0.0967616,0.99258,58.6185,58.6185,1,964.903,289.95,1.92974,197.409,103.148,-567.14,-2.51642,-5.16583,-0.0437274,-0.0900386,0.994978,58.6185,58.6185,1,973.472,288.13,1,0
83788532022150,982.041,316.166,1.96313,136.073,101.064,-569.147,4.14181,-4.41197,0.0720112,-0.0769274,0.994433,58.6132,58.6132,1,964.903,289.95,1.89656,197.413,103.162,-567.143,-2.39309,-5.02122,-0.0415949,-0.0875247,0.995294,58.6132,58.6132,1,973.472,303.058,1,0
83788534518420,979.661,316.166,1.9843,136.058,101.069,-569.215,3.92365,-4.83185,0.0681839,-0.0842318,0.994111,58.6211,58.6211,1,965.744,289.95,1.88016,197.413,103.111,-567.231,-2.68823,-5.86927,-0.0466554,-0.102259,0.993663,58.6211,58.6211,1,972.703,303.058,1,0
83788537018160,982.041,292.928,1.98417,136.065,101.016,-569.343,4.04122,-5.55443,0.0701432,-0.0967913,0.99283,58.6256,58.6256,1,964.903,289.95,1.91624,197.413,103.142,-567.193,-2.57269,-5.33901,-0.044692,-0.0930486,0.994658,58.6256,58.6256,1,973.472,291.439,1,0
83788539521370,982.041,289.274,1.96886,136.076,101.064,-569.209,4.13508,-4.89475,0.0718451,-0.0853256,0.993759,58.6174,58.6174,1,964.903,289.95,1.86992,197.41,103.136,-567.163,-2.60604,-5.67477,-0.0452455,-0.0988816,0.99407,58.6174,58.6174,1,973.472,289.612,1,0
83788542017640,982.041,311.375,1.96004,136.069,101.073,-569.208,3.96554,-4.50188,0.0689431,-0.0784917,0.994528,58.6203,58.6203,1,964.903,289.95,1.89231,197.407,103.152,-567.233,-2.81603,-5.42349,-0.0489092,-0.0945165,0.994321,58.6203,58.6203,1,973.472,300.663,1,0
83788544520850,979.661,292.928,1.99708,136.068,101.023,-569.37,3.95623,-5.28356,0.0687012,-0.0920849,0.993378,58.6241,58.6241,1,965.744,287.756,1.95959,197.426,103.161,-567.142,-2.30679,-5.15077,-0.0400877,-0.0897768,0.995155,58.6241,58.6241,1,972.703,290.342,1,0
83788547020580,982.041,289.274,1.96759,136.075,101.059,-569.281,3.98897,-5.02785,0.0692967,-0.08764,0.993739,58.6268,58.6268,1,964.903,287.756,1.89648,197.415,103.147,-567.293,-2.73548,-5.31654,-0.0475197,-0.092658,0.994563,58.6268,58.6268,1,973.472,288.515,1,0
83788549523800,981.145,289.274,1.95395,136.075,101.068,-569.279,3.92216,-4.72267,0.0681689,-0.0823328,0.994271,58.6191,58.6191,1,964.903,287.756,1.95307,197.416,103.175,-567.142,-2.63331,-5.20071,-0.0457546,-0.090645,0.994832,58.6191,58.6191,1,973.024,288.515,1,0
83788552020060,982.041,292.928,1.98426,136.07,101.028,-569.433,4.02665,-5.70227,0.069873,-0.0993592,0.992595,58.633,58.633,1,964.903,287.756,1.87583,197.416,103.151,-567.265,-3.05622,-5.99655,-0.0530241,-0.104469,0.993114,58.633,58.633,1,973.472,290.342,1,0
83788554519800,982.041,289.274,1.95609,136.084,101.032,-569.366,4.27201,-5.53271,0.0741445,-0.096414,0.992576,58.6319,58.6319,1,964.903,287.756,1.94525,197.427,103.152,-567.311,-2.82088,-5.64591,-0.048975,-0.0983803,0.993943,58.6319,58.6319,1,973.472,288.515,1,0
83788557023010,982.041,289.274,1.96001,136.088,101.079,-569.326,4.09683,-4.9868,0.0711718,-0.0869262,0.993669,58.6227,58.6227,1,960.17,284.994,1.88006,197.424,103.183,-567.176,-2.60224,-5.37653,-0.0452023,-0.0937005,0.994574,58.6227,58.6227,1,971.106,287.134,1,0
83788559519280,982.041,289.274,1.98801,136.08,101.028,-569.476,4.09634,-5.46399,0.0711092,-0.0952202,0.992913,58.6331,58.6331,1,960.17,284.994,1.89752,197.409,103.179,-567.232,-3.11038,-5.82642,-0.0539794,-0.101515,0.993369,58.6331,58.6331,1,971.106,287.134,1,0
83788562025970,982.041,284.182,1.97931,136.078,101.053,-569.452,3.95638,-5.02716,0.0687315,-0.087628,0.993779,58.6251,58.6251,1,964.903,287.756,1.96461,197.428,103.217,-567.103,-2.33872,-4.83817,-0.0406617,-0.0843417,0.995607,58.6251,58.6251,1,973.472,285.969,1,0
83788564522230,982.041,289.274,1.96941,136.086,101.08,-569.383,4.03954,-4.826,0.0701951,-0.08413,0.993979,58.626,58.626,1,960.17,284.994,1.88107,197.421,103.203,-567.195,-2.72035,-5.24829,-0.0472623,-0.0914719,0.994685,58.626,58.626,1,971.106,287.134,1,0
83788567025440,982.041,289.274,1.96252,136.093,101.072,-569.42,4.30417,-4.44238,0.0748258,-0.0774564,0.994184,58.628,58.628,1,960.17,284.994,1.86747,197.422,103.206,-567.198,-2.6124,-5.3839,-0.0453782,-0.0938286,0.994554,58.628,58.628,1,971.106,287.134,1,0
83788569521710,982.041,289.274,2.0005,136.088,101.076,-569.445,4.03782,-4.53232,0.0701947,-0.0790214,0.994398,58.6311,58.6311,1,960.17,284.994,1.88061,197.423,103.2,-567.24,-2.82565,-5.4171,-0.0490768,-0.0944054,0.994323,58.6311,58.6311,1,971.106,287.134,1,0
83788572028400,982.041,284.182,1.9877,136.093,101.067,-569.458,4.18595,-5.00969,0.0727148,-0.0873242,0.993523,58.6377,58.6377,1,960.17,284.994,1.88122,197.422,103.174,-567.357,-3.26562,-6.08261,-0.0566443,-0.105962,0.992755,58.6377,58.6377,1,971.106,284.588,1,0
83788574524660,982.041,289.274,1.96732,136.081,101.036,-569.591,3.90113,-5.35504,0.0677381,-0.0933271,0.993329,58.6311,58.6311,1,959.616,284.994,1.97337,197.414,103.25,-567.096,-2.63566,-4.90611,-0.0458163,-0.0855231,0.995282,58.6311,58.6311,1,970.828,287.134,1,0
83788577024400,982.041,289.274,1.97376,136.089,101.084,-569.487,4.00179,-4.83364,0.0695395,-0.0842629,0.994014,58.635,58.635,1,959.616,284.994,1.89485,197.422,103.208,-567.285,-3.10065,-5.84558,-0.0538088,-0.101848,0.993344,58.635,58.635,1,970.828,287.134,1,0
83788579527610,982.041,289.274,1.99103,136.086,101.078,-569.473,3.84708,-4.53961,0.0668833,-0.0791483,0.994617,58.6361,58.6361,1,958.359,284.994,1.88628,197.435,103.214,-567.323,-2.88791,-5.45423,-0.0501541,-0.0950506,0.994208,58.6361,58.6361,1,970.2,287.134,1,0
83788582023880,982.041,289.274,1.97677,136.088,101.07,-569.525,3.91451,-4.61162,0.068047,-0.080401,0.994437,58.6332,58.6332,1,958.359,284.994,1.88007,197.434,103.229,-567.21,-2.63793,-5.40695,-0.0458195,-0.094229,0.994496,58.6332,58.6332,1,970.2,287.134,1,0
83788584527090,982.015,289.274,1.9667,136.097,101.067,-569.532,3.86673,-4.85722,0.0671939,-0.084673,0.994141,58.6428,58.6428,1,958.359,284.994,1.9128,197.441,103.184,-567.396,-3.23347,-6.38906,-0.0560544,-0.111279,0.992207,58.6428,58.6428,1,970.187,287.134,1,0
83788587026820,982.015,291.351,1.98261,136.102,101.093,-569.492,3.91312,-4.14106,0.0680657,-0.0722123,0.995064,58.6337,58.6337,1,958.277,284.994,1.88363,197.435,103.246,-567.264,-2.94467,-5.18879,-0.051161,-0.0904378,0.994587,58.6337,58.6337,1,970.146,288.172,1,0
83788589530040,977.162,289.274,1.9959,136.086,101.07,-569.559,3.77666,-5.0945,0.0656072,-0.0887986,0.993887,58.6385,58.6385,1,958.277,284.994,1.90182,197.439,103.23,-567.29,-2.97994,-5.69637,-0.0517295,-0.0992567,0.993716,58.6385,58.6385,1,967.719,287.134,1,0
83788592026300,977.162,289.274,1.99044,136.1,101.072,-569.551,3.85009,-4.95861,0.0668949,-0.086436,0.994009,58.6424,58.6424,1,958.277,284.994,1.89667,197.433,103.207,-567.375,-3.27647,-6.14545,-0.0568256,-0.107053,0.992628,58.6424,58.6424,1,967.719,287.134,1,0
83788594529520,978.468,289.274,1.97128,136.104,101.067,-569.517,3.9364,-4.84224,0.068404,-0.0844124,0.99408,58.6421,58.6421,1,941.211,284.994,1.92386,197.439,103.213,-567.402,-3.30023,-5.66001,-0.0572874,-0.0986252,0.993474,58.6421,58.6421,1,959.84,287.134,1,0
83788597029260,979.192,289.274,1.9972,136.099,101.043,-569.661,3.94915,-5.15778,0.0685922,-0.0898987,0.993586,58.6484,58.6484,1,941.211,284.994,1.89792,197.454,103.21,-567.385,-2.99261,-5.92067,-0.0519286,-0.103151,0.993309,58.6484,58.6484,1,960.202,287.134,1,0
83788599525530,977.162,289.274,1.9804,136.102,101.071,-569.586,3.82942,-4.95122,0.066537,-0.0863076,0.994044,58.6373,58.6373,1,949.799,284.994,1.92426,197.443,103.261,-567.247,-2.79167,-4.88195,-0.0485279,-0.0851031,0.99519,58.6373,58.6373,1,963.48,287.134,1,0
83788602028730,978.468,289.274,1.98487,136.111,101.046,-569.647,3.96515,-5.34838,0.0688486,-0.0932113,0.993263,58.6463,58.6463,1,945.72,284.994,1.87212,197.451,103.225,-567.358,-2.86468,-5.40413,-0.0497551,-0.0941801,0.994311,58.6463,58.6463,1,962.094,287.134,1,0
83788604528470,978.468,289.274,1.97072,136.112,101.036,-569.681,3.87876,-5.42504,0.0673424,-0.0945435,0.99324,58.6419,58.6419,1,945.72,284.994,1.91916,197.444,103.271,-567.242,-2.77554,-4.6403,-0.0482647,-0.0809001,0.995553,58.6419,58.6419,1,962.094,287.134,1,0
83788607031690,977.162,286.1,1.98905,136.116,101.043,-569.588,3.63838,-5.41465,0.0631759,-0.0943629,0.993531,58.6395,58.6395,1,949.799,284.994,1.90839,197.455,103.257,-567.281,-2.71181,-4.96051,-0.0471351,-0.0864691,0.995139,58.6395,58.6395,1,963.48,285.547,1,0
83788609527950,977.162,286.1,1.98431,136.119,101.043,-569.658,3.80182,-5.00891,0.0660523,-0.0873107,0.993989,58.6479,58.6479,1,949.799,284.994,1.8885,197.454,103.233,-567.385,-2.976,-5.29161,-0.0516964,-0.0922247,0.994395,58.6479,58.6479,1,963.48,285.547,1,0
83788612031170,977.162,289.274,2.00707,136.126,101.052,-569.605,3.76331,-4.87854,0.0653971,-0.0850437,0.994229,58.6456,58.6456,1,945.72,284.994,1.89614,197.465,103.219,-567.387,-2.89879,-5.422,-0.0503456,-0.0944906,0.994252,58.6456,58.6456,1,961.441,287.134,1,0
83788614530900,975.344,286.1,1.9874,136.13,101.052,-569.611,3.85544,-5.11152,0.066972,-0.0890945,0.993769,58.641,58.641,1,949.799,284.994,1.93914,197.471,103.266,-567.296,-2.5502,-4.6175,-0.0443503,-0.0805033,0.995767,58.641,58.641,1,962.571,285.547,1,0
83788617034110,974.124,286.1,2.00543,136.14,101.051,-569.605,3.81569,-4.78256,0.0663154,-0.0833745,0.994309,58.6427,58.6427,1,949.799,284.994,1.89721,197.47,103.238,-567.33,-2.71949,-4.96747,-0.047268,-0.0865902,0.995122,58.6427,58.6427,1,961.961,285.547,1,0
83788619530380,975.056,286.1,1.97521,136.142,101.014,-569.721,3.87037,-5.46842,0.0671921,-0.0952971,0.993179,58.6543,58.6543,1,949.799,284.994,1.89648,197.48,103.218,-567.446,-2.98295,-5.40183,-0.0518077,-0.0941402,0.99421,58.6543,58.6543,1,962.427,285.547,1,0
83788622030110,975.056,289.274,1.99572,136.148,101.032,-569.64,3.77249,-4.81883,0.0655622,-0.0840053,0.994306,58.6396,58.6396,1,949.799,284.994,1.91661,197.468,103.286,-567.237,-2.6168,-4.21532,-0.0455323,-0.0735048,0.996255,58.6396,58.6396,1,962.427,287.134,1,0
83788624533330,974.124,286.1,1.99046,136.144,100.995,-569.764,3.6838,-5.96723,0.0639021,-0.10396,0.992527,58.6543,58.6543,1,949.799,284.994,1.91324,197.487,103.217,-567.397,-2.71319,-5.4299,-0.047124,-0.0946279,0.994397,58.6543,58.6543,1,961.961,285.547,1,0
83788627029590,974.124,286.1,2.00292,136.148,101.005,-569.708,3.7789,-5.25495,0.0656295,-0.0915876,0.993632,58.6514,58.6514,1,949.799,284.994,1.91514,197.495,103.235,-567.399,-2.5961,-4.87797,-0.0451309,-0.0850338,0.995355,58.6514,58.6514,1,961.961,285.547,1,0
83788629532810,975.056,286.1,1.98568,136.164,100.971,-569.807,3.92254,-6.11033,0.0680191,-0.106443,0.991989,58.6536,58.6536,1,949.799,284.994,1.90814,197.492,103.241,-567.338,-2.44524,-4.4457,-0.0425362,-0.0775143,0.996083,58.6536,58.6536,1,962.427,285.547,1,0
83788632032550,975.056,286.1,2.00436,136.175,100.998,-569.685,3.93276,-5.30575,0.0682919,-0.0924706,0.993371,58.6422,58.6422,1,954.324,284.994,1.93216,197.5,103.279,-567.235,-2.17616,-3.84565,-0.0378866,-0.0670688,0.997029,58.6422,58.6422,1,964.69,285.547,1,0
83788634535750,975.093,266.194,1.98555,136.18,100.99,-569.717,3.88836,-5.42389,0.0675089,-0.0945235,0.993231,58.6494,58.6494,1,954.324,284.994,1.92411,197.518,103.254,-567.348,-2.15273,-4.26479,-0.0374594,-0.0743659,0.996527,58.6494,58.6494,1,964.708,275.594,1,0
83788637035500,975.056,286.1,1.95916,136.217,101.073,-569.531,4.25472,-3.66941,0.0740386,-0.0639996,0.9952,58.6372,58.6372,1,960.881,303.205,1.89001,197.52,103.263,-567.298,-1.98715,-3.98103,-0.0345916,-0.0694262,0.996987,58.6372,58.6372,1,967.969,294.652,1,0
83788639531770,976.276,286.1,1.93882,136.21,101.023,-569.679,4.22029,-4.609,0.0733534,-0.0803556,0.994063,58.6502,58.6502,1,969.323,327.344,1.93731,197.524,103.25,-567.411,-2.26156,-4.10636,-0.0393601,-0.0716082,0.996656,58.6502,58.6502,1,972.8,306.722,1,0
83788642034980,976.276,286.1,1.9603,136.217,101.024,-569.707,4.10427,-4.71846,0.0713293,-0.0822597,0.994055,58.6532,58.6532,1,979.666,336.939,1.92042,197.539,103.232,-567.442,-2.23284,-4.27263,-0.0388522,-0.0745023,0.996464,58.6532,58.6532,1,977.971,311.519,1,0
83788644531240,976.276,286.1,1.97539,136.222,101.055,-569.64,4.09144,-4.23866,0.0711533,-0.0739111,0.994723,58.6415,58.6415,1,979.666,336.939,1.92981,197.54,103.285,-567.284,-1.85811,-3.59126,-0.0323608,-0.0626383,0.997512,58.6415,58.6415,1,977.971,311.519,1,0
83788647037930,987.833,298.742,1.96819,136.242,101.041,-569.684,4.25809,-4.53915,0.0740164,-0.0791403,0.994112,58.6507,58.6507,1,979.666,336.939,1.95205,197.549,103.254,-567.422,-2.17265,-4.14297,-0.0378117,-0.0722454,0.99667,58.6507,58.6507,1,983.75,317.84,1,0
83788649534190,987.833,298.742,1.98844,136.261,101.073,-569.586,4.33644,-3.73172,0.0754527,-0.0650847,0.995023,58.65,58.65,1,979.666,336.939,1.94444,197.568,103.235,-567.509,-2.01338,-4.22189,-0.0350376,-0.0736192,0.996671,58.65,58.65,1,983.75,317.84,1,0
83788652037410,987.833,298.742,1.95769,136.267,101.066,-569.627,4.44928,-3.78181,0.0774077,-0.0659571,0.994815,58.6469,58.6469,1,981.328,336.939,1.93693,197.567,103.264,-567.407,-2.07607,-3.98263,-0.0361388,-0.0694541,0.99693,58.6469,58.6469,1,984.581,317.84,1,0
83788654533670,987.833,308.856,1.99214,136.27,101.041,-569.698,4.3094,-4.19081,0.0749414,-0.0730783,0.994507,58.6601,58.6601,1,984.267,336.939,1.93102,197.589,103.178,-567.587,-2.1834,-5.20319,-0.0379412,-0.0906881,0.995156,58.6601,58.6601,1,986.05,322.898,1,0
83788657040350,997.261,308.856,1.99227,136.266,101.034,-569.7,4.30587,-3.79766,0.0749161,-0.0662331,0.994988,58.6541,58.6541,1,984.267,336.939,1.9369,197.586,103.25,-567.477,-2.14825,-3.98063,-0.0373949,-0.0694193,0.996886,58.6541,58.6541,1,990.764,322.898,1,0
83788659536620,1000.09,328.329,2.01085,136.279,101.025,-569.707,4.35606,-4.11927,0.0757582,-0.0718329,0.994535,58.6583,58.6583,1,981.49,336.939,1.91057,197.605,103.22,-567.547,-2.23484,-4.84619,-0.0388561,-0.0844811,0.995667,58.6583,58.6583,1,990.789,332.634,1,0
83788662036360,992.919,307.026,1.99523,136.276,101.005,-569.716,4.17662,-4.56817,0.0725998,-0.0796452,0.994176,58.6562,58.6562,1,984.267,336.939,1.98009,197.609,103.242,-567.495,-2.02461,-4.08882,-0.0352388,-0.0713028,0.996832,58.6562,58.6562,1,988.593,321.983,1,0
83788664539570,997.261,308.856,2.00977,136.299,100.988,-569.78,4.58668,-4.53375,0.079717,-0.0790463,0.993678,58.6633,58.6633,1,984.267,336.939,1.93355,197.603,103.197,-567.565,-2.46698,-5.10731,-0.0428727,-0.0890214,0.995107,58.6633,58.6633,1,990.764,322.898,1,0
83788667035840,1000.09,308.856,1.99363,136.304,101.004,-569.691,4.36534,-4.51335,0.0758798,-0.0786914,0.994007,58.6522,58.6522,1,984.267,336.939,1.95298,197.617,103.235,-567.432,-1.93563,-3.98969,-0.0336948,-0.0695769,0.997007,58.6522,58.6522,1,992.178,322.898,1,0
83788669539050,1000.09,308.856,1.99545,136.298,100.95,-569.796,4.12642,-4.98969,0.0716847,-0.0869765,0.993628,58.66,58.66,1,984.267,336.939,1.97875,197.624,103.227,-567.478,-1.90036,-3.81163,-0.0330881,-0.0664764,0.997239,58.66,58.66,1,992.178,322.898,1,0
83788672038790,992.919,307.026,2.01298,136.306,100.94,-569.844,4.14157,-5.30467,0.0719119,-0.0924517,0.993117,58.6595,58.6595,1,984.267,336.939,1.94735,197.623,103.233,-567.417,-2.14637,-4.12854,-0.0373553,-0.0719943,0.996705,58.6595,58.6595,1,988.593,321.983,1,0
83788674542000,1000.09,308.69,1.98924,136.322,100.93,-569.846,4.32698,-4.77731,0.0751862,-0.0832833,0.993685,58.6657,58.6657,1,984.267,336.939,1.96106,197.658,103.182,-567.53,-1.6328,-4.18861,-0.0284178,-0.07304,0.996924,58.6657,58.6657,1,992.178,322.814,1,0
83788677038270,1000.09,308.856,2.01728,136.328,100.94,-569.762,4.1258,-4.49299,0.0717254,-0.0783372,0.994343,58.6623,58.6623,1,986.65,336.939,1.97436,197.654,103.185,-567.544,-2.11866,-4.3416,-0.0368631,-0.0757027,0.996449,58.6623,58.6623,1,993.369,322.898,1,0
83788679541480,992.919,308.856,1.99933,136.328,100.956,-569.703,3.9973,-4.10109,0.0695309,-0.0715164,0.995013,58.6582,58.6582,1,986.65,336.939,1.96681,197.658,103.191,-567.523,-2.09543,-4.26502,-0.0364627,-0.0743698,0.996564,58.6582,58.6582,1,989.785,322.898,1,0
83788682041220,992.919,308.856,2.01574,136.331,100.901,-569.868,4.05609,-4.25497,0.0705381,-0.0741951,0.994746,58.6686,58.6686,1,984.267,336.939,1.94426,197.66,103.157,-567.555,-2.28755,-4.76131,-0.039777,-0.083005,0.995755,58.6686,58.6686,1,988.593,322.898,1,0
83788684537480,992.919,308.856,2.00886,136.33,100.926,-569.76,3.87363,-3.84883,0.0674037,-0.0671243,0.995465,58.6655,58.6655,1,984.267,336.939,1.98119,197.666,103.161,-567.605,-2.6626,-4.9491,-0.0462812,-0.0862707,0.995196,58.6655,58.6655,1,988.593,322.898,1,0
83788687040700,990.397,310.849,2.00685,136.357,100.943,-569.673,4.10051,-3.80739,0.0713485,-0.0664025,0.995239,58.6592,58.6592,1,984.267,336.939,1.96089,197.677,103.156,-567.562,-2.36604,-4.65945,-0.041147,-0.0812331,0.995845,58.6592,58.6592,1,987.332,323.894,1,0
83788689540430,989.126,323.943,2.02297,136.349,100.889,-569.838,3.9989,-4.04858,0.0695632,-0.0706023,0.995076,58.6718,58.6718,1,984.267,336.939,1.97103,197.69,103.133,-567.644,-2.51534,-5.05881,-0.0437159,-0.0881783,0.995145,58.6718,58.6718,1,986.697,330.441,1,0
83788692043640,989.126,323.943,2.02266,136.361,100.916,-569.72,4.00861,-3.57691,0.0697702,-0.0623882,0.99561,58.6565,58.6565,1,984.267,329.615,1.98426,197.688,103.173,-567.455,-2.14101,-4.39776,-0.037249,-0.0766801,0.99636,58.6565,58.6565,1,986.697,326.779,1,0
83788694539910,989.126,335.441,2.01637,136.374,100.907,-569.681,4.05838,-3.63974,0.0706301,-0.0634828,0.99548,58.6719,58.6719,1,984.267,329.615,1.97276,197.689,103.1,-567.8,-3.19107,-5.18703,-0.0554379,-0.0904071,0.994361,58.6719,58.6719,1,986.697,332.528,1,0
83788697046590,989.126,335.441,2.01575,136.373,100.888,-569.727,3.98039,-3.77338,0.0692646,-0.0658104,0.995425,58.6646,58.6646,1,984.267,329.615,1.96519,197.704,103.143,-567.604,-2.58451,-4.79426,-0.0449351,-0.083578,0.995488,58.6646,58.6646,1,986.697,332.528,1,0
83788699542860,986.876,323.943,2.03098,136.379,100.859,-569.774,3.95949,-4.41906,0.0688459,-0.0770507,0.994647,58.6676,58.6676,1,984.267,336.939,1.93818,197.697,103.159,-567.618,-2.76881,-4.16189,-0.0481787,-0.0725749,0.996199,58.6676,58.6676,1,985.572,330.441,1,0
83788702046070,986.876,323.943,2.0328,136.379,100.87,-569.764,3.87154,-4.3176,0.0673282,-0.075285,0.994886,58.659,58.659,1,984.267,329.615,1.95914,197.698,103.167,-567.449,-2.51085,-4.33971,-0.0436829,-0.0756698,0.996176,58.659,58.659,1,985.572,326.779,1,0
83788704542340,987.215,335.441,2.03904,136.394,100.876,-569.71,4.06243,-3.93031,0.0706767,-0.0685431,0.995142,58.6684,58.6684,1,966.808,329.615,1.94117,197.705,103.104,-567.689,-3.12344,-5.01339,-0.0542788,-0.0873886,0.994694,58.6684,58.6684,1,977.011,332.528,1,0
83788707042080,986.876,323.943,2.03715,136.389,100.844,-569.8,3.79559,-4.71818,0.0659728,-0.0822547,0.994425,58.6629,58.6629,1,971.642,329.615,1.98852,197.717,103.173,-567.492,-2.4252,-3.79098,-0.0422225,-0.0661168,0.996918,58.6629,58.6629,1,979.259,326.779,1,0
83788709545300,986.876,323.943,2.03106,136.398,100.838,-569.78,3.87391,-4.98589,0.0673053,-0.0869104,0.99394,58.665,58.665,1,971.642,336.939,1.95646,197.71,103.158,-567.55,-2.86773,-4.0715,-0.0499042,-0.0710013,0.996227,58.665,58.665,1,979.259,330.441,1,0
83788712045030,986.876,323.943,2.0187,136.395,100.795,-569.906,3.84064,-5.72625,0.0666474,-0.0997757,0.992775,58.6775,58.6775,1,966.808,329.615,1.95358,197.73,103.112,-567.667,-2.81209,-4.77924,-0.0488899,-0.0833169,0.995323,58.6775,58.6775,1,976.842,326.779,1,0
83788714548240,986.876,323.943,2.04314,136.384,100.778,-569.942,3.68887,-5.6449,0.0640264,-0.0983628,0.993089,58.6772,58.6772,1,966.808,329.615,1.92734,197.724,103.121,-567.623,-2.8511,-4.45115,-0.0495905,-0.0776091,0.99575,58.6772,58.6772,1,976.842,326.779,1,0
83788717044510,976.713,297.792,2.02532,136.396,100.796,-569.879,3.64854,-4.97866,0.0633959,-0.0867846,0.994208,58.6723,58.6723,1,966.808,329.615,1.97211,197.729,103.127,-567.587,-2.81857,-4.30857,-0.0490345,-0.0751279,0.995968,58.6723,58.6723,1,971.761,313.704,1,0
83788719547720,976.713,294.237,2.0062,136.404,100.792,-569.889,3.83809,-4.77577,0.0667048,-0.0832565,0.994293,58.6723,58.6723,1,971.642,336.939,1.95736,197.739,103.114,-567.574,-2.37449,-4.08452,-0.0413256,-0.071228,0.996604,58.6723,58.6723,1,974.178,315.588,1,0
83788722047460,974.866,294.237,2.03468,136.405,100.756,-569.944,3.74446,-5.82932,0.0649689,-0.101565,0.992705,58.6736,58.6736,1,966.808,329.615,1.98849,197.751,103.138,-567.541,-2.34749,-3.95924,-0.0408623,-0.0690468,0.996776,58.6736,58.6736,1,970.837,311.926,1,0
83788724550670,976.703,294.237,2.06343,136.413,100.773,-569.981,3.87115,-5.23153,0.0672317,-0.0911806,0.993562,58.6814,58.6814,1,966.808,329.615,1.98394,197.76,103.11,-567.668,-2.5724,-4.4848,-0.0447443,-0.0781946,0.995934,58.6814,58.6814,1,971.755,311.926,1,0
83788727046940,976.703,294.237,2.04811,136.402,100.76,-569.983,3.64346,-5.23229,0.0632827,-0.0911937,0.99382,58.6826,58.6826,1,966.808,329.615,1.96135,197.764,103.075,-567.679,-2.52237,-4.94539,-0.0438457,-0.0862063,0.995312,58.6826,58.6826,1,971.755,311.926,1,0
83788729543200,976.713,294.237,2.04638,136.43,100.762,-569.97,3.92447,-4.90419,0.0681909,-0.0854898,0.994003,58.6828,58.6828,1,971.642,329.615,1.98551,197.771,103.079,-567.699,-2.37139,-4.59218,-0.0412439,-0.0800628,0.995936,58.6828,58.6828,1,974.178,311.926,1,0
83788732049880,976.703,294.237,2.00915,136.444,100.818,-569.792,4.06026,-4.16212,0.0706189,-0.0725788,0.994859,58.6742,58.6742,1,966.808,329.615,1.98003,197.766,103.049,-567.7,-2.64897,-5.25108,-0.0460228,-0.0915205,0.994739,58.6742,58.6742,1,971.755,311.926,1,0
83788734546150,976.713,294.237,2.01676,136.446,100.804,-569.838,4.0501,-3.97989,0.0704584,-0.0694063,0.995097,58.6741,58.6741,1,966.808,324.378,1.99211,197.769,103.08,-567.656,-2.39111,-4.56629,-0.0415883,-0.0796125,0.995958,58.6741,58.6741,1,971.761,309.307,1,0
83788737049360,976.713,294.237,2.00947,136.449,100.79,-569.916,4.06503,-3.98919,0.0707169,-0.0695683,0.995068,58.6851,58.6851,1,970.143,319.675,1.96465,197.788,103.03,-567.794,-2.45506,-5.44741,-0.0426424,-0.0949321,0.99457,58.6851,58.6851,1,973.428,306.956,1,0
83788739549110,979.778,294.237,2.01366,136.456,100.786,-569.885,4.06422,-4.08966,0.070694,-0.0713175,0.994945,58.676,58.676,1,971.642,329.615,1.98335,197.778,103.087,-567.647,-2.25055,-4.10698,-0.0391686,-0.071619,0.996663,58.676,58.676,1,975.71,311.926,1,0
83788742052320,984.589,328.729,2.01668,136.451,100.77,-569.96,4.0083,-4.15452,0.0697174,-0.0724466,0.994933,58.6868,58.6868,1,970.143,324.378,1.96931,197.793,103.038,-567.785,-2.37456,-5.06016,-0.0412706,-0.0882017,0.995247,58.6868,58.6868,1,977.366,326.554,1,0
83788744548590,984.589,328.843,2.02511,136.47,100.779,-569.918,4.14793,-3.6205,0.0721875,-0.0631476,0.99539,58.6792,58.6792,1,971.642,324.378,1.9946,197.796,103.071,-567.675,-2.02513,-4.3536,-0.0352359,-0.0759115,0.996492,58.6792,58.6792,1,978.116,326.61,1,0
83788747048320,981.352,322.952,2.01774,136.461,100.775,-569.927,3.94963,-4.26075,0.068689,-0.0742957,0.994868,58.6848,58.6848,1,971.642,319.675,1.97411,197.796,103.036,-567.774,-2.33836,-4.89246,-0.040652,-0.0852858,0.995527,58.6848,58.6848,1,976.497,321.314,1,0
83788749551530,984.589,318.355,2.01046,136.46,100.752,-570.043,4.01267,-4.3397,0.0697765,-0.0756697,0.994689,58.6864,58.6864,1,974.648,324.378,1.99168,197.789,103.062,-567.693,-2.30389,-4.51309,-0.0400749,-0.0786869,0.996094,58.6864,58.6864,1,979.619,321.366,1,0
83788752047800,984.589,328.729,2.02028,136.472,100.775,-569.955,4.02291,-3.92407,0.0699909,-0.0684344,0.995197,58.6833,58.6833,1,974.648,322.534,1.9841,197.799,103.041,-567.715,-2.1737,-4.72903,-0.0378,-0.0824435,0.995879,58.6833,58.6833,1,979.619,325.632,1,0
83788754551010,984.589,328.843,1.99536,136.477,100.785,-569.92,4.0383,-3.74918,0.0702726,-0.0653889,0.995382,58.6779,58.6779,1,976.713,324.378,1.98394,197.823,103.066,-567.646,-1.49573,-3.94693,-0.0260406,-0.0688324,0.997288,58.6779,58.6779,1,980.651,326.61,1,0
83788757050750,984.589,328.729,2.02344,136.495,100.786,-569.87,4.25988,-3.86724,0.0741114,-0.0674448,0.994967,58.6811,58.6811,1,976.713,319.675,1.97547,197.817,103.033,-567.756,-2.0182,-4.7638,-0.0350953,-0.0830481,0.995927,58.6811,58.6811,1,980.651,324.202,1,0
83788759553960,984.911,328.843,2.01347,136.481,100.785,-569.904,4.09645,-3.67176,0.0712889,-0.0640405,0.995398,58.6835,58.6835,1,978.646,322.534,1.97977,197.821,103.043,-567.776,-1.96442,-4.66355,-0.0341655,-0.0813045,0.996104,58.6835,58.6835,1,981.778,325.688,1,0
83788762050230,984.589,329.278,2.01343,136.474,100.753,-570.016,3.92275,-4.14499,0.0682326,-0.0722807,0.995048,58.6881,58.6881,1,985.927,322.534,1.96001,197.82,103.03,-567.749,-1.8782,-4.39277,-0.0326785,-0.0765932,0.996527,58.6881,58.6881,1,985.258,325.906,1,0
83788764553440,984.589,329.278,2.02216,136.497,100.774,-569.951,4.22481,-3.65756,0.07352,-0.0637932,0.995251,58.6858,58.6858,1,994.618,322.534,1.96321,197.836,103.017,-567.766,-1.71069,-4.73614,-0.0297507,-0.0825672,0.996141,58.6858,58.6858,1,989.604,325.906,1,0
83788767053170,984.911,329.278,2.05942,136.497,100.756,-570.026,4.18672,-3.93417,0.072835,-0.0686103,0.994981,58.6929,58.6929,1,994.618,319.675,2.00621,197.835,103.013,-567.837,-1.95967,-4.68237,-0.0340819,-0.0816319,0.99608,58.6929,58.6929,1,989.764,324.477,1,0
83788769549440,984.911,329.278,2.03351,136.491,100.752,-569.996,4.05283,-3.72491,0.070527,-0.0649661,0.995392,58.6945,58.6945,1,984.522,319.675,2.00545,197.833,102.989,-567.894,-2.20066,-5.16948,-0.0382431,-0.090102,0.995198,58.6945,58.6945,1,984.716,324.477,1,0
83788772056130,984.911,329.278,2.02089,136.493,100.729,-570.093,4.19058,-4.77412,0.0728207,-0.0832278,0.993866,58.6975,58.6975,1,994.618,319.675,1.96845,197.844,102.991,-567.854,-1.87183,-5.19871,-0.0325294,-0.0906102,0.995355,58.6975,58.6975,1,989.764,324.477,1,0
83788774552400,987.328,329.278,2.01521,136.509,100.753,-569.968,4.16925,-3.91693,0.0725331,-0.0683101,0.995024,58.6924,58.6924,1,994.618,322.166,1.96605,197.847,102.997,-567.88,-1.88551,-4.51266,-0.0328005,-0.0786793,0.99636,58.6924,58.6924,1,990.973,325.722,1,0
83788777055610,986.686,329.278,2.01853,136.5,100.739,-570.029,4.04028,-3.92089,0.0702929,-0.068379,0.99518,58.6899,58.6899,1,994.618,319.675,1.97774,197.837,103.03,-567.771,-1.83521,-4.01167,-0.0319465,-0.0699596,0.997038,58.6899,58.6899,1,990.652,324.477,1,0
83788779551880,986.686,329.278,2.04655,136.507,100.747,-570.009,4.04124,-4.16991,0.070288,-0.0727145,0.994873,58.695,58.695,1,994.618,322.166,1.98672,197.849,102.996,-567.892,-1.98311,-4.40523,-0.0345026,-0.07681,0.996449,58.695,58.695,1,990.652,325.722,1,0
83788782058560,986.761,329.278,2.02263,136.514,100.782,-569.899,4.09588,-3.26854,0.0713096,-0.0570159,0.995823,58.6882,58.6882,1,996.759,322.166,1.99793,197.86,102.999,-567.867,-1.68962,-4.38876,-0.0293987,-0.0765235,0.996634,58.6882,58.6882,1,991.76,325.722,1,0
83788784554830,987.175,329.278,2.02873,136.512,100.75,-569.998,4.04824,-4.20626,0.0704063,-0.0733472,0.994818,58.688,58.688,1,996.759,322.166,2.02032,197.851,103.021,-567.761,-1.50588,-3.74525,-0.0262234,-0.0653205,0.99752,58.688,58.688,1,991.967,325.722,1,202
83788787058040,986.761,329.278,2.01448,136.532,100.775,-569.908,4.29283,-3.70233,0.0746977,-0.0645729,0.995113,58.6819,58.6819,1,996.759,328.128,2.01916,197.868,103.051,-567.737,-1.39958,-3.27904,-0.0243849,-0.0571988,0.998065,58.6819,58.6819,1,991.76,328.703,1,0
83788789557770,986.686,329.278,2.03056,136.517,100.736,-570.045,4.01536,-4.37111,0.0698202,-0.0762163,0.994644,58.7025,58.7025,1,996.759,328.128,2.01677,197.872,102.994,-568.012,-1.96023,-3.92662,-0.0341254,-0.0684789,0.997069,58.7025,58.7025,1,991.722,328.703,1,0
83788792054040,986.761,329.278,2.03937,136.52,100.747,-570.027,3.99234,-3.922,0.0694601,-0.0683984,0.995237,58.6922,58.6922,1,998.134,329.09,1.99616,197.869,103.023,-567.822,-1.4883,-3.17642,-0.0259328,-0.0554106,0.998127,58.6922,58.6922,1,992.448,329.184,1,0
83788794557250,987.175,329.278,2.03406,136.533,100.752,-570.017,4.21147,-4.12863,0.0732473,-0.0719959,0.994712,58.692,58.692,1,998.134,354.743,2.00798,197.874,103.019,-567.826,-1.52063,-3.33157,-0.0264921,-0.0581141,0.997958,58.692,58.692,1,992.655,342.01,1,0
83788797056990,986.761,329.278,2.05099,136.538,100.746,-570.048,4.2705,-3.74604,0.0743062,-0.0653341,0.995093,58.6933,58.6933,1,998.134,354.743,2.00585,197.869,103.04,-567.827,-1.62236,-3.09183,-0.0282706,-0.0539363,0.998144,58.6933,58.6933,1,992.448,342.01,1,0
83788799560200,986.686,329.278,2.03151,136.526,100.726,-570.075,4.03366,-4.19948,0.0701537,-0.0732291,0.994845,58.7019,58.7019,1,998.134,354.743,2.01913,197.879,103.001,-567.968,-1.78533,-3.84199,-0.0310847,-0.0670051,0.997268,58.7019,58.7019,1,992.41,342.01,1,0
83788802056470,986.761,329.278,2.02909,136.532,100.749,-570.009,4.07493,-3.67721,0.0709147,-0.0641354,0.995418,58.6906,58.6906,1,1007.98,359.455,2.00236,197.89,103.057,-567.815,-1.24715,-2.86155,-0.021738,-0.0499227,0.998516,58.6906,58.6906,1,997.369,344.366,1,0
83788804559680,986.761,329.278,2.03655,136.531,100.716,-570.13,4.03346,-4.00787,0.070167,-0.0698935,0.995084,58.6972,58.6972,1,1007.98,359.455,2.02274,197.881,103.047,-567.823,-1.48988,-2.87568,-0.0259677,-0.050169,0.998403,58.6972,58.6972,1,997.369,344.366,1,0
83788807059420,986.761,329.278,2.04387,136.542,100.727,-570.073,4.15549,-3.60368,0.0723202,-0.0628546,0.995399,58.6932,58.6932,1,1007.98,359.455,1.99769,197.891,103.056,-567.801,-1.4643,-2.7442,-0.0255247,-0.047877,0.998527,58.6932,58.6932,1,997.369,344.366,1,0
83788809562630,986.761,329.278,2.04695,136.555,100.774,-569.948,4.2193,-2.67442,0.073494,-0.0466605,0.996204,58.697,58.697,1,1007.98,359.455,2.02489,197.906,102.985,-568,-1.76481,-3.74444,-0.0307311,-0.0653063,0.997392,58.697,58.697,1,997.369,344.366,1,0
83788812058900,986.761,336.668,2.02104,136.541,100.72,-570.113,4.00817,-3.60076,0.0697607,-0.0628037,0.995585,58.7028,58.7028,1,1007.98,364.767,2.0084,197.886,103.001,-567.947,-1.95678,-3.21742,-0.0340918,-0.0561251,0.997842,58.7028,58.7028,1,997.369,350.717,1,0
83788814558640,986.761,330.654,2.04846,136.547,100.685,-570.166,4.16149,-4.11099,0.0723811,-0.0716888,0.994797,58.7052,58.7052,1,1007.98,364.767,2.02344,197.897,103.01,-567.939,-1.85104,-3.01932,-0.0322562,-0.0526727,0.998091,58.7052,58.7052,1,997.369,347.71,1,0
83788817061850,986.761,330.654,2.047,136.55,100.708,-570.079,4.14236,-3.72991,0.0720818,-0.0650532,0.995275,58.7011,58.7011,1,1007.98,364.767,2.02619,197.912,102.996,-567.941,-1.61259,-3.03065,-0.0281019,-0.0528702,0.998206,58.7011,58.7011,1,997.369,347.71,1,0
83788819558120,986.761,329.278,2.05718,136.541,100.67,-570.182,3.89995,-4.69959,0.0677858,-0.0819314,0.99433,58.7095,58.7095,1,1007.98,364.767,2.04881,197.904,102.987,-568.004,-1.81662,-2.96658,-0.0316582,-0.0517534,0.998158,58.7095,58.7095,1,997.369,347.023,1,0
83788822061330,986.761,330.654,2.04021,136.546,100.658,-570.2,3.96923,-4.43054,0.0690138,-0.0772505,0.99462,58.7093,58.7093,1,1007.98,394.118,2.0035,197.912,102.982,-567.978,-1.66712,-2.9897,-0.029053,-0.0521565,0.998216,58.7093,58.7093,1,997.369,362.386,1,0
83788824561060,986.761,330.654,2.04678,136.552,100.67,-570.173,4.01949,-4.03632,0.0699219,-0.0703889,0.995066,58.7073,58.7073,1,1007.98,404.382,2.0319,197.909,102.983,-567.965,-1.74306,-3.0315,-0.0303749,-0.052885,0.998139,58.7073,58.7073,1,997.369,367.518,1,0
83788827064280,986.761,330.654,2.05611,136.554,100.649,-570.197,4.03706,-4.44651,0.0701898,-0.0775284,0.994516,58.7095,58.7095,1,1007.98,394.097,2.01563,197.91,102.976,-567.981,-1.90797,-3.21591,-0.0332418,-0.0560987,0.997872,58.7095,58.7095,1,997.369,362.375,1,0
83788829560540,986.761,330.654,2.03361,136.556,100.661,-570.148,4.00123,-4.03471,0.069605,-0.0703608,0.99509,58.7123,58.7123,1,1007.98,372.822,2.03354,197.911,102.934,-568.081,-1.96534,-3.59387,-0.0342274,-0.0626837,0.997446,58.7123,58.7123,1,997.369,351.738,1,0
83788832067230,986.761,330.654,2.05134,136.547,100.64,-570.222,4.03982,-4.20172,0.0702604,-0.0732681,0.994834,58.7093,58.7093,1,1007.98,394.118,2.02031,197.903,102.976,-567.948,-1.79771,-2.95922,-0.031329,-0.0516252,0.998175,58.7093,58.7093,1,997.369,362.386,1,0
83788834563490,986.761,330.654,2.03645,136.566,100.677,-570.051,4.16115,-3.59749,0.072419,-0.0627468,0.995399,58.6974,58.6974,1,1007.98,404.382,1.98756,197.904,102.979,-567.877,-1.5407,-2.71165,-0.0268569,-0.0473096,0.998519,58.6974,58.6974,1,997.369,367.518,1,0
83788837059760,986.761,330.654,2.03599,136.561,100.645,-570.118,4.15676,-4.05617,0.0723039,-0.0707344,0.994871,58.7042,58.7042,1,1007.98,394.118,2.03404,197.907,102.964,-567.943,-1.58147,-2.95312,-0.0275616,-0.0515188,0.998292,58.7042,58.7042,1,997.369,362.386,1,0
83788839562970,986.761,330.654,2.03802,136.546,100.605,-570.241,4.0118,-4.46074,0.0697499,-0.0777761,0.994528,58.716,58.716,1,1007.98,372.822,1.99604,197.891,102.928,-568.05,-2.16277,-3.66793,-0.0376612,-0.0639737,0.997241,58.716,58.716,1,997.369,351.738,1,0
83788842062720,986.761,330.654,2.03457,136.541,100.62,-570.225,3.96053,-3.84202,0.0689141,-0.0670056,0.99537,58.7169,58.7169,1,1007.98,394.118,1.9958,197.906,102.903,-568.082,-1.98223,-4.31446,-0.0344915,-0.0752304,0.996569,58.7169,58.7169,1,997.369,362.386,1,0
83788844565920,986.761,330.654,2.04481,136.546,100.631,-570.092,3.9564,-3.63031,0.0688589,-0.0633185,0.995615,58.7077,58.7077,1,1007.98,372.822,1.99718,197.878,102.923,-568.028,-2.2289,-3.96295,-0.0387988,-0.0691113,0.996854,58.7077,58.7077,1,997.369,351.738,1,0
83788847065660,986.761,330.654,2.04414,136.55,100.605,-570.18,4.20916,-3.25844,0.0732789,-0.0568399,0.99569,58.7034,58.7034,1,1007.98,381.852,2.00673,197.885,102.946,-567.849,-1.63317,-3.43405,-0.0284491,-0.0598996,0.997799,58.7034,58.7034,1,997.369,356.253,1,0
83788849568880,986.761,330.654,2.04684,136.534,100.568,-570.246,4.10332,-3.87351,0.0713918,-0.067554,0.995158,58.7175,58.7175,1,1007.98,372.822,2.01202,197.878,102.9,-568.059,-2.17398,-4.14979,-0.0378345,-0.0723641,0.99666,58.7175,58.7175,1,997.369,351.738,1,0
83788852065140,986.761,330.654,2.05394,136.517,100.534,-570.353,4.05508,-4.63186,0.0704844,-0.0807532,0.994239,58.7181,58.7181,1,1007.98,377.273,2.02491,197.876,102.922,-567.962,-1.84954,-3.51376,-0.0322143,-0.0612882,0.9976,58.7181,58.7181,1,997.369,353.964,1,0
83788854561410,986.761,330.654,2.04954,136.511,100.533,-570.305,3.98987,-4.49357,0.0693663,-0.0783473,0.99451,58.7219,58.7219,1,1007.98,372.822,2.00911,197.863,102.884,-568.08,-2.47072,-4.72105,-0.0429626,-0.0823046,0.995681,58.7219,58.7219,1,997.369,351.738,1,0
83788857068090,986.761,330.654,2.03002,136.514,100.604,-570.031,4.08223,-3.23223,0.0710749,-0.0563832,0.995876,58.706,58.706,1,1007.98,372.822,2.01829,197.852,102.865,-568.03,-2.40616,-4.55378,-0.0418506,-0.0793948,0.995964,58.706,58.706,1,997.369,351.738,1,0
83788859564360,986.761,330.654,2.03714,136.509,100.618,-569.985,4.01873,-2.82549,0.0699974,-0.0492942,0.996328,58.7036,58.7036,1,1004.42,372.822,2.01307,197.837,102.873,-568.032,-2.52593,-4.18503,-0.043954,-0.0729776,0.996365,58.7036,58.7036,1,995.589,351.738,1,0
83788862067570,986.761,330.654,2.04816,136.489,100.585,-570.023,3.94542,-3.61515,0.0686692,-0.0630545,0.995645,58.7105,58.7105,1,1004.42,372.822,2.01379,197.835,102.817,-568.115,-2.56938,-4.93036,-0.0446632,-0.0859448,0.995298,58.7105,58.7105,1,995.589,351.738,1,0
83788864563840,986.761,330.654,2.02757,136.483,100.553,-570.121,4.01465,-4.03009,0.0698384,-0.0702803,0.99508,58.7168,58.7168,1,973.264,339.59,2.00866,197.845,102.807,-568.141,-2.55283,-5.49134,-0.0443361,-0.0956952,0.994423,58.7168,58.7168,1,980.012,335.122,1,0
83788867070520,986.761,330.654,2.04034,136.461,100.514,-570.212,3.89381,-4.9544,0.0676538,-0.0863629,0.993964,58.7215,58.7215,1,973.264,339.59,2.01874,197.825,102.787,-568.133,-2.87398,-5.80323,-0.0498824,-0.101112,0.993624,58.7215,58.7215,1,980.012,335.122,1,0
83788869566780,985.545,330.654,2.05543,136.442,100.484,-570.3,4.01705,-5.07265,0.069779,-0.0884188,0.993636,58.7184,58.7184,1,971.107,339.59,1.98865,197.816,102.822,-567.981,-2.44013,-4.81147,-0.0424254,-0.0838773,0.995573,58.7184,58.7184,1,978.326,335.122,1,0
83788872070000,986.761,330.654,2.04113,136.437,100.459,-570.332,4.09595,-5.7396,0.0710688,-0.100007,0.992445,58.7292,58.7292,1,971.107,304.442,2.00814,197.788,102.746,-568.151,-3.48069,-6.49998,-0.0603219,-0.113203,0.991739,58.7292,58.7292,1,978.934,317.548,1,0
83788874569740,986.761,330.654,2.06004,136.438,100.505,-570.128,4.01229,-4.63363,0.0697417,-0.0807839,0.994289,58.7145,58.7145,1,971.107,304.442,2.00505,197.8,102.772,-568.064,-2.4415,-5.01028,-0.0424365,-0.0873344,0.995275,58.7145,58.7145,1,978.934,317.548,1,0
83788877066010,985.545,300.477,2.07165,136.423,100.492,-570.18,3.99187,-4.78198,0.0693726,-0.0833644,0.994102,58.7161,58.7161,1,971.107,304.442,1.9986,197.771,102.756,-568.037,-2.75138,-4.91196,-0.0478259,-0.0856249,0.995179,58.7161,58.7161,1,978.326,302.46,1,0
83788879569210,985.545,300.477,2.07117,136.397,100.447,-570.291,3.87424,-4.96648,0.0673131,-0.086573,0.993969,58.7262,58.7262,1,971.107,304.442,2.0329,197.757,102.709,-568.117,-2.99435,-5.29433,-0.0520146,-0.092272,0.994374,58.7262,58.7262,1,978.326,302.46,1,0
83788882068950,985.545,300.477,2.06754,136.381,100.441,-570.297,3.8263,-5.15476,0.066462,-0.0898462,0.993736,58.7213,58.7213,1,971.107,304.442,2.03839,197.753,102.723,-568.009,-2.31714,-4.30329,-0.0403167,-0.075036,0.996365,58.7213,58.7213,1,978.326,302.46,1,0
83788884572170,986.761,308.042,2.05499,136.378,100.436,-570.282,4.10982,-4.49042,0.0714483,-0.0782923,0.994367,58.7203,58.7203,1,971.107,304.442,2.04623,197.73,102.706,-567.994,-2.45097,-4.37185,-0.04264,-0.0762291,0.996178,58.7203,58.7203,1,978.934,306.242,1,0
83788887068430,985.545,300.477,2.05664,136.371,100.451,-570.196,4.03603,-4.27647,0.0701878,-0.0745692,0.994743,58.7146,58.7146,1,971.107,304.442,2.04942,197.716,102.695,-567.961,-2.20468,-3.92171,-0.0383793,-0.0683933,0.99692,58.7146,58.7146,1,978.326,302.46,1,0
83788889571650,985.773,300.477,2.06653,136.352,100.411,-570.256,4.15458,-4.86539,0.0721865,-0.084815,0.993778,58.7251,58.7251,1,971.107,304.442,2.04804,197.703,102.643,-568.101,-2.59752,-4.6149,-0.0451728,-0.0804581,0.995734,58.7251,58.7251,1,978.44,302.46,1,0
83788892071380,986.761,300.477,2.05117,136.338,100.411,-570.253,4.1985,-4.12436,0.0730225,-0.0719215,0.994734,58.7211,58.7211,1,971.107,314.282,2.03752,197.68,102.637,-568.018,-2.45997,-4.26429,-0.0428026,-0.0743572,0.996313,58.7211,58.7211,1,978.934,307.379,1,0
83788894574590,986.761,308.042,2.05257,136.334,100.428,-570.105,4.20052,-3.80216,0.073086,-0.0663115,0.995119,58.7112,58.7112,1,971.107,314.282,2.02288,197.667,102.637,-567.959,-2.40437,-4.24491,-0.0418368,-0.0740199,0.996379,58.7112,58.7112,1,978.934,311.162,1,0
83788897070860,986.761,308.042,2.08267,136.31,100.383,-570.243,4.14441,-4.14596,0.0720814,-0.0722975,0.994775,58.7199,58.7199,1,971.107,314.282,2.0062,197.657,102.621,-567.99,-2.36482,-4.28847,-0.0411466,-0.0747781,0.996351,58.7199,58.7199,1,978.934,311.162,1,0
83788899570600,991.529,308.042,2.04075,136.308,100.384,-570.205,4.31857,-3.33019,0.0751748,-0.05809,0.995477,58.7134,58.7134,1,971.107,314.282,1.99627,197.634,102.636,-567.893,-2.00846,-3.41162,-0.034985,-0.0595088,0.997615,58.7134,58.7134,1,981.318,311.162,1,0
83788902073810,991.529,326.998,2.06301,136.297,100.384,-570.152,4.21424,-3.48361,0.0733502,-0.0607631,0.995453,58.7137,58.7137,1,971.107,332.417,2.01186,197.627,102.607,-567.945,-1.99753,-3.93933,-0.034774,-0.0687002,0.997031,58.7137,58.7137,1,981.318,329.707,1,0
83788904570070,986.761,326.998,2.06729,136.265,100.367,-570.225,3.95904,-3.41181,0.0689209,-0.0595121,0.995845,58.7234,58.7234,1,972.403,319.729,2.00225,197.62,102.564,-568.062,-2.3766,-4.51064,-0.0413391,-0.0786441,0.996045,58.7234,58.7234,1,979.582,323.363,1,0
83788907076760,991.529,326.998,2.05813,136.256,100.343,-570.274,4.18882,-3.70944,0.0728906,-0.0646967,0.995239,58.7213,58.7213,1,971.107,314.282,2.02771,197.594,102.571,-567.964,-2.42393,-4.62442,-0.0421552,-0.0806238,0.995853,58.7213,58.7213,1,981.318,320.64,1,0
83788909573030,991.529,351.172,2.03656,136.25,100.359,-570.189,4.21061,-3.22421,0.0733066,-0.0562434,0.995722,58.7165,58.7165,1,971.107,314.282,1.99976,197.58,102.547,-567.944,-2.54269,-4.85505,-0.0442046,-0.0846353,0.995431,58.7165,58.7165,1,981.318,332.727,1,0
83788912076230,991.529,326.998,2.05041,136.228,100.326,-570.286,4.33724,-4.29927,0.075414,-0.074966,0.99433,58.7196,58.7196,1,971.107,314.282,1.98745,197.559,102.526,-567.899,-2.79156,-5.30209,-0.0484942,-0.0924069,0.99454,58.7196,58.7196,1,981.318,320.64,1,0
83788914572500,991.529,326.998,2.06073,136.211,100.329,-570.248,4.27904,-5.14352,0.0743135,-0.0896509,0.993197,58.7217,58.7217,1,971.107,314.282,2.00512,197.542,102.501,-567.976,-3.04816,-5.55325,-0.0529257,-0.0967708,0.993898,58.7217,58.7217,1,981.318,320.64,1,0
83788917079190,993.735,326.998,2.07055,136.196,100.333,-570.259,4.36885,-4.95054,0.0758928,-0.0862957,0.993375,58.7239,58.7239,1,970.812,313.464,2.05882,197.533,102.475,-568.006,-2.61021,-5.04811,-0.0453644,-0.0879922,0.995088,58.7239,58.7239,1,982.273,320.231,1,0
83788919575460,994.897,326.998,2.01928,136.178,100.316,-570.241,4.28323,-5.4525,0.0743489,-0.0950204,0.992695,58.7249,58.7249,1,964.105,300.465,2.03223,197.529,102.443,-568.033,-2.6406,-5.57302,-0.0458532,-0.0971143,0.994216,58.7249,58.7249,1,979.501,313.731,1,0
83788922075190,998.479,318.026,2.05772,136.164,100.289,-570.29,4.44736,-6.31848,0.0770721,-0.110055,0.990933,58.7222,58.7222,1,967.316,314.282,2.06214,197.505,102.486,-567.929,-2.4778,-4.35473,-0.0431075,-0.0759312,0.996181,58.7222,58.7222,1,982.897,316.154,1,0
83788924578410,998.479,281.558,2.04676,136.15,100.32,-570.17,4.41342,-5.05338,0.0766534,-0.0880838,0.993159,58.7142,58.7142,1,967.316,313.464,2.02906,197.487,102.46,-567.882,-2.56687,-4.64052,-0.0446386,-0.0809038,0.995722,58.7142,58.7142,1,982.897,297.511,1,0
83788927074670,998.519,281.558,2.06927,136.136,100.301,-570.254,4.44695,-5.55349,0.077172,-0.0967751,0.99231,58.7174,58.7174,1,970.812,313.464,2.05441,197.468,102.462,-567.861,-2.30412,-3.97466,-0.040107,-0.0693153,0.996788,58.7174,58.7174,1,984.666,297.511,1,0
83788929577890,994.897,288.771,2.04947,136.117,100.326,-570.163,4.22405,-4.82254,0.0733961,-0.0840699,0.993753,58.712,58.712,1,967.316,314.282,2.01695,197.445,102.459,-567.841,-2.40475,-3.77819,-0.0418674,-0.0658941,0.996948,58.712,58.712,1,981.106,301.527,1,0
83788932077620,998.479,318.026,2.0605,136.119,100.358,-570.015,4.2965,-3.91152,0.0747432,-0.0682158,0.994867,58.7017,58.7017,1,970.812,314.282,2.03594,197.435,102.448,-567.777,-2.10879,-3.60954,-0.036724,-0.0629567,0.99734,58.7017,58.7017,1,984.645,316.154,1,0
83788934580830,998.479,288.771,2.06783,136.092,100.356,-570.034,4.05701,-3.62765,0.0706073,-0.0632722,0.995495,58.7067,58.7067,1,970.812,314.282,2.00979,197.421,102.437,-567.862,-2.32707,-3.84403,-0.0405126,-0.0670407,0.996927,58.7067,58.7067,1,984.645,301.527,1,0
83788937077100,994.897,318.026,2.04537,136.083,100.355,-570.02,3.96404,-3.59301,0.0689945,-0.0626688,0.995647,58.7057,58.7057,1,971.15,348.107,2.01054,197.405,102.417,-567.848,-2.40173,-3.98667,-0.0418044,-0.0695244,0.996704,58.7057,58.7057,1,983.024,333.067,1,0
83788939580310,994.897,318.026,2.07143,136.064,100.349,-570.026,3.96785,-2.90636,0.0691077,-0.0507037,0.99632,58.7083,58.7083,1,971.15,343.859,2.02986,197.396,102.401,-567.892,-2.27733,-4.06187,-0.0396366,-0.0708336,0.9967,58.7083,58.7083,1,983.024,330.942,1,0
83788942080050,994.897,340.005,2.04431,136.066,100.334,-570.049,4.15653,-3.18108,0.0723699,-0.0554917,0.995833,58.7051,58.7051,1,971.15,343.859,2.02228,197.389,102.426,-567.803,-1.94854,-3.52467,-0.0339375,-0.0614782,0.997531,58.7051,58.7051,1,983.024,341.932,1,0
83788944576320,990.798,355.939,2.0752,136.039,100.332,-570.117,3.92702,-3.46804,0.0683603,-0.0604918,0.995825,58.7148,58.7148,1,970.812,314.282,2.0342,197.376,102.381,-567.93,-2.49866,-4.75338,-0.0434462,-0.0828669,0.995613,58.7148,58.7148,1,980.805,335.11,1,0
83788947079530,990.798,353.278,2.06297,136.022,100.335,-570.058,4.03577,-3.67301,0.0702347,-0.0640622,0.995471,58.7088,58.7088,1,971.15,343.859,2.05343,197.361,102.389,-567.862,-2.41309,-4.5936,-0.0419688,-0.0800875,0.995904,58.7088,58.7088,1,980.974,348.568,1,0
83788949579270,991.426,351.4,2.05963,136.023,100.333,-570.031,4.17244,-3.70572,0.0726064,-0.0646319,0.995264,58.7117,58.7117,1,970.812,314.282,2.02037,197.355,102.343,-567.939,-2.54342,-5.3444,-0.0441835,-0.0931422,0.994672,58.7117,58.7117,1,981.119,332.841,1,0
83788952082480,990.798,340.005,2.04847,136.006,100.323,-570.109,4.10739,-4.01288,0.0714505,-0.0699806,0.994986,58.7134,58.7134,1,970.812,314.282,2.0347,197.324,102.353,-567.897,-3.04055,-5.46899,-0.0528013,-0.0953071,0.994047,58.7134,58.7134,1,980.805,327.143,1,0
83788954578750,990.798,351.4,2.06962,135.99,100.298,-570.196,4.19642,-4.12986,0.0729858,-0.0720173,0.994729,58.7132,58.7132,1,970.148,314.199,2.01064,197.322,102.371,-567.803,-2.67424,-5.0762,-0.0464744,-0.0884805,0.994993,58.7132,58.7132,1,980.473,332.799,1,0
83788957081960,990.798,340.005,2.07964,135.982,100.321,-570.082,4.13326,-4.16834,0.0718858,-0.0726871,0.994761,58.7103,58.7103,1,970.148,314.199,2.04303,197.303,102.349,-567.857,-3.25593,-5.70041,-0.0565152,-0.0993268,0.993449,58.7103,58.7103,1,980.473,327.102,1,0
83788959581700,990.798,340.005,2.06718,135.959,100.288,-570.211,4.10458,-4.97867,0.071307,-0.0867848,0.993672,58.7231,58.7231,1,962.79,287.211,2.01465,197.293,102.293,-567.977,-3.30821,-6.02932,-0.0573879,-0.105037,0.992811,58.7231,58.7231,1,976.794,313.608,1,0
83788962077960,990.798,334.181,2.07749,135.947,100.305,-570.187,4.09849,-4.93625,0.071206,-0.0860473,0.993743,58.7094,58.7094,1,970.812,314.282,2.02871,197.293,102.369,-567.734,-2.23888,-4.14669,-0.0389636,-0.0723103,0.996621,58.7094,58.7094,1,980.805,324.231,1,0
83788964581180,990.798,327.44,2.06644,135.925,100.276,-570.27,4.01527,-5.73797,0.0696715,-0.0999792,0.992547,58.7215,58.7215,1,970.148,314.199,2.05825,197.264,102.33,-567.889,-3.11816,-4.58413,-0.0542212,-0.0799228,0.995325,58.7215,58.7215,1,980.473,320.82,1,0
83788967080910,990.798,325.454,2.07014,135.923,100.292,-570.234,4.2528,-5.14117,0.0738588,-0.08961,0.993235,58.7131,58.7131,1,970.148,314.282,2.04246,197.271,102.346,-567.754,-2.141,-4.05637,-0.0372652,-0.0707379,0.996799,58.7131,58.7131,1,980.473,319.868,1,0
83788969584120,990.798,292.236,2.07651,135.933,100.354,-569.991,4.29135,-4.76442,0.0745696,-0.0830589,0.993751,58.7118,58.7118,1,962.79,298.282,2.01425,197.245,102.286,-567.973,-3.15625,-4.86646,-0.0548606,-0.0848336,0.994884,58.7118,58.7118,1,976.794,295.259,1,0
83788972083870,990.798,292.236,2.05321,135.912,100.328,-570.101,4.28304,-4.83425,0.0744179,-0.0842735,0.99366,58.6975,58.6975,1,970.812,314.282,2.02268,197.234,102.376,-567.575,-1.90313,-2.88883,-0.0331676,-0.0503982,0.998178,58.6975,58.6975,1,980.805,303.259,1,0
83788974583600,990.798,292.236,2.07209,135.905,100.317,-570.111,4.31325,-5.10303,0.0749112,-0.088947,0.993215,58.696,58.696,1,970.148,314.282,2.04619,197.216,102.38,-567.531,-1.7852,-2.45014,-0.0311242,-0.04275,0.998601,58.696,58.696,1,980.473,303.259,1,0
83788977083340,995.4,311.774,2.05897,135.895,100.346,-570.047,4.31238,-4.41448,0.074971,-0.0769711,0.994211,58.7031,58.7031,1,970.812,314.282,2.05194,197.217,102.321,-567.738,-2.01796,-3.13352,-0.0351602,-0.0546629,0.997886,58.7031,58.7031,1,983.106,313.028,1,0
83788979586550,996.986,292.236,2.04575,135.892,100.328,-570.08,4.48019,-4.33809,0.0778906,-0.0756416,0.994088,58.7008,58.7008,1,970.812,314.282,2.03214,197.195,102.34,-567.656,-2.05671,-2.47629,-0.0358551,-0.0432059,0.998423,58.7008,58.7008,1,983.899,303.259,1,0
83788982086300,996.986,311.774,2.06949,135.878,100.36,-570.06,4.31527,-3.56781,0.0750987,-0.0622297,0.995232,58.701,58.701,1,989.273,395.112,2.03081,197.194,102.325,-567.686,-1.89276,-2.73681,-0.0329913,-0.0477481,0.998314,58.701,58.701,1,993.13,353.443,1,0
83788984582560,996.742,300.228,2.06012,135.873,100.318,-570.073,4.28249,-4.61722,0.0744316,-0.0804985,0.993972,58.7089,58.7089,1,988.242,395.112,2.05559,197.193,102.284,-567.818,-2.07348,-3.01225,-0.0361312,-0.0525494,0.997964,58.7089,58.7089,1,992.492,347.67,1,0
83788987085780,995.4,311.774,2.07106,135.862,100.347,-570.058,4.25335,-3.95317,0.0739904,-0.0689411,0.994873,58.7049,58.7049,1,983.494,395.112,2.06583,197.181,102.309,-567.762,-2.1574,-3.07274,-0.0375907,-0.0536037,0.997854,58.7049,58.7049,1,989.447,353.443,1,0
83788989582040,996.742,311.774,2.058,135.858,100.358,-569.98,4.18986,-3.91209,0.0728915,-0.0682257,0.995004,58.7026,58.7026,1,977.087,367.006,2.0325,197.176,102.294,-567.79,-2.27106,-3.63655,-0.0395473,-0.0634272,0.997203,58.7026,58.7026,1,986.914,339.39,1,0
83788992088720,995.4,311.774,2.06365,135.838,100.351,-570.043,4.01881,-3.88129,0.0699232,-0.0676894,0.995253,58.6989,58.6989,1,989.273,395.112,2.06544,197.164,102.332,-567.655,-1.87008,-2.57782,-0.0326002,-0.0449763,0.998456,58.6989,58.6989,1,992.337,353.443,1,0
83788994584990,995.4,311.774,2.0497,135.836,100.367,-570.027,4.14429,-3.57482,0.0721279,-0.0623519,0.995444,58.706,58.706,1,983.494,395.112,2.02662,197.158,102.282,-567.815,-2.32524,-3.61055,-0.0404915,-0.0629744,0.997193,58.706,58.706,1,989.447,353.443,1,0
83788997088200,995.056,337.612,2.04335,135.83,100.363,-570.008,4.11667,-3.75032,0.071634,-0.0654088,0.995284,58.7022,58.7022,1,983.494,372.686,2.0174,197.152,102.284,-567.752,-1.9289,-3.53365,-0.0335953,-0.0616348,0.997533,58.7022,58.7022,1,989.275,355.149,1,0
83788999587940,991.453,340.008,2.0325,135.823,100.371,-569.995,4.16298,-3.48405,0.0724596,-0.0607707,0.995518,58.7039,58.7039,1,977.087,367.006,2.08235,197.125,102.271,-567.801,-2.49104,-3.87924,-0.0433636,-0.0676538,0.996766,58.7039,58.7039,1,984.27,353.507,1,0
83789002091150,995.4,316.434,2.05833,135.815,100.321,-570.176,4.43532,-4.3272,0.0771132,-0.0754521,0.994163,58.7097,58.7097,1,988.832,372.686,2.0347,197.128,102.287,-567.734,-2.05504,-3.71114,-0.0357843,-0.0647263,0.997261,58.7097,58.7097,1,992.116,344.56,1,0
83789004587420,995.056,337.612,2.03975,135.805,100.363,-570.029,4.19888,-3.87932,0.073051,-0.0676552,0.995031,58.6968,58.6968,1,983.494,379.444,2.04462,197.115,102.322,-567.628,-1.9583,-3.41687,-0.0341114,-0.0596002,0.997639,58.6968,58.6968,1,989.275,358.528,1,0
83789007087160,995.056,340.008,2.04194,135.8,100.361,-570.067,4.38478,-3.90854,0.0762764,-0.0681639,0.994754,58.702,58.702,1,983.494,372.686,2.02351,197.1,102.312,-567.696,-2.42102,-4.04521,-0.0421369,-0.0705435,0.996618,58.702,58.702,1,989.275,356.347,1,0
83789009590360,995.4,340.008,2.0454,135.808,100.353,-570.123,4.58301,-4.0053,0.0797082,-0.0698487,0.994368,58.7029,58.7029,1,977.087,367.006,2.00075,197.088,102.297,-567.653,-2.47382,-4.69748,-0.043018,-0.0818946,0.995712,58.7029,58.7029,1,986.244,353.507,1,0
83789012086630,995.4,316.434,2.04992,135.773,100.313,-570.293,4.29066,-4.61102,0.0745741,-0.0803906,0.99397,58.7121,58.7121,1,983.494,367.006,1.99425,197.095,102.308,-567.67,-2.18591,-3.98712,-0.0380498,-0.0695322,0.996854,58.7121,58.7121,1,989.447,341.72,1,0
83789014589840,995.4,337.612,2.0643,135.76,100.293,-570.357,4.46359,-5.01592,0.0775276,-0.0874325,0.993149,58.7129,58.7129,1,981.346,367.006,2.03198,197.076,102.32,-567.622,-2.25553,-3.755,-0.0392718,-0.0654902,0.99708,58.7129,58.7129,1,988.373,352.309,1,0
83789017089590,996.711,316.434,2.08416,135.736,100.329,-570.287,4.30843,-4.89803,0.0748511,-0.0853827,0.993533,58.7155,58.7155,1,977.421,360.621,2.00982,197.063,102.271,-567.743,-2.49852,-5.16783,-0.0434164,-0.0900735,0.994988,58.7155,58.7155,1,987.066,338.528,1,0
83789019592800,996.711,316.434,2.06789,135.702,100.318,-570.339,4.40234,-5.06931,0.0764595,-0.0883608,0.99315,58.714,58.714,1,977.421,360.621,2.01175,197.028,102.311,-567.667,-2.23276,-4.01385,-0.0388636,-0.0699976,0.99679,58.714,58.714,1,987.066,338.528,1,0
83789022089070,995.4,300.516,2.05527,135.649,100.35,-570.251,3.97997,-4.66023,0.0691783,-0.0812467,0.99429,58.7167,58.7167,1,978.376,360.621,2.00997,196.96,102.275,-567.812,-3.37838,-4.3672,-0.0587585,-0.0761483,0.995364,58.7167,58.7167,1,986.888,330.569,1,0
83789024592270,995.4,337.612,2.07432,135.573,100.408,-570.177,3.33681,-3.6055,0.0580902,-0.0628863,0.996329,58.7043,58.7043,1,977.421,367.006,2.05377,196.912,102.348,-567.658,-2.4444,-2.52774,-0.0426084,-0.0441031,0.998118,58.7043,58.7043,1,986.41,352.309,1,0
83789027092010,995.4,316.434,2.08845,135.475,100.364,-570.49,2.60931,-3.92867,0.0454184,-0.0685146,0.996616,58.7169,58.7169,1,977.421,360.621,2.04804,196.837,102.397,-567.613,-2.73754,-2.30664,-0.0477221,-0.0402477,0.998049,58.7169,58.7169,1,986.41,338.528,1,0
83789029588280,995.4,337.612,2.12653,135.389,100.384,-570.482,1.88614,-3.54937,0.0328502,-0.0619085,0.997541,58.728,58.728,1,977.421,360.621,2.09328,196.754,102.359,-567.852,-4.73518,-4.04638,-0.0823447,-0.0705639,0.994103,58.728,58.728,1,986.41,349.117,1,0
83789032094960,978.639,337.612,2.10903,135.316,100.459,-570.389,1.0386,-3.38065,0.0180945,-0.0589693,0.998096,58.7101,58.7101,1,966.161,360.621,2.06258,196.658,102.453,-567.61,-4.83429,-2.57198,-0.0841893,-0.0448745,0.995439,58.7101,58.7101,1,972.4,349.117,1,0
83789034591230,942.284,339.363,2.17624,135.25,100.484,-570.377,0.359448,-2.92136,0.00626535,-0.0509653,0.998681,58.7218,58.7218,1,966.161,367.006,2.09478,196.61,102.419,-567.868,-5.97326,-2.82946,-0.103938,-0.0493633,0.993358,58.7218,58.7218,1,954.223,353.185,1,0
83789037094440,901.229,339.363,2.13672,135.219,100.545,-570.281,0.37803,-2.11127,0.00659334,-0.0368403,0.999299,58.7115,58.7115,1,949.439,367.006,2.11519,196.558,102.463,-567.774,-5.01229,-1.15663,-0.0873515,-0.0201856,0.995973,58.7115,58.7115,1,925.334,353.185,1,0
83789039590710,860.445,360.78,2.10329,135.186,100.509,-570.409,0.236508,-3.2479,0.0041212,-0.0566562,0.998385,58.7227,58.7227,1,837.497,367.006,2.11307,196.507,102.442,-567.867,-5.54651,-1.36041,-0.0966265,-0.0237414,0.995037,58.7227,58.7227,1,848.971,363.893,1,0
83789042097390,812.829,370.761,2.11771,135.174,100.57,-570.185,0.766563,-1.58036,0.0133736,-0.027579,0.99953,58.6998,58.6998,1,831.669,411.976,2.06328,196.46,102.513,-567.64,-5.25941,-0.47757,-0.091662,-0.00833508,0.995755,58.6998,58.6998,1,822.249,391.369,1,0
83789044593660,804.849,378.512,2.10684,135.16,100.525,-570.38,0.910761,-2.06638,0.0158848,-0.0360572,0.999223,58.7106,58.7106,1,821.182,411.976,2.06579,196.434,102.5,-567.66,-5.5733,-0.879289,-0.0971076,-0.0153459,0.995156,58.7106,58.7106,1,813.015,395.244,1,0
83789047096870,820.982,378.512,2.0922,135.156,100.574,-570.134,1.20114,-0.906052,0.0209597,-0.0158129,0.999655,58.7031,58.7031,1,821.182,493.975,2.09639,196.434,102.466,-567.751,-5.84054,-1.27878,-0.101735,-0.0223171,0.994561,58.7031,58.7031,1,821.082,436.244,1,0
83789049593130,829.899,378.512,2.09619,135.148,100.56,-570.171,1.36216,-0.921651,0.0237688,-0.0160852,0.999588,58.7039,58.7039,1,806.964,481.022,2.08623,196.428,102.442,-567.721,-5.66406,-1.59338,-0.0986573,-0.0278062,0.994733,58.7039,58.7039,1,818.432,429.767,1,0
83789052092880,817.939,444.388,2.1113,135.122,100.543,-570.214,1.14976,-1.15398,0.0200616,-0.0201394,0.999596,58.7028,58.7028,1,807.02,481.022,2.07759,196.435,102.451,-567.652,-5.25401,-1.43459,-0.0915425,-0.0250357,0.995486,58.7028,58.7028,1,812.479,462.705,1,0
83789054596090,810.634,444.388,2.12574,135.104,100.49,-570.299,1.0202,-1.68196,0.0177972,-0.0293516,0.999411,58.714,58.714,1,807.02,446.907,2.06022,196.416,102.399,-567.777,-5.87984,-2.20125,-0.102367,-0.0384095,0.994005,58.714,58.714,1,808.827,445.648,1,0
83789057095830,817.939,465.543,2.09202,135.096,100.497,-570.268,1.06744,-1.63681,0.0186216,-0.0285638,0.999418,58.7095,58.7095,1,806.964,481.022,2.07894,196.406,102.407,-567.715,-5.57767,-1.66469,-0.0971541,-0.0290502,0.994845,58.7095,58.7095,1,812.451,473.282,1,0
83789059599040,813.214,378.512,2.11591,135.056,100.402,-570.513,0.556963,-3.50806,0.00970247,-0.061189,0.998079,58.7223,58.7223,1,806.964,476.883,2.09286,196.395,102.388,-567.713,-5.55231,-1.81104,-0.0967062,-0.0316033,0.994811,58.7223,58.7223,1,810.089,427.698,1,0
83789062095310,810.634,444.388,2.0839,135.055,100.468,-570.26,0.845491,-2.37563,0.0147434,-0.0414506,0.999032,58.7099,58.7099,1,806.964,471.737,2.06742,196.385,102.369,-567.715,-5.36649,-1.75385,-0.0934822,-0.0306057,0.99515,58.7099,58.7099,1,808.799,458.063,1,0
83789064598520,810.634,426.859,2.0887,135.027,100.43,-570.328,0.683817,-3.00968,0.0119181,-0.0525047,0.99855,58.7156,58.7156,1,800.39,446.907,2.08364,196.371,102.327,-567.747,-5.55452,-2.24442,-0.0967186,-0.0391625,0.994541,58.7156,58.7156,1,805.512,436.883,1,0
83789067098250,810.634,391.334,2.10186,134.996,100.383,-570.446,0.649722,-3.41487,0.0113194,-0.0595654,0.99816,58.7246,58.7246,1,800.39,471.737,2.07349,196.346,102.292,-567.799,-5.7407,-2.10153,-0.0999593,-0.0366704,0.994316,58.7246,58.7246,1,805.512,431.536,1,0
83789069594520,800.626,378.512,2.09455,134.97,100.365,-570.385,0.668491,-3.40743,0.0116465,-0.0594358,0.998164,58.7208,58.7208,1,800.39,476.883,2.05909,196.322,102.273,-567.77,-5.44449,-1.32254,-0.094856,-0.0230806,0.995223,58.7208,58.7208,1,800.508,427.698,1,0
83789072097730,800.626,391.334,2.12492,134.958,100.36,-570.362,0.833107,-3.17538,0.0145176,-0.0553924,0.998359,58.7199,58.7199,1,806.964,471.737,2.1012,196.288,102.257,-567.765,-5.10453,-0.524981,-0.0889693,-0.00916252,0.995992,58.7199,58.7199,1,803.795,431.536,1,0
83789074597470,807.798,381.699,2.06668,134.943,100.339,-570.367,0.985636,-3.19569,0.017175,-0.0557465,0.998297,58.7108,58.7108,1,800.39,476.883,2.01729,196.266,102.276,-567.567,-4.69735,-0.277743,-0.0818914,-0.00484751,0.996629,58.7108,58.7108,1,804.094,429.291,1,0
83789077100680,809.931,391.334,2.08037,134.909,100.316,-570.378,1.02716,-2.58157,0.0179082,-0.0450416,0.998825,58.7117,58.7117,1,803.909,476.883,2.03688,196.229,102.25,-567.562,-5.29077,-0.908593,-0.0921985,-0.0158573,0.995614,58.7117,58.7117,1,806.92,434.109,1,0
83789079596950,807.798,391.334,2.09203,134.91,100.33,-570.29,1.31002,-1.84615,0.0228503,-0.0322159,0.99922,58.7023,58.7023,1,803.909,495.169,2.06849,196.196,102.251,-567.455,-5.12644,-0.829336,-0.0893445,-0.0144741,0.995896,58.7023,58.7023,1,805.854,443.252,1,0
83789082100160,809.931,391.334,2.09192,134.873,100.308,-570.323,1.13777,-1.87494,0.0198458,-0.032718,0.999268,58.7076,58.7076,1,806.964,491.822,2.08961,196.197,102.209,-567.516,-5.12289,-1.37766,-0.0892664,-0.0240424,0.995718,58.7076,58.7076,1,808.447,441.578,1,0
83789084599900,809.931,391.334,2.0985,134.859,100.314,-570.229,1.13745,-2.05673,0.0198382,-0.0358889,0.999159,58.7036,58.7036,1,800.39,476.883,2.06221,196.164,102.178,-567.52,-5.50365,-1.67241,-0.0958683,-0.029185,0.994966,58.7036,58.7036,1,805.16,434.109,1,0
83789087103110,809.931,414.493,2.08833,134.827,100.337,-570.142,0.8658,-1.95186,0.0151017,-0.0340598,0.999306,58.6979,58.6979,1,803.909,476.883,2.06442,196.142,102.157,-567.487,-5.4947,-1.78368,-0.0957073,-0.031126,0.994923,58.6979,58.6979,1,806.92,445.688,1,0
83789089599380,807.798,391.334,2.11463,134.785,100.253,-570.342,0.690073,-3.21862,0.0120247,-0.0561459,0.99835,58.7114,58.7114,1,800.39,476.883,2.09183,196.111,102.114,-567.539,-5.77493,-1.65243,-0.100579,-0.0288364,0.994511,58.7114,58.7114,1,804.094,434.109,1,0
83789092099120,809.931,391.334,2.12254,134.756,100.269,-570.267,0.872293,-2.4551,0.0152098,-0.0428365,0.998966,58.7091,58.7091,1,806.678,491.822,2.07424,196.084,102.066,-567.557,-5.22658,-0.838386,-0.0910848,-0.0146321,0.995736,58.7091,58.7091,1,808.305,441.578,1,0
83789094602330,807.798,391.334,2.10081,134.723,100.211,-570.343,0.857622,-3.11339,0.0149457,-0.0543122,0.998412,58.7137,58.7137,1,800.39,476.883,2.09769,196.04,102.066,-567.563,-5.40976,-0.26,-0.0942769,-0.00453785,0.995536,58.7137,58.7137,1,804.094,434.109,1,0
83789097098600,800.476,407.609,2.09664,134.673,100.193,-570.377,0.657331,-2.69378,0.0114597,-0.046998,0.998829,58.7089,58.7089,1,803.909,491.822,2.02831,196.009,102.043,-567.415,-5.17191,-0.871739,-0.0901339,-0.0152141,0.995813,58.7089,58.7089,1,802.193,449.715,1,0
83789099601810,807.798,391.334,2.08434,134.66,100.179,-570.338,1.06142,-2.23623,0.0185102,-0.0390197,0.999067,58.7045,58.7045,1,806.678,491.822,2.00794,195.974,102.016,-567.35,-5.07401,-1.19918,-0.0884232,-0.0209281,0.995863,58.7045,58.7045,1,807.238,441.578,1,0
83789102101540,809.931,407.609,2.1042,134.632,100.148,-570.364,1.11371,-2.1517,0.019423,-0.0375455,0.999106,58.7047,58.7047,1,806.678,500.654,2.04962,195.939,102.001,-567.315,-5.22941,-1.12622,-0.0911262,-0.019655,0.995645,58.7047,58.7047,1,808.305,454.131,1,0
83789104604760,807.798,407.609,2.07738,134.587,100.15,-570.305,0.848662,-2.04197,0.014802,-0.0356315,0.999255,58.7121,58.7121,1,800.39,476.883,2.07794,195.923,101.918,-567.509,-5.72234,-2.02261,-0.0996456,-0.0352939,0.994397,58.7121,58.7121,1,804.094,442.246,1,0
83789107104490,807.798,407.609,2.07034,134.563,100.149,-570.266,1.19198,-2.3773,0.0207846,-0.0414798,0.998923,58.7036,58.7036,1,803.909,491.822,2.05218,195.89,101.924,-567.369,-5.47746,-1.5144,-0.0954207,-0.0264282,0.995086,58.7036,58.7036,1,805.854,449.715,1,0
83789109607710,807.798,403.336,2.10796,134.506,100.092,-570.411,0.956537,-2.76022,0.0166746,-0.0481564,0.998701,58.7114,58.7114,1,800.39,491.822,2.10166,195.84,101.889,-567.366,-5.41584,-0.805458,-0.0943742,-0.0140574,0.995438,58.7114,58.7114,1,804.094,447.579,1,0
83789112103970,809.931,407.609,2.07528,134.469,100.038,-570.421,1.13244,-3.72193,0.0197218,-0.0649142,0.997696,58.7125,58.7125,1,806.678,500.654,2.0319,195.785,101.845,-567.353,-5.00083,-0.478321,-0.0871672,-0.00834819,0.996159,58.7125,58.7125,1,808.305,454.131,1,0
83789114600240,807.798,407.609,2.07393,134.447,100.052,-570.292,1.385,-2.58309,0.0241458,-0.0450682,0.998692,58.6981,58.6981,1,803.909,491.822,2.01851,195.744,101.823,-567.173,-4.90628,-1.11778,-0.0855099,-0.0195078,0.996146,58.6981,58.6981,1,805.854,449.715,1,0
83789117106930,809.931,407.609,2.07383,134.403,100.051,-570.272,1.3864,-1.77613,0.0241832,-0.0309943,0.999227,58.7028,58.7028,1,804.773,491.822,2.03158,195.715,101.79,-567.285,-5.22532,-1.51846,-0.0910407,-0.0264991,0.995494,58.7028,58.7028,1,807.352,449.715,1,0
83789119603200,807.798,407.609,2.08264,134.357,100.064,-570.128,0.921828,-1.92105,0.0160792,-0.0335224,0.999309,58.6844,58.6844,1,804.773,500.654,2.05117,195.672,101.818,-567.05,-4.75858,-0.860814,-0.0829481,-0.0150235,0.996441,58.6844,58.6844,1,806.286,454.131,1,0
83789122106400,807.798,407.609,2.0914,134.321,100.038,-570.181,0.916932,-2.30811,0.0159898,-0.0402733,0.999061,58.7046,58.7046,1,804.773,491.822,2.05198,195.645,101.695,-567.387,-5.63576,-1.82215,-0.0981544,-0.0317971,0.994663,58.7046,58.7046,1,806.286,449.715,1,0
83789124602670,807.798,407.609,2.10624,134.273,99.9891,-570.248,1.04541,-2.83961,0.0182224,-0.0495403,0.998606,58.7042,58.7042,1,803.909,491.822,2.03381,195.599,101.672,-567.29,-5.28773,-1.57439,-0.0921226,-0.0274749,0.995369,58.7042,58.7042,1,805.854,449.715,1,0
83789127109360,807.798,407.609,2.06433,134.22,99.958,-570.275,0.84159,-3.21283,0.0146649,-0.0560451,0.998321,58.6985,58.6985,1,804.773,491.822,2.01821,195.526,101.694,-567.14,-4.89456,-0.306128,-0.0853211,-0.00534292,0.996339,58.6985,58.6985,1,806.286,449.715,1,0
83789129605620,807.379,407.609,2.06735,134.189,99.9595,-570.153,1.03271,-2.2122,0.0180097,-0.0386006,0.999092,58.6933,58.6933,1,804.773,500.654,1.9893,195.486,101.645,-567.138,-4.6781,-0.685387,-0.0815516,-0.011962,0.996597,58.6933,58.6933,1,806.076,454.131,1,0
83789132108840,807.379,407.609,2.05771,134.138,99.9143,-570.329,0.990588,-2.19637,0.0172755,-0.0383245,0.999116,58.6971,58.6971,1,804.773,491.822,1.98595,195.447,101.653,-567.034,-4.77456,-0.680099,-0.0832295,-0.0118697,0.99646,58.6971,58.6971,1,806.076,449.715,1,0
83789134608570,807.379,407.609,2.07786,134.098,99.8936,-570.284,1.06061,-3.06049,0.0184836,-0.0533902,0.998403,58.7034,58.7034,1,803.909,500.654,2.01904,195.408,101.596,-567.191,-5.21291,-0.872434,-0.0908464,-0.0152263,0.995749,58.7034,58.7034,1,805.644,454.131,1,0
83789137104840,807.249,407.609,2.06786,134.042,99.8815,-570.28,1.03219,-3.2256,0.0179856,-0.0562676,0.998254,58.7085,58.7085,1,804.773,499.653,2.00269,195.364,101.528,-567.283,-5.31495,-1.16825,-0.0926112,-0.0203884,0.995494,58.7085,58.7085,1,806.011,453.631,1,0
83789139608050,807.379,407.609,2.08152,134,99.8757,-570.151,1.19835,-3.42924,0.0208762,-0.0598157,0.997991,58.6957,58.6957,1,804.773,500.654,2.00461,195.307,101.539,-567.141,-4.96063,-1.01718,-0.0864576,-0.0177523,0.996097,58.6957,58.6957,1,806.076,454.131,1,0
83789142107780,807.379,407.609,2.08085,133.956,99.8864,-570.115,1.3358,-1.8377,0.0233,-0.0320684,0.999214,58.6858,58.6858,1,804.773,500.654,2.00618,195.252,101.535,-566.967,-4.4603,-0.671945,-0.0777629,-0.0117274,0.996903,58.6858,58.6858,1,806.076,454.131,1,0
83789144611000,807.379,407.609,2.07192,133.909,99.8817,-570.073,1.23503,-1.82598,0.0215428,-0.031864,0.99926,58.6777,58.6777,1,804.773,500.654,1.98194,195.204,101.547,-566.84,-4.55214,-0.387845,-0.0793644,-0.00676911,0.996823,58.6777,58.6777,1,806.076,454.131,1,0
83789147107260,807.379,407.609,2.0548,133.864,99.8729,-570.062,1.2758,-2.22997,0.0222481,-0.0389106,0.998995,58.679,58.679,1,804.773,500.654,1.99219,195.151,101.505,-566.864,-4.87846,-0.19677,-0.0850418,-0.00343428,0.996371,58.679,58.679,1,806.076,454.131,1,0
83789149610480,814.35,407.609,2.10094,133.814,99.8952,-569.969,1.35728,-1.94604,0.0236732,-0.0339582,0.999143,58.6764,58.6764,1,817.389,508.144,2.05271,195.104,101.483,-566.902,-4.50691,0.231525,-0.0785787,0.00404086,0.9969,58.6764,58.6764,1,815.87,457.876,1,0
83789152110220,812.224,424.41,2.09549,133.722,99.8201,-570.18,1.18776,-2.35498,0.0207113,-0.0410905,0.998941,58.6873,58.6873,1,821.31,527.274,2.02875,195.047,101.469,-566.9,-4.53116,-0.096127,-0.0790011,-0.00167773,0.996873,58.6873,58.6873,1,816.767,475.842,1,0
83789154606490,812.224,424.41,2.09461,133.684,99.8293,-570.133,1.44569,-1.74226,0.0252177,-0.0304035,0.99922,58.6903,58.6903,1,805.829,500.654,1.98909,194.986,101.379,-566.989,-5.13672,-1.32621,-0.0895087,-0.0231447,0.995717,58.6903,58.6903,1,809.026,462.532,1,0
83789157109690,814.35,424.41,2.07971,133.637,99.8646,-569.944,1.34682,-1.99972,0.02349,-0.0348946,0.999115,58.6818,58.6818,1,817.389,508.144,2.00816,194.936,101.385,-567.007,-4.85486,-0.350042,-0.0846303,-0.00610935,0.996394,58.6818,58.6818,1,815.87,466.277,1,0
83789159609430,814.35,407.609,2.09084,133.562,99.8041,-570.175,1.10273,-2.75699,0.0192227,-0.0481,0.998658,58.6859,58.6859,1,821.304,527.274,2.00058,194.878,101.387,-566.847,-4.33994,-0.125006,-0.0756736,-0.00218176,0.99713,58.6859,58.6859,1,817.827,467.441,1,0
83789162112650,812.224,424.41,2.07153,133.509,99.7984,-570.104,1.39539,-2.25338,0.0243329,-0.0393188,0.99893,58.6816,58.6816,1,821.31,527.274,1.98308,194.797,101.356,-566.818,-4.55381,-0.613286,-0.0793909,-0.0107036,0.996786,58.6816,58.6816,1,816.767,475.842,1,0
83789164608910,814.35,424.41,2.0696,133.458,99.8082,-570.012,1.69713,-1.60812,0.0296046,-0.0280633,0.999168,58.6785,58.6785,1,821.304,514.364,1.95384,194.749,101.313,-566.836,-4.57905,-0.882846,-0.079825,-0.015408,0.99669,58.6785,58.6785,1,817.827,469.387,1,0
83789167115590,814.35,424.41,2.03086,133.375,99.7657,-570.196,1.05219,-3.07313,0.0183368,-0.0536105,0.998394,58.6801,58.6801,1,821.31,527.274,1.96516,194.685,101.334,-566.68,-4.75641,-0.408753,-0.0829176,-0.00713403,0.996531,58.6801,58.6801,1,817.83,475.842,1,0
83789169611860,814.35,411.734,2.10869,133.312,99.8067,-570.069,1.29294,-2.58208,0.0225412,-0.0450506,0.99873,58.683,58.683,1,821.304,527.274,1.97532,194.625,101.263,-566.86,-4.96183,-0.539978,-0.0864883,-0.00942426,0.996208,58.683,58.683,1,817.827,469.504,1,0
83789172115070,814.35,424.41,2.05737,133.249,99.775,-570.112,1.43828,-2.04541,0.025084,-0.0356916,0.999048,58.6786,58.6786,1,821.31,527.274,2.02339,194.546,101.292,-566.723,-4.39773,0.279919,-0.0766786,0.00488549,0.997044,58.6786,58.6786,1,817.83,475.842,1,0
83789174611340,814.35,424.41,2.08318,133.179,99.782,-570.114,1.1767,-2.36324,0.0205183,-0.0412346,0.998939,58.6751,58.6751,1,821.31,527.274,2.01516,194.486,101.267,-566.642,-4.38076,-0.293225,-0.0763833,-0.00511771,0.997065,58.6751,58.6751,1,817.83,475.842,1,0
83789177111080,814.35,423.751,2.08382,133.135,99.7891,-570.098,1.36945,-3.07154,0.0238648,-0.0535828,0.998278,58.6795,58.6795,1,821.31,533.096,1.98683,194.434,101.236,-566.745,-4.54779,0.0192933,-0.0792906,0.000336731,0.996852,58.6795,58.6795,1,817.83,478.424,1,0
83789179614290,814.35,411.734,2.0927,133.056,99.7755,-570.111,1.40348,-2.77048,0.0244643,-0.0483351,0.998532,58.6806,58.6806,1,821.304,529.234,2.02455,194.347,101.215,-566.745,-4.96238,-0.605356,-0.0864968,-0.0105653,0.996196,58.6806,58.6806,1,817.827,470.484,1,0
83789182114030,814.35,424.41,2.07286,133.009,99.8317,-569.883,1.68661,-1.21223,0.029426,-0.0211558,0.999343,58.6668,58.6668,1,821.31,527.274,1.9948,194.28,101.193,-566.69,-5.02937,-1.03753,-0.087652,-0.0181074,0.995987,58.6668,58.6668,1,817.83,475.842,1,0
83789184617240,814.35,423.751,2.03329,132.939,99.8106,-569.985,1.64913,-2.43643,0.0287527,-0.0425108,0.998682,58.6781,58.6781,1,821.304,527.274,1.97816,194.223,101.126,-566.804,-5.19183,-1.26935,-0.0904683,-0.0221526,0.995653,58.6781,58.6781,1,817.827,475.513,1,0
83789187113510,819.034,419.846,2.09316,132.853,99.8035,-570.003,1.58396,-2.64304,0.0276125,-0.0461133,0.998555,58.6745,58.6745,1,821.304,527.274,1.98983,194.139,101.121,-566.706,-4.95264,-1.37077,-0.0863076,-0.0239222,0.995981,58.6745,58.6745,1,820.169,473.56,1,0
83789189616710,814.35,411.734,2.0793,132.743,99.7349,-570.251,1.0944,-2.60738,0.0190799,-0.0454917,0.998783,58.6872,58.6872,1,821.304,527.274,1.95845,194.064,101.094,-566.703,-4.51083,-1.00202,-0.0786354,-0.0174877,0.99675,58.6872,58.6872,1,817.827,469.504,1,0
83789192116460,814.35,424.41,2.0455,132.694,99.7981,-570.036,1.27049,-1.97279,0.0221593,-0.0344249,0.999162,58.6699,58.6699,1,821.31,527.274,1.95456,193.988,101.096,-566.567,-4.50256,-0.428973,-0.0785015,-0.00748691,0.996886,58.6699,58.6699,1,817.83,475.842,1,0
83789194619670,814.35,419.846,2.05122,132.614,99.7859,-570.102,1.28053,-3.16506,0.0223134,-0.0552126,0.998225,58.6745,58.6745,1,821.304,527.274,2.00644,193.904,101.087,-566.593,-4.79269,0.164648,-0.0835503,0.00287364,0.996499,58.6745,58.6745,1,817.827,473.56,1,0
83789197115940,814.35,411.734,2.07167,132.525,99.7269,-570.272,1.26554,-3.02375,0.0220553,-0.0527498,0.998364,58.6866,58.6866,1,821.304,527.274,2.01242,193.826,101.033,-566.651,-4.80368,-0.781145,-0.0837341,-0.0136331,0.996395,58.6866,58.6866,1,817.827,469.504,1,0
83789199612210,814.35,411.734,2.02461,132.467,99.8038,-569.993,1.41881,-1.82871,0.0247477,-0.0319116,0.999184,58.6766,58.6766,1,821.304,527.274,1.97027,193.766,100.991,-566.727,-4.70579,-0.9307,-0.0820284,-0.0162431,0.996498,58.6766,58.6766,1,817.827,469.504,1,0
83789202118890,814.35,424.41,2.01978,132.392,99.8204,-569.972,1.53009,-2.04252,0.0266849,-0.0356411,0.999008,58.6713,58.6713,1,821.304,527.274,1.99336,193.676,101.007,-566.643,-4.81113,-0.131253,-0.0838712,-0.00229079,0.996474,58.6713,58.6713,1,817.827,475.842,1,0
83789204615150,814.35,412.635,2.0447,132.297,99.7706,-570.136,1.32263,-2.56195,0.0230591,-0.0446996,0.998734,58.6735,58.6735,1,821.304,527.274,1.97996,193.586,100.996,-566.51,-4.69683,-0.875963,-0.0818737,-0.0152878,0.996525,58.6735,58.6735,1,817.827,469.954,1,0
83789207118370,814.35,412.635,2.0332,132.224,99.7933,-570.029,1.4199,-2.13609,0.0247621,-0.0372732,0.998998,58.669,58.669,1,821.304,527.274,1.94445,193.515,100.963,-566.517,-4.58822,-0.696689,-0.0799881,-0.0121592,0.996722,58.669,58.669,1,817.827,469.954,1,0
83789209618100,814.35,411.734,2.0274,132.145,99.7625,-570.196,1.40373,-3.08802,0.0244617,-0.0538699,0.998248,58.6698,58.6698,1,821.304,527.274,1.94216,193.43,100.976,-566.363,-4.31035,-0.387949,-0.0751571,-0.00677093,0.997149,58.6698,58.6698,1,817.827,469.504,1,0
83789212121310,814.35,424.41,2.04302,132.05,99.7983,-570.049,1.37568,-1.94156,0.023994,-0.0338801,0.999138,58.666,58.666,1,821.304,527.274,1.98095,193.332,100.93,-566.427,-4.33973,-0.440741,-0.0756679,-0.0076923,0.997103,58.666,58.666,1,817.827,475.842,1,0
83789214617580,814.35,412.635,2.01684,131.982,99.8085,-570.018,1.51094,-1.97002,0.0263522,-0.0343766,0.999061,58.6695,58.6695,1,822.084,527.274,1.94365,193.265,100.876,-566.521,-4.67764,-0.728321,-0.081543,-0.0127113,0.996589,58.6695,58.6695,1,818.217,469.954,1,0
83789217124260,814.35,415.36,2.00934,131.9,99.7905,-570.11,1.60986,-2.5149,0.0280666,-0.0438791,0.998643,58.6722,58.6722,1,821.304,527.274,1.9964,193.171,100.887,-566.485,-4.80249,0.169207,-0.0837208,0.00295321,0.996485,58.6722,58.6722,1,817.827,471.317,1,0
83789219620530,814.35,415.36,2.04966,131.795,99.7714,-570.188,1.41379,-1.97113,0.0246581,-0.0343959,0.999104,58.6704,58.6704,1,821.304,527.274,1.95146,193.074,100.846,-566.352,-4.41531,-0.52929,-0.0769822,-0.00923772,0.99699,58.6704,58.6704,1,817.827,471.317,1,0
83789222116800,814.35,424.41,2.03648,131.745,99.8324,-569.938,1.81608,-2.04833,0.0316711,-0.0357425,0.998859,58.6684,58.6684,1,821.304,527.274,1.95343,193.01,100.806,-566.564,-4.94446,-0.523854,-0.0861864,-0.00914285,0.996237,58.6684,58.6684,1,817.827,475.842,1,0
83789224620010,814.35,417.888,2.01824,131.643,99.7954,-570.115,1.7522,-2.46955,0.0305485,-0.0430884,0.998604,58.6733,58.6733,1,821.304,527.274,1.97241,192.901,100.791,-566.478,-4.94127,-0.699307,-0.0861282,-0.0122049,0.996209,58.6733,58.6733,1,817.827,472.581,1,0
83789227119750,814.35,417.888,2.03038,131.561,99.7773,-570.141,1.89387,-1.75607,0.0330327,-0.0306443,0.998984,58.6843,58.6843,1,821.304,527.274,1.97224,192.827,100.718,-566.662,-5.62979,-1.90183,-0.0980463,-0.0331871,0.994628,58.6843,58.6843,1,817.827,472.581,1,0
83789229622960,814.35,415.36,2.0149,131.472,99.7909,-570.159,1.56436,-2.75747,0.0272683,-0.0481083,0.99847,58.677,58.677,1,821.304,527.274,1.95138,192.742,100.728,-566.494,-5.04071,-1.03678,-0.0878492,-0.0180942,0.995969,58.677,58.677,1,817.827,471.317,1,0
83789232119230,820.291,424.41,2.04385,131.38,99.8031,-570.157,1.56772,-2.26904,0.0273371,-0.0395918,0.998842,58.6772,58.6772,1,805.764,527.274,1.96532,192.639,100.697,-566.497,-4.98243,-1.30928,-0.0868276,-0.0228493,0.995961,58.6772,58.6772,1,813.027,475.842,1,0
83789234622440,820.291,417.888,1.99873,131.314,99.8219,-569.987,2.02676,-1.51847,0.0353538,-0.0264992,0.999023,58.6624,58.6624,1,821.304,527.274,1.96269,192.569,100.708,-566.36,-4.19461,-0.588573,-0.0731406,-0.0102724,0.997269,58.6624,58.6624,1,820.798,472.581,1,0
83789237122180,814.958,424.41,1.99305,131.216,99.8484,-570.037,1.48855,-2.13789,0.025959,-0.0373046,0.998967,58.6715,58.6715,1,821.304,527.274,1.92059,192.475,100.643,-566.492,-5.37228,-1.35639,-0.0936004,-0.0236713,0.995328,58.6715,58.6715,1,818.131,475.842,1,0
83789239625390,820.291,424.41,2.00897,131.119,99.7997,-570.178,1.84101,-1.90298,0.0321084,-0.0332072,0.998933,58.6788,58.6788,1,821.304,527.274,1.98266,192.392,100.637,-566.492,-4.42388,-0.368005,-0.077133,-0.00642286,0.997,58.6788,58.6788,1,820.798,475.842,1,0
83789242125130,820.291,429.124,2.00934,131.05,99.8399,-570.001,1.85517,-1.7229,0.0323585,-0.0300657,0.999024,58.6694,58.6694,1,805.764,527.274,1.93304,192.29,100.582,-566.467,-5.0151,-1.1287,-0.0874013,-0.0196982,0.995978,58.6694,58.6694,1,813.027,478.199,1,0
83789244621390,820.291,418.767,2.03422,130.952,99.8092,-570.23,1.80575,-2.4549,0.0314822,-0.0428329,0.998586,58.6799,58.6799,1,821.304,527.274,1.97676,192.212,100.61,-566.458,-4.72364,-0.230499,-0.0823491,-0.00402295,0.996595,58.6799,58.6799,1,820.798,473.021,1,0
83789247124600,820.291,424.41,1.99802,130.837,99.7738,-570.349,1.69821,-2.34009,0.0296102,-0.0408309,0.998727,58.6898,58.6898,1,813.655,527.274,1.93046,192.118,100.559,-566.527,-5.0638,-1.09861,-0.0882487,-0.0191732,0.995914,58.6898,58.6898,1,816.973,475.842,1,0
83789249620870,824.56,424.935,2.00363,130.79,99.8701,-570.038,1.90118,-1.72471,0.0331608,-0.0300974,0.998997,58.6789,58.6789,1,805.764,527.274,1.97434,192.035,100.52,-566.622,-5.38785,-0.959262,-0.0938841,-0.0167415,0.995442,58.6789,58.6789,1,815.162,476.105,1,0
83789252127550,824.56,424.935,2.03092,130.688,99.8218,-570.268,1.75008,-2.44029,0.0305123,-0.0425783,0.998627,58.6885,58.6885,1,805.764,527.274,1.93216,191.935,100.49,-566.575,-5.66318,-1.80677,-0.0986313,-0.0315289,0.994624,58.6885,58.6885,1,815.162,476.105,1,0
83789254623820,824.56,424.41,2.00846,130.605,99.8407,-570.185,2.11635,-1.48024,0.0369166,-0.0258323,0.998984,58.6804,58.6804,1,805.764,527.274,1.91931,191.851,100.492,-566.492,-5.10888,-1.20517,-0.0890289,-0.0210326,0.995807,58.6804,58.6804,1,815.162,475.842,1,0
83789257127030,824.56,424.935,2.00122,130.524,99.8882,-570.058,1.7335,-1.74685,0.0302366,-0.0304836,0.999078,58.6718,58.6718,1,794.082,505.739,1.91598,191.768,100.474,-566.444,-5.05506,-1.36972,-0.0880878,-0.0239039,0.995826,58.6718,58.6718,1,809.321,465.337,1,0
83789259626780,824.56,424.935,2.04195,130.4,99.806,-570.389,1.54626,-2.4564,0.0269593,-0.0428592,0.998717,58.6916,58.6916,1,805.764,505.739,1.91183,191.686,100.424,-566.499,-4.79614,-1.63272,-0.0835768,-0.0284925,0.996094,58.6916,58.6916,1,815.162,465.337,1,0
83789262123040,824.56,424.935,1.99992,130.336,99.8647,-570.209,1.83243,-1.5687,0.0319644,-0.0273756,0.999114,58.6787,58.6787,1,805.764,511.48,1.90601,191.595,100.442,-566.424,-4.71282,-0.84825,-0.0821525,-0.0148042,0.99651,58.6787,58.6787,1,815.162,468.208,1,0
83789264626260,824.56,424.41,2.01854,130.245,99.8584,-570.22,1.46909,-2.39526,0.0256153,-0.041793,0.998798,58.6676,58.6676,1,805.764,527.274,1.91676,191.495,100.488,-566.188,-4.56038,-0.295615,-0.0795085,-0.00515944,0.996821,58.6676,58.6676,1,815.162,475.842,1,0
83789267125990,824.56,424.935,2.00948,130.148,99.8304,-570.39,1.87105,-2.83266,0.0326102,-0.0494192,0.998246,58.6884,58.6884,1,805.764,511.48,1.96114,191.397,100.397,-566.429,-4.7452,-0.783828,-0.0827171,-0.01368,0.996479,58.6884,58.6884,1,815.162,468.208,1,0
83789269629200,824.56,424.935,1.99856,130.08,99.892,-570.165,1.7364,-1.48063,0.0302911,-0.025839,0.999207,58.6778,58.6778,1,805.764,514.799,1.95592,191.319,100.394,-566.444,-5.01714,-0.239772,-0.0874531,-0.0041848,0.99616,58.6778,58.6778,1,815.162,469.867,1,0
83789272125470,824.56,424.935,2.01586,130.006,99.9225,-570.141,1.9544,-1.38816,0.0340941,-0.0242256,0.999125,58.6824,58.6824,1,805.764,511.48,1.95408,191.256,100.354,-566.562,-5.04444,-1.27955,-0.0879065,-0.0223304,0.995878,58.6824,58.6824,1,815.162,468.208,1,0
83789274628680,824.56,424.41,2.00458,129.888,99.8634,-570.348,1.73273,-2.77936,0.0302017,-0.04849,0.998367,58.6905,58.6905,1,805.764,511.48,1.95374,191.149,100.328,-566.506,-4.84375,-1.02748,-0.0844251,-0.017932,0.996268,58.6905,58.6905,1,815.162,467.945,1,0
83789277128420,824.56,424.935,2.00307,129.822,99.8777,-570.333,1.68739,-1.89249,0.0294302,-0.0330242,0.999021,58.6981,58.6981,1,805.764,511.48,1.93772,191.079,100.289,-566.676,-5.32009,-1.06568,-0.0927036,-0.0185985,0.99552,58.6981,58.6981,1,815.162,468.208,1,0
83789279631630,824.56,424.935,2.00414,129.74,99.9191,-570.269,1.99273,-2.46479,0.0347405,-0.0430055,0.998471,58.6796,58.6796,1,800.989,512.95,1.95322,190.965,100.348,-566.372,-5.00785,-0.812622,-0.0872835,-0.0141825,0.996083,58.6796,58.6796,1,812.775,468.943,1,0
83789282127900,824.56,424.935,1.97948,129.661,99.9265,-570.189,2.09623,-2.02502,0.036555,-0.035336,0.998707,58.6739,58.6739,1,805.764,511.48,1.92999,190.902,100.339,-566.331,-4.19914,-0.444226,-0.0732209,-0.00775313,0.997286,58.6739,58.6739,1,815.162,468.208,1,0
83789284627640,824.56,424.935,1.98981,129.56,99.925,-570.311,1.68094,-1.48265,0.0293238,-0.0258742,0.999235,58.6931,58.6931,1,805.764,511.48,1.92172,190.825,100.264,-566.598,-4.68872,-0.947276,-0.0817311,-0.0165323,0.996517,58.6931,58.6931,1,815.162,468.208,1,0
83789287130840,824.56,424.935,2.00983,129.459,99.9196,-570.406,1.67804,-2.77679,0.0292487,-0.0484452,0.998397,58.7008,58.7008,1,805.764,511.48,1.91656,190.731,100.212,-566.65,-5.2151,-2.02445,-0.0908383,-0.035326,0.995239,58.7008,58.7008,1,815.162,468.208,1,0
83789289627110,824.56,424.935,2.01763,129.404,99.984,-570.201,1.9104,-1.4895,0.0333254,-0.0259937,0.999106,58.6845,58.6845,1,805.744,511.48,1.9052,190.669,100.235,-566.531,-4.70944,-1.44003,-0.0820767,-0.0251306,0.996309,58.6845,58.6845,1,815.152,468.208,1,0
83789292130320,824.56,424.935,1.96979,129.323,99.995,-570.24,1.70641,-1.25598,0.0297709,-0.0219192,0.999316,58.6858,58.6858,1,805.764,511.48,1.90598,190.57,100.221,-566.519,-4.7101,-1.2478,-0.0820947,-0.0217764,0.996387,58.6858,58.6858,1,815.162,468.208,1,0
83789294630070,824.56,424.935,2.01362,129.24,99.9498,-570.485,1.7589,-2.71169,0.0306594,-0.0473103,0.99841,58.7001,58.7001,1,805.744,505.001,1.89896,190.512,100.203,-566.562,-4.89676,-1.99493,-0.0853089,-0.0348111,0.995746,58.7001,58.7001,1,815.152,464.968,1,0
83789297133280,824.56,424.935,1.99774,129.212,99.9476,-570.389,2.23902,-2.54777,0.0390297,-0.0444523,0.998249,58.6927,58.6927,1,805.764,488.058,1.93019,190.47,100.217,-566.504,-4.30327,-1.28273,-0.0750168,-0.0223859,0.996931,58.6927,58.6927,1,815.162,456.496,1,0
83789299629550,824.56,424.935,2.00126,129.175,99.9602,-570.405,2.39596,-1.90385,0.0417821,-0.0332223,0.998574,58.6976,58.6976,1,805.764,488.058,1.87574,190.434,100.187,-566.588,-4.67226,-1.66721,-0.0814215,-0.0290942,0.996255,58.6976,58.6976,1,815.162,456.496,1,0
83789302136230,824.56,424.935,2.01261,129.179,99.9857,-570.379,3.07725,-1.79284,0.053656,-0.0312859,0.998069,58.6938,58.6938,1,805.764,488.058,1.90024,190.436,100.197,-566.542,-3.52102,-1.34419,-0.0613978,-0.0234583,0.997838,58.6938,58.6938,1,815.162,456.496,1,0
83789304632490,824.56,424.935,2.00492,129.194,100.002,-570.357,4.03463,-2.08547,0.0703127,-0.0363902,0.996861,58.6883,58.6883,1,805.764,505.001,1.89585,190.407,100.201,-566.452,-2.22423,-0.5764,-0.0388084,-0.0100599,0.999196,58.6883,58.6883,1,815.162,464.968,1,0
83789307128760,845.629,424.935,2.00682,129.177,99.9838,-570.416,4.58291,-1.98453,0.0798537,-0.0346296,0.996205,58.6955,58.6955,1,806.428,488.058,1.91526,190.398,100.175,-566.536,-1.77415,-0.863406,-0.0309563,-0.0150687,0.999407,58.6955,58.6955,1,826.028,456.496,1,0
83789309631970,854.179,440.142,1.99609,129.163,100.029,-570.343,5.31437,-1.06133,0.0926044,-0.0185226,0.995531,58.6864,58.6864,1,806.428,504.531,1.91767,190.371,100.168,-566.425,-1.24257,-0.948247,-0.0216822,-0.0165493,0.999628,58.6864,58.6864,1,830.303,472.337,1,0
83789312131710,892.195,440.142,1.99133,129.124,100.01,-570.427,5.46985,-1.33878,0.095296,-0.023364,0.995175,58.7034,58.7034,1,870.491,488.058,1.94095,190.337,100.07,-566.671,-2.12917,-2.2385,-0.0371241,-0.0390593,0.998547,58.7034,58.7034,1,881.343,464.1,1,0
83789314634920,945.734,440.142,1.99539,129.096,100.006,-570.404,5.56065,-1.59668,0.0968618,-0.0278637,0.994908,58.7082,58.7082,1,942.365,488.058,1.92222,190.314,100.037,-566.785,-1.50241,-1.70236,-0.0262075,-0.0297073,0.999215,58.7082,58.7082,1,944.049,464.1,1,0
83789317134660,976.35,424.935,1.98832,129.035,99.9438,-570.598,5.45971,-2.60125,0.0950477,-0.0453849,0.994438,58.7127,58.7127,1,946.943,488.058,1.92242,190.261,100.061,-566.678,-0.653755,-0.723468,-0.011409,-0.0126266,0.999855,58.7127,58.7127,1,961.646,456.496,1,0
83789319637870,1017.26,440.142,1.99032,129.012,99.9132,-570.641,6.17809,-2.8141,0.107489,-0.0490955,0.992993,58.7173,58.7173,1,946.943,488.058,1.93293,190.236,100.039,-566.718,-0.285294,-1.80096,-0.00497683,-0.0314274,0.999494,58.7173,58.7173,1,982.1,464.1,1,0
83789322134130,1024.79,424.935,2.00212,128.982,99.9307,-570.569,6.71483,-2.6905,0.116799,-0.0469408,0.992046,58.7121,58.7121,1,946.943,488.058,1.88471,190.181,99.9879,-566.67,-0.38541,-2.36908,-0.00672087,-0.0413364,0.999123,58.7121,58.7121,1,985.868,456.496,1,0
83789324637350,1024.79,440.142,1.97834,128.942,99.9712,-570.421,6.81693,-1.75084,0.118642,-0.0305532,0.992467,58.7019,58.7019,1,981.534,488.058,1.89021,190.138,100.022,-566.622,0.465804,-0.677748,0.00812916,-0.0118287,0.999897,58.7019,58.7019,1,1003.16,464.1,1,0
83789327137090,1024.79,438.578,1.99269,128.868,99.9556,-570.587,6.90387,-2.09765,0.120123,-0.0366028,0.992084,58.7101,58.7101,1,1028.33,488.058,1.90692,190.049,99.9949,-566.619,0.235938,-1.88231,0.00411567,-0.0328467,0.999452,58.7101,58.7101,1,1026.56,463.318,1,0
83789329633360,1065.09,438.578,1.954,128.785,99.9279,-570.67,6.9654,-2.59768,0.121145,-0.0453225,0.9916,58.7199,58.7199,1,1042.59,488.058,1.92073,189.986,99.9642,-566.728,0.43113,-1.97188,0.00752012,-0.034409,0.99938,58.7199,58.7199,1,1053.84,463.318,1,0
83789332136570,1095.15,438.578,1.97554,128.713,99.9793,-570.531,6.99504,-1.68705,0.121731,-0.0294403,0.992126,58.7069,58.7069,1,1042.59,488.058,1.89878,189.872,99.9656,-566.604,-0.0263628,-1.0855,-0.000460035,-0.0189444,0.99982,58.7069,58.7069,1,1068.87,463.318,1,0
83789334632840,1090.71,438.578,1.98957,128.601,99.9614,-570.653,6.67288,-2.28137,0.116109,-0.039807,0.992438,58.7104,58.7104,1,1059.26,488.058,1.93911,189.783,99.9653,-566.552,-0.0456177,-1.81053,-0.000795782,-0.0315944,0.9995,58.7104,58.7104,1,1074.99,463.318,1,0
83789337139520,1072.39,438.578,1.95378,128.51,100.002,-570.577,6.35762,-1.73763,0.110683,-0.0303228,0.993393,58.7212,58.7212,1,1033.09,488.058,1.9101,189.712,99.8825,-566.847,-0.508365,-2.90341,-0.00886114,-0.0506524,0.998677,58.7212,58.7212,1,1052.74,463.318,1,0
83789339635790,1068.81,438.578,1.96963,128.414,99.9464,-570.707,6.30243,-2.89545,0.109636,-0.0505136,0.992687,58.7184,58.7184,1,1042.59,488.058,1.9302,189.622,99.9234,-566.654,-0.416923,-1.82207,-0.00727294,-0.0317958,0.999468,58.7184,58.7184,1,1055.7,463.318,1,0
83789342139000,1072.39,438.578,1.95887,128.353,100.006,-570.558,6.36911,-1.81662,0.110877,-0.0317006,0.993328,58.7154,58.7154,1,1037.84,488.058,1.93107,189.549,99.8707,-566.741,-0.491864,-2.96821,-0.00857302,-0.0517819,0.998622,58.7154,58.7154,1,1055.12,463.318,1,0
83789344638730,1079.1,438.578,1.96296,128.242,99.8921,-571.024,6.4994,-3.89052,0.112932,-0.0678502,0.991283,58.7442,58.7442,1,1033.16,455.732,1.908,189.487,99.848,-566.85,-0.594263,-3.20619,-0.0103554,-0.0559294,0.998381,58.7442,58.7442,1,1056.13,447.155,1,0
83789347141950,1072.39,438.578,1.98068,128.232,100.015,-570.575,7.0195,-2.39091,0.122101,-0.0417171,0.991641,58.7149,58.7149,1,1033.16,477.183,1.93755,189.41,99.902,-566.724,-0.0592978,-1.41553,-0.00103463,-0.0247032,0.999694,58.7149,58.7149,1,1052.78,457.88,1,0
83789349638210,1079.1,438.578,1.97374,128.131,99.9906,-570.691,6.55368,-2.49159,0.114026,-0.0434727,0.992526,58.7168,58.7168,1,1042.59,477.183,1.94152,189.328,99.8736,-566.634,-0.00474596,-1.96006,-8.27841e-05,-0.0342028,0.999415,58.7168,58.7168,1,1060.85,457.88,1,0
83789352137950,1076.77,438.578,1.94559,128.05,99.9847,-570.748,6.47886,-2.22816,0.112751,-0.0388789,0.992862,58.7271,58.7271,1,1033.16,455.732,1.92788,189.257,99.8655,-566.792,-0.51294,-2.06363,-0.00894656,-0.0360093,0.999311,58.7271,58.7271,1,1054.97,447.155,1,0
83789354641160,1079.1,431.484,1.97618,127.975,99.9519,-570.846,6.69778,-3.68664,0.116391,-0.0642996,0.99112,58.7214,58.7214,1,1033.16,455.732,1.93271,189.185,99.8759,-566.567,-0.0484269,-2.03644,-0.000844676,-0.0355352,0.999368,58.7214,58.7214,1,1056.13,443.608,1,0
83789357137430,1072.39,431.484,1.95075,127.904,100.007,-570.73,6.17493,-2.41951,0.107469,-0.0422159,0.993312,58.7294,58.7294,1,1042.59,455.732,1.92677,189.12,99.787,-566.844,-0.185378,-2.2651,-0.00323293,-0.0395232,0.999213,58.7294,58.7294,1,1057.49,443.608,1,0
83789359640640,1076.77,438.578,1.95799,127.851,100.049,-570.591,6.41752,-1.51795,0.111733,-0.02649,0.993385,58.7243,58.7243,1,1042.59,446.889,1.95275,189.039,99.7817,-566.884,-0.496396,-2.67502,-0.00865419,-0.046671,0.998873,58.7243,58.7243,1,1059.68,442.734,1,0
83789362140380,1076.77,431.484,1.94639,127.772,100.012,-570.708,6.53438,-2.47239,0.113693,-0.043138,0.992579,58.7277,58.7277,1,1033.16,442.702,1.91234,188.979,99.7882,-566.832,-0.934818,-2.84844,-0.0162948,-0.0496941,0.998632,58.7277,58.7277,1,1054.97,437.093,1,0
83789364643590,1079.1,431.484,1.9388,127.704,99.9583,-570.901,6.75497,-3.52736,0.117401,-0.0615251,0.991177,58.7398,58.7398,1,1033.16,455.732,1.92969,188.9,99.766,-566.875,-0.547594,-1.6322,-0.0095533,-0.0284833,0.999549,58.7398,58.7398,1,1056.13,443.608,1,0
83789367139860,1072.39,431.484,1.95916,127.637,100.019,-570.713,6.26726,-1.6936,0.109119,-0.0295545,0.993589,58.7304,58.7304,1,1042.59,446.889,1.92991,188.848,99.7254,-566.869,0.0527724,-2.23971,0.000920349,-0.0390804,0.999236,58.7304,58.7304,1,1057.49,439.187,1,0
83789369639600,1076.77,438.578,1.94586,127.569,100.008,-570.723,6.41107,-1.73959,0.111609,-0.030357,0.993288,58.7318,58.7318,1,1033.16,442.702,1.88656,188.775,99.7382,-566.89,-0.620093,-2.35609,-0.0108133,-0.04111,0.999096,58.7318,58.7318,1,1054.97,440.64,1,0
83789372142810,1076.77,431.484,1.97299,127.505,99.9647,-570.803,6.73155,-3.1334,0.117042,-0.0546608,0.991622,58.738,58.738,1,1033.16,442.702,1.89538,188.712,99.6716,-566.912,-0.550144,-2.40163,-0.00959324,-0.041904,0.999076,58.738,58.738,1,1054.97,437.093,1,0
83789374639080,1076.77,431.484,1.95744,127.432,99.9571,-570.87,6.39364,-2.97605,0.111208,-0.0519185,0.99244,58.7402,58.7402,1,1033.16,455.732,1.88049,188.641,99.6876,-566.894,-0.166476,-1.02618,-0.00290509,-0.0179092,0.999835,58.7402,58.7402,1,1054.97,443.608,1,0
83789377145760,1072.39,431.484,1.96879,127.374,100.019,-570.703,6.19959,-1.37489,0.107961,-0.0239941,0.993866,58.7303,58.7303,1,1042.59,442.702,1.89338,188.581,99.677,-566.864,-0.117535,-2.25265,-0.00204979,-0.039306,0.999225,58.7303,58.7303,1,1057.49,437.093,1,0
83789379642020,1072.39,438.578,1.97753,127.296,99.9763,-570.823,6.43446,-1.53104,0.112027,-0.0267185,0.993346,58.7338,58.7338,1,1033.16,442.702,1.88834,188.505,99.6802,-566.808,-0.264175,-1.83574,-0.00460834,-0.0320342,0.999476,58.7338,58.7338,1,1052.78,440.64,1,0
83789382145240,1076.77,431.484,1.97355,127.248,99.9506,-570.83,6.73907,-2.75421,0.117212,-0.0480515,0.991944,58.7368,58.7368,1,1039.97,452.746,1.8956,188.442,99.6364,-566.847,-0.101391,-1.4215,-0.00176905,-0.0248074,0.999691,58.7368,58.7368,1,1058.37,442.115,1,0
83789384641500,1072.39,431.484,1.97033,127.173,99.9421,-570.88,6.33387,-2.73785,0.110196,-0.0477663,0.992761,58.74,58.74,1,1036.65,455.732,1.91131,188.377,99.6022,-566.851,-0.313086,-1.73554,-0.00546185,-0.0302862,0.999526,58.74,58.74,1,1054.52,443.608,1,0
83789387148190,1072.39,431.484,1.97516,127.106,99.9422,-570.89,6.33792,-2.50354,0.110287,-0.0436811,0.99294,58.7451,58.7451,1,1036.65,442.702,1.89311,188.325,99.5762,-566.944,-0.467166,-2.51122,-0.00814567,-0.043815,0.999006,58.7451,58.7451,1,1054.52,437.093,1,0
83789389644450,1072.39,438.578,1.97478,127.054,99.9272,-570.843,6.66556,-1.89519,0.11601,-0.0330714,0.992697,58.7512,58.7512,1,1033.16,442.702,1.92363,188.262,99.5079,-567.099,-0.892444,-3.33141,-0.0155491,-0.0581114,0.998189,58.7512,58.7512,1,1052.78,440.64,1,0
83789392144200,1076.77,431.484,1.97459,126.995,99.9274,-570.849,6.69314,-2.94856,0.116398,-0.0514394,0.99187,58.752,58.752,1,1039.97,442.702,1.90751,188.203,99.4681,-567.099,-0.144066,-2.26121,-0.00251247,-0.0394553,0.999218,58.752,58.752,1,1058.37,437.093,1,0
83789394647410,1072.39,431.484,1.97242,126.943,99.9359,-570.752,6.42947,-2.56954,0.111867,-0.0448319,0.992711,58.7421,58.7421,1,1036.65,455.732,1.93019,188.132,99.4708,-566.988,-0.175472,-1.65454,-0.00306129,-0.0288732,0.999578,58.7421,58.7421,1,1054.52,443.608,1,0
83789397143680,1072.39,431.484,1.93451,126.88,99.9461,-570.824,6.58638,-1.9576,0.114634,-0.0341599,0.99282,58.7459,58.7459,1,1036.65,442.702,1.90544,188.079,99.4959,-567.005,-0.486535,-1.88316,-0.00848695,-0.0328615,0.999424,58.7459,58.7459,1,1054.52,437.093,1,0
83789399646880,1076.34,431.484,1.94964,126.796,99.8822,-570.937,6.62705,-2.44076,0.115301,-0.0425865,0.992417,58.7478,58.7478,1,1033.91,442.702,1.86779,188.021,99.448,-566.904,-0.324125,-2.03419,-0.00565345,-0.0354958,0.999354,58.7478,58.7478,1,1055.12,437.093,1,0
83789402146620,1076.77,431.484,1.96969,126.772,99.9628,-570.658,6.6721,-1.81355,0.116129,-0.0316471,0.99273,58.7395,58.7395,1,1036.65,442.702,1.90631,187.955,99.4128,-567.017,-0.318838,-1.04945,-0.00556381,-0.0183153,0.999817,58.7395,58.7395,1,1056.71,437.093,1,0
83789404649840,1072.39,431.484,1.94483,126.695,99.8887,-570.839,6.42294,-3.3603,0.111674,-0.0586146,0.992015,58.7495,58.7495,1,1033.97,455.732,1.88523,187.907,99.3877,-567.025,-0.498328,-1.18853,-0.00869548,-0.0207423,0.999747,58.7495,58.7495,1,1053.18,443.608,1,0
83789407146100,1074.34,431.484,1.94234,126.645,99.9012,-570.824,6.57438,-2.53341,0.114381,-0.0442019,0.992453,58.7494,58.7494,1,1036.65,449.138,1.92149,187.86,99.3542,-567.03,-0.188459,-1.83875,-0.00328752,-0.0320868,0.99948,58.7494,58.7494,1,1055.49,440.311,1,0
83789409649310,1074.36,431.484,1.97384,126.574,99.8838,-570.871,6.58087,-2.20182,0.114521,-0.0384196,0.992678,58.7439,58.7439,1,1036.65,442.702,1.88212,187.814,99.3496,-566.861,0.162849,-2.14445,0.00284025,-0.0374189,0.999296,58.7439,58.7439,1,1055.5,437.093,1,0
83789412149050,1076.77,431.484,1.95898,126.548,99.9125,-570.739,6.88229,-2.05107,0.119753,-0.0357902,0.992158,58.7482,58.7482,1,1036.65,444.227,1.92632,187.747,99.2904,-567.076,-0.187467,-1.9498,-0.00327002,-0.0340238,0.999416,58.7482,58.7482,1,1056.71,437.855,1,0
83789414645320,1073.13,431.484,1.97573,126.482,99.8968,-570.782,6.56931,-2.19471,0.114321,-0.0382955,0.992705,58.7543,58.7543,1,1036.65,455.732,1.9404,187.698,99.2307,-567.143,-0.0737391,-1.69782,-0.00128643,-0.0296283,0.99956,58.7543,58.7543,1,1054.89,443.608,1,0
83789417148530,1074.34,431.484,1.96832,126.412,99.8757,-570.854,6.46524,-1.64536,0.112554,-0.0287129,0.993231,58.7525,58.7525,1,1036.65,444.227,1.89399,187.637,99.2121,-567.022,-0.304373,-2.1517,-0.00530854,-0.0375454,0.999281,58.7525,58.7525,1,1055.49,437.855,1,0
83789419648260,1073.13,432.361,1.96986,126.356,99.8842,-570.756,6.37101,-1.45797,0.11093,-0.0254437,0.993502,58.7514,58.7514,1,1036.65,442.702,1.92274,187.58,99.1971,-567.095,-0.820706,-2.51261,-0.0143098,-0.0438393,0.998936,58.7514,58.7514,1,1054.89,437.532,1,0
83789422151480,1076.77,431.484,1.96935,126.308,99.8527,-570.809,6.69265,-2.42658,0.116439,-0.0423391,0.992295,58.7488,58.7488,1,1036.65,444.227,1.88158,187.529,99.1566,-566.967,-0.556012,-2.67866,-0.00969348,-0.0467345,0.99886,58.7488,58.7488,1,1056.71,437.855,1,0
83789424647740,1074.34,431.484,1.96016,126.262,99.863,-570.774,6.6372,-2.36461,0.115484,-0.0412585,0.992452,58.7479,58.7479,1,1036.65,455.732,1.90274,187.483,99.1519,-566.984,-0.102227,-1.09791,-0.00178387,-0.0191609,0.999815,58.7479,58.7479,1,1055.49,443.608,1,0
83789427150960,1074.34,431.484,1.94665,126.22,99.8709,-570.738,6.50242,-1.55917,0.113203,-0.0272093,0.993199,58.7424,58.7424,1,1036.65,444.227,1.88249,187.435,99.1352,-566.901,0.0225829,-0.85397,0.000394103,-0.014904,0.999889,58.7424,58.7424,1,1055.49,437.855,1,0
83789429650700,1073.13,432.361,1.93665,126.16,99.8242,-570.748,6.29605,-1.72883,0.109616,-0.0301692,0.993516,58.7504,58.7504,1,1036.65,442.702,1.88661,187.394,99.0571,-567.027,-0.42392,-2.3813,-0.00739235,-0.0415495,0.999109,58.7504,58.7504,1,1054.89,437.532,1,0
83789432153900,1076.77,431.484,1.96588,126.106,99.7907,-570.784,6.72029,-2.70354,0.116892,-0.0471682,0.992024,58.753,58.753,1,1036.65,444.227,1.92461,187.337,99.0537,-567.037,-0.967443,-2.55346,-0.0168675,-0.0445516,0.998865,58.753,58.753,1,1056.71,437.855,1,0
83789434650170,1074.34,431.484,1.95347,126.06,99.7748,-570.802,6.8735,-3.3635,0.119471,-0.0586705,0.991103,58.7455,58.7455,1,1036.65,453.93,1.89724,187.29,99.0057,-566.843,0.16261,-1.74529,0.00283676,-0.0304563,0.999532,58.7455,58.7455,1,1055.49,442.707,1,0
83789437149910,1076.77,431.484,1.94054,126.015,99.7798,-570.763,6.70805,-2.7072,0.11668,-0.0472319,0.992046,58.7526,58.7526,1,1036.65,444.227,1.91926,187.236,98.9582,-567.022,-0.268312,-1.22139,-0.00468184,-0.0213156,0.999762,58.7526,58.7526,1,1056.71,437.855,1,0
83789439653130,1073.13,431.484,1.9559,125.946,99.7185,-570.95,6.32233,-2.71737,0.109998,-0.0474093,0.992801,58.7614,58.7614,1,1036.65,453.93,1.92544,187.207,98.9254,-566.997,-0.0644312,-1.33829,-0.00112423,-0.0233555,0.999727,58.7614,58.7614,1,1054.89,442.707,1,0
83789442149390,1074.34,431.484,1.95788,125.923,99.7907,-570.596,6.54934,-1.7245,0.114007,-0.0300937,0.993024,58.7323,58.7323,1,1036.65,453.93,1.89459,187.146,98.9486,-566.758,0.115238,-1.12223,0.00201089,-0.0195854,0.999806,58.7323,58.7323,1,1055.49,442.707,1,0
83789444652610,1073.13,431.484,1.94079,125.846,99.6975,-570.805,6.5153,-2.0996,0.113392,-0.0366367,0.992875,58.7439,58.7439,1,1036.65,453.93,1.90622,187.107,98.9054,-566.758,-0.104421,-2.04749,-0.00182133,-0.0357278,0.99936,58.7439,58.7439,1,1054.89,442.707,1,0
83789447152340,1076.77,431.484,1.96864,125.819,99.6977,-570.684,6.77472,-2.10685,0.117886,-0.0367632,0.992346,58.7426,58.7426,1,1036.65,444.227,1.92165,187.069,98.8493,-566.837,-0.106507,-1.99019,-0.00185778,-0.0347285,0.999395,58.7426,58.7426,1,1056.71,437.855,1,0
83789449655550,1073.13,431.484,1.92977,125.777,99.7531,-570.537,6.5283,-1.65636,0.113646,-0.0289049,0.993101,58.7403,58.7403,1,1040.63,453.93,1.91567,187.014,98.7564,-566.925,0.124659,-1.63931,0.00217481,-0.0286074,0.999588,58.7403,58.7403,1,1056.88,442.707,1,0
83789452155290,1073.13,431.484,1.96926,125.721,99.6468,-570.678,6.36923,-3.15988,0.110767,-0.0551223,0.992317,58.7476,58.7476,1,1040.63,453.93,1.9365,186.982,98.7495,-566.909,0.126549,-0.838746,0.00220846,-0.0146383,0.99989,58.7476,58.7476,1,1056.88,442.707,1,0
83789454658500,1073.13,431.484,1.94352,125.687,99.7214,-570.459,6.42267,-1.27025,0.111835,-0.0221682,0.99348,58.7288,58.7288,1,1040.63,453.93,1.87029,186.922,98.7306,-566.742,0.00529857,-1.08492,9.24608e-05,-0.0189343,0.999821,58.7288,58.7288,1,1056.88,442.707,1,0
83789457154770,1073.13,431.484,1.93177,125.63,99.6404,-570.536,6.50128,-2.66629,0.113103,-0.0465187,0.992494,58.7276,58.7276,1,1040.63,453.93,1.88603,186.885,98.7243,-566.618,0.137955,-1.4552,0.00240698,-0.0253953,0.999675,58.7276,58.7276,1,1056.88,442.707,1,0
83789459651030,1073.13,431.484,1.95381,125.59,99.6342,-570.555,6.71858,-3.03658,0.116829,-0.0529736,0.991738,58.7276,58.7276,1,1046.13,453.93,1.90532,186.853,98.6564,-566.577,0.113677,-2.05661,0.00198276,-0.035887,0.999354,58.7276,58.7276,1,1059.63,442.707,1,0
83789462157720,1073.13,431.484,1.96099,125.543,99.6042,-570.529,6.45541,-3.06985,0.112269,-0.0535534,0.992234,58.7416,58.7416,1,1040.63,453.93,1.9037,186.785,98.5311,-566.86,-0.407262,-1.85063,-0.0071043,-0.032294,0.999453,58.7416,58.7416,1,1056.88,442.707,1,0
83789464653990,1073.13,431.484,1.93346,125.509,99.5872,-570.43,6.29335,-2.10752,0.109545,-0.0367749,0.993301,58.7386,58.7386,1,1040.63,453.93,1.91349,186.764,98.4786,-566.876,-0.162322,-1.69296,-0.00283181,-0.0295434,0.99956,58.7386,58.7386,1,1056.88,442.707,1,0
83789467157190,1073.13,431.484,1.93564,125.461,99.5552,-570.41,6.39738,-2.88667,0.111282,-0.0503606,0.992512,58.7238,58.7238,1,1040.63,453.93,1.88709,186.702,98.5062,-566.581,-0.292564,-1.15516,-0.00510515,-0.0201601,0.999784,58.7238,58.7238,1,1056.88,442.707,1,0
83789469656940,1073.13,431.484,1.92946,125.427,99.5798,-570.329,6.46061,-1.79487,0.112465,-0.0313212,0.993162,58.7167,58.7167,1,1045.04,453.93,1.90774,186.672,98.4797,-566.511,0.0119553,-1.48033,0.000208589,-0.0258338,0.999666,58.7167,58.7167,1,1059.08,442.707,1,0
83789472160150,1073.13,431.484,2.0081,125.389,99.4825,-570.391,6.84215,-3.0917,0.118961,-0.0539342,0.991433,58.7287,58.7287,1,1040.63,453.93,1.91411,186.637,98.3914,-566.653,-0.590566,-2.44078,-0.0102978,-0.0425868,0.99904,58.7287,58.7287,1,1056.88,442.707,1,0
83789474656420,1073.13,431.484,1.97726,125.36,99.5264,-570.21,6.81132,-2.08159,0.118522,-0.0363226,0.992287,58.7188,58.7188,1,1040.63,453.93,1.8959,186.602,98.3228,-566.617,-0.302633,-1.97729,-0.00527878,-0.0345034,0.999391,58.7188,58.7188,1,1056.88,442.707,1,0
83789477156150,1073.13,431.484,1.95945,125.298,99.4584,-570.325,6.40678,-2.48653,0.111481,-0.0433845,0.992819,58.7242,58.7242,1,1040.63,453.93,1.88923,186.568,98.2906,-566.591,-0.202158,-1.62941,-0.00352689,-0.0284348,0.999589,58.7242,58.7242,1,1056.88,442.707,1,0
83789479659370,1073.13,431.484,1.96139,125.263,99.4382,-570.258,6.2072,-1.81664,0.10807,-0.031701,0.993638,58.7122,58.7122,1,1045.04,453.93,1.92375,186.527,98.2592,-566.388,0.242947,-1.43901,0.00423887,-0.0251128,0.999676,58.7122,58.7122,1,1059.08,442.707,1,0
83789482155630,1073.13,431.484,1.94388,125.225,99.4238,-570.203,6.32391,-2.36364,0.110055,-0.0412416,0.993069,58.7117,58.7117,1,1040.63,453.93,1.95549,186.479,98.1864,-566.409,0.143523,-1.01873,0.00250455,-0.0177793,0.999839,58.7117,58.7117,1,1056.88,442.707,1,0
83789484658850,1073.13,431.484,1.94822,125.216,99.4195,-570.048,6.80352,-1.6973,0.118413,-0.0296192,0.992523,58.704,58.704,1,1040.63,453.93,1.95006,186.449,98.1516,-566.39,-0.0872593,-1.1455,-0.00152266,-0.0199915,0.999799,58.704,58.704,1,1056.88,442.707,1,0
83789487158580,1073.13,431.484,1.91807,125.142,99.2802,-570.301,6.58091,-3.58582,0.114382,-0.0625436,0.991466,58.7115,58.7115,1,1040.63,456.489,1.9176,186.424,98.1287,-566.252,-0.112906,-1.37853,-0.00197001,-0.0240576,0.999709,58.7115,58.7115,1,1056.88,443.986,1,0
83789489661790,1073.13,431.484,1.99394,125.138,99.3947,-569.868,6.53513,-1.37185,0.11378,-0.023941,0.993217,58.6876,58.6876,1,1040.63,453.93,1.89353,186.375,98.058,-566.189,-0.55946,-2.04505,-0.00975804,-0.0356853,0.999315,58.6876,58.6876,1,1056.88,442.707,1,0
83789492158060,1073.13,431.484,1.98699,125.087,99.3286,-570.018,6.19574,-2.12151,0.107851,-0.0370188,0.993478,58.6984,58.6984,1,1040.63,453.93,1.92111,186.351,97.9728,-566.228,-0.808935,-2.39988,-0.0141057,-0.0418736,0.999023,58.6984,58.6984,1,1056.88,442.707,1,0
83789494661270,1073.13,431.484,1.98598,125.081,99.2959,-569.939,6.37305,-2.14705,0.110924,-0.0374642,0.993123,58.6908,58.6908,1,1039.47,453.93,1.89193,186.338,97.9207,-566.123,-0.0554588,-1.64085,-0.000967541,-0.0286343,0.99959,58.6908,58.6908,1,1056.3,442.707,1,0
83789497161010,1065.95,431.484,1.98386,125.069,99.2805,-569.83,6.31697,-2.06343,0.109957,-0.0360058,0.993284,58.6818,58.6818,1,1040.63,456.489,1.89902,186.329,97.9113,-566.034,-0.0139551,-1.45718,-0.000243483,-0.0254298,0.999677,58.6818,58.6818,1,1053.29,443.986,1,0
83789499657280,1071.61,432.398,1.96496,125.097,99.3228,-569.626,6.69216,-1.28352,0.116506,-0.0223998,0.992937,58.6668,58.6668,1,1040.63,453.93,1.8897,186.345,97.8914,-565.926,0.0437629,-1.76858,0.000763443,-0.0308626,0.999523,58.6668,58.6668,1,1056.12,443.164,1,0
83789502163960,1073.13,432.398,1.99731,125.116,99.3228,-569.603,6.89916,-1.2094,0.120096,-0.0211065,0.992538,58.6697,58.6697,1,1040.63,453.93,1.92892,186.375,97.8675,-566.003,0.0405766,-1.84548,0.000707828,-0.0322042,0.999481,58.6697,58.6697,1,1056.88,443.164,1,0
83789504660230,1073.13,432.398,2.00409,125.163,99.2997,-569.693,7.57873,-1.39299,0.13185,-0.0243099,0.990972,58.6717,58.6717,1,1040.63,453.93,1.94787,186.426,97.8358,-565.941,1.09755,-1.78181,0.0191455,-0.0310935,0.999333,58.6717,58.6717,1,1056.88,443.164,1,0
83789507163440,1073.13,437.023,2.02777,125.202,99.2858,-569.884,8.40697,-1.50902,0.146153,-0.0263344,0.988912,58.6746,58.6746,1,1041.7,456.489,1.94109,186.475,97.882,-565.821,2.02713,-0.65024,0.0353704,-0.0113486,0.99931,58.6746,58.6746,1,1057.41,446.756,1,0
83789509659710,1073.13,467.776,1.95079,125.291,99.4081,-569.551,9.02061,-0.127723,0.156789,-0.00222918,0.98763,58.6529,58.6529,1,1044.8,453.93,1.9644,186.52,97.9116,-565.734,2.87955,0.377056,0.0502354,0.00658082,0.998716,58.6529,58.6529,1,1058.97,460.853,1,0
83789512166390,1083.37,467.776,1.97865,125.344,99.5195,-569.308,9.03293,0.757484,0.156988,0.0132202,0.987512,58.6346,58.6346,1,1044.8,456.489,1.91653,186.556,97.9063,-565.616,3.57883,-0.0191203,0.0624217,-0.000333713,0.99805,58.6346,58.6346,1,1064.08,462.132,1,0
83789514662660,1122.03,467.776,1.99565,125.364,99.5018,-569.459,9.41862,-0.421468,0.163642,-0.00735594,0.986492,58.6448,58.6448,1,1103.47,456.489,1.91924,186.583,97.921,-565.681,3.41667,-0.00390599,0.0595969,-6.81723e-05,0.998223,58.6448,58.6448,1,1112.75,462.132,1,0
83789517165870,1169.3,467.776,1.99677,125.443,99.6259,-569.176,9.89787,0.966962,0.171868,0.0168759,0.984975,58.6187,58.6187,1,1155.13,508.397,1.9025,186.614,98.0067,-565.465,4.00437,1.115,0.0698193,0.0194591,0.99737,58.6187,58.6187,1,1162.21,488.087,1,0
83789519662140,1204.45,530.104,1.99114,125.473,99.7289,-569.125,10.0665,2.22116,0.174659,0.0387568,0.983866,58.607,58.607,1,1202.6,543.328,1.94607,186.658,98.047,-565.307,4.55806,1.67069,0.0794355,0.029155,0.996414,58.607,58.607,1,1203.53,536.716,1,0
83789522161870,1205.25,530.104,1.9903,125.538,99.7509,-569.134,10.9118,2.08835,0.189171,0.0364405,0.981268,58.5992,58.5992,1,1232.51,543.328,1.91735,186.688,98.1401,-565.161,4.77693,2.46277,0.0831997,0.0429702,0.995606,58.5992,58.5992,1,1218.88,536.716,1,0
83789524665080,1227.39,530.104,1.942,125.608,99.8486,-568.994,11.5129,2.6984,0.199367,0.0470786,0.978793,58.5871,58.5871,1,1232.51,544.352,1.86696,186.732,98.2045,-565.087,5.19976,2.87031,0.0905147,0.0500753,0.994635,58.5871,58.5871,1,1229.95,537.228,1,0
83789527164830,1255.01,608.95,1.98502,125.678,99.9601,-568.762,11.8161,3.65951,0.204353,0.0638272,0.976814,58.5798,58.5798,1,1265.27,606.664,1.85633,186.771,98.2155,-565.197,5.35421,2.84889,0.0931974,0.0497019,0.994406,58.5798,58.5798,1,1260.14,607.807,1,0
83789529668030,1264.77,673.275,1.94123,125.732,100.049,-568.763,12.1965,4.32489,0.210664,0.075412,0.974645,58.5672,58.5672,1,1296.29,637.618,1.84523,186.815,98.3265,-564.982,5.90985,3.56593,0.102764,0.0621971,0.992759,58.5672,58.5672,1,1280.53,655.446,1,0
83789532164300,1313.68,673.275,1.96659,125.789,100.117,-568.718,12.3138,4.43161,0.212628,0.0772691,0.974073,58.5613,58.5613,1,1308.53,682.036,1.83207,186.868,98.3813,-564.933,6.23898,4.37582,0.108359,0.0762983,0.99118,58.5613,58.5613,1,1311.11,677.655,1,0
83789534667510,1348.6,708.648,1.94922,125.867,100.26,-568.532,12.5857,5.74042,0.216807,0.100022,0.971077,58.5556,58.5556,1,1332.16,704.129,1.85983,186.894,98.4223,-565.049,5.95007,4.04958,0.103403,0.0706197,0.992129,58.5556,58.5556,1,1340.38,706.389,1,0
83789537167260,1366.33,763.97,1.92485,125.951,100.41,-568.29,12.6933,7.21987,0.21799,0.125677,0.967825,58.5337,58.5337,1,1340.84,704.129,1.8532,186.931,98.5418,-564.896,6.03621,4.83907,0.104782,0.0843573,0.990911,58.5337,58.5337,1,1353.58,734.05,1,0
83789539670470,1388.64,802.751,1.90095,125.994,100.485,-568.438,13.2083,7.66094,0.226452,0.133311,0.964856,58.5379,58.5379,1,1371.95,744.679,1.8321,186.96,98.6225,-564.88,5.94981,5.69044,0.103146,0.0991536,0.989712,58.5379,58.5379,1,1380.29,773.715,1,0
83789542166730,1395.71,809.318,1.90875,126.062,100.58,-568.334,13.745,7.63072,0.235498,0.132788,0.962761,58.516,58.516,1,1374.67,772.175,1.80153,187.021,98.8044,-564.592,6.6752,6.82719,0.115417,0.118875,0.986178,58.516,58.516,1,1385.19,790.746,1,0
83789544666470,1411.77,885.24,1.88998,126.129,100.697,-568.248,14.3085,8.058,0.244702,0.140175,0.959412,58.5023,58.5023,1,1374.67,772.175,1.77408,187.078,98.9428,-564.455,7.14852,7.3736,0.123413,0.128339,0.984022,58.5023,58.5023,1,1393.22,828.708,1,0
83789547169680,1418.31,971.183,1.8518,126.231,100.888,-568.032,14.5574,9.63426,0.247804,0.167358,0.954245,58.4879,58.4879,1,1375.04,816.817,1.80602,187.109,99.0288,-564.438,7.21438,7.40803,0.124534,0.128935,0.983802,58.4879,58.4879,1,1396.68,894,1,0
83789549665950,1448.76,997.84,1.89771,126.294,101.038,-567.954,14.598,10.3859,0.247906,0.180277,0.951863,58.4899,58.4899,1,1375.04,864.767,1.80439,187.165,99.1418,-564.63,7.3946,8.49717,0.127289,0.147761,0.980798,58.4899,58.4899,1,1411.9,931.304,1,0
83789552169160,1480.42,997.84,1.81042,126.394,101.169,-567.824,14.4212,10.8061,0.244632,0.187486,0.951317,58.4696,58.4696,1,1415.81,929.836,1.78317,187.186,99.3051,-564.409,6.90396,9.10855,0.11869,0.158305,0.980231,58.4696,58.4696,1,1448.11,963.838,1,0
83789554668900,1513.79,1024.43,1.80699,126.448,101.281,-567.962,15.6288,11.6938,0.263812,0.202681,0.94304,58.4628,58.4628,1,1429.23,961.701,1.76379,187.268,99.5112,-564.21,7.2421,10.1323,0.124096,0.175922,0.976551,58.4628,58.4628,1,1471.51,993.066,1,0
83789557172110,1521.48,1080,1.77427,126.572,101.469,-567.802,16.2128,12.7947,0.272272,0.221459,0.936389,58.4435,58.4435,1,1429.23,964.175,1.69875,187.36,99.6656,-564.051,8.02346,10.8075,0.137103,0.18751,0.972647,58.4435,58.4435,1,1475.35,1041.21,1,0
83789559668380,1521.48,1080,1.81467,126.663,101.675,-567.507,15.4552,13.7208,0.25888,0.237191,0.936334,58.4263,58.4263,1,1429.23,1026.88,1.69384,187.391,99.8482,-564.086,7.82005,11.889,0.133144,0.206016,0.969448,58.4263,58.4263,1,1475.35,1095.18,1,0
83789562175060,1521.48,1080,1.74762,126.772,101.822,-567.383,15.7944,14.1991,0.263871,0.245293,0.932847,58.4054,58.4054,1,1429.23,1061.77,1.6297,187.46,100.08,-563.866,7.98016,13.0316,0.135255,0.225489,0.964811,58.4054,58.4054,1,1475.35,1125.12,1,0
83789564671320,1579.01,1080,1.76324,126.87,102.032,-567.15,15.3624,14.8409,0.256086,0.256136,0.932102,58.3861,58.3861,1,1448.66,1080,1.63766,187.604,100.251,-563.791,9.18947,13.5271,0.15527,0.233905,0.959781,58.3861,58.3861,1,1513.84,1183.72,1,0
83789567167590,1579.01,1080,1.73706,126.958,102.029,-567.713,18.4774,15.5811,0.305285,0.268602,0.913594,58.4354,58.4354,1,1481.62,1080,1.67159,187.665,100.251,-564.275,8.87752,13.8727,0.149821,0.239766,0.959201,58.4354,58.4354,1,1530.32,1238.65,1,0
83789569670800,1579.01,1080,1.75057,127.057,102.221,-567.538,18.3398,16.8861,0.301085,0.29047,0.908281,58.4075,58.4075,1,1481.62,1080,1.66774,187.74,100.508,-563.977,9.24418,14.9863,0.155179,0.258589,0.953442,58.4075,58.4075,1,1530.32,1297.35,1,0
83789572170550,1579.01,1080,1.8005,127.125,102.304,-567.647,18.6362,17.495,0.304776,0.300623,0.903735,58.4106,58.4106,1,1490.72,1080,1.64418,187.8,100.678,-564.002,9.20391,15.9783,0.153769,0.275273,0.948989,58.4106,58.4106,1,1534.86,1346.89,1,0
83789574673760,1579.01,1080,1.73956,127.205,102.473,-567.59,18.5779,18.3341,0.302421,0.314557,0.899775,58.3961,58.3961,1,1542.55,1080,1.60408,187.912,100.93,-563.863,9.77285,17.3459,0.162023,0.298139,0.940671,58.3961,58.3961,1,1560.78,1382.27,1,0
83789577173490,1760.42,1080,1.78569,127.313,102.623,-567.368,18.7977,18.9537,0.304757,0.324803,0.895336,58.3904,58.3904,1,1542.55,1080,1.6174,188.089,100.984,-564.018,11.5775,17.1001,0.191821,0.294041,0.936346,58.3904,58.3904,1,1651.48,1423.36,1,0
83789579676710,1760.42,1080,1.79163,127.39,102.782,-567.265,18.4959,19.0821,0.299806,0.326923,0.896235,58.3686,58.3686,1,1561.47,1080,1.60349,188.095,101.199,-563.759,10.5448,17.8393,0.174206,0.306348,0.935844,58.3686,58.3686,1,1660.94,1498.68,1,0
83789582172970,1722.06,1080,1.75753,127.471,102.923,-567.162,17.6853,19.543,0.286288,0.334514,0.897853,58.343,58.343,1,1561.47,1080,1.59504,188.209,101.5,-563.435,11.185,18.8761,0.183545,0.323524,0.928248,58.343,58.343,1,1641.77,1549.59,1,0
83789584669240,1760.42,1080,1.76947,127.564,103.05,-567.095,18.6156,20.4829,0.299035,0.349928,0.887766,58.3707,58.3707,1,1594.53,1080,1.6342,188.327,101.413,-564.102,11.6895,19.2632,0.191265,0.329908,0.924434,58.3707,58.3707,1,1677.47,1615.56,1,0
83789587175920,1760.42,1080,1.73201,127.644,103.151,-567.1,19.3765,20.7396,0.310275,0.354122,0.882228,58.3588,58.3588,1,1639.06,1080,1.6149,188.378,101.665,-563.94,11.7766,20.8564,0.190723,0.356027,0.914806,58.3588,58.3588,1,1699.74,1636.66,1,0
83789589672190,1760.42,1080,1.78111,127.714,103.242,-567.08,18.0524,20.5011,0.29026,0.350225,0.890557,58.3618,58.3618,1,1639.06,1080,1.68975,188.481,101.708,-564.06,12.6228,20.4909,0.204705,0.350058,0.914087,58.3618,58.3618,1,1699.74,1661.54,1,0
83789592175400,1760.42,1080,1.76744,127.808,103.347,-567.089,19.0382,21.7186,0.303042,0.370049,0.878197,58.356,58.356,1,1676.19,1080,1.64917,188.527,101.885,-564.002,11.3368,21.2748,0.183179,0.362841,0.913669,58.356,58.356,1,1718.3,1708.14,1,0
83789594671670,1760.42,1080,1.80351,127.891,103.459,-566.976,19.0149,21.8353,0.302438,0.371939,0.877606,58.3432,58.3432,1,1686.69,1080,1.65894,188.613,102.06,-563.919,11.8027,21.9327,0.189738,0.373517,0.908011,58.3432,58.3432,1,1723.55,1755.27,1,0
83789597178350,1760.42,1080,1.76294,127.963,103.551,-566.973,18.8881,22.0676,0.300006,0.375701,0.876838,58.3447,58.3447,1,1686.69,1080,1.73929,188.697,102.122,-563.997,11.9892,21.9792,0.192629,0.37427,0.907092,58.3447,58.3447,1,1723.55,1797.17,1,0
83789599674610,1760.42,1080,1.79951,128.079,103.715,-566.769,18.1803,22.3336,0.288604,0.379998,0.878811,58.3168,58.3168,1,1685.97,1080,1.67615,188.776,102.35,-563.712,11.3009,22.0081,0.181681,0.374737,0.909156,58.3168,58.3168,1,1723.19,1797.17,1,0
83789602177830,1763.62,1080,1.78029,128.184,103.809,-566.562,18.3075,22.3122,0.290599,0.379654,0.878302,58.2922,58.2922,1,1686.69,1080,1.79817,188.852,102.533,-563.469,11.3825,22.1899,0.182741,0.377678,0.907725,58.2922,58.2922,1,1725.16,1866.03,1,0
83789604677570,1764.47,1080,1.76974,128.267,103.849,-566.727,19.1087,23.321,0.300617,0.395883,0.867702,58.294,58.294,1,1686.69,1080,1.66527,188.94,102.649,-563.383,11.5278,22.0815,0.185184,0.375925,0.907958,58.294,58.294,1,1725.58,1893.27,1,0
83789607173840,1766.08,1080,1.75515,128.354,103.84,-566.877,19.8035,22.6514,0.312662,0.385124,0.868287,58.2988,58.2988,1,1686.69,1080,1.76749,189.063,102.749,-563.361,11.5171,21.8135,0.185364,0.371587,0.909705,58.2988,58.2988,1,1726.38,1898.41,1,0
83789609677050,1767.42,1080,1.75482,128.427,104.021,-566.645,18.9406,23.3909,0.297912,0.397002,0.868123,58.2964,58.2964,1,1686.69,1080,1.80177,189.12,102.848,-563.617,11.9171,23.6558,0.189145,0.401242,0.896231,58.2964,58.2964,1,1727.05,1905.28,1,0
83789612176790,1770.33,1080,1.7503,128.484,104.05,-566.71,19.0987,23.8627,0.299227,0.404546,0.864179,58.3165,58.3165,1,1691.01,1080,1.74197,189.186,102.763,-563.964,11.4463,23.0462,0.182611,0.391474,0.901888,58.3165,58.3165,1,1730.67,1908.6,1,0
83789614680000,1820.69,1080,1.76918,128.571,104.097,-566.745,19.4082,23.8395,0.303946,0.404176,0.862704,58.3097,58.3097,1,1692.13,1080,1.69259,189.258,102.943,-563.846,11.3626,23.9015,0.180121,0.405165,0.896324,58.3097,58.3097,1,1756.41,1931.08,1,0
83789617176270,1820.69,1080,1.75103,128.656,104.174,-566.625,19.2652,23.5117,0.302549,0.398936,0.86563,58.2975,58.2975,1,1686.69,1080,1.71755,189.318,103.067,-563.76,11.1233,23.928,0.176341,0.405588,0.896885,58.2975,58.2975,1,1753.69,1931.08,1,0
83789619679480,1825.78,1080,1.7502,128.69,104.279,-566.641,19.6472,25.1574,0.304334,0.425107,0.852446,58.2905,58.2905,1,1686.69,1080,1.70049,189.353,103.187,-563.656,9.98574,23.7544,0.158713,0.402816,0.901415,58.2905,58.2905,1,1756.23,1993.62,1,0
83789622179210,1775.02,1080,1.7685,128.796,104.456,-566.057,16.991,23.0541,0.268883,0.391601,0.879972,58.2926,58.2926,1,1686.69,1080,1.69293,189.426,103.114,-564.312,10.3486,25.9796,0.161485,0.438051,0.884327,58.2926,58.2926,1,1730.86,1970.06,1,0
83789624682430,1821.39,1080,1.75575,128.853,104.463,-566.255,17.5387,24.0547,0.27518,0.407608,0.870708,58.3003,58.3003,1,1688.29,1080,1.64122,189.494,103.222,-564.308,10.0413,26.4883,0.156055,0.446015,0.881316,58.3003,58.3003,1,1754.84,1994.14,1,0
83789627178690,1820.99,1080,1.76877,128.944,104.486,-566.396,18.8359,24.9719,0.292676,0.422174,0.857969,58.2874,58.2874,1,1679.62,1080,1.699,189.547,103.379,-563.941,9.18255,25.1282,0.144478,0.424644,0.893758,58.2874,58.2874,1,1750.31,2014.77,1,0
83789629678430,1820.99,1080,1.77119,128.999,104.558,-566.401,17.9334,25.007,0.279047,0.422729,0.862226,58.2864,58.2864,1,1635.24,1080,1.69296,189.619,103.464,-563.957,9.10079,25.7531,0.142461,0.434494,0.889337,58.2864,58.2864,1,1728.11,2014.41,1,0
83789632181640,1779.31,1080,1.78738,129.113,104.543,-566.393,18.1347,23.7024,0.284997,0.401987,0.870163,58.2931,58.2931,1,1641.12,1080,1.64569,189.737,103.538,-564.122,9.80784,26.6047,0.152308,0.447832,0.88105,58.2931,58.2931,1,1710.21,2061.16,1,0
83789634677910,1827.79,1080,1.73501,129.179,104.621,-566.451,18.9181,24.8533,0.29419,0.420297,0.858372,58.2981,58.2981,1,1622.47,1080,1.7465,189.808,103.552,-564.196,9.4241,26.4745,0.14657,0.4458,0.883051,58.2981,58.2981,1,1725.13,2072.25,1,0
83789637184600,1823,1080,1.77756,129.302,104.777,-566.106,17.9595,24.4027,0.280798,0.413147,0.866292,58.2989,58.2989,1,1628.96,1080,1.69799,189.933,103.487,-564.582,10.1011,26.8015,0.156545,0.4509,0.878739,58.2989,58.2989,1,1725.98,2072.32,1,0
83789639680860,1823,1080,1.71382,129.378,104.725,-566.392,19.01,25.0351,0.295131,0.423173,0.856634,58.2927,58.2927,1,1640.56,1080,1.65572,190.016,103.721,-564.215,10.2034,26.5789,0.158423,0.44743,0.880175,58.2927,58.2927,1,1731.78,2097.14,1,0
83789642184070,1827.79,1080,1.77524,129.445,104.746,-566.506,19.5069,25.5162,0.301351,0.430767,0.850663,58.2929,58.2929,1,1638.83,1080,1.78215,190.076,103.807,-564.132,9.7543,26.3619,0.151805,0.444039,0.883054,58.2929,58.2929,1,1733.31,2124.61,1,0
83789644680340,1827.79,1080,1.77365,129.533,104.777,-566.297,18.2025,23.4092,0.286665,0.397295,0.871768,58.2976,58.2976,1,1638.38,1080,1.69288,190.177,103.731,-564.43,10.2708,26.2641,0.159894,0.442509,0.882394,58.2976,58.2976,1,1733.09,2122.28,1,0
83789647187020,1823,1080,1.73518,129.609,104.828,-566.449,18.8864,24.322,0.294964,0.411864,0.862186,58.3228,58.3228,1,1645.39,1080,1.67694,190.25,103.768,-564.836,10.3274,28.0457,0.158221,0.470176,0.868274,58.3228,58.3228,1,1734.19,2122.39,1,0
83789649683290,1823,1080,1.74032,129.685,104.918,-566.343,18.5864,24.2811,0.290539,0.411214,0.863997,58.327,58.327,1,1645.84,1080,1.81597,190.351,103.69,-565.035,10.7097,26.7241,0.165982,0.449695,0.877624,58.327,58.327,1,1734.42,2124.72,1,0
83789652183020,1827.79,1080,1.76949,129.709,104.899,-566.574,19.5749,25.2294,0.303079,0.426244,0.852326,58.3142,58.3142,1,1645.84,1080,1.70446,190.406,103.959,-564.6,10.9214,28.3169,0.16679,0.474347,0.864393,58.3142,58.3142,1,1736.81,2124.97,1,0
83789654686240,1827.79,1080,1.72179,129.81,104.976,-566.46,18.8526,24.6044,0.293795,0.416351,0.860428,58.3215,58.3215,1,1639.52,1080,1.69311,190.452,103.924,-564.879,10.0558,27.5114,0.154863,0.461924,0.873294,58.3215,58.3215,1,1733.66,2124.65,1,0
83789657182500,1833.37,1080,1.76695,129.861,104.964,-566.633,19.3577,24.8316,0.300819,0.419952,0.856241,58.3394,58.3394,1,1649.43,1080,1.68077,190.557,103.966,-565.095,10.6476,28.1718,0.16288,0.472116,0.866358,58.3394,58.3394,1,1741.4,2170.15,1,0
83789659685720,1833.37,1080,1.73461,129.922,105.088,-566.431,18.9189,24.8606,0.294184,0.420412,0.858318,58.3321,58.3321,1,1649.43,1080,1.79026,190.624,103.964,-565.175,11.325,28.3975,0.172745,0.475586,0.862541,58.3321,58.3321,1,1741.4,2170.15,1,0
83789662185450,1838.81,1080,1.74148,129.96,105.096,-566.593,19.3695,25.1555,0.300204,0.425076,0.853925,58.3048,58.3048,1,1645.84,1080,1.65886,190.627,104.152,-564.487,9.64328,25.1248,0.151664,0.424592,0.892592,58.3048,58.3048,1,1742.32,2166.47,1,0
83789664688660,1834.59,1080,1.69597,130.049,105.179,-566.433,18.6763,24.387,0.29165,0.412898,0.862818,58.3336,58.3336,1,1643.09,1080,1.7005,190.697,104.103,-565.267,9.94232,28.8954,0.151162,0.483212,0.862355,58.3336,58.3336,1,1738.84,2175.55,1,0
83789667184930,1834.59,1080,1.71378,130.094,105.213,-566.678,19.4553,25.6949,0.300136,0.433579,0.849663,58.3316,58.3316,1,1649.43,1080,1.6662,190.801,104.296,-565.039,10.5646,28.8781,0.160545,0.482948,0.860806,58.3316,58.3316,1,1742.01,2175.87,1,0
83789669681200,1838.81,1080,1.75441,130.143,105.252,-566.662,19.3259,25.3512,0.299071,0.428166,0.852778,58.3141,58.3141,1,1649.43,1080,1.76739,190.818,104.264,-564.685,9.73924,24.6875,0.153703,0.417669,0.895504,58.3141,58.3141,1,1744.12,2185.2,1,0
83789672187890,1838.81,1080,1.73207,130.198,105.301,-566.626,18.722,24.4946,0.292089,0.414608,0.86185,58.3151,58.3151,1,1649.43,1080,1.65539,190.918,104.432,-564.802,10.4535,26.973,0.161701,0.453571,0.876428,58.3151,58.3151,1,1744.12,2185.2,1,0
83789674684150,1835.73,1080,1.76958,130.215,105.249,-566.905,19.2985,24.6388,0.3004,0.416896,0.857879,58.3473,58.3473,1,1649.43,1080,1.70566,190.965,104.379,-565.179,10.2641,27.7078,0.157754,0.464963,0.871162,58.3473,58.3473,1,1742.58,2181.19,1,0
83789677187360,1838.81,1080,1.72502,130.299,105.34,-566.891,19.5386,25.0225,0.303051,0.422975,0.853963,58.3299,58.3299,1,1649.43,1080,1.62107,191.002,104.444,-564.864,9.95686,25.2634,0.156369,0.42678,0.890734,58.3299,58.3299,1,1744.12,2185.2,1,0
83789679687100,1838.81,1080,1.8055,130.295,105.278,-567.246,19.5787,25.3404,0.302859,0.427996,0.851526,58.3561,58.3561,1,1649.43,1080,1.73036,191.127,104.492,-565.063,11.0487,25.9634,0.172302,0.437798,0.882409,58.3561,58.3561,1,1744.12,2185.2,1,0
83789682190320,1838.81,1080,1.75527,130.371,105.43,-566.949,19.0766,25.3113,0.295455,0.427535,0.854353,58.3482,58.3482,1,1649.43,1080,1.7123,191.15,104.479,-565.23,10.6457,25.754,0.166385,0.434508,0.885166,58.3482,58.3482,1,1744.12,2185.2,1,0
83789684686580,1835.73,1080,1.76694,130.412,105.483,-566.827,17.9887,23.7966,0.282574,0.403492,0.870256,58.3456,58.3456,1,1649.43,1080,1.67281,191.193,104.573,-565.336,10.6777,27.227,0.164755,0.457517,0.873804,58.3456,58.3456,1,1742.58,2181.19,1,0
83789687193260,1838.81,1080,1.72262,130.452,105.408,-567.343,19.8083,25.0257,0.30706,0.423025,0.852505,58.3736,58.3736,1,1649.43,1080,1.66422,191.207,104.535,-565.385,10.2007,25.9217,0.15928,0.437142,0.885176,58.3736,58.3736,1,1744.12,2185.2,1,0
83789689689530,1838.81,1080,1.70146,130.503,105.524,-567.215,18.8419,25.2473,0.292108,0.426526,0.856007,58.3719,58.3719,1,1657.63,1080,1.60859,191.314,104.611,-565.528,11.1798,26.2347,0.173916,0.44205,0.879969,58.3719,58.3719,1,1748.22,2185.62,1,0
83789692185800,1838.81,1080,1.81333,130.49,105.452,-567.595,19.6315,26.0371,0.301872,0.438953,0.846282,58.398,58.398,1,1657.63,1080,1.72445,191.363,104.566,-565.67,11.108,24.9932,0.174618,0.422511,0.889378,58.398,58.398,1,1748.22,2185.62,1,0
83789694689010,1838.81,1080,1.73023,130.596,105.604,-567.162,18.7976,24.6362,0.292894,0.416855,0.860491,58.3641,58.3641,1,1657.63,1080,1.72972,191.391,104.775,-565.48,10.7472,26.1951,0.167324,0.441429,0.881557,58.3641,58.3641,1,1748.22,2185.62,1,0
83789697188740,1838.81,1080,1.74446,130.623,105.704,-566.924,17.1395,23.3336,0.270597,0.396084,0.877436,58.3549,58.3549,1,1652.9,1080,1.71184,191.406,104.777,-565.549,10.1427,25.6069,0.158804,0.432194,0.887688,58.3549,58.3549,1,1745.85,2170.76,1,0
83789699691960,1838.81,1080,1.74453,130.646,105.611,-567.495,18.7762,24.7137,0.292392,0.418085,0.860065,58.3682,58.3682,1,1654.98,1080,1.7076,191.403,104.981,-565.29,9.38158,26.3679,0.14605,0.444133,0.883977,58.3682,58.3682,1,1746.89,2171.89,1,0
83789702188220,1838.81,1080,1.70551,130.699,105.643,-567.609,19.5708,25.5732,0.302156,0.431664,0.849922,58.4361,58.4361,1,1655.74,1080,1.72413,191.49,104.666,-566.546,9.96927,28.69,0.151866,0.48007,0.863985,58.4361,58.4361,1,1747.28,2185.52,1,0
83789704691440,1838.81,1080,1.71514,130.726,105.692,-567.713,19.4173,26.1169,0.298502,0.440205,0.846827,58.4232,58.4232,1,1654.42,1080,1.66876,191.532,104.748,-566.201,10.1195,26.4704,0.157281,0.445736,0.881239,58.4232,58.4232,1,1746.62,2178.69,1,0
83789707191180,1838.81,1080,1.83676,130.73,105.648,-567.755,19.2701,25.4499,0.297996,0.429722,0.852371,58.4303,58.4303,1,1654.42,1080,1.68929,191.578,104.846,-566.324,10.3766,27.9108,0.159166,0.468096,0.869225,58.4303,58.4303,1,1746.62,2178.69,1,0
83789709694380,1838.81,1080,1.73896,130.794,105.803,-567.315,17.0319,23.4778,0.268656,0.398393,0.876987,58.364,58.364,1,1653.09,1080,1.70533,191.577,105.034,-565.447,9.65606,24.1359,0.15307,0.408902,0.899649,58.364,58.364,1,1745.95,2171.79,1,0
83789712194130,1838.81,1080,1.73448,130.837,105.736,-567.75,18.5992,23.8595,0.291689,0.404495,0.866776,58.4035,58.4035,1,1654.42,1080,1.73048,191.645,105.001,-565.827,10.31,25.0205,0.162179,0.422942,0.891526,58.4035,58.4035,1,1746.62,2178.69,1,0
83789714690390,1838.81,1080,1.74104,130.874,105.763,-567.91,19.0663,24.7702,0.296608,0.41898,0.858184,58.4114,58.4114,1,1653.09,1080,1.7037,191.676,105.024,-565.846,9.98148,24.445,0.157792,0.413819,0.89658,58.4114,58.4114,1,1745.95,2171.79,1,0
83789717193610,1838.81,1080,1.75756,130.904,105.801,-568.078,19.3201,25.7813,0.297913,0.434938,0.849751,58.4403,58.4403,1,1653.09,1080,1.74105,191.722,104.934,-566.279,10.0419,24.5354,0.158623,0.415255,0.895769,58.4403,58.4403,1,1745.95,2171.79,1,0
83789719689870,1838.81,1080,1.86054,130.875,105.715,-568.291,19.148,25.3635,0.296392,0.42836,0.853616,58.4702,58.4702,1,1647.43,1080,1.71459,191.748,104.888,-566.667,10.1284,25.5417,0.158669,0.431168,0.888211,58.4702,58.4702,1,1743.12,2142.31,1,0
83789722196550,1838.81,1080,1.78074,130.961,105.857,-568.048,18.7642,25.3807,0.290626,0.428631,0.85546,58.4537,58.4537,1,1651.32,1080,1.67288,191.773,104.971,-566.619,10.104,26.0423,0.157624,0.439035,0.884536,58.4537,58.4537,1,1745.06,2162.57,1,0
83789724692820,1845.33,1080,1.80181,130.981,105.779,-568.294,18.9272,24.6874,0.294719,0.417668,0.859473,58.4475,58.4475,1,1651.32,1080,1.67388,191.783,105.092,-566.254,9.87767,25.1428,0.155292,0.424875,0.891833,58.4475,58.4475,1,1748.32,2172.09,1,0
83789727196030,1838.81,1080,1.77087,131.027,105.85,-568.088,17.8142,23.695,0.280141,0.401867,0.871793,58.4261,58.4261,1,1647.43,1080,1.75552,191.821,105.141,-566.036,10.088,23.793,0.160273,0.403433,0.900863,58.4261,58.4261,1,1743.12,2142.31,1,0
83789729695770,1838.81,1080,1.76813,131.058,105.833,-568.287,18.5489,24.3396,0.289839,0.412144,0.863789,58.4353,58.4353,1,1647.43,1080,1.72872,191.85,105.24,-566.055,10.0291,24.5403,0.158417,0.415333,0.895769,58.4353,58.4353,1,1743.12,2142.31,1,0
83789732198980,1838.81,1080,1.76877,131.09,105.854,-568.421,18.9899,25.1462,0.294562,0.42493,0.85596,58.4611,58.4611,1,1647.43,1080,1.76018,191.885,105.174,-566.458,9.77251,24.7792,0.154109,0.419122,0.894755,58.4611,58.4611,1,1743.12,2142.31,1,0
83789734695250,1845.33,1080,1.78128,131.12,105.869,-568.531,19.4143,25.6078,0.299747,0.432209,0.850498,58.474,58.474,1,1644.3,1080,1.74309,191.93,105.096,-566.605,9.9687,23.6839,0.15853,0.40169,0.90195,58.474,58.474,1,1744.81,2135.48,1,0
83789737194990,1838.81,1080,1.76717,131.146,105.908,-568.414,17.9103,24.6891,0.279416,0.417694,0.864557,58.4618,58.4618,1,1641.67,1080,1.74674,191.924,105.207,-566.502,9.30206,24.0202,0.147642,0.407059,0.90139,58.4618,58.4618,1,1740.24,2112.2,1,0
83789739698200,1839.82,1080,1.8932,131.107,105.718,-569.05,19.3166,25.5276,0.298496,0.430946,0.851578,58.5175,58.5175,1,1638.38,1080,1.73347,191.975,105.072,-566.964,9.89158,24.6505,0.156129,0.417081,0.895358,58.5175,58.5175,1,1739.1,2116.73,1,0
83789742194470,1845.33,1080,1.7657,131.195,105.834,-568.881,19.152,25.4383,0.296267,0.42954,0.853066,58.4984,58.4984,1,1635.59,1080,1.71665,191.965,105.159,-566.783,9.32757,24.4444,0.14755,0.41381,0.898326,58.4984,58.4984,1,1740.46,2121.41,1,0
83789744697670,1845.33,1080,1.867,131.192,105.761,-569.182,19.4179,25.676,0.299629,0.433282,0.849994,58.5252,58.5252,1,1638.2,1080,1.70622,192.018,105.16,-567.031,9.93825,25.7745,0.155416,0.434831,0.886999,58.5252,58.5252,1,1741.77,2135.18,1,0
83789747197420,1845.29,1080,1.74312,131.276,105.852,-568.902,18.7661,24.674,0.292333,0.417455,0.860391,58.517,58.517,1,1634.31,1080,1.74097,192.023,105.168,-567.164,9.5049,26.327,0.148004,0.443493,0.883973,58.517,58.517,1,1739.8,2121.18,1,0
83789749700630,1849.51,1080,1.80458,131.271,105.789,-569.116,19.0639,24.6508,0.296856,0.417087,0.85902,58.5695,58.5695,1,1636.92,1080,1.81146,192.039,104.957,-567.993,9.03166,28.1667,0.13839,0.472038,0.870648,58.5695,58.5695,1,1743.22,2135.34,1,0
83789752196900,1845.33,1080,1.76376,131.3,105.887,-568.808,17.1766,23.8399,0.27012,0.404183,0.873883,58.5432,58.5432,1,1636.92,1080,1.75614,192.086,104.971,-567.772,9.06997,25.758,0.141977,0.434571,0.889376,58.5432,58.5432,1,1741.13,2135.11,1,0
83789754700110,1845.29,1080,1.79346,131.337,105.75,-569.277,18.6718,24.086,0.292272,0.408108,0.864884,58.593,58.593,1,1641.53,1080,1.72961,192.142,104.886,-568.301,9.74698,27.7147,0.149875,0.46507,0.872495,58.593,58.593,1,1743.41,2159.13,1,0
83789757199850,1845.29,1080,1.78782,131.363,105.782,-569.228,17.6198,23.6994,0.277171,0.401938,0.87271,58.584,58.584,1,1630.89,1080,1.74265,192.136,104.913,-568.176,9.0894,26.6072,0.141246,0.447871,0.882871,58.584,58.584,1,1738.09,2158.6,1,0
83789759696110,1845.29,1080,1.79284,131.385,105.734,-569.476,18.236,23.9186,0.286058,0.405438,0.868211,58.5838,58.5838,1,1630.89,1080,1.68636,192.176,105.008,-567.934,9.58285,26.1306,0.149459,0.440418,0.885265,58.5838,58.5838,1,1738.09,2158.6,1,0
83789762199320,1845.33,1080,1.8138,131.382,105.628,-569.836,19.5301,24.6053,0.303946,0.416365,0.856888,58.6136,58.6136,1,1630.89,1080,1.70225,192.184,104.993,-568.177,9.3259,27.5426,0.143684,0.462408,0.874948,58.6136,58.6136,1,1738.11,2158.77,1,0
83789764699060,1845.29,1080,1.78909,131.427,105.76,-569.439,17.6909,23.811,0.278017,0.40372,0.871617,58.5931,58.5931,1,1634.07,1080,1.65801,192.212,105.017,-568.18,9.68209,27.4122,0.149297,0.460389,0.875073,58.5931,58.5931,1,1739.68,2175.4,1,0
83789767202270,1845.29,1080,1.80916,131.431,105.621,-569.913,18.7692,24.1824,0.293522,0.409643,0.863735,58.6323,58.6323,1,1634.07,1080,1.70296,192.247,104.963,-568.488,10.0957,28.8549,0.15353,0.482594,0.862283,58.6323,58.6323,1,1739.68,2175.4,1,0
83789769698540,1845.29,1080,1.80257,131.455,105.606,-569.918,17.4732,23.6435,0.275056,0.401044,0.873789,58.628,58.628,1,1634.07,1080,1.65697,192.299,104.919,-568.376,10.2991,26.0851,0.160576,0.439705,0.883671,58.628,58.628,1,1739.68,2175.4,1,0
83789772205220,1845.29,1080,1.81631,131.504,105.633,-569.837,17.4808,23.5336,0.275401,0.399287,0.874485,58.61,58.61,1,1630.89,1080,1.66604,192.347,104.907,-568.076,10.3647,23.4639,0.165036,0.398172,0.902343,58.61,58.61,1,1738.09,2158.6,1,0
83789774701490,1841.12,1080,1.80513,131.522,105.517,-570.22,18.5629,23.9733,0.290884,0.406311,0.866197,58.6482,58.6482,1,1634.07,1080,1.70429,192.372,104.833,-568.455,10.2706,24.3496,0.162437,0.412303,0.896448,58.6482,58.6482,1,1737.59,2155.97,1,0
83789777197760,1845.29,1080,1.79657,131.545,105.478,-570.363,19.6114,24.7015,0.304926,0.417891,0.855796,58.6445,58.6445,1,1630.89,1080,1.6845,192.362,104.897,-568.242,9.53071,23.9595,0.151309,0.406091,0.901219,58.6445,58.6445,1,1738.09,2158.6,1,0
83789779700970,1845.29,1080,1.8002,131.561,105.563,-569.936,17.2767,23.5858,0.272176,0.400122,0.875113,58.6445,58.6445,1,1630.89,1080,1.72779,192.392,104.805,-568.666,9.71456,25.355,0.152485,0.428226,0.890714,58.6445,58.6445,1,1738.09,2158.6,1,0
83789782200710,1842.09,1080,1.82026,131.607,105.507,-570.286,17.8462,24.4022,0.279087,0.413139,0.866849,58.6685,58.6685,1,1630.89,1080,1.74302,192.421,104.779,-568.805,9.79943,26.4448,0.152391,0.445335,0.8823,58.6685,58.6685,1,1736.49,2143.71,1,0
83789784703920,1841.12,1080,1.81372,131.646,105.494,-570.136,16.8402,23.4402,0.265796,0.397792,0.878131,58.6657,58.6657,1,1634.07,1080,1.73015,192.451,104.783,-568.893,9.96145,27.4885,0.153456,0.46157,0.87373,58.6657,58.6657,1,1737.59,2155.97,1,0
83789787203660,1842.5,1080,1.90228,131.608,105.251,-570.879,18.7827,24.3317,0.29338,0.412019,0.862652,58.7084,58.7084,1,1630.89,1080,1.6531,192.481,104.643,-568.955,10.0872,25.688,0.157836,0.433471,0.887238,58.7084,58.7084,1,1736.69,2145.61,1,0
83789789706870,1845.29,1080,1.81871,131.658,105.317,-570.704,18.5749,25.0046,0.288688,0.422691,0.859065,58.7175,58.7175,1,1631.3,1080,1.69347,192.494,104.572,-569.322,9.89432,27.4549,0.152479,0.461051,0.874175,58.7175,58.7175,1,1738.3,2159.25,1,0
83789792203140,1842.09,1080,1.94981,131.626,105.101,-571.022,18.8168,24.0512,0.29454,0.407554,0.864376,58.743,58.743,1,1634.07,1080,1.80587,192.478,104.48,-569.464,8.97133,26.9281,0.139033,0.452871,0.880669,58.743,58.743,1,1738.08,2160.51,1,0
83789794706350,1841.12,1080,1.81569,131.655,105.108,-570.787,18.5027,24.0147,0.289879,0.40697,0.866225,58.7288,58.7288,1,1634.07,1080,1.82973,192.53,104.354,-569.365,9.79298,24.7347,0.154484,0.418417,0.895021,58.7288,58.7288,1,1737.59,2155.97,1,0
83789797206080,1842.09,1080,1.89124,131.594,104.828,-571.243,18.6995,23.5828,0.293829,0.400073,0.868105,58.752,58.752,1,1630.89,1080,1.72109,192.51,104.293,-569.312,8.7199,24.6336,0.137807,0.416814,0.898485,58.752,58.752,1,1736.49,2143.71,1,0
83789799702350,1841.12,1080,1.84975,131.627,104.805,-570.78,17.3134,21.9695,0.275988,0.374114,0.885364,58.7293,58.7293,1,1631.01,1080,1.7834,192.533,104.126,-569.24,9.00865,22.7683,0.144382,0.387006,0.910703,58.7293,58.7293,1,1736.06,2139.81,1,0
83789802205560,1840.02,1080,1.88433,131.619,104.542,-571.074,18.0527,21.1193,0.289077,0.360311,0.886911,58.7193,58.7193,1,1630.89,1080,1.73647,192.527,104.059,-568.644,8.84868,19.9224,0.14462,0.340747,0.928965,58.7193,58.7193,1,1735.46,2134.06,1,0
83789804701830,1839.3,1080,1.89681,131.583,104.35,-570.99,16.8175,19.691,0.272405,0.336948,0.901255,58.7218,58.7218,1,1623.71,1080,1.67124,192.568,103.841,-568.672,9.44289,18.5958,0.155499,0.318889,0.934949,58.7218,58.7218,1,1731.5,2092.59,1,0
83789807208510,1835.77,1080,1.9341,131.569,104.171,-570.889,15.7077,18.4508,0.256813,0.31649,0.913171,58.6977,58.6977,1,1607.44,1080,1.72012,192.537,103.68,-568.171,8.75355,15.6654,0.146532,0.270018,0.95164,58.6977,58.6977,1,1721.61,2068.51,1,0
83789809704780,1781.8,1080,1.92756,131.522,103.887,-571.03,15.3623,16.2444,0.254346,0.279736,0.925773,58.7237,58.7237,1,1606.08,1080,1.87888,192.491,103.379,-568.424,7.99739,14.4776,0.13471,0.250001,0.958829,58.7237,58.7237,1,1693.94,1934.25,1,0
83789812207990,1776.29,1080,1.92252,131.483,103.666,-570.803,13.4629,14.5434,0.225355,0.251113,0.941359,58.715,58.715,1,1606.08,1080,1.76897,192.475,103.197,-568.36,7.62098,13.26,0.129084,0.22937,0.964742,58.715,58.715,1,1691.19,1812.28,1,0
83789814707730,1698.57,1080,1.9601,131.439,103.416,-570.825,12.763,12.9425,0.215306,0.223973,0.950515,58.7341,58.7341,1,1606.08,1080,1.92104,192.418,102.909,-568.599,6.60111,12.167,0.112374,0.210763,0.971057,58.7341,58.7341,1,1652.32,1717.84,1,0
83789817210950,1631.43,1080,1.93659,131.357,103.126,-571.004,11.9222,11.2143,0.202639,0.194479,0.959747,58.757,58.757,1,1566.64,1080,1.94694,192.396,102.618,-568.751,6.33001,10.815,0.108297,0.187639,0.97625,58.757,58.757,1,1599.03,1581.74,1,0
83789819707210,1610.59,1080,1.98326,131.308,102.947,-570.894,10.9328,10.6208,0.186409,0.184309,0.96503,58.7639,58.7639,1,1523.61,1080,2.07838,192.337,102.356,-568.889,5.6284,8.96327,0.0968785,0.155801,0.983026,58.7639,58.7639,1,1567.1,1472.99,1,0
83789822206950,1497.4,1080,1.97985,131.241,102.75,-570.68,9.44915,9.11308,0.1621,0.158384,0.973981,58.7712,58.7712,1,1502.23,1080,1.97176,192.284,102.088,-569.135,4.55815,7.58292,0.0787758,0.131961,0.98812,58.7712,58.7712,1,1499.82,1378.63,1,0
83789824710160,1456.11,1080,1.99055,131.176,102.496,-570.743,8.61716,7.76886,0.148456,0.135177,0.979637,58.7661,58.7661,1,1444.46,1080,2.03956,192.223,101.97,-568.864,4.28338,7.26124,0.0740905,0.126394,0.989209,58.7661,58.7661,1,1450.29,1294.74,1,0
83789827206430,1406.78,1080,1.93771,131.15,102.248,-570.855,8.27949,6.50282,0.143075,0.113252,0.983211,58.7896,58.7896,1,1429.1,1080,2.00058,192.195,101.719,-569.118,3.67109,6.21879,0.063652,0.108325,0.992076,58.7896,58.7896,1,1417.94,1201.18,1,0
83789829709640,1349.05,1080,2.02152,131.109,101.984,-570.982,8.0814,4.96462,0.140052,0.0865407,0.986355,58.7929,58.7929,1,1389.52,1073.21,2.01725,192.157,101.558,-568.946,3.58792,5.51036,0.0622909,0.0960257,0.993428,58.7929,58.7929,1,1369.29,1127.76,1,0
83789832209380,1263.26,1080,2.02742,131.074,101.703,-571.251,7.84792,3.30597,0.136317,0.057668,0.988985,58.8065,58.8065,1,1329.14,992.654,1.97763,192.11,101.375,-568.844,2.9801,4.443,0.0518329,0.0774673,0.995647,58.8065,58.8065,1,1296.2,1041.55,1,0
83789834712590,1215.4,1010.54,2.01433,131.032,101.526,-571.265,7.31424,2.78409,0.127161,0.0485723,0.990692,58.8031,58.8031,1,1313.73,973.313,1.94047,192.046,101.33,-568.696,2.1761,5.17126,0.0378164,0.0901331,0.995211,58.8031,58.8031,1,1264.56,991.928,1,0
83789837208850,1196.16,936.475,2.02451,131.047,101.402,-571.118,7.07125,2.63771,0.122973,0.0460204,0.991342,58.8269,58.8269,1,1279.31,913.039,2.00478,192.069,101.013,-569.231,1.39305,3.20607,0.0242729,0.0559273,0.99814,58.8269,58.8269,1,1237.73,924.757,1,0
83789839712070,1184.73,847.513,1.99447,131.007,101.17,-571.339,6.73158,1.04371,0.117199,0.0182152,0.992941,58.8249,58.8249,1,1274.64,872.103,1.99874,192.024,100.965,-568.893,1.5611,4.01388,0.0271761,0.0699981,0.997177,58.8249,58.8249,1,1229.69,859.808,1,0
83789842211800,1171.48,752.125,1.9403,130.996,100.956,-571.526,6.7598,-0.433222,0.117704,-0.00756108,0.99302,58.8403,58.8403,1,1240.55,851.249,1.89581,192.042,100.767,-568.923,1.57877,2.47166,0.0275256,0.0431253,0.99869,58.8403,58.8403,1,1206.01,801.687,1,0
83789844708070,1140.98,721.52,2.00561,131.012,100.863,-571.362,6.52677,0.100197,0.113667,0.00174876,0.993517,58.8349,58.8349,1,1195.54,851.249,1.92567,192.032,100.634,-568.912,1.31012,1.97392,0.0228503,0.0344446,0.999145,58.8349,58.8349,1,1168.26,786.385,1,0
83789847214760,1127.26,712.399,1.97032,131.023,100.708,-571.33,6.50981,-0.582838,0.113368,-0.0101723,0.993501,58.8385,58.8385,1,1162.24,784.546,1.89613,192.035,100.5,-568.943,1.03087,1.9317,0.0179809,0.0337081,0.99927,58.8385,58.8385,1,1144.75,748.473,1,0
83789849711030,1109.53,621.596,2.01191,131.01,100.51,-571.591,6.22909,-1.36984,0.108473,-0.023906,0.993812,58.8614,58.8614,1,1162.24,784.546,1.95031,192.072,100.294,-569.059,1.26891,0.500967,0.022144,0.00874341,0.999717,58.8614,58.8614,1,1135.88,703.071,1,0
83789852214240,1109.53,566.934,1.9909,131.021,100.406,-571.402,5.91815,-1.22674,0.103084,-0.0214091,0.994442,58.8547,58.8547,1,1165.02,697.554,1.90917,192.105,100.178,-569.048,1.62357,0.678699,0.0283309,0.0118453,0.999528,58.8547,58.8547,1,1137.28,632.244,1,0
83789854710510,1096.38,566.934,1.99412,131.003,100.167,-571.704,5.63494,-2.58799,0.0980896,-0.0451535,0.994153,58.8733,58.8733,1,1162.24,669.095,1.90563,192.104,100.043,-569.042,1.31434,0.0969521,0.0229376,0.00169213,0.999735,58.8733,58.8733,1,1129.31,618.014,1,0
83789857217190,1095.47,527.74,2.04641,131.01,100.002,-571.748,5.38698,-2.77912,0.0937717,-0.0484858,0.994412,58.8814,58.8814,1,1162.24,666.011,1.92715,192.127,99.8885,-569.084,1.26169,0.453033,0.0220182,0.00790683,0.999726,58.8814,58.8814,1,1128.85,596.876,1,0
83789859713450,1079.68,490.016,2.03998,131.028,99.8965,-571.657,5.3727,-2.15464,0.0935678,-0.0375967,0.994903,58.8941,58.8941,1,1162.24,594.669,1.90163,192.143,99.6718,-569.359,0.517585,-1.43108,0.00903062,-0.0249745,0.999647,58.8941,58.8941,1,1120.96,542.343,1,0
83789862216670,1062.12,490.016,2.05158,131.054,99.7403,-571.708,5.38206,-1.8508,0.0937477,-0.032297,0.995072,58.8953,58.8953,1,1162.24,594.669,1.92395,192.158,99.5632,-569.263,0.591455,-1.57123,0.0103188,-0.0274197,0.999571,58.8953,58.8953,1,1112.18,542.343,1,0
83789864716400,1046.21,451.252,2.03976,131.063,99.6308,-571.624,5.40748,-2.89513,0.094118,-0.050508,0.994279,58.8985,58.8985,1,1147.91,580.415,1.89613,192.166,99.457,-569.358,0.480783,-1.10613,0.00838958,-0.0193044,0.999778,58.8985,58.8985,1,1097.06,515.833,1,0
83789867212670,1033.74,451.252,2.07292,131.067,99.4659,-571.765,5.3773,-3.16354,0.0935711,-0.0551862,0.994082,58.9147,58.9147,1,1145.22,580.415,1.93045,192.205,99.2676,-569.465,0.340327,-3.48484,0.0059288,-0.0607845,0.998133,58.9147,58.9147,1,1089.48,515.833,1,0
83789869715880,1052.91,451.252,2.04623,131.092,99.3237,-571.895,5.74272,-3.75177,0.0998472,-0.0654339,0.992849,58.9188,58.9188,1,1107.99,491.491,1.942,192.203,99.2161,-569.371,0.321793,-2.23617,0.00561203,-0.0390186,0.999223,58.9188,58.9188,1,1080.45,471.371,1,0
83789872215620,1047.42,451.252,2.08639,131.097,99.2475,-571.836,5.64536,-3.53478,0.0981836,-0.0616545,0.993257,58.9175,58.9175,1,1114.99,491.491,1.91878,192.238,99.1388,-569.36,0.71068,-2.16827,0.0123945,-0.0378344,0.999207,58.9175,58.9175,1,1081.21,471.371,1,0
83789874718830,1047.42,392.119,2.04205,131.121,99.1417,-571.822,5.67174,-3.36525,0.0986585,-0.0587009,0.993389,58.9198,58.9198,1,1114.99,491.491,1.94599,192.24,99.0598,-569.375,0.19977,-2.44314,0.00348346,-0.0426279,0.999085,58.9198,58.9198,1,1081.21,441.805,1,0
83789877215090,1033.74,434.572,2.07667,131.125,99.0996,-571.736,5.34188,-2.08488,0.0930367,-0.03638,0.994998,58.9118,58.9118,1,1123.78,434.707,1.95162,192.271,98.9989,-569.263,0.866074,-2.08272,0.0151053,-0.0363422,0.999225,58.9118,58.9118,1,1078.76,434.639,1,0
83789879718310,1047.42,434.572,2.10959,131.129,98.9243,-572.015,5.46796,-4.11426,0.0950435,-0.0717458,0.992884,58.9373,58.9373,1,1107.99,434.707,1.95378,192.302,98.874,-569.445,0.453265,-2.42752,0.00790379,-0.0423555,0.999071,58.9373,58.9373,1,1077.7,434.639,1,0
83789882218050,1037.68,392.119,2.08026,131.149,98.8293,-571.996,5.36506,-4.09846,0.0932621,-0.0714706,0.993073,58.9378,58.9378,1,1114.99,440.799,1.96488,192.31,98.8045,-569.43,0.474787,-1.9524,0.0082817,-0.0340692,0.999385,58.9378,58.9378,1,1076.34,416.459,1,0
83789884714320,1033.74,392.119,2.11638,131.166,98.778,-571.887,5.13414,-2.98853,0.0893661,-0.052136,0.994633,58.9341,58.9341,1,1114.99,455.923,1.96443,192.346,98.7118,-569.422,0.741995,-1.67078,0.0129444,-0.0291564,0.999491,58.9341,58.9341,1,1074.37,424.021,1,0
83789887217530,1033.74,392.119,2.07433,131.161,98.6183,-572.156,5.00766,-3.69533,0.0871075,-0.0644509,0.994112,58.9464,58.9464,1,1114.99,440.799,1.96482,192.355,98.6787,-569.363,0.351693,-1.35294,0.00613646,-0.023611,0.999702,58.9464,58.9464,1,1074.37,416.459,1,0
83789889717260,1033.74,382.137,2.07965,131.188,98.5743,-571.954,4.95336,-3.75964,0.086159,-0.065571,0.994121,58.9384,58.9384,1,1107.99,434.707,1.98251,192.372,98.5683,-569.354,0.345389,-2.59627,0.00602194,-0.045298,0.998955,58.9384,58.9384,1,1070.87,408.422,1,0
83789892220480,1031.99,382.137,2.07966,131.191,98.471,-572.031,4.95307,-3.42017,0.0861859,-0.0596577,0.994491,58.9405,58.9405,1,1107.99,440.799,1.98515,192.404,98.5332,-569.283,0.374711,-1.56831,0.00653744,-0.0273688,0.999604,58.9405,58.9405,1,1069.99,411.468,1,0
83789894716740,1025.81,382.137,2.01646,131.228,98.3866,-571.969,5.24725,-3.4052,0.0912923,-0.0593969,0.994051,58.9456,58.9456,1,1107.99,440.799,1.95809,192.423,98.4402,-569.408,0.0653453,-2.17543,0.00113967,-0.0379593,0.999279,58.9456,58.9456,1,1066.9,411.468,1,0
83789897223430,1029.78,356.511,2.0365,131.239,98.2799,-572.041,5.31663,-3.95874,0.0924384,-0.0690381,0.993322,58.954,58.954,1,1097.29,434.707,1.96438,192.448,98.3196,-569.453,-0.238356,-3.43757,-0.0041526,-0.059961,0.998192,58.954,58.954,1,1063.54,395.609,1,0
83789899719690,1033.74,364.082,2.05295,131.268,98.24,-571.922,5.66552,-3.25448,0.0985618,-0.0567709,0.99351,58.9418,58.9418,1,1097.29,434.707,1.96173,192.461,98.3035,-569.299,-0.061739,-2.51616,-0.00107651,-0.0439012,0.999035,58.9418,58.9418,1,1065.52,399.395,1,0
83789902222900,1031.99,368.507,2.00938,131.293,98.1448,-571.884,5.73812,-3.1658,0.0998292,-0.0552254,0.993471,58.9434,58.9434,1,1103.19,440.799,1.99824,192.489,98.2274,-569.324,0.474567,-1.85132,0.00827834,-0.0323061,0.999444,58.9434,58.9434,1,1067.59,404.653,1,0
83789904719170,1033.74,382.137,2.04921,131.319,98.1053,-571.751,5.93665,-2.42677,0.103336,-0.0423425,0.993745,58.9366,58.9366,1,1097.29,434.707,1.97556,192.501,98.1537,-569.28,0.042239,-2.39966,0.000736563,-0.0418698,0.999123,58.9366,58.9366,1,1065.52,408.422,1,0
83789907218910,1033.74,356.511,2.01862,131.33,97.9744,-571.925,6.13623,-3.70206,0.10667,-0.0645682,0.992196,58.9508,58.9508,1,1097.29,434.707,1.97853,192.51,98.0735,-569.353,0.0443051,-1.48493,0.00077301,-0.025914,0.999664,58.9508,58.9508,1,1065.52,395.609,1,0
83789909722120,1049.54,368.507,2.05972,131.357,97.8798,-571.875,6.16865,-2.18963,0.107377,-0.038207,0.993484,58.9526,58.9526,1,1097.29,440.799,1.98999,192.54,97.9841,-569.393,-0.205374,-1.81581,-0.00358265,-0.0316865,0.999491,58.9526,58.9526,1,1073.42,404.653,1,0
83789912218380,1053.76,382.137,2.08183,131.374,97.8141,-571.805,6.15997,-2.58371,0.107196,-0.045079,0.993215,58.9505,58.9505,1,1097.29,440.799,1.97287,192.545,97.8845,-569.372,-0.296501,-2.31056,-0.00517068,-0.040316,0.999174,58.9505,58.9505,1,1075.52,411.468,1,0
83789914721600,1065.04,382.137,2.04103,131.391,97.7081,-571.877,6.02533,-2.89248,0.104834,-0.0504618,0.993209,58.9421,58.9421,1,1097.03,434.707,1.99856,192.56,97.889,-569.096,0.351837,-0.57825,0.00614037,-0.0100922,0.99993,58.9421,58.9421,1,1081.03,408.422,1,0
83789917221340,1058.35,381.368,2.05358,131.406,97.6282,-571.772,5.80932,-2.46007,0.101125,-0.0429232,0.993947,58.9524,58.9524,1,1097.03,440.799,1.9568,192.595,97.7621,-569.365,-0.425854,-1.21971,-0.0074308,-0.0212864,0.999746,58.9524,58.9524,1,1077.69,411.084,1,0
83789919724550,1051.8,382.137,2.05878,131.421,97.5555,-571.755,5.69176,-2.42747,0.0990877,-0.0423547,0.994177,58.9455,58.9455,1,1097.03,440.799,2.00125,192.612,97.7246,-569.206,-0.201058,-1.71292,-0.00350754,-0.0298917,0.999547,58.9455,58.9455,1,1074.42,411.468,1,0
83789922224290,1053.76,382.137,2.04325,131.439,97.4549,-571.772,5.55578,-2.53869,0.0967198,-0.044294,0.994326,58.9455,58.9455,1,1097.03,440.799,1.98243,192.618,97.6426,-569.138,-0.381908,-1.73636,-0.00666245,-0.0303006,0.999519,58.9455,58.9455,1,1075.39,411.468,1,0
83789924727500,1051.8,382.137,2.05392,131.451,97.3822,-571.695,5.44095,-3.17868,0.0946739,-0.05545,0.993963,58.945,58.945,1,1097.03,446.456,1.96094,192.645,97.5795,-569.169,-0.545103,-1.29479,-0.00951128,-0.0225965,0.999699,58.945,58.945,1,1074.42,414.296,1,0
83789927223770,1058.35,382.137,2.01996,131.508,97.3282,-571.573,5.93879,-2.33841,0.10338,-0.0408017,0.993805,58.9345,58.9345,1,1070.03,446.456,1.99857,192.681,97.5616,-569.049,-0.142492,-0.941328,-0.00248662,-0.0164285,0.999862,58.9345,58.9345,1,1064.19,414.296,1,0
83789929720040,1053.76,382.137,2.00802,131.518,97.2259,-571.683,5.98643,-3.70566,0.104075,-0.0646308,0.992467,58.9383,58.9383,1,1070.03,446.456,1.9579,192.686,97.4808,-568.97,-0.403552,-1.35807,-0.00704127,-0.0237005,0.999694,58.9383,58.9383,1,1061.89,414.296,1,0
83789932226720,1058.35,382.137,2.02522,131.537,97.1647,-571.51,5.97532,-3.05737,0.103952,-0.0533359,0.993151,58.9355,58.9355,1,1070.03,446.456,1.9997,192.697,97.3906,-569.043,-0.608052,-1.54451,-0.0106084,-0.0269536,0.99958,58.9355,58.9355,1,1064.19,414.296,1,0
83789934722980,1058.35,382.137,2.01816,131.553,97.0941,-571.555,6.07697,-3.48202,0.105669,-0.0607353,0.992545,58.9402,58.9402,1,1070.03,455.722,1.99087,192.756,97.3311,-569.063,-0.183183,-1.08075,-0.00319658,-0.0188614,0.999817,58.9402,58.9402,1,1064.19,418.929,1,0
83789937226200,1066.12,382.137,2.00531,131.574,97.025,-571.454,6.10228,-2.58648,0.106195,-0.0451273,0.993321,58.9432,58.9432,1,1070.03,446.456,1.97818,192.772,97.2092,-569.177,-0.450422,-1.95696,-0.00785669,-0.0341487,0.999386,58.9432,58.9432,1,1068.07,414.296,1,0
83789939725930,1068.26,382.137,2.0241,131.606,96.9348,-571.435,6.4777,-2.58118,0.112702,-0.0450348,0.992608,58.9433,58.9433,1,1070.03,446.456,2.01801,192.798,97.1245,-569.151,-0.0281598,-1.52674,-0.000491306,-0.0266434,0.999645,58.9433,58.9433,1,1069.15,414.296,1,0
83789942229140,1068.26,382.137,2.02876,131.622,96.8866,-571.382,6.3011,-2.57376,0.109643,-0.0449055,0.992956,58.9352,58.9352,1,1070.03,455.176,2.01431,192.817,97.1271,-569.019,-0.286615,-0.52391,-0.00500215,-0.00914383,0.999946,58.9352,58.9352,1,1069.15,418.657,1,0
83789944725410,1074.09,382.137,2.03717,131.625,96.756,-571.49,6.07485,-3.15736,0.105667,-0.0550785,0.992875,58.9426,58.9426,1,1070.03,455.176,2.01059,192.827,97.0132,-569.003,-0.643143,-2.12542,-0.011217,-0.0370871,0.999249,58.9426,58.9426,1,1072.06,418.657,1,0
83789947228620,1074.35,382.137,2.03292,131.663,96.6963,-571.396,6.17701,-2.47532,0.1075,-0.0431891,0.993267,58.9391,58.9391,1,1070.03,446.456,1.98872,192.858,96.9376,-568.985,-0.67671,-2.19241,-0.0118019,-0.0382554,0.999198,58.9391,58.9391,1,1072.19,414.296,1,0
83789949728370,1068.26,382.137,2.03542,131.669,96.6261,-571.369,5.73932,-2.54079,0.0999043,-0.0443306,0.994009,58.9377,58.9377,1,1070.03,448.378,1.98328,192.883,96.9066,-568.957,-0.70798,-1.62929,-0.0123513,-0.0284327,0.999519,58.9377,58.9377,1,1069.15,415.258,1,0
83789952224630,1068.26,382.137,2.03083,131.691,96.553,-571.308,5.60817,-3.39706,0.0975531,-0.0592551,0.993465,58.9305,58.9305,1,1066.12,451.609,1.97816,192.916,96.8784,-568.837,-0.234993,-1.56864,-0.00409985,-0.0273745,0.999617,58.9305,58.9305,1,1067.19,416.873,1,0
83789954727840,1068.26,382.137,1.9914,131.727,96.5374,-571.116,5.7073,-2.19432,0.0993737,-0.0382887,0.994313,58.92,58.92,1,1066.12,448.378,1.96678,192.933,96.7913,-568.778,-0.42434,-2.31951,-0.00739999,-0.0404721,0.999153,58.92,58.92,1,1067.19,415.258,1,0
83789957227580,1068.26,382.137,2.00775,131.737,96.4217,-571.239,5.63565,-2.4928,0.0981092,-0.0434938,0.994225,58.9356,58.9356,1,1066.12,446.456,1.96779,192.945,96.7038,-568.933,-0.759156,-2.41234,-0.0132376,-0.0420909,0.999026,58.9356,58.9356,1,1067.19,414.296,1,0
83789959730790,1068.26,382.137,2.00968,131.772,96.3836,-571.105,5.98158,-2.58293,0.104103,-0.0450654,0.993545,58.921,58.921,1,1066.13,448.378,1.9481,192.981,96.6845,-568.74,-0.24209,-1.53263,-0.00422374,-0.0267463,0.999633,58.921,58.921,1,1067.2,415.258,1,0
83789962227060,1068.26,382.137,2.0193,131.795,96.3523,-570.958,6.05905,-2.06598,0.105485,-0.0360503,0.993767,58.9103,58.9103,1,1066.12,451.609,1.96409,192.989,96.6613,-568.645,-0.367267,-0.92485,-0.00640915,-0.016141,0.999849,58.9103,58.9103,1,1067.19,416.873,1,0
83789964730270,1068.26,382.137,2.02537,131.816,96.2452,-571.042,6.06833,-3.21171,0.105548,-0.0560256,0.992835,58.9281,58.9281,1,1066.12,448.378,1.92391,193.017,96.5002,-568.868,-0.629196,-2.42472,-0.0109715,-0.0423068,0.999044,58.9281,58.9281,1,1067.19,415.258,1,0
83789967230010,1068.26,382.137,1.9936,131.84,96.2035,-570.91,6.34649,-2.24765,0.110456,-0.0392188,0.993107,58.917,58.917,1,1066.12,446.456,1.98258,193.035,96.478,-568.747,-0.477639,-1.66735,-0.00833275,-0.0290967,0.999542,58.917,58.917,1,1067.19,414.296,1,0
83789969733220,1069.69,382.137,2.02402,131.845,96.1388,-570.837,6.21479,-1.6241,0.108212,-0.0283422,0.993724,58.9097,58.9097,1,1066.12,448.378,1.94121,193.041,96.4409,-568.638,-0.816142,-1.20691,-0.0142407,-0.0210629,0.999677,58.9097,58.9097,1,1067.91,415.258,1,0
83789972232960,1074.12,382.137,2.01848,131.854,96.083,-570.902,6.27429,-2.32857,0.109198,-0.04063,0.993189,58.9063,58.9063,1,1059.33,448.378,1.92505,193.062,96.3859,-568.471,-0.785073,-2.49917,-0.0136887,-0.043605,0.998955,58.9063,58.9063,1,1066.72,415.258,1,0
83789974729220,1074.77,382.137,1.99511,131.859,95.9952,-570.921,6.16459,-2.89843,0.107248,-0.0505656,0.992946,58.918,58.918,1,1053.36,446.456,1.95913,193.092,96.2969,-568.654,-1.20093,-2.26381,-0.0209424,-0.0395007,0.999,58.918,58.918,1,1064.07,414.296,1,0
83789977232430,1080.37,382.137,2.04338,131.881,95.935,-570.837,6.27033,-3.22875,0.109046,-0.0563225,0.99244,58.9122,58.9122,1,1053.36,446.456,1.94349,193.106,96.2435,-568.585,-0.93271,-1.97646,-0.0162685,-0.0344889,0.999273,58.9122,58.9122,1,1066.86,414.296,1,0
83789979728700,1070.01,382.137,2.04322,131.905,95.9591,-570.587,5.97949,-2.30886,0.104088,-0.0402863,0.993752,58.891,58.891,1,1063.67,448.378,1.94835,193.13,96.2598,-568.393,-0.302314,-1.22313,-0.00527515,-0.021346,0.999758,58.891,58.891,1,1066.84,415.258,1,0
83789982235390,1074.77,382.137,2.03754,131.92,95.8837,-570.586,6.17648,-3.13639,0.10743,-0.054713,0.992706,58.8951,58.8951,1,1053.36,446.456,1.96833,193.145,96.1521,-568.432,-0.771045,-2.45261,-0.0134445,-0.0427931,0.998993,58.8951,58.8951,1,1064.07,414.296,1,0
83789984731660,1074.77,382.137,2.00885,131.93,95.8345,-570.542,5.90234,-3.2092,0.102672,-0.0559819,0.993139,58.8945,58.8945,1,1053.36,446.456,1.96521,193.16,96.116,-568.441,-0.727941,-2.17249,-0.0126955,-0.0379081,0.999201,58.8945,58.8945,1,1064.07,414.296,1,0
83789987234860,1070.01,382.137,1.98787,131.96,95.785,-570.418,5.97269,-3.17473,0.103895,-0.0553811,0.993045,58.892,58.892,1,1053.36,446.456,1.94815,193.177,96.0322,-568.476,-0.885462,-2.97958,-0.0154327,-0.0519801,0.998529,58.892,58.892,1,1061.69,414.296,1,0
83789989731130,1070.01,382.137,2.02635,131.98,95.7923,-570.261,6.2617,-2.1708,0.108992,-0.0378786,0.993321,58.8831,58.8831,1,1053.36,446.456,1.95363,193.196,96.0081,-568.44,-0.835764,-2.47391,-0.0145727,-0.0431645,0.998962,58.8831,58.8831,1,1061.69,414.296,1,0
83789992230870,1074.77,382.137,2.00545,131.978,95.7018,-570.266,6.24009,-2.88177,0.108558,-0.0502751,0.992818,58.8743,58.8743,1,1045.25,413.918,1.94162,193.196,95.9842,-568.217,-0.639614,-2.36845,-0.0111536,-0.0413255,0.999084,58.8743,58.8743,1,1060.01,398.028,1,0
83789994734090,1074.77,382.137,2.00587,131.981,95.6435,-570.329,6.07765,-3.60953,0.105666,-0.0629565,0.992407,58.882,58.882,1,1046.25,413.918,1.90822,193.232,95.8899,-568.277,-0.623851,-2.98256,-0.0108733,-0.052032,0.998586,58.882,58.882,1,1060.51,398.028,1,0
83789997233820,1074.77,382.137,1.98084,132.012,95.6188,-570.15,6.18863,-2.58465,0.107692,-0.0450953,0.993161,58.869,58.869,1,1046.25,421.931,1.99623,193.232,95.9007,-568.176,-0.825855,-2.00808,-0.0144045,-0.0350404,0.999282,58.869,58.869,1,1060.51,402.034,1,0
83789999737030,1074.98,382.137,1.98931,132.012,95.5794,-570.063,6.06269,-2.61994,0.105506,-0.0457107,0.993367,58.8649,58.8649,1,1045.25,413.918,1.93328,193.23,95.8317,-568.145,-1.19092,-2.66542,-0.0207615,-0.0465036,0.998702,58.8649,58.8649,1,1060.11,398.028,1,0
83790002233300,1074.98,382.137,2.01779,132.029,95.5565,-569.969,6.08224,-2.27776,0.105872,-0.0397439,0.993585,58.8561,58.8561,1,1045.25,413.918,1.95142,193.27,95.7835,-568.035,-0.790179,-3.32197,-0.0137676,-0.0579469,0.998225,58.8561,58.8561,1,1060.11,398.028,1,0
83790004736510,1074.98,382.137,2.01077,132.031,95.4911,-569.987,6.21916,-2.72219,0.10821,-0.0474933,0.992993,58.8476,58.8476,1,1045.25,413.918,1.93641,193.239,95.7704,-567.813,-1.1108,-2.82596,-0.0193623,-0.0493023,0.998596,58.8476,58.8476,1,1060.11,398.028,1,0
83790007236250,1074.98,382.137,2.01275,132.04,95.4652,-569.868,6.2855,-1.99475,0.109416,-0.0348079,0.993386,58.8532,58.8532,1,1037.21,413.918,1.97647,193.276,95.7109,-568.029,-1.35898,-2.88696,-0.0236863,-0.0503657,0.99845,58.8532,58.8532,1,1056.1,398.028,1,0
83790009739460,1074.98,382.137,2.01849,132.053,95.4338,-569.767,6.25597,-1.73688,0.10892,-0.0303096,0.993588,58.8409,58.8409,1,1037.21,385.073,1.92024,193.273,95.626,-567.838,-0.94572,-3.29619,-0.0164779,-0.0574976,0.99821,58.8409,58.8409,1,1056.1,383.605,1,0
83790012235730,1074.98,382.137,2.00622,132.048,95.3788,-569.731,6.01291,-2.78327,0.104629,-0.0485581,0.993325,58.8339,58.8339,1,1045.25,413.918,1.96305,193.298,95.6575,-567.719,-0.358621,-1.71176,-0.00625629,-0.0298714,0.999534,58.8339,58.8339,1,1060.11,398.028,1,0
83790014735470,1074.98,382.137,2.01843,132.064,95.3324,-569.735,6.3187,-2.91078,0.109917,-0.0507809,0.992643,58.8291,58.8291,1,1037.21,413.918,1.9455,193.286,95.594,-567.584,-0.854816,-2.73788,-0.0149018,-0.0477669,0.998747,58.8291,58.8291,1,1056.1,398.028,1,0
83790017238680,1074.98,382.137,2.01632,132.068,95.2943,-569.654,6.45946,-1.90905,0.112438,-0.0333131,0.9931,58.8279,58.8279,1,1037.21,400.892,1.94823,193.281,95.5645,-567.621,-1.26708,-2.35403,-0.0220942,-0.0410741,0.998912,58.8279,58.8279,1,1056.1,391.515,1,0
83790019734950,1074.98,382.137,2.01161,132.066,95.203,-569.754,6.46425,-2.58749,0.112468,-0.0451449,0.992629,58.8369,58.8369,1,1037.21,396.467,1.91753,193.311,95.5004,-567.67,-1.03315,-2.42823,-0.0180146,-0.0423678,0.99894,58.8369,58.8369,1,1056.1,389.302,1,0
83790022238150,1074.98,382.137,2.01575,132.076,95.229,-569.464,6.06464,-1.93153,0.10559,-0.0337051,0.993838,58.8046,58.8046,1,1045.25,413.918,1.95129,193.296,95.5467,-567.292,-0.630077,-0.975117,-0.0109951,-0.0170182,0.999795,58.8046,58.8046,1,1060.11,398.028,1,0
83790024737900,1075.12,382.137,2.03881,132.078,95.191,-569.42,6.18377,-2.54444,0.107612,-0.0443942,0.993201,58.8046,58.8046,1,1037.21,413.918,1.93205,193.327,95.4732,-567.308,-0.398565,-1.91801,-0.00695231,-0.0334693,0.999416,58.8046,58.8046,1,1056.17,398.028,1,0
83790027241110,1075.12,382.137,2.01666,132.082,95.1197,-569.47,6.37497,-3.06453,0.110876,-0.0534607,0.992395,58.8051,58.8051,1,1045.25,413.918,1.98257,193.321,95.4372,-567.238,-0.584709,-1.84866,-0.0101996,-0.0322596,0.999427,58.8051,58.8051,1,1060.18,398.028,1,0
83790029737380,1075.12,382.137,2.0221,132.094,95.1159,-569.311,6.25813,-1.58427,0.108966,-0.0276473,0.993661,58.7946,58.7946,1,1042.27,413.918,1.99493,193.313,95.4234,-567.17,-0.709017,-0.967936,-0.0123726,-0.0168929,0.999781,58.7946,58.7946,1,1058.69,398.028,1,0
83790032244060,1074.98,382.137,2.01881,132.08,95.0661,-569.335,6.05358,-1.85041,0.105403,-0.0322902,0.993905,58.7813,58.7813,1,1045.03,424.594,1.97612,193.307,95.4551,-566.857,-0.661089,-0.186872,-0.0115379,-0.00326152,0.999928,58.7813,58.7813,1,1060.01,403.366,1,0
83790034740320,1075.12,382.137,2.02789,132.09,95.0231,-569.271,6.15113,-2.21104,0.107072,-0.0385804,0.993502,58.7879,58.7879,1,1043.98,424.594,1.95311,193.338,95.3397,-567.019,-0.679642,-1.59282,-0.0118571,-0.0277964,0.999543,58.7879,58.7879,1,1059.55,403.366,1,0
83790037236590,1075.12,382.137,2.02804,132.093,94.9844,-569.276,6.43096,-2.96743,0.111856,-0.0517683,0.992375,58.7914,58.7914,1,1043.98,413.918,1.93222,193.344,95.2538,-567.056,-0.998182,-2.37168,-0.0174058,-0.0413819,0.998992,58.7914,58.7914,1,1059.55,398.028,1,0
83790039739800,1075.12,382.137,2.02915,132.102,94.9436,-569.212,6.43837,-2.093,0.11206,-0.0365216,0.99303,58.7726,58.7726,1,1043.98,424.594,1.98473,193.333,95.2904,-566.718,-0.568348,-1.28822,-0.00991688,-0.0224818,0.999698,58.7726,58.7726,1,1059.55,403.366,1,0
83790042239540,1075.12,382.137,2.03959,132.11,94.8912,-569.145,6.25544,-2.17056,0.108883,-0.0378744,0.993333,58.7724,58.7724,1,1043.98,424.594,1.96482,193.327,95.2301,-566.752,-1.18322,-1.70113,-0.0206404,-0.0296859,0.999346,58.7724,58.7724,1,1059.55,403.366,1,0
83790044742750,1075.12,382.137,2.06552,132.097,94.8596,-569.071,5.93537,-2.44486,0.103313,-0.0426579,0.993734,58.7606,58.7606,1,1043.98,424.594,1.95186,193.348,95.2228,-566.565,-0.694562,-1.45715,-0.0121182,-0.0254293,0.999603,58.7606,58.7606,1,1059.55,403.366,1,0
83790047242500,1075.12,382.137,2.0064,132.107,94.8006,-569.118,6.19067,-3.44364,0.107643,-0.0600666,0.992373,58.7664,58.7664,1,1043.98,417.393,1.97193,193.336,95.1692,-566.61,-1.33368,-2.0201,-0.0232605,-0.0352501,0.999108,58.7664,58.7664,1,1059.55,399.765,1,0
83790049745700,1075.12,382.137,2.02393,132.117,94.7688,-569.016,6.20531,-3.42572,0.107898,-0.0597544,0.992365,58.762,58.762,1,1043.98,424.594,1.97239,193.361,95.1024,-566.592,-1.31621,-2.82019,-0.0229423,-0.0492017,0.998525,58.762,58.762,1,1059.55,403.366,1,0
83790052241970,1075.12,382.137,2.03257,132.108,94.7211,-569.005,5.95921,-3.85729,0.103585,-0.0672715,0.992343,58.7581,58.7581,1,1043.3,424.594,1.95459,193.368,95.1083,-566.51,-0.887579,-0.943614,-0.0154885,-0.0164684,0.999744,58.7581,58.7581,1,1059.21,403.366,1,0
83790054745180,1075.12,382.137,2.02848,132.128,94.6884,-568.921,6.2019,-3.88906,0.107783,-0.0678247,0.991858,58.75,58.75,1,1043.3,424.594,1.9669,193.369,95.0715,-566.403,-0.889264,-1.11971,-0.015517,-0.0195414,0.999689,58.75,58.75,1,1059.21,403.366,1,0
83790057244920,1075.12,337.454,2.03854,132.14,94.6805,-568.793,6.20518,-3.39169,0.1079,-0.0591616,0.9924,58.7444,58.7444,1,1037.66,422.604,1.95755,193.392,95.0107,-566.393,-0.799589,-1.91086,-0.0139473,-0.0333445,0.999347,58.7444,58.7444,1,1056.39,380.029,1,0
83790059741190,1075.12,376.965,2.02587,132.158,94.6896,-568.635,6.26995,-2.68627,0.109093,-0.046867,0.992926,58.7448,58.7448,1,1037.66,424.594,1.93846,193.404,94.9377,-566.543,-1.41262,-2.85787,-0.0246217,-0.0498585,0.998453,58.7448,58.7448,1,1056.39,400.779,1,0
83790062244400,1075.12,376.965,2.01977,132.166,94.6393,-568.632,6.03754,-3.5878,0.104974,-0.0625779,0.992504,58.7362,58.7362,1,1037.66,424.594,1.96219,193.401,94.9342,-566.348,-0.802815,-1.74013,-0.0140049,-0.0303664,0.999441,58.7362,58.7362,1,1056.39,400.779,1,0
83790064740670,1075.12,339.619,1.99148,132.173,94.6117,-568.557,5.9748,-3.34949,0.103913,-0.0584263,0.992869,58.7286,58.7286,1,1037.66,424.594,1.97347,193.401,94.9466,-566.257,-0.895304,-0.876865,-0.0156235,-0.0153036,0.999761,58.7286,58.7286,1,1056.39,382.106,1,0
83790067247350,1075.12,339.619,2.02806,132.19,94.5609,-568.491,6.30782,-3.13582,0.109705,-0.0547031,0.992458,58.728,58.728,1,1037.66,424.594,1.96063,193.418,94.897,-566.284,-0.838865,-1.14755,-0.0146375,-0.0200273,0.999692,58.728,58.728,1,1056.39,382.106,1,0
83790069743620,1075.12,376.965,2.00695,132.176,94.5811,-568.325,5.7363,-2.11422,0.0998822,-0.0368918,0.994315,58.7125,58.7125,1,1037.54,424.594,1.95851,193.424,94.8661,-566.117,-0.810083,-1.42373,-0.0141338,-0.0248462,0.999591,58.7125,58.7125,1,1056.33,400.779,1,0
83790072246830,1075.12,376.965,2.04939,132.188,94.5423,-568.356,6.02142,-2.47838,0.104802,-0.0432424,0.993553,58.716,58.716,1,1037.66,424.594,1.96177,193.435,94.7995,-566.133,-0.692828,-2.14186,-0.0120834,-0.0373738,0.999228,58.716,58.716,1,1056.39,400.779,1,0
83790074746560,1075.12,363.768,2.02382,132.208,94.4833,-568.352,6.20781,-2.90382,0.107996,-0.0506594,0.99286,58.718,58.718,1,1037.66,424.594,1.95604,193.448,94.7776,-566.157,-0.53807,-1.47843,-0.00938782,-0.0258006,0.999623,58.718,58.718,1,1056.39,394.181,1,0
83790077249780,1075.12,376.965,1.99547,132.222,94.46,-568.305,6.15811,-2.62103,0.10716,-0.0457297,0.99319,58.708,58.708,1,1037.66,424.594,1.99012,193.445,94.7846,-565.987,-0.537834,-1.2308,-0.00938467,-0.0214798,0.999725,58.708,58.708,1,1056.39,400.779,1,0
83790079746040,1075.12,376.965,2.01008,132.227,94.4247,-568.197,6.09639,-2.15786,0.106126,-0.0376529,0.99364,58.7006,58.7006,1,1037.66,424.594,1.97948,193.445,94.8005,-565.933,-0.512872,-0.354612,-0.00895101,-0.00618911,0.999941,58.7006,58.7006,1,1056.39,400.779,1,0
83790082245790,1075.12,376.965,1.99585,132.231,94.4579,-567.999,5.86084,-1.29111,0.102087,-0.0225322,0.99452,58.685,58.685,1,1043.81,424.594,1.98129,193.461,94.7749,-565.801,-0.644412,-0.95105,-0.0112453,-0.0165982,0.999799,58.685,58.685,1,1059.46,400.779,1,0
83790084748990,1075.12,376.965,2.00887,132.247,94.4144,-567.989,5.95864,-1.53047,0.103773,-0.0267085,0.994242,58.6904,58.6904,1,1037.66,432.792,1.95031,193.465,94.7053,-565.896,-1.17363,-1.69815,-0.0204733,-0.0296339,0.999351,58.6904,58.6904,1,1056.39,404.878,1,0
83790087245260,1075.12,376.965,2.0049,132.223,94.333,-568.152,5.66015,-2.6797,0.0985199,-0.0467525,0.994036,58.6988,58.6988,1,1037.66,424.594,1.92029,193.482,94.6481,-565.875,-1.02321,-2.45534,-0.017841,-0.0428407,0.998923,58.6988,58.6988,1,1056.39,400.779,1,0
83790089748470,1075.12,376.965,2.01341,132.249,94.3042,-568.084,5.88618,-2.49541,0.102455,-0.0435394,0.993784,58.6943,58.6943,1,1037.66,424.594,1.93221,193.49,94.5957,-565.825,-1.2319,-2.80333,-0.0214733,-0.0489078,0.998572,58.6943,58.6943,1,1056.39,400.779,1,0
83790092248210,1071.44,376.965,2.00994,132.255,94.2747,-568.076,5.99629,-2.23299,0.104385,-0.0389632,0.993773,58.6886,58.6886,1,1037.66,424.594,1.96546,193.5,94.605,-565.705,-1.22069,-2.69397,-0.0212799,-0.0470013,0.998668,58.6886,58.6886,1,1054.55,400.779,1,0
83790094751430,1075.12,376.965,2.00821,132.264,94.2491,-568.018,6.20747,-2.0187,0.108062,-0.0352257,0.99352,58.6846,58.6846,1,1025.74,424.594,1.95305,193.505,94.6078,-565.674,-1.44128,-2.22379,-0.0251334,-0.0388027,0.998931,58.6846,58.6846,1,1050.43,400.779,1,0
83790097247690,1075.12,376.965,2.00168,132.277,94.1994,-568.047,6.25051,-1.66725,0.10883,-0.0290949,0.993635,58.6826,58.6826,1,1037.66,424.594,1.92892,193.522,94.582,-565.581,-0.74397,-1.51081,-0.0129798,-0.0263656,0.999568,58.6826,58.6826,1,1056.39,400.779,1,0
83790099747430,1075.12,385.684,2.00196,132.279,94.2734,-567.702,5.8425,-0.791446,0.101784,-0.0138129,0.994711,58.664,58.664,1,1037.66,424.594,1.98414,193.529,94.5637,-565.545,-0.918507,-1.52221,-0.0160246,-0.0265644,0.999519,58.664,58.664,1,1056.39,405.139,1,0
83790102250640,1071.44,400.119,2.03394,132.295,94.2511,-567.66,5.84119,-0.885186,0.101759,-0.0154488,0.994689,58.6638,58.6638,1,1031.87,424.594,1.93978,193.531,94.489,-565.556,-1.23449,-2.78948,-0.0215187,-0.0486663,0.998583,58.6638,58.6638,1,1051.66,412.357,1,0
83790104746910,1075.12,399.008,2.04427,132.28,94.1696,-567.811,5.75332,-2.24442,0.100169,-0.0391626,0.994199,58.673,58.673,1,1025.74,424.594,1.96638,193.543,94.4931,-565.58,-1.48607,-2.60634,-0.0259071,-0.0454735,0.99863,58.673,58.673,1,1050.43,411.801,1,0
83790107253590,1075.12,376.965,1.99826,132.304,94.1143,-567.869,6.11405,-2.89178,0.106372,-0.0504496,0.993046,58.673,58.673,1,1034.04,424.594,1.92203,193.561,94.4281,-565.491,-0.882228,-2.80866,-0.0153787,-0.0490008,0.99868,58.673,58.673,1,1054.58,400.779,1,0
83790109749850,1071.44,385.684,2.04019,132.306,94.137,-567.703,5.93195,-2.50653,0.103248,-0.0437332,0.993694,58.6523,58.6523,1,1037.66,424.594,1.92309,193.551,94.5336,-565.25,-0.778622,-0.885596,-0.0135875,-0.0154559,0.999788,58.6523,58.6523,1,1054.55,405.139,1,0
83790112253070,1075.12,400.119,2.02816,132.322,94.1445,-567.611,6.08299,-2.04342,0.105902,-0.0356568,0.993737,58.6486,58.6486,1,1032.91,424.594,1.9584,193.559,94.4651,-565.248,-0.904487,-1.36659,-0.0157811,-0.0238493,0.999591,58.6486,58.6486,1,1054.01,412.357,1,0
83790114749330,1075.12,399.008,2.02226,132.343,94.1342,-567.542,6.20106,-1.69652,0.10797,-0.0296055,0.993713,58.6514,58.6514,1,1025.74,424.594,1.94725,193.577,94.4494,-565.369,-1.07632,-1.12331,-0.0187806,-0.0196041,0.999631,58.6514,58.6514,1,1050.43,411.801,1,0
83790117256010,1075.12,400.119,2.03018,132.33,94.1405,-567.466,5.84107,-1.20006,0.101747,-0.0209435,0.99459,58.646,58.646,1,1032.91,424.594,1.92421,193.586,94.4108,-565.322,-0.949014,-1.15437,-0.0165593,-0.0201462,0.99966,58.646,58.646,1,1054.01,412.357,1,0
83790119752280,1071.44,400.119,2.03874,132.341,94.122,-567.398,5.74398,-1.03063,0.100067,-0.0179869,0.994818,58.6306,58.6306,1,1037.66,449.803,1.94869,193.577,94.4458,-565.067,-0.814007,-0.721335,-0.0142055,-0.0125893,0.99982,58.6306,58.6306,1,1054.55,424.961,1,0
83790122252030,1075.12,410.014,2.04434,132.364,94.1125,-567.372,6.00244,-1.2502,0.104546,-0.0218183,0.994281,58.6408,58.6408,1,1032.91,432.467,1.93995,193.606,94.3523,-565.282,-0.910594,-1.66991,-0.0158854,-0.0291412,0.999449,58.6408,58.6408,1,1054.01,421.24,1,0
83790124755240,1071.99,401.161,2.00307,132.357,94.0754,-567.363,5.72911,-2.19852,0.0997519,-0.038362,0.994273,58.6335,58.6335,1,1032.91,424.594,1.93713,193.601,94.3175,-565.116,-0.898667,-2.43111,-0.0156699,-0.0424182,0.998977,58.6335,58.6335,1,1052.45,412.877,1,0
83790127251500,1071.44,401.161,2.03904,132.376,94.0964,-567.315,5.83452,-1.53176,0.101619,-0.026731,0.994464,58.6301,58.6301,1,1033.49,432.467,1.98361,193.628,94.3501,-565.108,-0.70241,-1.31519,-0.0122558,-0.0229524,0.999661,58.6301,58.6301,1,1052.47,416.814,1,0
83790129754720,1071.44,405.079,1.99032,132.397,94.067,-567.301,6.16235,-2.12612,0.107272,-0.0370992,0.993537,58.6309,58.6309,1,1033.49,432.467,1.98893,193.628,94.2805,-565.112,-1.08787,-2.12414,-0.0189728,-0.0370648,0.999133,58.6309,58.6309,1,1052.47,418.773,1,0
83790132254450,1075.12,405.079,2.02399,132.405,94.0302,-567.319,6.11075,-2.99976,0.106305,-0.0523318,0.992956,58.6272,58.6272,1,1032.91,432.467,1.97437,193.637,94.3113,-565.012,-1.0878,-1.08226,-0.0189812,-0.0188879,0.999641,58.6272,58.6272,1,1054.01,418.773,1,0
83790134757670,1071.44,401.161,1.99398,132.425,94.0152,-567.244,5.96637,-2.74747,0.103825,-0.047934,0.99344,58.6201,58.6201,1,1032.91,432.467,1.94521,193.648,94.2978,-564.929,-0.915958,-0.823071,-0.0159842,-0.0143648,0.999769,58.6201,58.6201,1,1052.18,416.814,1,0
83790137253930,1071.44,404.429,1.99018,132.429,94.0266,-567.125,5.84562,-2.13547,0.101778,-0.0372624,0.994109,58.6147,58.6147,1,1032.91,432.467,1.92984,193.663,94.2655,-564.927,-1.15575,-1.25242,-0.0201655,-0.0218572,0.999558,58.6147,58.6147,1,1052.18,418.448,1,0
83790139757140,1071.44,405.079,1.9907,132.429,93.9625,-567.25,5.84283,-2.02276,0.101737,-0.0352964,0.994185,58.6206,58.6206,1,1032.85,432.467,1.94108,193.679,94.2421,-564.906,-0.929937,-1.49744,-0.0162242,-0.0261322,0.999527,58.6206,58.6206,1,1052.15,418.773,1,0
83790142256880,1075.12,405.079,1.98635,132.46,93.9919,-567.051,6.2225,-1.78494,0.108337,-0.0311481,0.993626,58.6116,58.6116,1,1032.85,432.467,1.93865,193.692,94.2001,-564.909,-1.06892,-1.70262,-0.0186469,-0.0297119,0.999385,58.6116,58.6116,1,1053.98,418.773,1,0
83790144753150,1071.44,405.079,2.00025,132.455,93.9657,-567.07,5.90709,-1.45865,0.102882,-0.0254554,0.994368,58.6155,58.6155,1,1032.85,432.467,1.93909,193.699,94.1849,-564.962,-1.63385,-2.30647,-0.028489,-0.0402447,0.998784,58.6155,58.6155,1,1052.15,418.773,1,0
83790147256360,1071.44,405.079,2.01298,132.478,93.9619,-566.979,6.06111,-1.78982,0.105538,-0.0312331,0.993925,58.6164,58.6164,1,1032.21,432.467,1.90736,193.723,94.1001,-565.048,-1.6501,-2.94662,-0.0287577,-0.0514055,0.998264,58.6164,58.6164,1,1051.83,418.773,1,0
83790149756100,1071.44,406.197,1.99301,132.483,93.9103,-567.12,5.9289,-2.09248,0.103225,-0.0365126,0.993988,58.617,58.617,1,1032.21,432.467,1.92871,193.745,94.1337,-564.916,-1.2974,-2.29847,-0.0226237,-0.0401052,0.998939,58.617,58.617,1,1051.83,419.332,1,0
83790152259310,1071.44,405.079,1.99774,132.494,93.8436,-567.208,5.87199,-2.57949,0.102203,-0.0450054,0.993745,58.6208,58.6208,1,1032.85,432.467,1.97008,193.771,94.139,-564.89,-0.911431,-1.60012,-0.0159006,-0.0279238,0.999484,58.6208,58.6208,1,1052.15,418.773,1,0
83790154755570,1071.44,405.079,1.99871,132.504,93.8366,-567.13,5.69361,-1.83516,0.099158,-0.0320241,0.994556,58.6207,58.6207,1,1032.25,432.467,1.92969,193.783,94.0404,-564.939,-0.937541,-2.67897,-0.0163446,-0.0467398,0.998773,58.6207,58.6207,1,1051.84,418.773,1,0
83790157262260,1071.44,406.197,1.9788,132.535,93.8233,-567.068,5.73924,-1.70966,0.0999568,-0.0298347,0.994544,58.6062,58.6062,1,1032.25,432.467,1.93437,193.787,94.1379,-564.716,-0.538424,-0.189444,-0.00939708,-0.00330641,0.99995,58.6062,58.6062,1,1051.84,419.332,1,0
83790159758530,1068.36,406.197,1.9784,132.551,93.7867,-567.072,5.84527,-1.33572,0.101815,-0.0233105,0.99453,58.6144,58.6144,1,1032.85,432.467,1.93654,193.818,94.0601,-564.856,-0.851963,-1.01013,-0.0148667,-0.0176291,0.999734,58.6144,58.6144,1,1050.6,419.332,1,0
83790162261740,1071.44,406.197,2.00085,132.583,93.7718,-567.057,6.02674,-1.59682,0.104952,-0.0278662,0.994087,58.6119,58.6119,1,1032.85,432.467,1.95159,193.828,94.0459,-564.81,-1.00344,-0.893452,-0.0175104,-0.0155931,0.999725,58.6119,58.6119,1,1052.15,419.332,1,0
83790164758010,1071.44,420.088,2.01457,132.585,93.7905,-566.934,5.5342,-1.1566,0.0964203,-0.0201851,0.995136,58.6079,58.6079,1,1032.25,432.467,1.9526,193.844,94.0113,-564.843,-1.28397,-1.41584,-0.0224008,-0.0247086,0.999444,58.6079,58.6079,1,1051.84,426.277,1,0
83790167257740,1068.36,406.197,1.98602,132.601,93.6928,-567.135,5.83194,-2.18083,0.101537,-0.0380535,0.994104,58.6118,58.6118,1,1032.85,444.641,1.94073,193.868,94.0115,-564.699,-0.812049,-1.06893,-0.01417,-0.0186553,0.999726,58.6118,58.6118,1,1050.6,425.419,1,0
83790169760960,1068.36,406.197,2.00103,132.629,93.7698,-566.819,5.7269,-0.69971,0.0997794,-0.0122119,0.994935,58.6039,58.6039,1,1032.85,432.467,1.93205,193.895,93.8808,-564.832,-1.16256,-3.45847,-0.0202521,-0.0603251,0.997973,58.6039,58.6039,1,1050.6,419.332,1,0
83790172257220,1071.44,406.197,1.96794,132.65,93.6799,-567.054,6.15301,-2.51096,0.107081,-0.0438105,0.993285,58.6195,58.6195,1,1032.25,432.467,1.93722,193.9,93.9301,-564.919,-2.03346,-2.1383,-0.0354583,-0.0373117,0.998674,58.6195,58.6195,1,1051.84,419.332,1,0
83790174760440,1071.44,406.197,1.9428,132.666,93.6327,-567.117,6.27157,-3.75984,0.109006,-0.0655746,0.991876,58.6127,58.6127,1,1032.25,432.467,1.92862,193.915,93.8601,-564.68,-1.27998,-3.03613,-0.0223066,-0.0529657,0.998347,58.6127,58.6127,1,1051.84,419.332,1,0
83790177260170,1068.36,406.197,1.94987,132.686,93.6856,-566.859,5.84002,-1.96866,0.101691,-0.0343529,0.994223,58.5956,58.5956,1,1032.85,444.641,1.89215,193.94,93.968,-564.617,-0.867371,-0.25091,-0.0151378,-0.00437918,0.999876,58.5956,58.5956,1,1050.6,425.419,1,0
83790179763380,1071.44,406.197,1.9645,132.72,93.5808,-567.081,6.31964,-2.70488,0.109952,-0.0471915,0.992816,58.6138,58.6138,1,1032.25,432.467,1.9084,193.968,93.8637,-564.727,-1.06132,-1.79896,-0.0185133,-0.0313926,0.999336,58.6138,58.6138,1,1051.84,419.332,1,0
83790182263120,1071.44,406.197,1.94443,132.738,93.6043,-566.828,6.03228,-1.1725,0.105067,-0.0204626,0.994255,58.6007,58.6007,1,1032.25,432.467,1.89544,193.983,93.9018,-564.718,-1.04955,-0.888385,-0.0183149,-0.0155046,0.999712,58.6007,58.6007,1,1051.84,419.332,1,0
83790184759390,1071.44,406.197,1.9855,132.759,93.5589,-566.886,6.16835,-1.12489,0.107429,-0.0196317,0.994019,58.6063,58.6063,1,1032.25,432.467,1.89338,193.998,93.843,-564.749,-1.35846,-1.66699,-0.0236973,-0.0290904,0.999296,58.6063,58.6063,1,1051.84,419.332,1,0
83790187262600,1068.36,406.197,1.96765,132.761,93.5365,-566.926,5.84216,-0.905745,0.101776,-0.0158076,0.994682,58.6145,58.6145,1,1032.25,432.467,1.93312,194.039,93.7824,-564.863,-1.24751,-2.2999,-0.021754,-0.0401301,0.998958,58.6145,58.6145,1,1050.3,419.332,1,0
83790189758860,1071.44,406.197,1.98852,132.795,93.526,-566.827,5.6814,-0.356031,0.0989947,-0.00621387,0.995069,58.6093,58.6093,1,1032.25,432.467,1.89858,194.065,93.7369,-564.837,-0.943662,-2.11518,-0.016458,-0.0369085,0.999183,58.6093,58.6093,1,1051.84,419.332,1,0
83790192265550,1068.36,455.585,2.00926,132.8,93.4596,-566.957,5.45649,-1.08734,0.0950728,-0.0189765,0.995289,58.6098,58.6098,1,1032.25,432.467,1.89695,194.066,93.748,-564.701,-1.18342,-2.05139,-0.0206398,-0.0357958,0.999146,58.6098,58.6098,1,1050.3,444.026,1,0
83790194761820,1068.36,415.826,2.00272,132.815,93.4278,-566.971,5.4277,-1.87254,0.0945392,-0.0326762,0.994985,58.6059,58.6059,1,1032.25,432.467,1.97523,194.096,93.7705,-564.602,-0.784391,-1.0398,-0.0136875,-0.018147,0.999742,58.6059,58.6059,1,1050.3,424.146,1,0
83790197265030,1064.99,406.197,2.01984,132.844,93.3811,-567.033,5.63349,-2.09333,0.0980991,-0.0365273,0.994506,58.6173,58.6173,1,1032.25,432.467,1.9029,194.124,93.6647,-564.741,-1.39706,-2.3762,-0.02436,-0.0414606,0.998843,58.6173,58.6173,1,1048.62,419.332,1,0
83790199764770,1056.17,406.197,1.94931,132.878,93.3976,-566.923,5.60877,-2.28407,0.0976576,-0.039854,0.994422,58.6115,58.6115,1,1032.25,432.467,1.89588,194.146,93.643,-564.726,-1.53066,-2.40137,-0.0266884,-0.0418996,0.998765,58.6115,58.6115,1,1044.21,419.332,1,0
83790202267980,1053.83,417.429,1.92448,132.906,93.3475,-566.955,5.5333,-1.83514,0.0963748,-0.0320238,0.99483,58.6091,58.6091,1,1032.25,432.467,1.90986,194.171,93.6998,-564.645,-1.02437,-0.417934,-0.0178771,-0.00729426,0.999814,58.6091,58.6091,1,1043.04,424.948,1,0
83790204764250,1059.73,415.826,1.91126,132.933,93.3312,-566.927,5.73075,-1.19785,0.0998319,-0.0209049,0.994785,58.6082,58.6082,1,1032.25,432.467,1.86988,194.197,93.6127,-564.626,-0.713337,-1.40162,-0.012446,-0.0244605,0.999623,58.6082,58.6082,1,1045.99,424.146,1,0
83790207263980,1064.99,417.429,1.9461,132.955,93.2829,-566.903,5.90849,-1.29259,0.102914,-0.022558,0.994434,58.607,58.607,1,1032.25,432.467,1.9009,194.221,93.6469,-564.622,-0.71413,-0.44116,-0.0124632,-0.00769962,0.999893,58.607,58.607,1,1048.62,424.948,1,0
83790209767200,1057.1,417.429,1.95105,132.961,93.275,-566.935,5.68074,-0.916664,0.0989726,-0.0159981,0.994962,58.6067,58.6067,1,1032.25,432.467,1.91972,194.249,93.6407,-564.578,-0.857881,-0.997629,-0.01497,-0.017411,0.999736,58.6067,58.6067,1,1044.67,424.948,1,0
83790212263460,1059.73,417.429,1.97482,133.004,93.2523,-566.842,5.9263,-1.27203,0.103224,-0.0221993,0.99441,58.6093,58.6093,1,1032.25,443.191,1.93006,194.283,93.5713,-564.703,-0.787477,-1.281,-0.0137402,-0.0223557,0.999656,58.6093,58.6093,1,1045.99,430.31,1,0
83790214766670,1064.99,415.826,1.96066,133.016,93.1856,-566.999,5.96447,-2.72421,0.103794,-0.0475284,0.993463,58.6119,58.6119,1,1039.29,443.191,1.89133,194.297,93.5651,-564.581,-0.694035,-1.05219,-0.0121109,-0.0183632,0.999758,58.6119,58.6119,1,1052.14,429.508,1,0
83790217266410,1064.99,417.429,1.99379,133.034,93.1288,-567.126,5.73815,-2.35488,0.0998978,-0.0410888,0.994149,58.6208,58.6208,1,1039.29,445.811,1.88627,194.322,93.5102,-564.613,-0.719753,-1.34417,-0.0125583,-0.023458,0.999646,58.6208,58.6208,1,1052.14,431.62,1,0
83790219769620,1057.1,417.429,1.97886,133.083,93.1562,-566.875,5.60909,-1.79964,0.0976926,-0.0314044,0.994721,58.6045,58.6045,1,1032.25,445.811,1.87811,194.335,93.5089,-564.523,-1.03055,-1.06802,-0.0179823,-0.0186394,0.999664,58.6045,58.6045,1,1044.67,431.62,1,0
83790222265890,1059.73,417.429,1.9198,133.093,93.0715,-567.12,5.21961,-1.93081,0.0909218,-0.0336925,0.995288,58.6145,58.6145,1,1037.3,445.811,1.88267,194.373,93.4877,-564.465,-0.908455,-1.11707,-0.0158519,-0.0194953,0.999684,58.6145,58.6145,1,1048.51,431.62,1,0
83790224769100,1063.34,417.429,1.90068,133.142,93.0759,-566.977,5.77431,-1.41787,0.100579,-0.0247439,0.994621,58.6195,58.6195,1,1037.3,445.811,1.8712,194.406,93.4533,-564.706,-1.37669,-0.607793,-0.0240242,-0.0106078,0.999655,58.6195,58.6195,1,1050.32,431.62,1,0
83790227268850,1062.29,417.429,1.93971,133.162,93.0196,-566.983,5.75349,-1.69148,0.100205,-0.0295176,0.994529,58.6085,58.6085,1,1039.29,445.811,1.86361,194.415,93.45,-564.449,-0.82042,-0.290123,-0.0143183,-0.00506358,0.999885,58.6085,58.6085,1,1050.79,431.62,1,0
83790229765110,1059.44,417.429,1.94294,133.201,93.0673,-566.801,5.69983,-0.36891,0.0993148,-0.00643865,0.995035,58.6019,58.6019,1,1037.3,458.209,1.87024,194.456,93.4636,-564.507,-0.840934,0.195353,-0.0146765,0.00340955,0.999886,58.6019,58.6019,1,1048.37,437.819,1,0
83790232268320,1062.29,417.429,1.94495,133.219,92.9873,-566.941,5.88784,-1.63367,0.10254,-0.028509,0.99432,58.6114,58.6114,1,1037.3,445.811,1.89468,194.471,93.3741,-564.524,-1.36068,-1.39942,-0.023739,-0.024422,0.99942,58.6114,58.6114,1,1049.79,431.62,1,0
83790234768060,1063.34,417.429,1.94849,133.234,92.9033,-567.116,5.76948,-2.31355,0.100444,-0.0403681,0.994123,58.6331,58.6331,1,1037.3,445.811,1.86799,194.534,93.2908,-564.767,-0.907198,-1.3923,-0.0158283,-0.0242979,0.999579,58.6331,58.6331,1,1050.32,431.62,1,0
83790237271270,1062.29,417.429,1.9384,133.273,92.8545,-567.104,5.6937,-2.49681,0.0991161,-0.0435638,0.994122,58.6254,58.6254,1,1039.29,445.811,1.89571,194.55,93.3154,-564.608,-0.67914,-0.431256,-0.0118526,-0.00752677,0.999901,58.6254,58.6254,1,1050.79,431.62,1,0
83790239767540,1059.44,417.429,1.96311,133.31,92.8557,-567.033,5.39648,-1.05443,0.0940312,-0.0184023,0.995399,58.6245,58.6245,1,1037.3,458.209,1.87989,194.576,93.2667,-564.646,-1.22965,-0.799846,-0.0214578,-0.0139595,0.999672,58.6245,58.6245,1,1048.37,437.819,1,0
83790242274220,1062.29,417.429,1.90999,133.336,92.8028,-567.078,5.34417,-2.30139,0.093063,-0.040156,0.99485,58.6252,58.6252,1,1037.3,445.811,1.86887,194.611,93.2549,-564.6,-1.42889,-0.818577,-0.0249337,-0.0142864,0.999587,58.6252,58.6252,1,1049.79,431.62,1,0
83790244770490,1059.44,417.429,1.89787,133.385,92.793,-566.971,5.64079,-1.82752,0.0982414,-0.0318909,0.994651,58.6207,58.6207,1,1037.3,458.209,1.88118,194.645,93.2153,-564.597,-1.20776,-0.58742,-0.0210767,-0.0102522,0.999725,58.6207,58.6207,1,1048.37,437.819,1,0
83790247273700,1059.44,417.429,1.90095,133.402,92.7619,-566.99,5.56787,-1.17689,0.0970043,-0.0205391,0.995072,58.6242,58.6242,1,1039.29,473.394,1.89826,194.694,93.2371,-564.65,-0.612763,0.651389,-0.0106938,0.0113686,0.999878,58.6242,58.6242,1,1049.37,445.412,1,0
83790249769970,1058,417.429,1.91411,133.44,92.7527,-566.85,5.64981,-1.14817,0.0984282,-0.020038,0.994942,58.6165,58.6165,1,1037.3,473.394,1.90696,194.72,93.1643,-564.605,-0.795075,-0.457597,-0.0138758,-0.00798648,0.999872,58.6165,58.6165,1,1047.65,445.412,1,0
83790252269700,1062.29,417.429,1.94533,133.47,92.6814,-566.996,5.87784,-1.79644,0.102357,-0.0313486,0.994254,58.6283,58.6283,1,1037.3,473.394,1.89243,194.746,93.1386,-564.683,-1.06615,0.233382,-0.0186067,0.00407327,0.999819,58.6283,58.6283,1,1049.79,445.412,1,0
83790254772910,1059.44,417.429,1.94097,133.512,92.663,-566.982,5.80896,-1.13874,0.101192,-0.0198735,0.994668,58.6373,58.6373,1,1037.3,479.408,1.87347,194.789,93.0442,-564.86,-1.11065,-0.687867,-0.0193819,-0.0120053,0.99974,58.6373,58.6373,1,1048.37,448.418,1,0
83790257272660,1059.44,417.429,1.94263,133.523,92.5846,-567.057,5.47197,-0.906192,0.0953468,-0.0158154,0.995319,58.6439,58.6439,1,1037.3,473.394,1.87581,194.816,92.9962,-564.89,-1.17695,-0.816386,-0.020538,-0.0142481,0.999687,58.6439,58.6439,1,1048.37,445.412,1,0
83790259775870,1058,417.429,1.96244,133.577,92.5648,-567.018,5.55374,-1.63122,0.0967401,-0.0284663,0.994903,58.6437,58.6437,1,1037.3,473.394,1.88741,194.855,92.9717,-564.913,-1.30145,-0.907779,-0.0227098,-0.0158431,0.999617,58.6437,58.6437,1,1047.65,445.412,1,0
83790262272140,1059.44,417.429,1.88379,133.607,92.536,-567.023,5.62486,-1.41717,0.0979846,-0.0247317,0.994881,58.6425,58.6425,1,1030.65,473.394,1.91737,194.897,92.9143,-564.859,-1.39445,-1.63792,-0.0243254,-0.0285832,0.999295,58.6425,58.6425,1,1045.04,445.412,1,0
83790264775340,1058.95,424.388,1.916,133.644,92.5374,-566.933,5.64588,-0.813687,0.09837,-0.014201,0.995049,58.6333,58.6333,1,1028.35,479.408,1.88215,194.911,92.9514,-564.765,-1.32316,-0.301085,-0.0230911,-0.0052549,0.99972,58.6333,58.6333,1,1043.65,451.898,1,0
83790267275080,1059.44,422.252,1.91399,133.668,92.4664,-566.968,5.93067,-1.65885,0.103282,-0.0289483,0.994231,58.6393,58.6393,1,1037.3,473.394,1.88051,194.956,92.8925,-564.822,-0.840794,-0.565758,-0.0146734,-0.00987418,0.999844,58.6393,58.6393,1,1048.37,447.823,1,0
83790269778300,1059.44,417.429,1.94026,133.689,92.4187,-567.083,5.84686,-1.94141,0.101812,-0.0338775,0.994227,58.6386,58.6386,1,1037.3,479.408,1.92553,194.982,92.95,-564.694,-0.592348,1.30689,-0.0103355,0.0228075,0.999686,58.6386,58.6386,1,1048.37,448.418,1,0
83790272274560,1059.44,422.252,1.98025,133.712,92.3664,-567.091,5.92527,-1.54259,0.103194,-0.0269199,0.994297,58.644,58.644,1,1036.72,479.408,1.85704,195.005,92.8353,-564.756,-0.982385,0.0427292,-0.017145,0.000745765,0.999853,58.644,58.644,1,1048.08,450.83,1,0
83790274770830,1059.44,424.388,1.94525,133.76,92.3645,-566.947,5.74488,-0.662541,0.100092,-0.0115633,0.994911,58.6459,58.6459,1,1037.3,485.326,1.84924,195.041,92.769,-564.922,-0.868876,-0.0959242,-0.0151642,-0.00167419,0.999884,58.6459,58.6459,1,1048.37,454.857,1,0
83790277277510,1060.62,422.252,1.95061,133.796,92.3201,-566.965,5.6601,-1.03835,0.0986106,-0.0181216,0.994961,58.6474,58.6474,1,1037.3,485.326,1.85835,195.068,92.7168,-564.911,-0.715224,-0.0341884,-0.0124827,-0.000596701,0.999922,58.6474,58.6474,1,1048.96,453.789,1,0
83790279773780,1059.44,424.388,1.85026,133.812,92.288,-566.99,5.34283,-1.23502,0.0930932,-0.0215536,0.995424,58.6615,58.6615,1,1037.3,488.107,1.87161,195.115,92.6286,-565.153,-1.06089,-0.488823,-0.0185143,-0.00853147,0.999792,58.6615,58.6615,1,1048.37,456.248,1,0
83790282276990,1059.44,428.16,1.85344,133.855,92.2864,-566.84,5.58505,-0.12121,0.097323,-0.00211552,0.995251,58.6436,58.6436,1,1036.72,488.107,1.90176,195.128,92.6472,-564.927,-1.49207,-0.222265,-0.0260384,-0.00387924,0.999653,58.6436,58.6436,1,1048.08,458.133,1,0
83790284776730,1059.44,424.388,1.92044,133.872,92.1943,-566.985,5.61404,-1.85385,0.0977756,-0.0323502,0.994683,58.6506,58.6506,1,1037.3,488.107,1.8654,195.166,92.6134,-564.897,-0.7867,-0.0586138,-0.0137301,-0.001023,0.999905,58.6506,58.6506,1,1048.37,456.248,1,0
83790287279940,1060.62,422.252,1.89778,133.91,92.1788,-566.973,5.94715,-1.66506,0.103567,-0.0290566,0.994198,58.6445,58.6445,1,1037.3,488.107,1.87086,195.191,92.6328,-564.781,-0.522865,0.736832,-0.00912484,0.0128598,0.999876,58.6445,58.6445,1,1048.96,455.18,1,0
83790289776200,1059.44,424.388,1.91656,133.945,92.1371,-566.949,6.06412,-0.855546,0.10563,-0.0149315,0.994293,58.6501,58.6501,1,1037.3,488.107,1.88039,195.214,92.5424,-564.889,-1.07675,-0.250811,-0.0187915,-0.00437747,0.999814,58.6501,58.6501,1,1048.37,456.248,1,0
83790292275950,1060.62,428.16,1.91721,133.971,92.1017,-566.922,5.88246,-0.0929959,0.102488,-0.00162308,0.994733,58.6384,58.6384,1,1037.3,500.686,1.8606,195.238,92.5597,-564.661,-0.507895,1.01578,-0.00886293,0.0177279,0.999804,58.6384,58.6384,1,1048.96,464.423,1,0
83790294779160,1060.62,424.388,1.90481,133.983,91.9994,-567.117,5.76074,-1.18733,0.100353,-0.0207214,0.994736,58.6623,58.6623,1,1037.3,500.686,1.84664,195.275,92.4499,-564.919,-0.575103,0.741199,-0.0100364,0.012936,0.999866,58.6623,58.6623,1,1048.96,462.537,1,0
83790297275430,1060.62,428.16,1.93709,134.009,91.9585,-567.11,5.49701,-0.852364,0.0957831,-0.014876,0.995291,58.6565,58.6565,1,1037.3,500.686,1.94798,195.301,92.4522,-564.792,-0.436334,1.6886,-0.00761208,0.0294674,0.999537,58.6565,58.6565,1,1048.96,464.423,1,0
83790299778630,1059.44,445.884,1.95035,134.041,91.9286,-567.102,5.45636,-0.708465,0.0950803,-0.0123647,0.995393,58.6585,58.6585,1,1037.3,500.686,1.94613,195.336,92.3807,-564.815,-0.332374,0.818584,-0.0058004,0.0142865,0.999881,58.6585,58.6585,1,1048.37,473.285,1,0
83790302278380,1060.62,430.81,1.9132,134.076,91.869,-567.05,5.63077,-1.44535,0.0980861,-0.0252234,0.994858,58.668,58.668,1,1041.13,521.425,1.90223,195.36,92.3088,-565.034,-0.936561,0.14895,-0.0163453,0.00259967,0.999863,58.668,58.668,1,1050.87,476.117,1,0
83790304781590,1060.62,424.388,1.88848,134.104,91.8375,-567.114,5.83685,-1.81236,0.101645,-0.0316263,0.994318,58.6609,58.6609,1,1041.13,509.428,1.88302,195.37,92.2874,-564.806,-0.931576,-0.0653908,-0.0162583,-0.00114128,0.999867,58.6609,58.6609,1,1050.87,466.908,1,0
83790307277850,1060.62,430.81,1.85378,134.148,91.8132,-566.964,6.06877,-1.01998,0.105705,-0.0178011,0.994238,58.6577,58.6577,1,1037.3,500.686,1.85495,195.405,92.2374,-564.867,-1.18303,-0.701389,-0.0206447,-0.0122412,0.999712,58.6577,58.6577,1,1048.96,465.748,1,0
83790309781070,1060.62,445.884,1.87877,134.161,91.8248,-566.86,5.79453,-0.148716,0.100961,-0.00259558,0.994887,58.6499,58.6499,1,1041.13,509.428,1.88154,195.442,92.2146,-564.801,-0.683167,0.0832363,-0.0119232,0.00145275,0.999928,58.6499,58.6499,1,1050.87,477.656,1,0
83790312280800,1060.62,430.81,1.88949,134.172,91.7081,-567.125,5.79236,-1.22184,0.100901,-0.0213236,0.994668,58.6627,58.6627,1,1041.13,521.425,1.90594,195.456,92.2193,-564.779,-0.589928,1.6441,-0.0102918,0.0286911,0.999535,58.6627,58.6627,1,1050.87,476.117,1,0
83790314777070,1065.53,437.747,1.93108,134.196,91.6338,-567.175,5.7063,-1.29689,0.0994036,-0.0226331,0.99479,58.6664,58.6664,1,1041.13,509.428,1.93962,195.498,92.1738,-564.775,-0.147113,1.96983,-0.00256608,0.0343733,0.999406,58.6664,58.6664,1,1053.33,473.588,1,0
83790317283750,1065.53,435.868,1.90916,134.221,91.5853,-567.23,5.72983,-1.32577,0.099811,-0.023137,0.994737,58.6748,58.6748,1,1041.13,521.425,1.88049,195.517,92.1004,-564.867,-0.621236,1.13199,-0.0108403,0.0197557,0.999746,58.6748,58.6748,1,1053.33,478.646,1,0
83790319780020,1065.53,445.884,1.95381,134.256,91.5838,-567.119,5.80257,-0.399461,0.101099,-0.00697185,0.994852,58.6679,58.6679,1,1055.59,521.425,1.87391,195.539,92.061,-564.821,-0.459327,0.87273,-0.00801575,0.0152314,0.999852,58.6679,58.6679,1,1060.56,483.654,1,0
83790322283230,1060.62,430.81,1.93368,134.275,91.4996,-567.156,5.4781,-1.85903,0.095415,-0.0324406,0.994909,58.668,58.668,1,1059.53,559.83,1.85977,195.568,92.0489,-564.76,-0.0659798,1.77513,-0.00115101,0.030977,0.999519,58.668,58.668,1,1060.07,495.32,1,0
83790324779500,1065.53,437.747,1.89345,134.311,91.511,-567.075,5.69392,-0.916651,0.0992015,-0.0159979,0.994939,58.6767,58.6767,1,1059.53,559.83,1.85628,195.593,91.9431,-565.001,-0.537685,1.1187,-0.00938244,0.0195237,0.999765,58.6767,58.6767,1,1062.53,498.789,1,0
83790327286180,1065.53,445.884,1.88311,134.334,91.4623,-567.054,5.69879,-1.07446,0.0992813,-0.0187518,0.994883,58.6792,58.6792,1,1041.13,521.425,1.90128,195.604,91.8732,-565.042,-1.28136,0.0797314,-0.022362,0.00139157,0.999749,58.6792,58.6792,1,1053.33,483.654,1,0
83790329782450,1065.53,445.884,1.87492,134.366,91.4281,-567.05,5.57139,-0.690193,0.0970789,-0.0120459,0.995204,58.6763,58.6763,1,1055.59,542.638,1.94809,195.651,91.8959,-564.981,-1.09343,0.574457,-0.0190819,0.010026,0.999768,58.6763,58.6763,1,1060.56,494.261,1,0
83790332285660,1060.62,445.884,1.89167,134.39,91.3719,-567.103,5.59539,-0.622045,0.0974971,-0.0108565,0.995177,58.6696,58.6696,1,1055.13,555.047,1.9227,195.663,91.8655,-564.764,-0.716217,0.805691,-0.0124988,0.0140615,0.999823,58.6696,58.6696,1,1057.88,500.465,1,0
83790334785400,1065.53,449.137,1.85507,134.423,91.3064,-567.134,5.96294,-0.611359,0.103879,-0.01067,0.994533,58.6826,58.6826,1,1055.13,542.638,1.89824,195.696,91.7936,-564.972,-1.08196,0.313977,-0.0188823,0.0054799,0.999807,58.6826,58.6826,1,1060.33,495.888,1,0
83790337281670,1065.53,449.137,1.84576,134.437,91.2133,-567.31,6.01513,-1.03622,0.104774,-0.0180846,0.994332,58.696,58.696,1,1041.13,524.955,1.869,195.732,91.7371,-565.041,-1.14803,0.270731,-0.0200353,0.00472512,0.999788,58.696,58.696,1,1053.33,487.046,1,0
83790339784880,1065.53,445.884,1.88952,134.456,91.1496,-567.389,5.99287,-1.61127,0.104363,-0.0281182,0.994142,58.6954,58.6954,1,1052.65,542.638,1.87661,195.75,91.6989,-564.921,-0.76966,0.612462,-0.0134319,0.0106893,0.999853,58.6954,58.6954,1,1059.09,494.261,1,0
83790342284610,1065.53,445.884,1.88402,134.493,91.1147,-567.338,5.98404,-1.7029,0.104205,-0.0297168,0.994112,58.6969,58.6969,1,1055.13,555.047,1.95476,195.778,91.6616,-564.985,-0.613168,1.54176,-0.0106977,0.0269055,0.999581,58.6969,58.6969,1,1060.33,500.465,1,0
83790344787830,1065.53,445.884,1.95242,134.514,91.0629,-567.352,5.54635,-1.85136,0.0966005,-0.0323066,0.994799,58.703,58.703,1,1052.65,542.638,1.89974,195.806,91.5571,-565.059,-0.951916,0.131277,-0.0166133,0.00229121,0.999859,58.703,58.703,1,1059.09,494.261,1,0
83790347284090,1065.53,445.884,1.87464,134.559,91.0125,-567.375,5.71201,-1.96359,0.0994699,-0.0342644,0.99445,58.7026,58.7026,1,1049.52,542.638,1.8609,195.83,91.5773,-565.019,-0.833507,1.05139,-0.0145445,0.0183492,0.999726,58.7026,58.7026,1,1057.52,494.261,1,0
83790349787310,1065.53,417.496,1.84982,134.598,90.982,-567.304,5.75287,-1.95775,0.100179,-0.0341625,0.994383,58.6956,58.6956,1,1052.65,555.047,1.86929,195.838,91.5452,-564.926,-0.761448,1.03301,-0.0132872,0.0180285,0.999749,58.6956,58.6956,1,1059.09,486.271,1,0
83790352287040,1065.53,412.211,1.85098,134.612,90.9153,-567.373,5.79194,-2.09599,0.100849,-0.0365738,0.994229,58.702,58.702,1,1055.13,555.047,1.83657,195.879,91.4934,-564.96,-0.618255,1.10945,-0.0107884,0.0193624,0.999754,58.702,58.702,1,1060.33,483.629,1,202
83790354790250,1065.53,403.708,1.84621,134.626,90.8551,-567.447,5.83349,-2.60869,0.101532,-0.0455144,0.993791,58.7123,58.7123,1,1052.65,542.638,1.92551,195.909,91.3971,-565.063,-1.09097,0.198971,-0.0190397,0.0034727,0.999813,58.7123,58.7123,1,1059.09,473.173,1,0
83790357286520,1067.99,397.289,1.88315,134.651,90.7949,-567.449,5.82227,-2.68619,0.101331,-0.0468658,0.993748,58.7021,58.7021,1,1052.65,555.047,1.87606,195.919,91.4508,-564.842,-0.78351,2.06873,-0.0136655,0.0360983,0.999255,58.7021,58.7021,1,1060.32,476.168,1,0
83790359786270,1070.17,413.11,1.86471,134.688,90.7986,-567.333,5.73826,-1.65481,0.0999425,-0.0288779,0.994574,58.7048,58.7048,1,1052.95,555.047,1.89013,195.959,91.3768,-564.998,-0.78621,1.91971,-0.0137138,0.0334989,0.999345,58.7048,58.7048,1,1061.56,484.078,1,0
83790362289470,1070.17,403.708,1.86252,134.722,90.6977,-567.537,6.09709,-2.09955,0.106142,-0.0366359,0.993676,58.7243,58.7243,1,1052.95,555.047,1.87832,195.992,91.2509,-565.148,-1.11751,0.270147,-0.0195028,0.00471494,0.999799,58.7243,58.7243,1,1061.56,479.377,1,0
83790364785740,1070.17,403.708,1.86771,134.744,90.6712,-567.484,5.77112,-1.78968,0.100506,-0.0312307,0.994446,58.7133,58.7133,1,1052.65,555.047,1.86235,196.018,91.2853,-564.968,-0.732095,1.10488,-0.0127748,0.0192827,0.999732,58.7133,58.7133,1,1061.41,479.377,1,0
83790367292430,1067.99,404.861,1.88486,134.751,90.5862,-567.658,5.44999,-1.63273,0.0949382,-0.0284927,0.995075,58.7329,58.7329,1,1052.95,555.047,1.8925,196.062,91.1744,-565.157,-0.457816,0.686935,-0.00798973,0.011989,0.999896,58.7329,58.7329,1,1060.47,479.954,1,0
83790369788690,1070.17,412.532,1.89743,134.793,90.5632,-567.601,5.67967,-1.64178,0.098926,-0.0286506,0.994682,58.7337,58.7337,1,1052.95,555.047,1.84025,196.069,91.1056,-565.209,-0.694433,0.0724772,-0.0121198,0.00126497,0.999926,58.7337,58.7337,1,1061.56,483.789,1,0
83790372291900,1069.52,403.708,1.83885,134.818,90.5241,-567.527,5.71184,-1.86264,0.0994728,-0.0325035,0.994509,58.7244,58.7244,1,1052.95,555.047,1.97346,196.095,91.1248,-565.079,-0.570982,0.979141,-0.00996389,0.0170884,0.999804,58.7244,58.7244,1,1061.23,479.377,1,0
83790374788170,1070.17,404.861,1.8495,134.862,90.4939,-567.593,5.91923,-1.70759,0.103081,-0.0297987,0.994227,58.7334,58.7334,1,1052.65,555.047,1.94347,196.12,91.0763,-565.184,-0.968579,1.15369,-0.0169007,0.0201343,0.999654,58.7334,58.7334,1,1061.41,479.954,1,0
83790377294850,1070.17,404.861,1.88429,134.868,90.3835,-567.732,5.76334,-2.8424,0.100296,-0.0495888,0.993721,58.7383,58.7383,1,1052.95,555.047,1.8775,196.137,91.0058,-565.1,-0.772557,0.690074,-0.0134823,0.0120438,0.999837,58.7383,58.7383,1,1061.56,479.954,1,0
83790379791120,1070.17,412.532,1.84117,134.907,90.3905,-567.639,5.97766,-1.0392,0.104124,-0.0181365,0.994399,58.7349,58.7349,1,1052.95,555.047,1.88626,196.175,90.9939,-565.119,-0.600861,1.03934,-0.0104851,0.0181389,0.99978,58.7349,58.7349,1,1061.56,483.789,1,0
83790382287380,1069.61,404.861,1.83197,134.916,90.3145,-567.748,5.70156,-1.29847,0.0993214,-0.0226607,0.994797,58.7468,58.7468,1,1052.95,555.047,1.86018,196.203,90.8867,-565.214,-0.744745,-0.0257783,-0.0129979,-0.000449917,0.999915,58.7468,58.7468,1,1061.28,479.954,1,0
83790384790600,1070.17,412.532,1.85232,134.924,90.2542,-567.801,5.38227,-1.07031,0.0937838,-0.0186794,0.995417,58.7554,58.7554,1,1052.65,555.047,1.86388,196.217,90.8031,-565.306,-1.12372,-0.0592588,-0.0196114,-0.00103426,0.999807,58.7554,58.7554,1,1061.41,483.789,1,0
83790387290330,1069.88,410.545,1.86241,134.96,90.1976,-567.784,5.70152,-1.63961,0.0993055,-0.0286126,0.994646,58.7513,58.7513,1,1052.95,555.047,1.90849,196.245,90.821,-565.224,-0.675525,1.22837,-0.0117872,0.0214375,0.999701,58.7513,58.7513,1,1061.41,482.796,1,0
83790389793550,1070.17,410.545,1.87264,134.986,90.1643,-567.764,5.733,-2.08346,0.0998268,-0.0363552,0.99434,58.75,58.75,1,1052.95,555.047,1.90532,196.278,90.8104,-565.205,-0.490857,1.2164,-0.00856503,0.0212285,0.999738,58.75,58.75,1,1061.56,482.796,1,0
83790392293290,1069.61,410.545,1.8516,135.027,90.1674,-567.617,5.62938,-1.54091,0.0980577,-0.0268907,0.994817,58.7518,58.7518,1,1052.95,555.047,1.84377,196.304,90.7273,-565.37,-0.738986,0.755854,-0.0128963,0.0131918,0.99983,58.7518,58.7518,1,1061.28,482.796,1,0
83790394796490,1069.88,412.532,1.79686,135.038,90.131,-567.632,5.56088,-1.49223,0.0968705,-0.0260415,0.994956,58.7477,58.7477,1,1052.65,555.047,1.87816,196.3,90.6873,-565.247,-0.873114,0.717068,-0.0152369,0.0125149,0.999806,58.7477,58.7477,1,1061.26,483.789,1,0
83790397292760,1069.61,410.545,1.78518,135.048,89.9882,-567.859,5.67543,-2.83045,0.0987724,-0.0493807,0.993884,58.7633,58.7633,1,1052.95,555.047,1.83016,196.305,90.602,-565.29,-0.954611,0.0873093,-0.0166603,0.00152383,0.99986,58.7633,58.7633,1,1061.28,482.796,1,0
83790399789030,1070.17,410.545,1.7922,135.084,89.9669,-567.833,5.8388,-1.84303,0.101677,-0.0321614,0.994297,58.7675,58.7675,1,1052.95,555.047,1.88345,196.352,90.5523,-565.385,-0.469852,0.839115,-0.00819948,0.0146448,0.999859,58.7675,58.7675,1,1061.56,482.796,1,0
83790402295720,1069.61,410.545,1.83285,135.089,89.9084,-567.861,5.57665,-2.36775,0.0970944,-0.0413132,0.994417,58.7833,58.7833,1,1052.95,549.618,1.85091,196.336,90.4035,-565.638,-1.709,-0.197162,-0.0298232,-0.00344112,0.999549,58.7833,58.7833,1,1061.28,480.081,1,0
83790404791980,1069.88,412.532,1.8257,135.13,89.9163,-567.782,5.72095,-1.37599,0.0996549,-0.0240132,0.994732,58.7791,58.7791,1,1052.95,555.047,1.8445,196.395,90.4162,-565.634,-0.827057,1.13117,-0.0144315,0.0197413,0.999701,58.7791,58.7791,1,1061.41,483.789,1,0
83790407295200,1069.61,410.545,1.82259,135.115,89.8098,-567.941,5.40034,-1.75403,0.0940701,-0.0306088,0.995095,58.7861,58.7861,1,1052.95,555.047,1.82732,196.406,90.386,-565.588,-0.847567,0.959968,-0.0147902,0.0167538,0.99975,58.7861,58.7861,1,1061.28,482.796,1,0
83790409794930,1069.61,410.545,1.82061,135.133,89.7573,-568.076,5.54467,-1.12244,0.0966032,-0.019589,0.99513,58.8007,58.8007,1,1052.95,555.047,1.82004,196.427,90.2801,-565.72,-1.0041,-0.0236024,-0.0175239,-0.000411939,0.999846,58.8007,58.8007,1,1061.28,482.796,1,0
83790412298140,1069.61,410.545,1.80324,135.157,89.665,-568.193,5.81191,-1.67956,0.10122,-0.0293096,0.994432,58.8027,58.8027,1,1052.95,549.618,1.83765,196.438,90.2714,-565.62,-0.849024,0.380189,-0.0148174,0.00663551,0.999868,58.8027,58.8027,1,1061.28,480.081,1,0
83790414794410,1069.61,410.545,1.83313,135.165,89.6452,-568.17,5.58186,-1.7265,0.0972236,-0.0301286,0.994806,58.8079,58.8079,1,1052.95,555.047,1.84426,196.446,90.188,-565.724,-1.39036,-0.246612,-0.0242638,-0.00430418,0.999696,58.8079,58.8079,1,1061.28,482.796,1,0
83790417297620,1069.61,410.545,1.83717,135.163,89.5901,-568.237,5.39876,-1.92689,0.0940336,-0.0336242,0.995001,58.8133,58.8133,1,1052.03,549.618,1.90353,196.473,90.1594,-565.75,-1.18479,0.0226538,-0.020677,0.000395384,0.999786,58.8133,58.8133,1,1060.82,480.081,1,0
83790419797620,1069.61,410.545,1.83717,135.163,89.5901,-568.237,5.39876,-1.92689,0.0940336,-0.0336242,0.995001,58.8133,58.8133,1,1052.03,549.618,1.90353,196.473,90.1594,-565.75,-1.18479,0.0226538,-0.020677,0.000395384,0.999786,58.8133,58.8133,1,1060.82,480.081,1,0
83790422297620,1069.61,410.545,1.80536,135.207,89.6167,-568.079,5.77941,-0.520228,0.100695,-0.00907956,0.994876,58.8031,58.8031,1,1052.95,545.571,1.83719,196.492,90.1564,-565.698,-0.67783,0.804744,-0.0118289,0.014045,0.999831,58.8031,58.8031,1,1061.28,478.058,1,0
83790424796840,1069.61,410.545,1.82241,135.237,89.5258,-568.102,5.65786,-0.416733,0.0985853,-0.0072733,0.995102,58.8167,58.8167,1,1052.95,545.571,1.84567,196.499,90.0186,-565.903,-1.3747,-0.050064,-0.0239907,-0.000873781,0.999712,58.8167,58.8167,1,1061.28,478.058,1,0
83790427296580,1069.61,410.545,1.82858,135.239,89.4232,-568.251,5.4168,-1.14166,0.0943816,-0.0199245,0.995337,58.8203,58.8203,1,1052.95,545.571,1.85342,196.535,89.9795,-565.792,-0.570667,-0.326945,-0.00995968,-0.00570624,0.999934,58.8203,58.8203,1,1061.28,478.058,1,0
83790429799780,1069.61,410.545,1.84731,135.248,89.37,-568.348,5.09672,-1.28623,0.0888149,-0.022447,0.995795,58.8335,58.8335,1,1052.03,545.571,1.83428,196.527,89.9012,-565.94,-1.1054,-0.642487,-0.0192905,-0.0112133,0.999751,58.8335,58.8335,1,1060.82,478.058,1,0
83790432296050,1069.61,425.625,1.83505,135.268,89.334,-568.396,5.31287,-0.824219,0.0925847,-0.0143848,0.995601,58.8283,58.8283,1,1052.95,545.571,1.88778,196.537,89.9572,-565.787,-0.676946,1.3213,-0.0118115,0.0230589,0.999664,58.8283,58.8283,1,1061.28,485.598,1,0
83790434799260,1069.19,410.545,1.74454,135.255,89.229,-568.498,4.77697,-1.8407,0.0832344,-0.0321208,0.996012,58.8406,58.8406,1,1052.95,545.571,1.87793,196.55,89.8287,-565.885,-0.864373,0.164604,-0.0150855,0.00287288,0.999882,58.8406,58.8406,1,1061.07,478.058,1,0
83790437299010,1055.77,410.545,1.81256,135.296,89.2533,-568.371,5.08426,-0.9062,0.0886096,-0.0158155,0.995941,58.8519,58.8519,1,1052.03,545.571,1.84854,196.58,89.7362,-566.233,-1.34446,0.12928,-0.0234631,0.00225636,0.999722,58.8519,58.8519,1,1053.9,478.058,1,0
83790439802220,1050.19,416.232,1.80165,135.294,89.2144,-568.383,4.83885,-1.43993,0.0843268,-0.0251288,0.996121,58.8321,58.8321,1,1052.03,545.571,1.86234,196.561,89.8026,-565.807,-0.644863,1.2925,-0.0112519,0.0225565,0.999682,58.8321,58.8321,1,1051.11,480.902,1,0
83790442301960,1050.19,416.232,1.76821,135.292,89.0574,-568.746,5.04903,-2.89993,0.0878955,-0.0505917,0.994844,58.8684,58.8684,1,1052.95,545.571,1.84405,196.589,89.6493,-566.133,-0.897983,0.0591827,-0.0156721,0.00103293,0.999877,58.8684,58.8684,1,1051.57,480.902,1,0
83790444798220,1045.79,410.545,1.78155,135.302,89.0138,-568.769,5.22814,-2.37193,0.0910436,-0.0413861,0.994987,58.8735,58.8735,1,1052.03,545.571,1.84299,196.587,89.589,-566.192,-1.03115,-0.10123,-0.017996,-0.00176679,0.999837,58.8735,58.8735,1,1048.91,478.058,1,0
83790447301430,1055.65,410.545,1.78429,135.319,88.9937,-568.751,5.40266,-1.81959,0.094107,-0.0317524,0.995056,58.86,58.86,1,1052.03,545.571,1.86861,196.602,89.6543,-565.934,-0.269382,1.83668,-0.00469917,0.0320507,0.999475,58.86,58.86,1,1053.84,478.058,1,0
83790449797700,1050.19,416.232,1.77615,135.327,88.9691,-568.678,5.30348,-1.18426,0.0924114,-0.0206678,0.995506,58.8774,58.8774,1,1052.03,545.571,1.80357,196.591,89.4551,-566.317,-1.59863,-0.0793082,-0.0278977,-0.00138419,0.99961,58.8774,58.8774,1,1051.11,480.902,1,0
83790452304380,1050.13,416.232,1.80651,135.345,88.9908,-568.617,5.18238,-0.631465,0.0903208,-0.0110209,0.995852,58.8702,58.8702,1,1052.95,545.571,1.88007,196.622,89.5212,-566.249,-0.836575,1.83065,-0.014593,0.0319454,0.999383,58.8702,58.8702,1,1051.54,480.902,1,0
83790454800650,1045.79,410.545,1.80848,135.339,88.8345,-568.831,5.13158,-2.44913,0.0893615,-0.0427323,0.995082,58.8795,58.8795,1,1052.03,545.571,1.86764,196.61,89.4366,-566.168,-0.994939,0.492524,-0.0173634,0.00859605,0.999812,58.8795,58.8795,1,1048.91,478.058,1,0
83790457303860,1050.13,416.232,1.77463,135.347,88.8618,-568.664,4.88066,-0.751337,0.0850732,-0.0131129,0.996288,58.8739,58.8739,1,1052.03,545.571,1.8645,196.641,89.4063,-566.216,-0.457146,0.816625,-0.00797781,0.0142523,0.999867,58.8739,58.8739,1,1051.08,480.902,1,0
83790459800130,1050.19,416.232,1.78653,135.356,88.7075,-569.116,5.34902,-2.0136,0.093165,-0.0351368,0.99503,58.9111,58.9111,1,1052.03,545.571,1.83415,196.644,89.2793,-566.479,-0.950342,-0.0907219,-0.0165858,-0.00158339,0.999861,58.9111,58.9111,1,1051.11,480.902,1,0
83790462306810,1045.79,416.232,1.78632,135.36,88.7684,-568.846,4.90223,0.0221207,0.0854556,0.000386078,0.996342,58.903,58.903,1,1052.03,545.571,1.87353,196.66,89.2505,-566.584,-0.956623,0.466851,-0.0166949,0.008148,0.999827,58.903,58.903,1,1048.91,480.902,1,0
83790464803080,1045.79,416.232,1.79449,135.364,88.7245,-568.848,4.78141,0.136438,0.0833543,0.00238129,0.996517,58.8959,58.8959,1,1052.03,542.015,1.81735,196.652,89.1982,-566.407,-0.743022,-0.000270454,-0.0129678,-4.72032e-06,0.999916,58.8959,58.8959,1,1048.91,479.124,1,0
83790467302820,1045.79,416.232,1.80643,135.359,88.6113,-569.032,4.71683,-1.01346,0.0822184,-0.0176873,0.996457,58.9169,58.9169,1,1052.03,542.015,1.83627,196.652,89.1759,-566.633,-1.26371,0.647643,-0.0220527,0.0113033,0.999693,58.9169,58.9169,1,1048.91,479.124,1,0
83790469806030,1045.79,416.232,1.8079,135.374,88.5895,-569.006,4.92856,-0.892681,0.0859031,-0.0155796,0.996182,58.9129,58.9129,1,1052.03,531.53,1.84069,196.653,89.1081,-566.549,-0.964645,0.0877963,-0.0168354,0.00153233,0.999857,58.9129,58.9129,1,1048.91,473.881,1,0
83790472302300,1029.6,436.531,1.78558,135.373,88.5649,-569.029,4.70625,-0.534326,0.0820437,-0.00932562,0.996585,58.9121,58.9121,1,1052.03,545.571,1.83612,196.655,89.1232,-566.507,-0.821163,0.96581,-0.0143295,0.0168558,0.999755,58.9121,58.9121,1,1040.82,491.051,1,0
83790474805510,1029.6,416.232,1.7772,135.391,88.4975,-569.1,4.75461,-1.38778,0.0828641,-0.024219,0.996267,58.9255,58.9255,1,1052.03,542.015,1.84741,196.648,89.0397,-566.68,-1.47332,0.405412,-0.0257107,0.00707572,0.999644,58.9255,58.9255,1,1040.82,479.124,1,0
83790477305250,1029.6,416.232,1.77527,135.386,88.4822,-569.065,4.4739,-1.18398,0.0779883,-0.020663,0.99674,58.9151,58.9151,1,1052.03,531.53,1.83721,196.653,89.0221,-566.485,-0.779383,0.444048,-0.013602,0.00775003,0.999877,58.9151,58.9151,1,1040.82,473.881,1,0
83790479808460,1029.6,422.932,1.78068,135.394,88.4201,-569.114,4.60554,-1.23801,0.0802765,-0.0216057,0.996538,58.9118,58.9118,1,1052.03,531.53,1.81265,196.669,89.0768,-566.363,-0.216609,1.77544,-0.00377872,0.0309824,0.999513,58.9118,58.9118,1,1040.82,477.231,1,0
83790482304730,1025.25,422.932,1.77566,135.404,88.3756,-569.19,4.84653,-1.65569,0.0844518,-0.0288932,0.996009,58.9414,58.9414,1,1052.03,542.015,1.86682,196.684,88.8485,-566.845,-0.977797,-0.84407,-0.0170631,-0.0147313,0.999746,58.9414,58.9414,1,1038.64,482.474,1,0
83790484807940,1025.25,416.232,1.80013,135.406,88.3211,-569.256,4.71475,-1.6965,0.0821591,-0.0296051,0.996179,58.9265,58.9265,1,1052.03,542.015,1.85394,196.68,88.9691,-566.479,-0.277192,1.55037,-0.00483612,0.0270558,0.999622,58.9265,58.9265,1,1038.64,479.124,1,0
83790487307670,1025.25,416.232,1.81205,135.412,88.2815,-569.271,4.67849,-1.78885,0.0815246,-0.0312162,0.996182,58.9279,58.9279,1,1052.03,542.015,1.85955,196.681,88.9245,-566.471,-0.507686,1.1167,-0.00885899,0.0194889,0.999771,58.9279,58.9279,1,1038.64,479.124,1,0
83790489803940,1029.6,416.232,1.78149,135.437,88.2537,-569.248,4.9936,-1.66124,0.0870079,-0.0289901,0.995786,58.944,58.944,1,1052.03,534.978,1.84411,196.716,88.8127,-566.801,-0.567334,0.747,-0.00990084,0.0130372,0.999866,58.944,58.944,1,1040.82,475.605,1,0
83790492307150,1025.25,413.818,1.79188,135.458,88.2247,-569.273,5.35365,-1.38034,0.0932759,-0.0240892,0.995349,58.9531,58.9531,1,1052.03,542.015,1.86466,196.706,88.7353,-566.94,-1.18312,0.129048,-0.0206478,0.00225231,0.999784,58.9531,58.9531,1,1038.64,477.916,1,0
83790494806890,1029.54,413.818,1.79962,135.444,88.1631,-569.34,4.91782,-1.50214,0.0856974,-0.0262143,0.995976,58.9512,58.9512,1,1052.03,534.978,1.87025,196.714,88.7143,-566.81,-0.562348,0.631663,-0.00981407,0.0110244,0.999891,58.9512,58.9512,1,1040.79,474.398,1,0
83790497310100,1029.54,413.818,1.79221,135.452,88.0439,-569.643,5.15459,-2.56702,0.089753,-0.044788,0.994956,58.9779,58.9779,1,1052.03,534.978,1.79749,196.723,88.5905,-567.011,-0.913797,-0.522762,-0.0159474,-0.00912379,0.999831,58.9779,58.9779,1,1040.79,474.398,1,0
83790499806370,1029.54,416.232,1.78833,135.453,88.089,-569.42,4.63364,-1.04674,0.0807707,-0.0182681,0.996565,58.9629,58.9629,1,1052.03,534.978,1.84938,196.736,88.6451,-566.941,-0.55794,1.14004,-0.00973581,0.0198961,0.999755,58.9629,58.9629,1,1040.79,475.605,1,0
83790502313060,1025.25,413.818,1.78853,135.464,88.0768,-569.36,4.58031,-0.403761,0.0798544,-0.0070469,0.996782,58.9692,58.9692,1,1052.03,534.978,1.82678,196.724,88.5101,-567.095,-1.32705,-0.0973408,-0.0231592,-0.00169892,0.99973,58.9692,58.9692,1,1038.64,474.398,1,0
83790504809320,1029.54,416.232,1.80792,135.465,87.9574,-569.647,4.62924,-1.16031,0.080691,-0.0202499,0.996533,58.9829,58.9829,1,1052.03,534.978,1.83354,196.738,88.5257,-567.072,-1.11396,0.786491,-0.0194392,0.0137264,0.999717,58.9829,58.9829,1,1040.79,475.605,1,0
83790507305590,1025.25,416.232,1.82177,135.477,87.9362,-569.65,4.58938,-0.538697,0.0800107,-0.0094019,0.99675,58.9832,58.9832,1,1052.03,534.978,1.8334,196.739,88.4794,-567.057,-1.35067,0.664025,-0.0235699,0.0115892,0.999655,58.9832,58.9832,1,1038.64,475.605,1,0
83790509808800,1025.27,424.642,1.81599,135.508,87.9321,-569.578,4.83244,0.00231308,0.0842421,4.03709e-05,0.996445,58.9806,58.9806,1,1052.03,534.978,1.82488,196.762,88.4483,-567.064,-0.894306,1.1537,-0.0156048,0.0201345,0.999675,58.9806,58.9806,1,1038.65,479.81,1,0
83790512308540,1025.27,424.642,1.80717,135.536,87.8888,-569.596,5.08116,-0.430578,0.0885642,-0.00751493,0.996042,58.9757,58.9757,1,1052.03,534.978,1.86408,196.765,88.4492,-566.931,-0.609164,1.42116,-0.0106284,0.0248014,0.999636,58.9757,58.9757,1,1038.65,479.81,1,0
83790514811750,1025.27,416.232,1.74881,135.509,87.8026,-569.72,4.60043,-1.53948,0.0801774,-0.0268658,0.996419,58.9956,58.9956,1,1052.03,534.978,1.8039,196.799,88.3323,-567.174,-0.586904,0.479972,-0.0102429,0.008377,0.999912,58.9956,58.9956,1,1038.65,475.605,1,0
83790517311490,1025.27,416.232,1.82288,135.55,87.7988,-569.686,4.97605,-1.51472,0.0867089,-0.0264337,0.995883,58.9874,58.9874,1,1052.03,534.978,1.85423,196.795,88.3901,-567.05,-0.412212,2.14515,-0.00718935,0.0374312,0.999273,58.9874,58.9874,1,1038.65,475.605,1,0
83790519814700,1025.27,416.232,1.76918,135.552,87.7538,-569.758,4.94431,-1.36178,0.0861631,-0.0237654,0.995998,58.9933,58.9933,1,1052.03,534.978,1.84628,196.793,88.2791,-567.061,-0.741229,0.658554,-0.0129357,0.0114937,0.99985,58.9933,58.9933,1,1038.65,475.605,1,0
83790522310960,1025.27,417.84,1.79353,135.567,87.6967,-569.816,4.99719,-1.2551,0.0870859,-0.0219038,0.99596,58.9924,58.9924,1,1060.02,534.978,1.84616,196.813,88.3055,-566.977,-0.50783,1.74863,-0.00885905,0.0305146,0.999495,58.9924,58.9924,1,1042.65,476.409,1,0
83790524814180,1025.27,416.232,1.77691,135.573,87.6525,-569.911,4.92799,-1.04188,0.0858894,-0.0181832,0.996139,59.014,59.014,1,1052.03,534.978,1.87347,196.814,88.2249,-567.307,-1.24989,1.5514,-0.021805,0.0270738,0.999396,59.014,59.014,1,1038.65,475.605,1,0
83790527313910,1031.1,417.84,1.81313,135.592,87.6173,-569.929,5.03085,-0.727515,0.087685,-0.0126972,0.996067,59.0114,59.0114,1,1052.03,534.978,1.85346,196.816,88.1846,-567.214,-1.24404,1.02077,-0.0217074,0.0178148,0.999606,59.0114,59.0114,1,1041.57,476.409,1,0
83790529810180,1030.3,417.84,1.82413,135.598,87.5317,-570.115,4.90952,-0.962598,0.0855704,-0.0167997,0.99619,59.0289,59.0289,1,1052.03,534.978,1.85956,196.828,88.1236,-567.359,-1.43171,0.713313,-0.0249836,0.0124493,0.99961,59.0289,59.0289,1,1041.17,476.409,1,0
83790532313390,1030.3,417.84,1.76369,135.65,87.5634,-569.86,5.15575,0.158592,0.089863,0.00276794,0.99595,59.0108,59.0108,1,1052.03,534.978,1.8241,196.85,88.087,-567.228,-0.910136,0.402214,-0.0158838,0.00701991,0.999849,59.0108,59.0108,1,1041.17,476.409,1,0
83790534809660,1031.1,429.503,1.77942,135.659,87.4932,-569.98,5.09895,-0.148645,0.0888758,-0.00259435,0.996039,59.0154,59.0154,1,1052.03,534.978,1.86023,196.871,88.0865,-567.187,-0.64231,0.591384,-0.0112096,0.0103214,0.999884,59.0154,59.0154,1,1041.57,482.241,1,0
83790537316350,1031.1,433.244,1.76141,135.666,87.4431,-570.03,5.0568,-0.551893,0.0881391,-0.00963221,0.996062,59.0129,59.0129,1,1052.03,534.978,1.84023,196.857,88.0931,-567.073,-0.73197,0.897088,-0.0127734,0.0156565,0.999796,59.0129,59.0129,1,1041.57,484.111,1,0
83790539812620,1031.1,426.866,1.76734,135.664,87.3862,-570.161,5.05519,-1.06115,0.0881002,-0.0185194,0.995939,59.0311,59.0311,1,1052.03,534.978,1.85397,196.912,88.0328,-567.297,-0.447473,0.67546,-0.00780925,0.0117887,0.9999,59.0311,59.0311,1,1041.57,480.922,1,0
83790542315820,1038.88,429.503,1.77684,135.696,87.3779,-570.144,5.15388,-0.53879,0.0898269,-0.00940352,0.995913,59.033,59.033,1,1052.03,534.978,1.83749,196.899,87.9571,-567.333,-0.880048,0.00732697,-0.0153591,0.00012788,0.999882,59.033,59.033,1,1045.45,482.241,1,0
83790544815560,1038.88,433.244,1.80007,135.725,87.3557,-570.086,5.17833,-0.430743,0.0902534,-0.00751781,0.99589,59.0221,59.0221,1,1052.74,534.978,1.85886,196.916,88.0299,-567.171,-0.381521,1.85853,-0.00665524,0.0324319,0.999452,59.0221,59.0221,1,1045.81,484.111,1,0
83790547318780,1031.1,433.244,1.82424,135.705,87.2865,-570.27,4.83132,-1.44135,0.0841959,-0.0251536,0.996132,59.0598,59.0598,1,1052.03,534.978,1.82945,196.962,87.8398,-567.72,-1.08904,0.653865,-0.019005,0.0114119,0.999754,59.0598,59.0598,1,1041.57,484.111,1,0
83790549815040,1036.13,429.503,1.81171,135.73,87.2774,-570.25,4.99944,-0.846293,0.0871365,-0.0147701,0.996087,59.0383,59.0383,1,1052.03,534.978,1.83581,196.933,87.9224,-567.303,-0.865434,1.87087,-0.015096,0.0326471,0.999353,59.0383,59.0383,1,1044.08,482.241,1,0
83790552314780,1036.13,429.503,1.83064,135.739,87.2258,-570.305,4.99635,-1.18259,0.0870738,-0.0206385,0.995988,59.0617,59.0617,1,1052.03,534.978,1.80167,196.97,87.7934,-567.698,-1.2229,0.868186,-0.0213395,0.0151521,0.999657,59.0617,59.0617,1,1044.08,482.241,1,0
83790554817990,1036.03,433.244,1.80402,135.75,87.1919,-570.327,4.90667,-0.874952,0.0855229,-0.0152702,0.996219,59.0567,59.0567,1,1052.03,534.978,1.8391,196.98,87.8198,-567.567,-0.907584,1.41755,-0.0158348,0.0247384,0.999569,59.0567,59.0567,1,1044.03,484.111,1,0
83790557314260,1036.03,431.042,1.8254,135.768,87.1207,-570.464,5.14523,-0.960054,0.0896679,-0.0167553,0.995831,59.066,59.066,1,1052.03,534.978,1.84453,196.979,87.7763,-567.597,-1.09358,1.04043,-0.0190822,0.018158,0.999653,59.066,59.066,1,1044.03,483.01,1,0
83790559817470,1036.13,431.042,1.82719,135.781,87.1483,-570.304,4.99108,-0.271668,0.0869997,-0.00474149,0.996197,59.0484,59.0484,1,1052.03,536.068,1.81021,196.995,87.8043,-567.397,-0.533701,1.58483,-0.00931114,0.0276569,0.999574,59.0484,59.0484,1,1044.08,483.555,1,0
83790562317200,1036.13,433.244,1.82787,135.791,87.1051,-570.365,5.15731,-0.574834,0.0898859,-0.0100326,0.995902,59.0688,59.0688,1,1052.03,534.978,1.89402,197.008,87.7003,-567.73,-1.25231,0.364537,-0.0218548,0.00636234,0.999741,59.0688,59.0688,1,1044.08,484.111,1,0
83790564820420,1036.03,433.244,1.82963,135.792,87.0968,-570.372,4.94842,-0.210625,0.0862583,-0.00367609,0.996266,59.0669,59.0669,1,1052.03,534.978,1.83031,197.013,87.696,-567.679,-1.32056,0.62353,-0.0230447,0.0108824,0.999675,59.0669,59.0669,1,1044.03,484.111,1,0
83790567316680,1036.13,433.244,1.82034,135.818,87.0747,-570.315,5.2677,-0.345428,0.0918076,-0.00602882,0.995758,59.0628,59.0628,1,1052.03,534.978,1.85618,197.021,87.6929,-567.642,-1.08322,0.875793,-0.0189024,0.0152849,0.999704,59.0628,59.0628,1,1044.08,484.111,1,0
83790569819900,1036.13,452.433,1.80332,135.83,87.0852,-570.185,5.15682,0.390616,0.0898799,0.00681748,0.995929,59.0604,59.0604,1,1052.03,534.978,1.85809,197.022,87.6305,-567.708,-1.29007,-0.0737977,-0.0225141,-0.00128801,0.999746,59.0604,59.0604,1,1044.08,493.706,1,0
83790572319640,1036.13,452.433,1.82026,135.813,86.9873,-570.484,5.00802,-0.238828,0.0872945,-0.00416832,0.996174,59.0867,59.0867,1,1042.19,534.978,1.86547,197.04,87.5839,-567.93,-1.43138,0.130407,-0.0249796,0.00227603,0.999685,59.0867,59.0867,1,1039.16,493.706,1,0
83790574815910,1036.03,452.777,1.8399,135.799,86.9198,-570.672,4.92501,-0.550162,0.0858479,-0.009602,0.996262,59.0917,59.0917,1,1042.19,534.978,1.84063,197.031,87.5552,-567.823,-1.28979,-0.149658,-0.0225092,-0.00261202,0.999743,59.0917,59.0917,1,1039.11,493.877,1,0
83790577322590,1036.13,446.415,1.85287,135.82,86.928,-570.544,4.98361,-0.664721,0.0868649,-0.0116013,0.996153,59.0911,59.0911,1,1047.04,534.978,1.87192,197.05,87.5837,-567.948,-0.997273,1.22949,-0.0174008,0.021457,0.999618,59.0911,59.0911,1,1041.59,490.697,1,0
83790579818850,1036.03,452.433,1.77853,135.825,86.9433,-570.435,4.92771,-0.295491,0.0858976,-0.00515727,0.996291,59.0766,59.0766,1,1052.03,534.978,1.90976,197.04,87.5703,-567.749,-0.683375,1.13581,-0.0119245,0.0198223,0.999732,59.0766,59.0766,1,1044.03,493.706,1,0
83790582322070,1036.13,452.433,1.75568,135.851,86.8854,-570.512,5.44692,-0.570731,0.0949188,-0.00996097,0.995435,59.0926,59.0926,1,1046,534.978,1.91044,197.053,87.5008,-567.978,-1.01595,0.490062,-0.0177301,0.00855309,0.999806,59.0926,59.0926,1,1041.07,493.706,1,0
83790584818330,1036.13,452.777,1.76202,135.859,86.8912,-570.422,5.26732,-0.512107,0.091799,-0.00893783,0.995737,59.0728,59.0728,1,1047.04,534.978,1.84485,197.017,87.5584,-567.662,-0.798277,1.31719,-0.0139284,0.0229873,0.999639,59.0728,59.0728,1,1041.59,493.877,1,0
83790587325010,1036.13,452.433,1.80061,135.88,86.9087,-570.322,5.4877,-0.0948703,0.0956319,-0.0016558,0.995415,59.0982,59.0982,1,1047.04,534.978,1.918,197.047,87.3877,-568.262,-1.50678,-0.241053,-0.0262949,-0.00420715,0.999645,59.0982,59.0982,1,1041.59,493.706,1,0
83790589821280,1036.13,452.777,1.83135,135.869,86.8558,-570.426,5.3843,-0.48969,0.093832,-0.0085466,0.995551,59.1022,59.1022,1,1046,534.978,1.84762,197.06,87.3721,-568.226,-1.14413,-0.235052,-0.0199673,-0.00410242,0.999792,59.1022,59.1022,1,1041.07,493.877,1,0
83790592324490,1052.02,452.777,1.7948,135.853,86.8229,-570.499,5.30513,-0.162942,0.0924594,-0.00284387,0.995712,59.0989,59.0989,1,1046,534.978,1.82607,197.037,87.3824,-568.075,-1.14831,0.33994,-0.0200402,0.00593303,0.999782,59.0989,59.0989,1,1049.01,493.877,1,0
83790594824230,1046.86,454.67,1.8205,135.841,86.7976,-570.528,5.17601,-0.256348,0.0902148,-0.0044741,0.995912,59.0975,59.0975,1,1047.04,534.978,1.8526,197.04,87.3781,-568.009,-0.833624,0.593044,-0.0145482,0.0103504,0.999841,59.0975,59.0975,1,1046.95,494.824,1,0
83790597320490,1046.86,455.716,1.79631,135.851,86.7634,-570.628,5.37819,-0.377213,0.0937272,-0.00658356,0.995576,59.0997,59.0997,1,1047.04,534.978,1.85369,197.033,87.3852,-567.948,-0.663262,0.940036,-0.0115743,0.016406,0.999798,59.0997,59.0997,1,1046.95,495.347,1,0
83790599823710,1045.11,452.777,1.83365,135.827,86.6805,-570.826,5.14418,-1.17087,0.0896436,-0.0204341,0.995764,59.1112,59.1112,1,1047.04,534.978,1.84197,197.036,87.3537,-567.966,-0.57335,0.516423,-0.0100063,0.00901316,0.999909,59.1112,59.1112,1,1046.08,493.877,1,0
83790602323450,1047.2,452.777,1.79845,135.826,86.6674,-570.826,5.18139,-1.06617,0.0902935,-0.0186072,0.995741,59.1136,59.1136,1,1046,534.978,1.8265,197.001,87.3058,-568,-1.01515,0.127334,-0.0177168,0.0022224,0.999841,59.1136,59.1136,1,1046.6,493.877,1,0
83790604826660,1046.86,454.67,1.78988,135.83,86.6451,-570.893,5.30589,-0.207692,0.0924724,-0.00362491,0.995709,59.111,59.111,1,1047.04,534.978,1.84048,197.014,87.3589,-567.885,-0.388774,1.15901,-0.00678394,0.0202271,0.999772,59.111,59.111,1,1046.95,494.824,1,0
83790607322930,1047.2,452.777,1.80677,135.811,86.569,-571.096,5.37848,-1.07869,0.0937178,-0.0188256,0.995421,59.1278,59.1278,1,1047.04,534.978,1.78482,197.007,87.2872,-567.999,-0.504345,0.492413,-0.00880204,0.00859412,0.999924,59.1278,59.1278,1,1047.12,493.877,1,0
83790609826130,1047.2,452.777,1.87362,135.803,86.5839,-571.014,5.20686,-0.392261,0.0907497,-0.00684619,0.99585,59.1216,59.1216,1,1047.04,534.978,1.83294,197.007,87.2964,-567.957,-0.295017,1.06936,-0.0051481,0.0186628,0.999813,59.1216,59.1216,1,1047.12,493.877,1,0
83790612325880,1047.2,452.777,1.85681,135.797,86.5461,-571.144,5.29209,-0.739441,0.0922255,-0.0129053,0.995655,59.1421,59.1421,1,1047.04,534.978,1.87989,197.016,87.2535,-568.241,-0.370602,1.15418,-0.00646687,0.0201428,0.999776,59.1421,59.1421,1,1047.12,493.877,1,0
83790614822140,1048.61,454.67,1.88223,135.804,86.5456,-571.087,5.3031,-0.43213,0.0924219,-0.00754201,0.995691,59.1319,59.1319,1,1066.03,534.978,1.89129,196.972,87.2223,-568.072,-0.650616,0.681281,-0.0113543,0.0118903,0.999865,59.1319,59.1319,1,1057.32,494.824,1,0
83790617325360,1048.61,452.777,1.87517,135.789,86.4957,-571.256,5.25951,-0.927851,0.0916549,-0.0161934,0.995659,59.15,59.15,1,1066.03,534.978,1.87066,196.984,87.1998,-568.27,-0.492452,1.16889,-0.00859301,0.0203996,0.999755,59.15,59.15,1,1057.32,493.877,1,0
83790619825090,1047.2,452.777,1.8819,135.775,86.4458,-571.376,5.18149,-1.30816,0.0902872,-0.0228296,0.995654,59.1597,59.1597,1,1066.03,534.978,1.87003,196.973,87.1343,-568.326,-0.476454,0.755676,-0.00831486,0.0131886,0.999878,59.1597,59.1597,1,1056.62,493.877,1,0
83790622328310,1047.2,452.777,1.85983,135.77,86.4742,-571.263,5.00196,-0.655145,0.0871842,-0.0114342,0.996127,59.1572,59.1572,1,1066.03,534.978,1.85074,196.957,87.1352,-568.393,-0.599931,1.16698,-0.0104684,0.0203663,0.999738,59.1572,59.1572,1,1056.62,493.877,1,0
83790624824570,1047.2,454.226,1.8656,135.764,86.4686,-571.263,4.9936,-0.47856,0.0870414,-0.00835234,0.99617,59.158,59.158,1,1066.03,534.978,1.87889,196.962,87.0656,-568.39,-0.361124,0.128322,-0.00630275,0.00223963,0.999978,59.158,59.158,1,1056.62,494.602,1,0
83790627331250,1047.36,452.777,1.84665,135.753,86.3945,-571.437,5.18655,-1.17718,0.0903797,-0.0205442,0.995695,59.1711,59.1711,1,1066.03,534.978,1.89717,196.941,87.0629,-568.473,-0.803532,0.445862,-0.0140234,0.00778168,0.999871,59.1711,59.1711,1,1056.69,493.877,1,0
83790629827520,1047.2,452.777,1.78227,135.75,86.3457,-571.536,5.28313,-1.44258,0.0920483,-0.025175,0.995436,59.1795,59.1795,1,1066.03,534.978,1.90381,196.923,87.0299,-568.531,-1.04356,0.556048,-0.0182117,0.00970472,0.999787,59.1795,59.1795,1,1056.62,493.877,1,0
83790632330730,1047.2,452.777,1.80158,135.753,86.3633,-571.459,5.17699,-1.10006,0.0902159,-0.0191985,0.995737,59.169,59.169,1,1066.03,534.978,1.92534,196.906,87.055,-568.396,-0.922355,0.90188,-0.0160954,0.0157401,0.999747,59.169,59.169,1,1056.62,493.877,1,0
83790634827000,1047.2,452.777,1.79389,135.734,86.2739,-571.723,5.17864,-2.21337,0.090194,-0.038621,0.995175,59.1937,59.1937,1,1066.03,533.744,1.91285,196.92,86.9899,-568.616,-1.10485,0.314984,-0.0192817,0.00549748,0.999799,59.1937,59.1937,1,1056.62,493.26,1,0
83790637326740,1047.36,418.859,1.80614,135.743,86.2234,-571.81,5.31427,-2.96038,0.092495,-0.0516453,0.994373,59.1893,59.1893,1,1057.24,533.744,1.92496,196.886,86.9922,-568.423,-1.19574,0.162447,-0.020868,0.00283523,0.999778,59.1893,59.1893,1,1052.3,476.302,1,0
83790639829950,1047.2,418.859,1.80306,135.715,86.1624,-572.002,5.21289,-3.67167,0.0906702,-0.0640388,0.99382,59.224,59.224,1,1050.53,533.744,1.91924,196.923,86.8368,-568.911,-1.51471,-1.34093,-0.0264263,-0.0234015,0.999377,59.224,59.224,1,1048.87,476.302,1,0
83790642326220,1047.2,418.859,1.79332,135.727,86.2301,-571.776,5.09733,-2.23242,0.0887804,-0.0389532,0.995289,59.1882,59.1882,1,1063.82,533.744,1.86539,196.906,86.986,-568.433,-0.681842,0.802629,-0.0118989,0.0140081,0.999831,59.1882,59.1882,1,1055.51,476.302,1,0
83790644829430,1047.2,386.023,1.81153,135.743,86.2381,-571.712,5.20425,-1.67372,0.0906677,-0.0292077,0.995453,59.2018,59.2018,1,1057.24,527.883,1.90071,196.901,86.8388,-568.749,-1.25382,-0.657538,-0.0218802,-0.011476,0.999695,59.2018,59.2018,1,1052.22,456.953,1,0
83790647329170,1047.2,386.023,1.81987,135.701,86.1225,-572.015,4.76403,-3.21089,0.0829218,-0.0560113,0.994981,59.2081,59.2081,1,1057.24,533.744,1.88522,196.917,86.9274,-568.572,-0.528125,1.0798,-0.00921576,0.0188449,0.99978,59.2081,59.2081,1,1052.22,459.884,1,0
83790649832380,1047.2,386.023,1.8267,135.705,86.079,-572.093,4.8781,-3.49546,0.0848778,-0.0609694,0.994524,59.2316,59.2316,1,1050.53,533.744,1.90859,196.894,86.7306,-568.929,-1.61212,-1.48962,-0.0281236,-0.0259958,0.999266,59.2316,59.2316,1,1048.87,459.884,1,0
83790652332120,1047.2,386.023,1.79859,135.709,86.0802,-571.995,4.72589,-3.17542,0.0822624,-0.0553932,0.99507,59.2198,59.2198,1,1057.24,527.883,1.88393,196.918,86.8149,-568.799,-0.935004,-0.35563,-0.0163179,-0.00620688,0.999848,59.2198,59.2198,1,1052.22,456.953,1,0
83790654835330,1047.2,386.023,1.80895,135.686,86.0141,-572.154,4.39966,-3.37805,0.0765798,-0.0589239,0.995321,59.23,59.23,1,1050.53,527.883,1.85283,196.881,86.7426,-568.821,-1.42539,-1.17264,-0.02487,-0.020465,0.999481,59.23,59.23,1,1048.87,456.953,1,0
83790657331600,1030.03,322.306,1.81906,135.711,86.0338,-572.048,4.8426,-2.79181,0.0843185,-0.048707,0.995248,59.2149,59.2149,1,1057.24,527.883,1.8994,196.893,86.8227,-568.631,-0.673547,0.383296,-0.0117551,0.00668972,0.999909,59.2149,59.2149,1,1043.63,425.095,1,0
83790659827860,1033.32,344.72,1.80785,135.713,86.0387,-571.995,4.93666,-2.39239,0.0859794,-0.0417429,0.995422,59.2369,59.2369,1,1050.53,503.744,1.90436,196.901,86.6585,-569.111,-1.32846,-1.26046,-0.0231783,-0.0219974,0.999489,59.2369,59.2369,1,1041.92,424.232,1,0
83790662334540,1033.32,348.379,1.79671,135.696,86.0154,-571.99,4.86243,-2.32478,0.0846938,-0.040564,0.995581,59.2298,59.2298,1,1057.24,503.744,1.86771,196.903,86.6906,-568.968,-0.791526,-0.178185,-0.0138142,-0.00310991,0.9999,59.2298,59.2298,1,1045.28,426.062,1,0
83790664830810,1047.1,386.023,1.79616,135.724,86.0363,-571.869,5.18136,-1.65337,0.0902711,-0.0288528,0.995499,59.2288,59.2288,1,1050.53,503.744,1.87391,196.866,86.5974,-569.047,-1.35998,-1.2686,-0.0237281,-0.0221395,0.999473,59.2288,59.2288,1,1048.81,444.884,1,0
83790667334020,1033.32,348.379,1.88858,135.724,86,-571.955,5.36112,-1.65537,0.0933937,-0.0288876,0.99521,59.2328,59.2328,1,1055.53,503.744,1.84105,196.876,86.572,-569.031,-0.825378,-0.978472,-0.014403,-0.0170767,0.99975,59.2328,59.2328,1,1044.43,426.062,1,0
83790669833770,1033.32,382.62,1.82285,135.696,85.9696,-572.004,4.71784,-1.70932,0.0822122,-0.0298289,0.996168,59.2478,59.2478,1,1055.53,471.918,1.86425,196.9,86.4876,-569.269,-0.718066,-1.35569,-0.0125288,-0.0236591,0.999642,59.2478,59.2478,1,1044.43,427.269,1,0
83790672336970,1033.32,382.62,1.8286,135.711,85.9773,-571.954,5.01273,-0.370987,0.0873752,-0.00647491,0.996154,59.2354,59.2354,1,1057.24,471.918,1.82192,196.86,86.5095,-569.062,-0.629054,-0.278175,-0.0109787,-0.00485506,0.999928,59.2354,59.2354,1,1045.28,427.269,1,0
83790674833240,1046.98,386.023,1.81271,135.688,85.9249,-572.054,5.18095,-0.774936,0.0902931,-0.0135248,0.995823,59.2425,59.2425,1,1055.53,503.744,1.91958,196.871,86.5294,-569.106,-0.406039,0.698757,-0.00708613,0.0121953,0.999901,59.2425,59.2425,1,1051.25,444.884,1,0
83790677336450,1037.61,385.715,1.8217,135.674,85.8245,-572.294,5.28189,-1.38842,0.0920289,-0.0242301,0.995461,59.2633,59.2633,1,1057.24,471.918,1.81285,196.855,86.4112,-569.249,-0.679726,-0.224602,-0.0118631,-0.00392003,0.999922,59.2633,59.2633,1,1047.43,428.816,1,0
83790679836190,1046.98,386.023,1.8131,135.695,85.8239,-572.264,5.71049,-1.08897,0.0994839,-0.019005,0.994858,59.2585,59.2585,1,1055.53,471.918,1.89295,196.826,86.4439,-569.185,-0.901461,0.563751,-0.0157321,0.00983914,0.999828,59.2585,59.2585,1,1051.25,428.97,1,0
83790682332460,1046.98,399.708,1.80555,135.691,85.8191,-572.178,5.44207,-0.344753,0.0948376,-0.00601703,0.995475,59.2754,59.2754,1,1055.53,471.918,1.84461,196.853,86.2887,-569.589,-1.25193,-1.44688,-0.0218416,-0.0252502,0.999443,59.2754,59.2754,1,1051.25,435.813,1,0
83790684835670,1046.98,399.708,1.78964,135.668,85.7139,-572.447,5.20629,-1.07146,0.090726,-0.0186994,0.9957,59.2741,59.2741,1,1055.53,477.747,1.93998,196.837,86.3723,-569.286,-0.702033,-0.0401982,-0.0122525,-0.000701592,0.999925,59.2741,59.2741,1,1051.25,438.727,1,0
83790687335410,1037.61,399.708,1.77139,135.648,85.6962,-572.397,4.91849,0.0648656,0.0857384,0.00113212,0.996317,59.2775,59.2775,1,1055.53,471.918,1.96957,196.827,86.309,-569.386,-0.890151,-0.654034,-0.0155344,-0.0114148,0.999814,59.2775,59.2775,1,1046.57,435.813,1,0
83790689838620,1046.98,416.445,1.80494,135.669,85.7068,-572.339,5.33904,0.860966,0.0930384,0.0150261,0.995549,59.2802,59.2802,1,1055.53,471.918,1.9409,196.825,86.2606,-569.493,-1.14204,-1.24204,-0.0199264,-0.0216759,0.999566,59.2802,59.2802,1,1051.25,444.181,1,0
83790692334890,1046.98,416.839,1.80926,135.663,85.683,-572.358,5.39428,1.14399,0.0939902,0.0199651,0.995373,59.2843,59.2843,1,1055.53,471.918,1.94437,196.807,86.2091,-569.539,-1.45791,-1.87078,-0.025429,-0.0326454,0.999143,59.2843,59.2843,1,1051.25,444.378,1,0
83790694838100,1046.98,416.839,1.80826,135.638,85.6498,-572.463,5.49539,0.407085,0.0957633,0.00710491,0.995379,59.2798,59.2798,1,1055.53,471.918,1.93584,196.787,86.2408,-569.339,-1.03669,-0.73768,-0.0180912,-0.0128746,0.999753,59.2798,59.2798,1,1051.25,444.378,1,0
83790697337840,1046.98,399.708,1.82383,135.634,85.5811,-572.526,5.65938,-1.54393,0.0985785,-0.0269435,0.994764,59.3053,59.3053,1,1051.6,443.333,2.00773,196.786,86.0923,-569.76,-1.88948,-2.51423,-0.0329399,-0.0438675,0.998494,59.3053,59.3053,1,1049.29,421.52,1,0
83790699841050,1055.95,416.839,1.83754,135.617,85.5651,-572.558,5.57306,0.134867,0.0971147,0.00235387,0.99527,59.2903,59.2903,1,1043.22,438.322,1.83187,196.768,86.1497,-569.421,-1.27175,-1.35221,-0.0221883,-0.0235983,0.999475,59.2903,59.2903,1,1049.58,427.58,1,0
83790702337310,1059.03,416.839,1.81495,135.607,85.5684,-572.48,5.62304,1.03359,0.0979671,0.0180386,0.995026,59.2878,59.2878,1,1043.22,438.322,1.8305,196.761,86.1274,-569.44,-1.23323,-1.06179,-0.0215186,-0.0185306,0.999597,59.2878,59.2878,1,1051.12,427.58,1,0
83790704837060,1064.6,416.839,1.81975,135.585,85.4843,-572.715,5.85246,1.17775,0.101946,0.0205542,0.994578,59.294,59.294,1,1043.22,438.322,1.82322,196.737,86.12,-569.312,-1.21727,-1.22625,-0.0212389,-0.0214005,0.999545,59.294,59.294,1,1053.91,427.58,1,0
83790707340260,1068.89,416.839,1.82434,135.577,85.5253,-572.568,5.65959,2.46147,0.0985269,0.0429475,0.994207,59.2878,59.2878,1,1051.6,443.333,1.90926,196.742,86.1431,-569.345,-0.791848,-0.0712218,-0.0138199,-0.00124306,0.999904,59.2878,59.2878,1,1060.25,430.086,1,0
83790709836530,1068.89,483.673,1.81758,135.582,85.4004,-572.814,6.22146,1.1574,0.10835,0.020199,0.993908,59.2835,59.2835,1,1043.22,438.322,1.9039,196.69,86.1669,-568.98,-0.357557,0.547939,-0.00624022,0.0095632,0.999935,59.2835,59.2835,1,1056.06,460.997,1,0
83790712343220,1067.92,532.603,1.86444,135.558,85.3935,-572.741,5.55977,1.02376,0.0968686,0.017867,0.995137,59.2921,59.2921,1,1051.6,443.333,1.88168,196.68,86.083,-569.211,-0.54225,0.142908,-0.00946388,0.00249421,0.999952,59.2921,59.2921,1,1059.76,487.968,1,0
83790714839490,1064.6,532.603,1.81157,135.543,85.4171,-572.666,5.39796,1.69309,0.0940318,0.0295457,0.995131,59.3053,59.3053,1,1049.37,438.322,1.89558,196.678,85.9731,-569.544,-0.914538,-0.811686,-0.0159594,-0.0141661,0.999772,59.3053,59.3053,1,1056.99,485.462,1,0
83790717342700,1068.89,532.603,1.80827,135.539,85.3981,-572.581,5.88255,3.06888,0.102343,0.0535365,0.993308,59.2835,59.2835,1,1051.6,443.333,1.86376,196.666,86.0473,-569.179,-0.111592,0.168203,-0.00194764,0.00293569,0.999994,59.2835,59.2835,1,1060.25,487.968,1,0
83790719838960,1068.89,532.603,1.83748,135.537,85.3304,-572.726,6.44146,2.52549,0.112079,0.0440639,0.992722,59.2951,59.2951,1,1043.22,438.538,1.90267,196.608,85.9809,-569.246,-1.07258,-0.706112,-0.0187175,-0.0123237,0.999749,59.2951,59.2951,1,1056.06,485.571,1,0
83790722338700,1067.92,532.603,1.83634,135.512,85.3539,-572.555,5.47781,2.86718,0.0953408,0.0500208,0.994187,59.3014,59.3014,1,1051.6,443.333,1.93183,196.638,85.8994,-569.535,-0.791493,-0.338995,-0.0138135,-0.00591655,0.999887,59.3014,59.3014,1,1059.76,487.968,1,0
83790724841910,1068.89,570.282,1.82943,135.511,85.3642,-572.548,5.88609,3.13978,0.102397,0.054772,0.993235,59.2857,59.2857,1,1051.6,443.333,1.88636,196.617,85.9405,-569.223,-0.227346,0.369626,-0.00396784,0.00645115,0.999971,59.2857,59.2857,1,1060.25,506.807,1,0
83790727341650,1068.89,600.3,1.81947,135.511,85.2725,-572.705,6.47665,2.23775,0.112712,0.0390462,0.99286,59.3213,59.3213,1,1051.6,443.333,1.88682,196.609,85.7877,-569.757,-1.28754,-1.05823,-0.0224661,-0.0184685,0.999577,59.3213,59.3213,1,1060.25,521.816,1,0
83790729844860,1068.89,553.411,1.81755,135.48,85.1744,-572.903,6.49281,1.4128,0.113044,0.0246555,0.993284,59.312,59.312,1,1051.6,443.333,1.95714,196.578,85.8986,-569.365,-0.804314,0.531595,-0.0140369,0.00927795,0.999858,59.312,59.312,1,1060.25,498.372,1,0
83790732341130,1068.89,570.282,1.81827,135.479,85.2277,-572.861,6.67207,3.49351,0.115971,0.0609355,0.991382,59.3159,59.3159,1,1051.6,443.333,1.95907,196.578,85.8226,-569.483,-0.683667,0.170139,-0.0119319,0.00296949,0.999924,59.3159,59.3159,1,1060.25,506.807,1,0
83790734844340,1068.89,570.282,1.81827,135.479,85.2277,-572.861,6.67207,3.49351,0.115971,0.0609355,0.991382,59.3159,59.3159,0,1051.6,443.333,1.95907,196.564,85.7076,-569.761,-1.44151,-1.31617,-0.0251499,-0.0229695,0.99942,59.3159,59.3159,1,1060.25,506.807,0,0
83790737344340,1068.89,570.282,1.81827,135.479,85.2277,-572.861,6.67207,3.49351,0.115971,0.0609355,0.991382,59.3159,59.3159,0,1051.6,443.333,1.95907,196.564,85.7076,-569.761,-1.44151,-1.31617,-0.0251499,-0.0229695,0.99942,59.3159,59.3159,1,1060.25,506.807,0,0
83790739844340,1068.89,570.282,1.81827,135.479,85.2277,-572.861,6.67207,3.49351,0.115971,0.0609355,0.991382,59.3159,59.3159,0,1051.6,443.333,1.95907,196.5,85.9044,-569.031,-0.692556,1.33147,-0.0120838,0.0232364,0.999657,59.3159,59.3159,1,1060.25,506.807,0,0
83790742344340,1068.89,570.282,1.81827,135.479,85.2277,-572.861,6.67207,3.49351,0.115971,0.0609355,0.991382,59.3159,59.3159,0,1051.6,443.333,1.95907,196.5,85.9044,-569.031,-0.692556,1.33147,-0.0120838,0.0232364,0.999657,59.3159,59.3159,1,1060.25,506.807,0,0
83790744844340,1068.89,570.282,1.81827,135.479,85.2277,-572.861,6.67207,3.49351,0.115971,0.0609355,0.991382,59.3159,59.3159,0,1051.6,443.333,1.95907,196.5,85.9044,-569.031,-0.692556,1.33147,-0.0120838,0.0232364,0.999657,59.3159,59.3159,1,1060.25,506.807,0,0
83790747344340,1068.89,570.282,1.81827,135.479,85.2277,-572.861,6.67207,3.49351,0.115971,0.0609355,0.991382,59.3159,59.3159,-1,1051.6,443.333,1.95907,196.5,85.9044,-569.031,-0.692556,1.33147,-0.0120838,0.0232364,0.999657,59.3159,59.3159,-1,1060.25,506.807,-1,0
83790749844340,1068.89,570.282,1.81827,135.479,85.2277,-572.861,6.67207,3.49351,0.115971,0.0609355,0.991382,59.3159,59.3159,0,1051.6,443.333,1.95907,196.482,85.6711,-569.714,-2.04469,-0.75567,-0.0356758,-0.0131886,0.999276,59.3159,59.3159,1,1060.25,506.807,0,0
83790752344340,1068.89,570.282,1.81827,135.479,85.2277,-572.861,6.67207,3.49351,0.115971,0.0609355,0.991382,59.3159,59.3159,0,1051.6,443.333,1.95907,196.482,85.6711,-569.714,-2.04469,-0.75567,-0.0356758,-0.0131886,0.999276,59.3159,59.3159,1,1060.25,506.807,0,0
83790754844340,1068.89,570.282,1.81827,135.479,85.2277,-572.861,6.67207,3.49351,0.115971,0.0609355,0.991382,59.3159,59.3159,0,1051.6,443.333,1.95907,196.482,85.6711,-569.714,-2.04469,-0.75567,-0.0356758,-0.0131886,0.999276,59.3159,59.3159,1,1060.25,506.807,0,0
83790757344340,1068.89,570.282,1.81827,135.479,85.2277,-572.861,6.67207,3.49351,0.115971,0.0609355,0.991382,59.3159,59.3159,0,1051.6,443.333,1.95907,196.446,85.6018,-569.627,-1.68819,-0.449453,-0.0294593,-0.00784435,0.999535,59.3159,59.3159,1,1060.25,506.807,0,0
83790759844340,1068.89,570.282,1.81827,135.479,85.2277,-572.861,6.67207,3.49351,0.115971,0.0609355,0.991382,59.3159,59.3159,0,1051.6,443.333,1.95907,196.446,85.6018,-569.627,-1.68819,-0.449453,-0.0294593,-0.00784435,0.999535,59.3159,59.3159,1,1060.25,506.807,0,0
83790759845200,1068.89,570.282,1.81827,135.479,85.2277,-572.861,6.67207,3.49351,0.115971,0.0609355,0.991382,59.3159,59.3159,0,1051.6,443.333,1.95907,196.4,85.6141,-569.392,-1.23655,0.850811,-0.0215778,0.0148489,0.999657,59.3159,59.3159,1,1060.25,506.807,0,0
83790762345200,1068.89,570.282,1.81827,135.479,85.2277,-572.861,6.67207,3.49351,0.115971,0.0609355,0.991382,59.3159,59.3159,0,1051.6,443.333,1.95907,196.4,85.6141,-569.392,-1.23655,0.850811,-0.0215778,0.0148489,0.999657,59.3159,59.3159,1,1060.25,506.807,0,0
83790764845200,1068.89,570.282,1.81827,135.479,85.2277,-572.861,6.67207,3.49351,0.115971,0.0609355,0.991382,59.3159,59.3159,-1,1051.6,443.333,1.95907,196.4,85.6141,-569.392,-1.23655,0.850811,-0.0215778,0.0148489,0.999657,59.3159,59.3159,-1,1060.25,506.807,-1,0
83790764848150,1068.89,570.282,1.81827,135.479,85.2277,-572.861,6.67207,3.49351,0.115971,0.0609355,0.991382,59.3159,59.3159,0,1051.6,443.333,1.95907,196.399,85.4338,-569.734,-1.82978,-0.87641,-0.0319266,-0.0152956,0.999373,59.3159,59.3159,1,1060.25,506.807,0,0
83790767348150,1068.89,570.282,1.81827,135.479,85.2277,-572.861,6.67207,3.49351,0.115971,0.0609355,0.991382,59.3159,59.3159,0,1051.6,443.333,1.95907,196.399,85.4338,-569.734,-1.82978,-0.87641,-0.0319266,-0.0152956,0.999373,59.3159,59.3159,1,1060.25,506.807,0,0
83790772347370,1068.89,570.282,1.81827,135.479,85.2277,-572.861,6.67207,3.49351,0.115971,0.0609355,0.991382,59.3159,59.3159,0,1030.23,443.333,1.95907,190.72,52.1581,-694.527,-199.78,-9.19363,0.334061,-0.159771,-0.928911,59.3159,59.3159,1,1060.25,506.807,0,0
83790774847370,1068.89,570.282,1.81827,135.479,85.2277,-572.861,6.67207,3.49351,0.115971,0.0609355,0.991382,59.3159,59.3159,0,1030.23,443.333,1.95907,190.72,52.1581,-694.527,-199.78,-9.19363,0.334061,-0.159771,-0.928911,59.3159,59.3159,1,1060.25,506.807,0,0
83790777347370,1068.89,570.282,1.81827,135.479,85.2277,-572.861,6.67207,3.49351,0.115971,0.0609355,0.991382,59.3159,59.3159,0,1030.23,443.333,1.95907,190.72,52.1581,-694.527,-199.78,-9.19363,0.334061,-0.159771,-0.928911,59.3159,59.3159,1,1060.25,506.807,0,0
83790779847370,1068.89,570.282,1.81827,135.479,85.2277,-572.861,6.67207,3.49351,0.115971,0.0609355,0.991382,59.3159,59.3159,0,1030.23,443.333,1.95907,190.72,52.1581,-694.527,-199.78,-9.19363,0.334061,-0.159771,-0.928911,59.3159,59.3159,0,1060.25,506.807,0,0
83790782347370,1068.89,570.282,1.81827,135.479,85.2277,-572.861,6.67207,3.49351,0.115971,0.0609355,0.991382,59.3159,59.3159,0,1030.23,443.333,1.95907,190.72,52.1581,-694.527,-199.78,-9.19363,0.334061,-0.159771,-0.928911,59.3159,59.3159,0,1060.25,506.807,0,0
83790784847370,1068.89,570.282,1.81827,135.479,85.2277,-572.861,6.67207,3.49351,0.115971,0.0609355,0.991382,59.3159,59.3159,-1,1030.23,443.333,1.95907,190.72,52.1581,-694.527,-199.78,-9.19363,0.334061,-0.159771,-0.928911,59.3159,59.3159,-1,1060.25,506.807,-1,0
83790784853010,1068.89,570.282,1.81827,135.479,85.2277,-572.861,6.67207,3.49351,0.115971,0.0609355,0.991382,59.3159,59.3159,0,1030.23,443.333,1.95907,196.384,85.0794,-571.018,-7.69772,-5.3625,-0.133361,-0.0934567,0.986651,59.3159,59.3159,1,1060.25,506.807,0,0
83790787353010,1068.89,570.282,1.81827,135.479,85.2277,-572.861,6.67207,3.49351,0.115971,0.0609355,0.991382,59.3159,59.3159,0,1030.23,443.333,1.95907,196.384,85.0794,-571.018,-7.69772,-5.3625,-0.133361,-0.0934567,0.986651,59.3159,59.3159,1,1060.25,506.807,0,0
83790789849020,1068.89,570.282,1.81827,135.479,85.2277,-572.861,6.67207,3.49351,0.115971,0.0609355,0.991382,59.3159,59.3159,0,1051.6,443.333,1.95907,196.299,83.7763,-574.743,-148.614,-79.4601,-0.0952649,-0.983128,-0.156154,59.3159,59.3159,1,1060.25,506.807,0,0
83790792349020,1068.89,570.282,1.81827,135.479,85.2277,-572.861,6.67207,3.49351,0.115971,0.0609355,0.991382,59.3159,59.3159,0,1051.6,443.333,1.95907,196.299,83.7763,-574.743,-148.614,-79.4601,-0.0952649,-0.983128,-0.156154,59.3159,59.3159,1,1060.25,506.807,0,0
83790797355180,1068.89,570.282,1.81827,135.479,85.2277,-572.861,6.67207,3.49351,0.115971,0.0609355,0.991382,59.3159,59.3159,0,1051.6,443.333,1.95907,191.877,61.664,-666.018,8.01168,21.551,0.129631,0.367329,0.921013,59.3159,59.3159,1,1060.25,506.807,0,0
83790799855180,1068.89,570.282,1.81827,135.479,85.2277,-572.861,6.67207,3.49351,0.115971,0.0609355,0.991382,59.3159,59.3159,0,1051.6,443.333,1.95907,191.877,61.664,-666.018,8.01168,21.551,0.129631,0.367329,0.921013,59.3159,59.3159,1,1060.25,506.807,0,0
83790802355180,1068.89,570.282,1.81827,135.479,85.2277,-572.861,6.67207,3.49351,0.115971,0.0609355,0.991382,59.3159,59.3159,-1,1051.6,443.333,1.95907,191.877,61.664,-666.018,8.01168,21.551,0.129631,0.367329,0.921013,59.3159,59.3159,-1,1060.25,506.807,-1,0
83790804855180,1068.89,570.282,1.81827,135.479,85.2277,-572.861,6.67207,3.49351,0.115971,0.0609355,0.991382,59.3159,59.3159,0,1051.6,443.333,1.95907,193.478,69.8671,-634.698,8.88462,-11.2087,0.151499,-0.194383,0.969156,59.3159,59.3159,1,1060.25,506.807,0,0
83790807355180,1068.89,570.282,1.81827,135.479,85.2277,-572.861,6.67207,3.49351,0.115971,0.0609355,0.991382,59.3159,59.3159,0,1051.6,443.333,1.95907,193.478,69.8671,-634.698,8.88462,-11.2087,0.151499,-0.194383,0.969156,59.3159,59.3159,1,1060.25,506.807,0,0
83790809853870,1068.89,570.282,1.81827,135.479,85.2277,-572.861,6.67207,3.49351,0.115971,0.0609355,0.991382,59.3159,59.3159,0,1051.6,443.333,1.95907,193.478,69.8671,-634.698,8.88462,-11.2087,0.151499,-0.194383,0.969156,59.3159,59.3159,0,1060.25,506.807,0,0
83790812353870,1068.89,570.282,1.81827,135.479,85.2277,-572.861,6.67207,3.49351,0.115971,0.0609355,0.991382,59.3159,59.3159,0,1051.6,443.333,1.95907,193.478,69.8671,-634.698,8.88462,-11.2087,0.151499,-0.194383,0.969156,59.3159,59.3159,0,1060.25,506.807,0,0
83790814856830,1068.89,570.282,1.81827,135.479,85.2277,-572.861,6.67207,3.49351,0.115971,0.0609355,0.991382,59.3159,59.3159,0,1051.6,443.333,1.95907,193.478,69.8671,-634.698,8.88462,-11.2087,0.151499,-0.194383,0.969156,59.3159,59.3159,0,1060.25,506.807,0,0
83790817356830,1068.89,570.282,1.81827,135.479,85.2277,-572.861,6.67207,3.49351,0.115971,0.0609355,0.991382,59.3159,59.3159,0,1051.6,443.333,1.95907,193.478,69.8671,-634.698,8.88462,-11.2087,0.151499,-0.194383,0.969156,59.3159,59.3159,0,1060.25,506.807,0,0
83790819856830,1068.89,570.282,1.81827,135.479,85.2277,-572.861,6.67207,3.49351,0.115971,0.0609355,0.991382,59.3159,59.3159,-1,1051.6,443.333,1.95907,193.478,69.8671,-634.698,8.88462,-11.2087,0.151499,-0.194383,0.969156,59.3159,59.3159,-1,1060.25,506.807,-1,0
83790822356830,1068.89,570.282,1.81827,135.479,85.2277,-572.861,6.67207,3.49351,0.115971,0.0609355,0.991382,59.3159,59.3159,0,1030.23,443.333,1.95907,193.898,71.0621,-628.468,-223.483,-39.1356,0.533763,-0.631158,-0.562794,59.3159,59.3159,1,1060.25,506.807,0,0
83790824856830,1068.89,570.282,1.81827,135.479,85.2277,-572.861,6.67207,3.49351,0.115971,0.0609355,0.991382,59.3159,59.3159,0,1030.23,443.333,1.95907,193.898,71.0621,-628.468,-223.483,-39.1356,0.533763,-0.631158,-0.562794,59.3159,59.3159,1,1060.25,506.807,0,0
83790827355520,1068.89,570.282,1.81827,135.479,85.2277,-572.861,6.67207,3.49351,0.115971,0.0609355,0.991382,59.3159,59.3159,0,1051.6,443.333,1.95907,196.657,85.0088,-570.598,-2.02171,-1.879,-0.0352592,-0.0327889,0.99884,59.3159,59.3159,1,1060.25,506.807,0,0
83790829855520,1068.89,570.282,1.81827,135.479,85.2277,-572.861,6.67207,3.49351,0.115971,0.0609355,0.991382,59.3159,59.3159,0,1051.6,443.333,1.95907,196.657,85.0088,-570.598,-2.02171,-1.879,-0.0352592,-0.0327889,0.99884,59.3159,59.3159,1,1060.25,506.807,0,0
83790832358470,1068.89,570.282,1.81827,135.479,85.2277,-572.861,6.67207,3.49351,0.115971,0.0609355,0.991382,59.3159,59.3159,0,1051.6,443.333,1.95907,196.657,85.0088,-570.598,-2.02171,-1.879,-0.0352592,-0.0327889,0.99884,59.3159,59.3159,0,1060.25,506.807,0,0
83790834858470,1068.89,570.282,1.81827,135.479,85.2277,-572.861,6.67207,3.49351,0.115971,0.0609355,0.991382,59.3159,59.3159,0,1051.6,443.333,1.95907,196.657,85.0088,-570.598,-2.02171,-1.879,-0.0352592,-0.0327889,0.99884,59.3159,59.3159,0,1060.25,506.807,0,0
83790837358470,1068.89,570.282,1.81827,135.479,85.2277,-572.861,6.67207,3.49351,0.115971,0.0609355,0.991382,59.3159,59.3159,0,1051.6,443.333,1.95907,196.657,85.0088,-570.598,-2.02171,-1.879,-0.0352592,-0.0327889,0.99884,59.3159,59.3159,0,1060.25,506.807,0,0
83790837361410,1068.89,570.282,1.81827,135.479,85.2277,-572.861,6.67207,3.49351,0.115971,0.0609355,0.991382,59.3159,59.3159,0,1051.6,443.333,1.95907,196.657,85.0088,-570.598,-2.02171,-1.879,-0.0352592,-0.0327889,0.99884,59.3159,59.3159,0,1060.25,506.807,0,0
83790839861410,1068.89,570.282,1.81827,135.479,85.2277,-572.861,6.67207,3.49351,0.115971,0.0609355,0.991382,59.3159,59.3159,0,1051.6,443.333,1.95907,196.657,85.0088,-570.598,-2.02171,-1.879,-0.0352592,-0.0327889,0.99884,59.3159,59.3159,0,1060.25,506.807,0,0
83790844857160,1068.89,570.282,1.81827,135.479,85.2277,-572.861,6.67207,3.49351,0.115971,0.0609355,0.991382,59.3159,59.3159,0,1030.23,443.333,1.95907,196.667,84.9448,-570.802,-2.30329,-0.834928,-0.0401848,-0.0145717,0.999086,59.3159,59.3159,1,1060.25,506.807,0,0
83790847357160,1068.89,570.282,1.81827,135.479,85.2277,-572.861,6.67207,3.49351,0.115971,0.0609355,0.991382,59.3159,59.3159,0,1030.23,443.333,1.95907,196.667,84.9448,-570.802,-2.30329,-0.834928,-0.0401848,-0.0145717,0.999086,59.3159,59.3159,1,1060.25,506.807,0,0
