timestamp,left_eye_gaze_position_x,left_eye_gaze_position_y,left_eye_pupil_diameter_mm,left_eye_pupil_position_x,left_eye_pupil_position_y,left_eye_pupil_position_z,left_eye_visual_angle_theta,left_eye_visual_angle_phi,left_eye_visual_angle_vector_x,left_eye_visual_angle_vector_y,left_eye_visual_angle_vector_z,left_eye_pixels_per_degree_x,left_eye_pixels_per_degree_y,left_eye_valid,right_eye_gaze_position_x,right_eye_gaze_position_y,right_eye_pupil_diameter_mm,right_eye_pupil_position_x,right_eye_pupil_position_y,right_eye_pupil_position_z,right_eye_visual_angle_theta,right_eye_visual_angle_phi,right_eye_visual_angle_vector_x,right_eye_visual_angle_vector_y,right_eye_visual_angle_vector_z,right_eye_pixels_per_degree_x,right_eye_pixels_per_degree_y,right_eye_valid,bino_eye_gaze_position_x,bino_eye_gaze_position_y,bino_eye_valid,trigger
292302450943300,1728.04,947.765,0,143.248,76.8788,-544.43,16.9958,9.29632,0.288463,0.16154,0.943766,57.0187,57.0187,1,1698.05,908.553,0,204.05,79.9541,-545.433,10.3827,8.51634,0.178236,0.148092,0.97278,57.0355,57.0355,1,1713.04,928.159,1,0
292302455943300,1733.34,953.618,0,143.235,76.8469,-544.545,17.0882,9.39338,0.289903,0.163212,0.943036,57.0303,57.0303,1,1703.84,899.821,0,204.044,79.9266,-545.479,10.4886,8.35703,0.180107,0.145341,0.97285,57.0405,57.0405,1,1718.59,926.719,1,0
292302460943300,1732.05,960.887,0,143.223,76.8477,-544.562,17.0675,9.5208,0.289456,0.165406,0.942792,57.0319,57.0319,1,1715.13,908.639,0,204.047,79.9276,-545.491,10.6936,8.51016,0.183514,0.147985,0.971814,57.0417,57.0417,1,1723.59,934.763,1,0
292302465943300,1741.74,956.871,0,143.214,76.8507,-544.554,17.2353,9.4418,0.292283,0.164046,0.942157,57.031,57.031,1,1707.53,898.378,0,204.036,79.8996,-545.535,10.5571,8.32978,0.181282,0.14487,0.972702,57.0465,57.0465,1,1724.63,927.624,1,0
292302470943300,1719.77,937.809,0,143.179,76.8444,-544.511,16.8628,9.12689,0.286408,0.158621,0.944886,57.0272,57.0272,1,1710.07,906.565,0,204.027,79.9127,-545.493,10.6036,8.47674,0.182004,0.147408,0.972186,57.0422,57.0422,1,1714.92,922.187,1,0
292302475943300,1728.52,943.871,0,143.175,76.8785,-544.438,17.0147,9.22477,0.288832,0.160308,0.943863,57.0194,57.0194,1,1706.34,902.806,0,204.015,79.8984,-545.519,10.5381,8.41067,0.180922,0.146267,0.97256,57.045,57.045,1,1717.43,923.339,1,0
292302480943300,1737.82,942.389,0,143.165,76.8698,-544.481,17.1742,9.19118,0.291486,0.159729,0.943145,57.0237,57.0237,1,1707.85,899.536,0,204.002,79.9587,-545.328,10.5661,8.35052,0.181425,0.145229,0.972622,57.0255,57.0255,1,1722.83,920.963,1,0
292302485943300,1736.73,943.683,0,143.147,76.8516,-544.534,17.1585,9.21366,0.291211,0.160116,0.943164,57.0291,57.0291,1,1698.17,910.846,0,203.999,79.9041,-545.517,10.3929,8.55839,0.178388,0.148817,0.972641,57.0447,57.0447,1,1717.45,927.264,1,0
292302490943300,1730.2,932.343,0,143.126,76.8286,-544.586,17.0481,9.02069,0.289548,0.156791,0.944234,57.0346,57.0346,1,1697.83,896.223,0,203.99,79.8806,-545.548,10.3883,8.29482,0.178432,0.144267,0.973319,57.0482,57.0482,1,1714.01,914.283,1,0
292302495943300,1737.63,924.492,0,143.124,76.8384,-544.551,17.1791,8.87501,0.291824,0.154279,0.943947,57.0311,57.0311,1,1694.66,904.973,0,203.973,79.9151,-545.455,10.3321,8.45414,0.177404,0.147018,0.973095,57.0385,57.0385,1,1716.15,914.732,1,0
292302500943300,1736.44,927.81,0,143.109,76.8353,-544.574,17.1595,8.9341,0.291453,0.155298,0.943895,57.0333,57.0333,1,1696.09,907.701,0,203.964,79.9142,-545.45,10.358,8.5037,0.177822,0.147873,0.972889,57.0381,57.0381,1,1716.27,917.756,1,0
292302505943300,1728.8,930.607,0,143.1,76.8614,-544.529,17.0296,8.98793,0.28927,0.156226,0.944413,57.0285,57.0285,1,1686.31,912.897,0,203.938,79.9045,-545.478,10.1821,8.60303,0.174789,0.149588,0.973176,57.041,57.041,1,1707.56,921.752,1,0
292302510943300,1725.96,926.297,0,143.089,76.8406,-544.604,16.9824,8.91347,0.288551,0.154943,0.944844,57.036,57.036,1,1701.32,911.537,0,203.93,79.9289,-545.377,10.4566,8.57079,0.179464,0.149031,0.972411,57.0309,57.0309,1,1713.64,918.917,1,0
292302515943300,1724.81,924.453,0,143.083,76.8386,-544.612,16.9625,8.88238,0.288247,0.154406,0.945025,57.0368,57.0368,1,1697.01,899.753,0,203.903,79.9572,-545.245,10.3816,8.36022,0.178288,0.145396,0.973177,57.0178,57.0178,1,1710.91,912.103,1,0
292302520943300,1723.87,918.871,0,143.078,76.8661,-544.539,16.9477,8.78413,0.288079,0.152712,0.945351,57.0293,57.0293,1,1698.45,908.899,0,203.887,79.9655,-545.237,10.4105,8.52355,0.178704,0.148216,0.972675,57.0168,57.0168,1,1711.16,913.885,1,0
292302525943300,1725.19,929.85,0,143.073,76.8791,-544.541,16.9712,8.97451,0.288318,0.155995,0.944742,57.0291,57.0291,1,1697.35,912.343,0,203.876,79.9551,-545.27,10.3932,8.58532,0.178381,0.149282,0.972571,57.0201,57.0201,1,1711.27,921.096,1,0
292302530943300,1725.97,927.021,0,143.059,76.8477,-544.637,16.9844,8.92483,0.288575,0.155138,0.944805,57.039,57.039,1,1712.74,902.689,0,203.877,79.963,-545.229,10.6717,8.40416,0.183193,0.146155,0.972152,57.0161,57.0161,1,1719.35,914.855,1,0
292302535943300,1727.36,921.754,0,143.053,76.8743,-544.556,17.0071,8.83277,0.289021,0.153551,0.944928,57.0307,57.0307,1,1708.86,909.45,0,203.865,79.9601,-545.249,10.6035,8.52734,0.181976,0.148281,0.972058,57.0181,57.0181,1,1718.11,915.602,1,0
292302540943300,1721.46,925.427,0,143.04,76.887,-544.522,16.9062,8.90233,0.287302,0.154751,0.945257,57.0271,57.0271,1,1712.02,907.336,0,203.845,79.9901,-545.148,10.6597,8.48956,0.182949,0.147629,0.971975,57.0078,57.0078,1,1716.74,916.381,1,0
292302545943300,1725.18,924.47,0,143.023,76.8857,-544.53,16.9697,8.88376,0.288365,0.15443,0.944985,57.028,57.028,1,1712.03,893.049,0,203.845,79.9388,-545.272,10.6603,8.2324,0.18308,0.143189,0.972614,57.0208,57.0208,1,1718.6,908.76,1,0
292302550943300,1728.5,921.491,0,143.008,76.8593,-544.612,17.026,8.82997,0.289335,0.153503,0.94484,57.0363,57.0363,1,1704.62,895.873,0,203.836,79.9161,-545.332,10.5272,8.28736,0.180794,0.144138,0.972902,57.0269,57.0269,1,1716.56,908.682,1,0
292302555943300,1720.62,930.064,0,142.996,76.8693,-544.591,16.8919,8.98636,0.287,0.156199,0.94511,57.0341,57.0341,1,1713.04,895.49,0,203.829,79.9058,-545.353,10.6789,8.27811,0.183374,0.143978,0.972442,57.0292,57.0292,1,1716.83,912.777,1,0
292302560943300,1724.48,930.998,0,142.989,76.8788,-544.551,16.9605,8.99911,0.288121,0.156419,0.944732,57.0301,57.0301,1,1711.33,887.964,0,203.822,79.8755,-545.401,10.6509,8.14276,0.182961,0.14164,0.972863,57.0345,57.0345,1,1717.91,909.481,1,0
292302565943300,1714.07,930.816,0,142.971,76.9023,-544.459,16.7848,9.00375,0.285219,0.156499,0.945599,57.0208,57.0208,1,1712.85,892.931,0,203.807,79.8958,-545.352,10.679,8.232,0.183396,0.143182,0.972556,57.0294,57.0294,1,1713.46,911.873,1,0
292302570943300,1720.85,922.61,0,142.966,76.875,-544.504,16.9031,8.85452,0.287288,0.153926,0.945395,57.0257,57.0257,1,1702.06,899.294,0,203.79,79.9067,-545.308,10.4837,8.35324,0.180025,0.145276,0.972875,57.025,57.025,1,1711.45,910.952,1,0
292302575943300,1720.55,930.643,0,142.951,76.8728,-544.491,16.8984,8.99722,0.287098,0.156387,0.945049,57.0246,57.0246,1,1714.32,895.259,0,203.798,79.8848,-545.347,10.7076,8.2738,0.183864,0.143904,0.972361,57.0292,57.0292,1,1717.43,912.951,1,0
292302580943300,1724.69,934.387,0,142.937,76.8643,-544.526,16.9714,9.05882,0.288254,0.157448,0.944521,57.0281,57.0281,1,1700.53,897.025,0,203.791,79.8542,-545.429,10.4594,8.31224,0.179631,0.144568,0.973053,57.0377,57.0377,1,1712.61,915.706,1,0
292302585943300,1736.57,934.767,0,142.93,76.8357,-544.612,17.1765,9.05546,0.291635,0.15739,0.943492,57.0368,57.0368,1,1704.98,894.14,0,203.779,79.8665,-545.36,10.5403,8.25934,0.181029,0.143654,0.97293,57.0308,57.0308,1,1720.77,914.453,1,0
292302590943300,1730.53,922.701,0,142.922,76.8424,-544.531,17.0731,8.85102,0.290096,0.153866,0.944547,57.0291,57.0291,1,1690.66,902.736,0,203.763,79.8789,-545.326,10.2814,8.42167,0.176559,0.146457,0.973333,57.0273,57.0273,1,1710.6,912.719,1,0
292302595943300,1743.74,930.136,0,142.92,76.8138,-544.617,17.3002,8.97052,0.293741,0.155926,0.943082,57.038,57.038,1,1695.55,898.119,0,203.761,79.8648,-545.352,10.37,8.33684,0.178101,0.144992,0.973271,57.0302,57.0302,1,1719.65,914.128,1,0
292302600943300,1732.01,930.596,0,142.907,76.8198,-544.584,17.1007,8.98827,0.290441,0.156232,0.944053,57.0347,57.0347,1,1693.38,906,0,203.754,79.8764,-545.335,10.33,8.48061,0.177357,0.147475,0.973034,57.0283,57.0283,1,1712.7,918.298,1,0
292302605943300,1735.37,933.624,0,142.905,76.8215,-544.578,17.1582,9.03892,0.291348,0.157105,0.943628,57.034,57.034,1,1701.43,899.62,0,203.759,79.8538,-545.374,10.4758,8.3626,0.179886,0.145437,0.972877,57.0325,57.0325,1,1718.4,916.622,1,202
292302610943300,1728.9,932.371,0,142.9,76.8284,-544.55,17.0476,9.02244,0.289538,0.156821,0.944232,57.0313,57.0313,1,1687.49,906.225,0,203.739,79.8733,-545.324,10.2237,8.4886,0.175548,0.147613,0.973341,57.0273,57.0273,1,1708.19,919.298,1,0
292302615943300,1735.03,927.414,0,142.906,76.8316,-544.523,17.1527,8.93088,0.291344,0.155243,0.943938,57.0286,57.0286,1,1689.52,899.058,0,203.737,79.8709,-545.307,10.2604,8.35906,0.17623,0.145376,0.973555,57.0258,57.0258,1,1712.28,913.236,1,0
292302620943300,1726.99,930.437,0,142.896,76.8125,-544.567,17.015,8.99104,0.289027,0.15628,0.944479,57.0332,57.0332,1,1686.45,907.109,0,203.732,79.878,-545.304,10.2056,8.50523,0.175232,0.1479,0.973355,57.0253,57.0253,1,1706.72,918.773,1,0
292302625943300,1732.37,930.979,0,142.901,76.8456,-544.455,17.1093,8.99538,0.290577,0.156355,0.943991,57.0219,57.0219,1,1683.48,903.805,0,203.724,79.8869,-545.264,10.1518,8.44741,0.174344,0.146902,0.973665,57.0214,57.0214,1,1707.93,917.392,1,0
292302630943300,1709.33,932.029,0,142.861,76.9129,-544.261,16.7207,9.02932,0.284142,0.15694,0.945851,57.0019,57.0019,1,1687.45,898.677,0,203.675,79.944,-545.038,10.231,8.35163,0.175733,0.145248,0.973664,56.9986,56.9986,1,1698.39,915.353,1,0
292302635943300,1643.38,937.138,0,142.759,77.0291,-543.827,15.5912,9.17011,0.265337,0.159366,0.950894,56.9582,56.9582,1,1662.5,880.074,0,203.545,79.9847,-544.75,9.79555,8.02428,0.168467,0.139593,0.975773,56.9705,56.9705,1,1652.94,908.606,1,0
292302640943300,1561.14,888.298,0,142.523,76.8556,-544.071,14.1653,8.36915,0.242114,0.14555,0.959268,56.9855,56.9855,1,1559.16,864.676,0,203.339,79.9804,-544.516,7.91481,7.79403,0.136429,0.135612,0.981324,56.9486,56.9486,1,1560.15,876.487,1,0
292302645943300,1434.65,807.624,0,142.28,76.6546,-544.224,11.9273,7.00056,0.20513,0.121879,0.971116,57.0049,57.0049,1,1507.72,796.807,0,203.134,79.8162,-544.521,6.98845,6.57508,0.120869,0.114505,0.986042,56.9533,56.9533,1,1471.18,802.215,1,0
292302650943300,1394.35,745.797,0,142.098,76.5964,-543.959,11.2202,5.90272,0.193548,0.10284,0.975686,56.9815,56.9815,1,1399.66,716.564,0,202.886,79.6585,-544.475,5.00325,5.12679,0.0868633,0.0893601,0.992204,56.9529,56.9529,1,1397,731.18,1,0
292302655943300,1287.87,693.956,0,141.901,76.3956,-544.222,9.29534,4.9979,0.160909,0.0871192,0.983117,57.0113,57.0113,1,1324.97,641.888,0,202.677,79.4915,-544.574,3.62368,3.7643,0.0630667,0.0656521,0.995848,56.9664,56.9664,1,1306.42,667.922,1,0
292302660943300,1248.6,662.955,0,141.782,76.2641,-544.435,8.58126,4.44891,0.148762,0.0775702,0.985826,57.0347,57.0347,1,1283.08,609.545,0,202.589,79.2662,-545.019,2.84794,3.17432,0.0496092,0.0553741,0.997232,57.0139,57.0139,1,1265.84,636.25,1,0
292302665943300,1232.43,635.916,0,141.755,76.2034,-544.492,8.28576,3.95587,0.143767,0.068988,0.987204,57.0415,57.0415,1,1273.91,611.176,0,202.553,79.1754,-545.173,2.67868,3.21473,0.0466612,0.0560782,0.997335,57.0307,57.0307,1,1253.17,623.546,1,0
292302670943300,1254.01,601.589,0,141.772,76.17,-544.453,8.6814,3.32028,0.150687,0.0579175,0.986883,57.0387,57.0387,1,1288.95,612.537,0,202.56,79.1659,-545.185,2.95936,3.24176,0.051545,0.0565493,0.997068,57.032,57.032,1,1271.48,607.063,1,0
292302675943300,1264.35,607.659,0,141.781,76.1445,-544.53,8.87042,3.43089,0.153924,0.0598446,0.986269,57.0466,57.0466,1,1290.27,609.76,0,202.578,79.1472,-545.238,2.98194,3.19123,0.0519404,0.0556686,0.997097,57.0375,57.0375,1,1277.31,608.709,1,0
292302680943300,1262.44,608.156,0,141.791,76.1867,-544.41,8.83487,3.44021,0.15331,0.060007,0.986354,57.0343,57.0343,1,1281.2,619.104,0,202.588,79.1891,-545.158,2.81191,3.36092,0.048973,0.0586256,0.997078,57.0289,57.0289,1,1271.82,613.63,1,0
292302685943300,1262.51,639.77,0,141.794,76.2149,-544.431,8.83633,4.02079,0.153234,0.0701184,0.985699,57.0355,57.0355,1,1287.97,624.121,0,202.608,79.2027,-545.173,2.93731,3.45205,0.0511503,0.0602132,0.996874,57.03,57.03,1,1275.24,631.946,1,0
292302690943300,1286.66,633.819,0,141.812,76.2167,-544.416,9.27848,3.90531,0.160859,0.0681078,0.984625,57.034,57.034,1,1292.84,624.784,0,202.626,79.2143,-545.17,3.02711,3.46162,0.0527121,0.0603798,0.996783,57.0294,57.0294,1,1289.75,629.301,1,0
292302695943300,1281.74,627.691,0,141.805,76.2068,-544.429,9.18884,3.79363,0.159339,0.066163,0.985004,57.0355,57.0355,1,1286.52,631.044,0,202.623,79.2252,-545.161,2.90896,3.57822,0.0506502,0.0624112,0.996764,57.0283,57.0283,1,1284.13,629.367,1,0
292302700943300,1275.5,634.919,0,141.796,76.203,-544.45,9.07501,3.92827,0.157357,0.0685076,0.985163,57.0376,57.0376,1,1294.39,633.623,0,202.632,79.2482,-545.104,3.05489,3.62652,0.0531859,0.0632524,0.996579,57.0224,57.0224,1,1284.95,634.271,1,0
292302705943300,1290.37,618.659,0,141.81,76.2086,-544.406,9.34702,3.62414,0.162089,0.063211,0.984749,57.0333,57.0333,1,1294.54,626.357,0,202.634,79.2496,-545.087,3.05728,3.49128,0.0532353,0.0608966,0.996723,57.0208,57.0208,1,1292.45,622.508,1,0
292302710943300,1295.28,621.8,0,141.819,76.2284,-544.361,9.43599,3.68198,0.163607,0.0642184,0.984433,57.0285,57.0285,1,1294.27,624.411,0,202.639,79.2413,-545.142,3.05265,3.45229,0.053157,0.0602173,0.996769,57.0261,57.0261,1,1294.78,623.105,1,0
292302715943300,1296.3,624.159,0,141.819,76.213,-544.418,9.45414,3.7256,0.163911,0.0649782,0.984333,57.0343,57.0343,1,1295.05,629.863,0,202.643,79.2517,-545.135,3.06638,3.55444,0.05339,0.0619969,0.996647,57.0252,57.0252,1,1295.68,627.011,1,0
292302720943300,1292.68,616.993,0,141.813,76.2123,-544.43,9.38861,3.59244,0.162809,0.0626588,0.984666,57.0355,57.0355,1,1297.31,645.304,0,202.646,79.2832,-545.098,3.10805,3.8417,0.0540973,0.0670001,0.996285,57.0209,57.0209,1,1295,631.148,1,0
292302725943300,1292.56,611.972,0,141.811,76.2029,-544.465,9.38601,3.50025,0.162781,0.061053,0.984772,57.039,57.039,1,1296.18,640.025,0,202.646,79.2898,-545.067,3.08611,3.74442,0.0537219,0.0653059,0.996418,57.0178,57.0178,1,1294.37,625.998,1,0
292302730943300,1300.33,611.766,0,141.822,76.2292,-544.407,9.52781,3.49406,0.165219,0.0609451,0.984372,57.0329,57.0329,1,1295.74,641.634,0,202.646,79.305,-545.051,3.0785,3.7721,0.0535878,0.0657881,0.996394,57.0159,57.0159,1,1298.04,626.7,1,0
292302735943300,1301.38,615.902,0,141.822,76.2326,-544.418,9.54694,3.56974,0.165534,0.0622635,0.984237,57.0339,57.0339,1,1303.19,643.516,0,202.653,79.3181,-545.016,3.21724,3.80662,0.0559981,0.0663892,0.996221,57.0123,57.0123,1,1302.29,629.709,1,0
292302740943300,1299.06,621.995,0,141.818,76.2357,-544.435,9.50557,3.68009,0.164803,0.0641856,0.984236,57.0354,57.0354,1,1302.69,639.753,0,202.648,79.3338,-544.965,3.20836,3.73547,0.0558483,0.06515,0.996311,57.0072,57.0072,1,1300.88,630.874,1,0
292302745943300,1304.3,614.872,0,141.82,76.2351,-544.431,9.60093,3.54828,0.166465,0.0618896,0.984103,57.035,57.035,1,1300.8,645.593,0,202.645,79.3409,-544.969,3.17348,3.84369,0.0552349,0.0670347,0.996221,57.0073,57.0073,1,1302.55,630.233,1,0
292302750943300,1306.74,628.449,0,141.812,76.2307,-544.498,9.64589,3.7977,0.16719,0.0662339,0.983697,57.0414,57.0414,1,1292.09,643.681,0,202.633,79.3417,-544.964,3.01115,3.8091,0.0524142,0.0664324,0.996413,57.0069,57.0069,1,1299.42,636.065,1,0
292302755943300,1309.1,627.161,0,141.817,76.2573,-544.417,9.68956,3.77206,0.167945,0.0657873,0.983599,57.0331,57.0331,1,1297.7,650.399,0,202.639,79.3306,-545.025,3.11583,3.93426,0.0542267,0.0686119,0.996168,57.0128,57.0128,1,1303.4,638.78,1,0
292302760943300,1317.99,611.331,0,141.81,76.2318,-544.455,9.85345,3.47697,0.170814,0.0606473,0.983435,57.0373,57.0373,1,1296.87,648.226,0,202.626,79.3525,-544.938,3.10076,3.89462,0.0539672,0.0679216,0.99623,57.0042,57.0042,1,1307.43,629.779,1,0
292302765943300,1319,611.517,0,141.8,76.2041,-544.549,9.87236,3.48012,0.171138,0.0607022,0.983375,57.0469,57.0469,1,1293.98,646.69,0,202.621,79.3357,-544.986,3.04784,3.86552,0.0530488,0.0674148,0.996314,57.0091,57.0091,1,1306.49,629.103,1,0
292302770943300,1309.75,619.106,0,141.783,76.2198,-544.528,9.70469,3.62208,0.168233,0.0631752,0.983721,57.0445,57.0445,1,1291.71,643.07,0,202.616,79.3301,-544.991,3.00614,3.79762,0.0523278,0.0662324,0.996431,57.0097,57.0097,1,1300.73,631.088,1,0
292302775943300,1314.76,614.906,0,141.78,76.2332,-544.495,9.79726,3.54236,0.169837,0.0617864,0.983533,57.0411,57.0411,1,1283.13,643.95,0,202.599,79.3603,-544.899,2.84669,3.81401,0.0495536,0.0665179,0.996554,57.0003,57.0003,1,1298.95,629.428,1,0
292302780943300,1323.28,607.222,0,141.774,76.2298,-544.495,9.95345,3.39901,0.172544,0.0592891,0.983216,57.0412,57.0412,1,1278.45,645.627,0,202.591,79.3567,-544.912,2.76006,3.84473,0.048045,0.0670529,0.996592,57.0016,57.0016,1,1300.86,626.424,1,0
292302785943300,1330.67,600.451,0,141.772,76.2296,-544.499,10.0898,3.2697,0.174906,0.0570361,0.982932,57.0416,57.0416,1,1273.42,637.862,0,202.583,79.3539,-544.898,2.66671,3.7001,0.046429,0.064534,0.996835,57.0003,57.0003,1,1302.05,619.157,1,0
292302790943300,1318.81,601.817,0,141.748,76.2389,-544.497,9.87443,3.29897,0.171205,0.0575461,0.983553,57.0411,57.0411,1,1278.45,635.802,0,202.582,79.3347,-544.972,2.76138,3.66127,0.0480782,0.0638577,0.9968,57.0077,57.0077,1,1298.63,618.809,1,0
292302795943300,1322.56,596.296,0,141.746,76.2491,-544.482,9.9433,3.19543,0.172405,0.0557419,0.983448,57.0394,57.0394,1,1273.08,630.44,0,202.58,79.3053,-545.052,2.6611,3.56194,0.0463386,0.0621275,0.996992,57.016,57.016,1,1297.82,613.368,1,0
292302800943300,1316.32,599.019,0,141.732,76.2579,-544.48,9.83098,3.24552,0.170468,0.0566148,0.983735,57.039,57.039,1,1265.89,644.51,0,202.563,79.3463,-544.963,2.52793,3.82288,0.0440082,0.0666724,0.996804,57.0066,57.0066,1,1291.1,621.765,1,0
292302805943300,1318.2,593.04,0,141.72,76.2552,-544.503,9.86683,3.13299,0.171103,0.0546538,0.983736,57.0413,57.0413,1,1261.81,640.624,0,202.552,79.3489,-544.946,2.45294,3.74942,0.0427072,0.0653931,0.996945,57.005,57.005,1,1290.01,616.832,1,0
292302810943300,1304.22,607.93,0,141.701,76.2461,-544.577,9.61264,3.40915,0.166691,0.0594658,0.984214,57.0485,57.0485,1,1266.57,649.255,0,202.548,79.3426,-544.995,2.54285,3.90997,0.0442633,0.068189,0.99669,57.0097,57.0097,1,1285.39,628.592,1,0
292302815943300,1297.12,611.75,0,141.689,76.2514,-544.586,9.48334,3.48151,0.164457,0.0607265,0.984513,57.0491,57.0491,1,1266.51,636.205,0,202.532,79.3286,-544.998,2.54405,3.66524,0.0442966,0.063927,0.996971,57.0104,57.0104,1,1281.81,623.977,1,0
292302820943300,1296.26,611.289,0,141.676,76.257,-544.581,9.46993,3.47056,0.164228,0.0605356,0.984563,57.0486,57.0486,1,1274.64,653.353,0,202.523,79.3558,-544.959,2.69738,3.98444,0.0469471,0.0694856,0.996478,57.0061,57.0061,1,1285.45,632.321,1,0
292302825943300,1299.19,603.307,0,141.674,76.2642,-544.554,9.52329,3.32373,0.16517,0.0579775,0.98456,57.0458,57.0458,1,1281.27,646.99,0,202.515,79.3715,-544.899,2.82266,3.8646,0.0491329,0.0673989,0.996516,57,57,1,1290.23,625.148,1,0
292302830943300,1292.53,606.277,0,141.651,76.2537,-544.6,9.40198,3.38291,0.163075,0.0590086,0.984847,57.0505,57.0505,1,1297.79,645.519,0,202.518,79.33,-545.008,3.13328,3.83586,0.0545363,0.0668983,0.996268,57.0113,57.0113,1,1295.16,625.898,1,0
292302835943300,1297.68,600.24,0,141.652,76.268,-544.526,9.49605,3.27286,0.164711,0.0570911,0.984688,57.0431,57.0431,1,1291.51,650.495,0,202.506,79.3438,-544.963,3.01655,3.92923,0.0525007,0.0685242,0.996267,57.0067,57.0067,1,1294.6,625.367,1,0
292302840943300,1297.3,599.335,0,141.642,76.2858,-544.472,9.48967,3.25772,0.164603,0.0568272,0.984721,57.0375,57.0375,1,1290.17,643.582,0,202.497,79.3354,-544.963,2.99245,3.8007,0.0520896,0.0662861,0.99644,57.0069,57.0069,1,1293.74,621.458,1,0
292302845943300,1297.24,598.105,0,141.634,76.2686,-544.525,9.48872,3.23584,0.16459,0.056446,0.984746,57.043,57.043,1,1295.92,645.582,0,202.485,79.3414,-544.928,3.1008,3.83944,0.0539714,0.0669607,0.996295,57.0035,57.0035,1,1296.58,621.844,1,0
292302850943300,1296.54,596.663,0,141.627,76.2651,-544.505,9.47591,3.21226,0.164374,0.0560351,0.984805,57.0412,57.0412,1,1291.38,638.38,0,202.481,79.3161,-544.963,3.0161,3.70673,0.0525065,0.0646496,0.996526,57.0074,57.0074,1,1293.96,617.521,1,0
292302855943300,1290.17,600.965,0,141.624,76.2948,-544.417,9.35985,3.29302,0.162366,0.0574423,0.985057,57.0322,57.0322,1,1286.33,651.113,0,202.47,79.3164,-544.952,2.92288,3.94479,0.050871,0.0687951,0.996333,57.0063,57.0063,1,1288.25,626.039,1,0
292302860943300,1289.68,603.618,0,141.613,76.2633,-544.495,9.35188,3.34232,0.162221,0.0583014,0.985031,57.0403,57.0403,1,1285.09,647.568,0,202.466,79.31,-544.94,2.89977,3.87981,0.050473,0.0676637,0.996431,57.0054,57.0054,1,1287.38,625.593,1,0
292302865943300,1286.8,608.061,0,141.609,76.2612,-544.484,9.29958,3.42552,0.161308,0.059751,0.985094,57.0394,57.0394,1,1288.81,652.071,0,202.461,79.3154,-544.893,2.97056,3.96321,0.0516989,0.0691158,0.996268,57.0009,57.0009,1,1287.8,630.066,1,0
292302870943300,1289.2,605.574,0,141.607,76.2554,-544.488,9.34432,3.3782,0.162085,0.0589266,0.985016,57.0399,57.0399,1,1290.06,647.659,0,202.461,79.3053,-544.888,2.99432,3.88103,0.0521172,0.0676849,0.996345,57.0007,57.0007,1,1289.63,626.617,1,0
292302875943300,1282.69,613.833,0,141.598,76.2433,-544.519,9.22608,3.53159,0.160026,0.0615989,0.985189,57.0431,57.0431,1,1285.45,641.737,0,202.45,79.2893,-544.901,2.90903,3.77167,0.0506405,0.0657805,0.996548,57.0023,57.0023,1,1284.07,627.785,1,0
292302880943300,1290.84,617.899,0,141.603,76.2604,-544.459,9.37535,3.60553,0.162579,0.0628868,0.984689,57.037,57.037,1,1285.51,646.098,0,202.452,79.288,-544.897,2.91028,3.85271,0.0506574,0.0671918,0.996453,57.0019,57.0019,1,1288.18,631.998,1,0
292302885943300,1289.8,613.661,0,141.603,76.2449,-544.485,9.35657,3.5271,0.16227,0.0615206,0.984827,57.0399,57.0399,1,1288.58,645.128,0,202.451,79.3026,-544.831,2.96718,3.83619,0.0516479,0.0669042,0.996422,56.9954,56.9954,1,1289.19,629.394,1,0
292302890943300,1293.56,613.107,0,141.603,76.2357,-544.494,9.42535,3.51696,0.163454,0.061344,0.984642,57.0409,57.0409,1,1290.7,642.449,0,202.455,79.2822,-544.876,3.0069,3.78647,0.0523417,0.0660383,0.996443,57.0001,57.0001,1,1292.13,627.778,1,0
292302895943300,1302.82,607.773,0,141.609,76.221,-544.518,9.59421,3.4173,0.166373,0.0596078,0.98426,57.0435,57.0435,1,1290.52,640.478,0,202.457,79.2834,-544.868,3.00337,3.74943,0.0522826,0.0653931,0.996489,56.9993,56.9993,1,1296.67,624.125,1,0
292302900943300,1296.19,609.208,0,141.606,76.2521,-544.41,9.47396,3.44487,0.164302,0.0600881,0.984578,57.0326,57.0326,1,1289.81,638.233,0,202.454,79.2819,-544.831,2.99012,3.70902,0.0520544,0.0646893,0.996547,56.9958,56.9958,1,1293,623.721,1,0
292302905943300,1299.27,611.735,0,141.603,76.2362,-544.447,9.53091,3.49043,0.165272,0.0608818,0.984367,57.0365,57.0365,1,1287.45,646.047,0,202.459,79.259,-544.92,2.94602,3.8544,0.0512789,0.0672212,0.99642,57.0048,57.0048,1,1293.36,628.891,1,0
292302910943300,1301,612.534,0,141.608,76.239,-544.418,9.56209,3.50606,0.165805,0.0611542,0.98426,57.0337,57.0337,1,1294.09,638.803,0,202.461,79.2652,-544.865,3.06994,3.71963,0.0534422,0.0648742,0.996462,56.9995,56.9995,1,1297.54,625.669,1,0
292302915943300,1292.61,610.031,0,141.603,76.2358,-544.4,9.40902,3.46196,0.163183,0.0603859,0.984746,57.0321,57.0321,1,1301.37,646.776,0,202.468,79.2892,-544.793,3.20577,3.86742,0.0557947,0.067448,0.996161,56.9921,56.9921,1,1296.99,628.404,1,0
292302920943300,1297.78,605.682,0,141.607,76.1971,-544.484,9.50334,3.38058,0.164818,0.058968,0.98456,57.0409,57.0409,1,1292.66,639.362,0,202.46,79.2735,-544.812,3.04336,3.73022,0.0529792,0.0650587,0.996474,56.9943,56.9943,1,1295.22,622.522,1,0
292302925943300,1298.61,612.122,0,141.609,76.2191,-544.419,9.51977,3.4968,0.16508,0.0609927,0.984392,57.0343,57.0343,1,1292.66,633.992,0,202.457,79.2795,-544.764,3.0437,3.63008,0.0529911,0.0633145,0.996586,56.9896,56.9896,1,1295.64,623.057,1,0
292302930943300,1294.64,611.248,0,141.572,76.2904,-544.207,9.45383,3.47687,0.163951,0.0606456,0.984603,57.0126,57.0126,1,1281.44,634.259,0,202.418,79.315,-544.646,2.83675,3.63511,0.0493909,0.0634021,0.996765,56.9776,56.9776,1,1288.04,622.754,1,0
292302935943300,1247.3,625.734,0,141.45,76.3623,-543.971,8.59863,3.75206,0.149191,0.0654389,0.986641,56.9886,56.9886,1,1222.15,625.383,0,202.269,79.4197,-544.258,1.73586,3.47449,0.0302362,0.0606041,0.997704,56.9385,56.9385,1,1234.73,625.559,1,0
292302940943300,1125.47,606.123,0,141.257,76.4512,-543.602,6.36424,3.40932,0.110652,0.0594687,0.992078,56.9516,56.9516,1,1157.75,629.583,0,202.075,79.3798,-544.309,0.546077,3.55161,0.0095124,0.0619475,0.998034,56.9442,56.9442,1,1141.61,617.853,1,0
292302945943300,1059.13,576.687,0,141.052,76.328,-543.815,5.14719,2.86895,0.0896021,0.0500517,0.994719,56.9747,56.9747,1,1082.19,642.67,0,201.891,79.3385,-544.34,-0.858146,3.80607,-0.0149439,0.0663797,0.997683,56.9482,56.9482,1,1070.66,609.678,1,0
292302950943300,1023.39,543.485,0,140.913,76.1438,-544.208,4.49012,2.25962,0.0782263,0.0394276,0.996156,57.0163,57.0163,1,1020.47,600.896,0,201.724,79.2622,-544.344,-2.00138,3.02105,-0.0348751,0.0527028,0.998001,56.9505,56.9505,1,1021.93,572.191,1,0
292302955943300,985.596,511.201,0,140.807,76.0883,-544.282,3.79214,1.66353,0.0661092,0.02903,0.99739,57.0247,57.0247,1,977.963,580.668,0,201.607,79.1409,-544.589,-2.78726,2.65076,-0.0485756,0.046248,0.997748,56.9766,56.9766,1,981.78,545.934,1,0
292302960943300,960.841,498.013,0,140.734,76.0355,-544.385,3.33451,1.42221,0.0581474,0.0248197,0.997999,57.0357,57.0357,1,951.623,580.424,0,201.545,79.0758,-544.789,-3.27409,2.64983,-0.0570516,0.0462318,0.9973,56.997,56.997,1,956.232,539.219,1,0
292302965943300,971.443,493.131,0,140.73,76.0084,-544.443,3.53352,1.33042,0.0616158,0.0232181,0.99783,57.0418,57.0418,1,940.009,593.143,0,201.53,79.0289,-544.927,-3.48961,2.88869,-0.0607902,0.0503957,0.996878,57.0112,57.0112,1,955.726,543.137,1,0
292302970943300,975.55,497.508,0,140.725,76.0066,-544.44,3.61105,1.4149,0.0629638,0.0246922,0.99771,57.0416,57.0416,1,947.435,590.211,0,201.543,79.0144,-544.921,-3.3517,2.83623,-0.0583933,0.0494813,0.997067,57.011,57.011,1,961.492,543.859,1,0
292302975943300,983.511,497.624,0,140.726,75.9985,-544.454,3.7603,1.41469,0.0655626,0.0246885,0.997543,57.0431,57.0431,1,957.428,592.582,0,201.552,79.0494,-544.82,-3.16578,2.88048,-0.0551555,0.0502527,0.997212,57.0007,57.0007,1,970.469,545.103,1,0
292302980943300,991.434,499.096,0,140.727,76.0238,-544.374,3.90938,1.43813,0.0681571,0.0250974,0.997359,57.035,57.035,1,947.75,592.492,0,201.542,79.0527,-544.803,-3.34647,2.87668,-0.0583001,0.0501864,0.997037,56.999,56.999,1,969.592,545.794,1,0
292302985943300,996.949,499.436,0,140.714,76.0194,-544.382,4.01406,1.44379,0.069979,0.0251963,0.99723,57.0358,57.0358,1,952.078,590.861,0,201.545,79.0563,-544.799,-3.26552,2.84631,-0.0568929,0.049657,0.997145,56.9986,56.9986,1,974.513,545.148,1,0
292302990943300,999.713,505.247,0,140.711,76.0442,-544.31,4.06665,1.55204,0.0708908,0.0270849,0.997116,57.0284,57.0284,1,949.041,576.651,0,201.529,79.067,-544.737,-3.32122,2.5794,-0.057875,0.0450038,0.997309,56.9924,56.9924,1,974.377,540.949,1,0
292302995943300,1000.21,503.672,0,140.7,76.0416,-544.312,4.07706,1.52217,0.0710729,0.0265637,0.997117,57.0287,57.0287,1,951.724,586.897,0,201.529,79.0566,-544.801,-3.27054,2.7715,-0.0569839,0.048353,0.997204,56.9987,56.9987,1,975.966,545.285,1,0
292303000943300,992.816,514.867,0,140.689,76.0492,-544.325,3.93977,1.7302,0.0686765,0.0301932,0.997182,57.0297,57.0297,1,951.04,579.854,0,201.524,79.0484,-544.803,-3.28277,2.64072,-0.0572029,0.046073,0.997299,56.9991,56.9991,1,971.928,547.36,1,0
292303005943300,991.885,510.68,0,140.673,76.0295,-544.388,3.92358,1.65215,0.0683975,0.0288314,0.997241,57.0361,57.0361,1,946.937,581.785,0,201.512,79.0612,-544.765,-3.35879,2.67665,-0.0585245,0.0466994,0.997193,56.9952,56.9952,1,969.411,546.233,1,0
292303010943300,990.031,517.404,0,140.667,76.0507,-544.354,3.88964,1.77749,0.0678023,0.0310181,0.997216,57.0324,57.0324,1,950.559,592.391,0,201.499,79.0817,-544.728,-3.28966,2.8735,-0.0573117,0.050131,0.997097,56.9912,56.9912,1,970.295,554.898,1,0
292303015943300,987.98,516.414,0,140.661,76.0887,-544.247,3.85229,1.76106,0.0671528,0.0307315,0.997269,57.0214,57.0214,1,946.411,585.848,0,201.488,79.0606,-544.779,-3.36609,2.74881,-0.058648,0.0479573,0.997126,56.9966,56.9966,1,967.196,551.131,1,0
292303020943300,989.66,506.532,0,140.649,76.0448,-544.366,3.88442,1.57473,0.0677184,0.0274807,0.997326,57.0336,57.0336,1,962.936,571.21,0,201.487,79.0881,-544.657,-3.05654,2.47505,-0.0532717,0.0431844,0.997646,56.9844,56.9844,1,976.298,538.871,1,0
292303025943300,987.388,511.398,0,140.636,76.078,-544.3,3.84347,1.66681,0.0670025,0.0290871,0.997329,57.0267,57.0267,1,964.405,596.606,0,201.471,79.1065,-544.674,-3.02713,2.9463,-0.052739,0.0513999,0.997285,56.9855,56.9855,1,975.896,554.002,1,0
292303030943300,994.42,514.051,0,140.634,76.1041,-544.257,3.97584,1.71459,0.0693048,0.0299208,0.997147,57.022,57.022,1,964.445,582.127,0,201.465,79.1206,-544.599,-3.02617,2.67617,-0.0527345,0.046691,0.997516,56.9781,56.9781,1,979.433,548.089,1,0
292303035943300,986.073,519.611,0,140.617,76.0944,-544.317,3.82088,1.81686,0.0666041,0.0317048,0.997276,57.0278,57.0278,1,970.648,586.425,0,201.458,79.1176,-544.627,-2.90876,2.75337,-0.050687,0.0480369,0.997559,56.9808,56.9808,1,978.36,553.018,1,0
292303040943300,984.711,511.399,0,140.595,76.0735,-544.383,3.79719,1.66232,0.0661972,0.0290089,0.997385,57.0345,57.0345,1,966.827,598.464,0,201.445,79.1262,-544.627,-2.97924,2.97966,-0.0519038,0.0519814,0.997298,56.9806,56.9806,1,975.769,554.932,1,0
292303045943300,990.495,513.564,0,140.605,76.1446,-544.185,3.90578,1.70007,0.0680859,0.0296675,0.997238,57.0142,57.0142,1,977.565,590.91,0,201.433,79.1335,-544.592,-2.77637,2.84055,-0.0483784,0.0495567,0.997599,56.9771,56.9771,1,984.03,552.237,1,0
292303050943300,978.307,519.124,0,140.579,76.1274,-544.265,3.67944,1.80383,0.0641425,0.0314775,0.997444,57.0221,57.0221,1,975.504,593.636,0,201.432,79.1107,-544.683,-2.81456,2.89049,-0.0490411,0.0504272,0.997523,56.9862,56.9862,1,976.905,556.38,1,0
292303055943300,981.942,523.429,0,140.57,76.1547,-544.215,3.74883,1.88576,0.0653474,0.0329068,0.99732,57.0168,57.0168,1,968.5,596.059,0,201.41,79.1228,-544.648,-2.94402,2.93677,-0.0512928,0.0512339,0.997369,56.9827,56.9827,1,975.221,559.744,1,0
292303060943300,981.488,518.147,0,140.554,76.1524,-544.223,3.74196,1.78712,0.0652314,0.0311861,0.997383,57.0175,57.0175,1,964.233,592.587,0,201.398,79.1234,-544.646,-3.02285,2.87124,-0.0526681,0.0500917,0.997355,56.9824,56.9824,1,972.86,555.367,1,0
292303065943300,983.05,541.588,0,140.54,76.1561,-544.28,3.7725,2.22332,0.0657455,0.0387945,0.997082,57.0228,57.0228,1,955.9,595.893,0,201.376,79.1728,-544.51,-3.17776,2.93152,-0.0553615,0.0511424,0.997156,56.9684,56.9684,1,969.475,568.74,1,0
292303070943300,981.594,543.049,0,140.527,76.1921,-544.195,3.74706,2.24953,0.0653015,0.0392517,0.997093,57.0139,57.0139,1,959.916,602.684,0,201.371,79.1653,-544.549,-3.10165,3.05965,-0.0540304,0.0533755,0.997112,56.9722,56.9722,1,970.755,572.867,1,0
292303075943300,979.176,543.542,0,140.508,76.1839,-544.236,3.70345,2.25998,0.0645421,0.0394338,0.997136,57.0179,57.0179,1,957.773,597.702,0,201.363,79.1715,-544.519,-3.1412,2.96529,-0.0547235,0.0517309,0.997161,56.9693,56.9693,1,968.474,570.622,1,0
292303080943300,979.249,542.649,0,140.502,76.1998,-544.19,3.70568,2.24349,0.0645816,0.0391463,0.997144,57.0132,57.0132,1,963.319,598.19,0,201.36,79.1801,-544.506,-3.03685,2.97335,-0.052907,0.0518715,0.997251,56.9678,56.9678,1,971.284,570.42,1,0
292303085943300,993.472,543.145,0,140.498,76.1888,-544.248,3.97245,2.25185,0.0692233,0.0392922,0.996827,57.019,57.019,1,958.755,603.429,0,201.349,79.1981,-544.471,-3.12156,3.0704,-0.0543764,0.0535629,0.997083,56.9641,56.9641,1,976.113,573.287,1,0
292303090943300,989.784,545.907,0,140.485,76.1846,-544.278,3.90448,2.3046,0.0680383,0.040212,0.996872,57.0218,57.0218,1,960.977,589.167,0,201.346,79.199,-544.442,-3.07968,2.8043,-0.0536603,0.0489247,0.99736,56.9613,56.9613,1,975.381,567.537,1,0
292303095943300,989.498,537.992,0,140.476,76.1914,-544.25,3.90018,2.1563,0.0679703,0.0376256,0.996978,57.0191,57.0191,1,960.293,595.287,0,201.339,79.2031,-544.456,-3.09169,2.91838,-0.053864,0.0509133,0.99725,56.9625,56.9625,1,974.895,566.639,1,0
292303100943300,991.121,547.608,0,140.47,76.204,-544.239,3.93144,2.33448,0.0685058,0.040733,0.996819,57.0177,57.0177,1,962.075,597.504,0,201.343,79.1806,-544.535,-3.05828,2.95999,-0.0532806,0.0516386,0.997244,56.9706,56.9706,1,976.598,572.556,1,0
292303105943300,985.483,549.124,0,140.458,76.1814,-544.317,3.82652,2.36312,0.066679,0.0412324,0.996922,57.0256,57.0256,1,959.487,599.086,0,201.333,79.1909,-544.516,-3.10586,2.98972,-0.0541071,0.0521568,0.997172,56.9686,56.9686,1,972.485,574.105,1,0
292303110943300,987.225,544.009,0,140.46,76.1887,-544.28,3.85922,2.26697,0.0672526,0.0395558,0.996952,57.022,57.022,1,957.402,598.791,0,201.328,79.2252,-544.415,-3.14505,2.98383,-0.0547895,0.0520542,0.99714,56.9581,56.9581,1,972.314,571.4,1,0
292303115943300,987.482,551.845,0,140.457,76.206,-544.259,3.86448,2.41258,0.0673371,0.042095,0.996842,57.0195,57.0195,1,957.657,599.002,0,201.327,79.2142,-544.461,-3.13991,2.98851,-0.0546999,0.0521357,0.997141,56.9627,56.9627,1,972.57,575.424,1,0
292303120943300,988.192,550.206,0,140.455,76.2075,-544.259,3.878,2.38113,0.0675738,0.0415465,0.996849,57.0196,57.0196,1,959.866,602.699,0,201.326,79.2169,-544.463,-3.09833,3.05776,-0.0539728,0.0533426,0.997117,56.9629,56.9629,1,974.029,576.453,1,0
292303125943300,994.544,541.397,0,140.46,76.1921,-544.282,3.99649,2.21604,0.0696432,0.0386676,0.996822,57.022,57.022,1,959.197,599.234,0,201.323,79.2155,-544.474,-3.11044,2.99449,-0.0541866,0.05224,0.997163,56.964,56.964,1,976.871,570.315,1,0
292303130943300,979.972,545.805,0,140.446,76.2071,-544.248,3.72483,2.29909,0.0649125,0.040116,0.997084,57.0185,57.0185,1,948.372,594.08,0,201.318,79.2084,-544.497,-3.31307,2.89533,-0.057718,0.0505116,0.997054,56.9663,56.9663,1,964.172,569.943,1,0
292303135943300,981.31,518.405,0,140.446,76.1867,-544.245,3.74988,1.78694,0.0653692,0.031183,0.997374,57.0187,57.0187,1,956.414,597.801,0,201.321,79.2107,-544.502,-3.16233,2.96706,-0.0550912,0.0517618,0.997139,56.9667,56.9667,1,968.862,558.103,1,0
292303140943300,979.083,524.067,0,140.44,76.1733,-544.304,3.70838,1.89267,0.0646429,0.0330273,0.997362,57.0246,57.0246,1,957.866,602.685,0,201.324,79.2207,-544.482,-3.13555,3.05746,-0.0546204,0.0533375,0.997082,56.9646,56.9646,1,968.475,563.376,1,0
292303145943300,981.471,528.233,0,140.444,76.175,-544.294,3.75287,1.97083,0.0654143,0.0343907,0.997265,57.0237,57.0237,1,952.572,602.493,0,201.324,79.2285,-544.46,-3.2351,3.05165,-0.0563531,0.0532362,0.996991,56.9623,56.9623,1,967.022,565.363,1,0
292303150943300,987.086,537.817,0,140.448,76.1706,-544.334,3.85755,2.14968,0.0672287,0.0375102,0.997032,57.0275,57.0275,1,950.847,599.098,0,201.32,79.2444,-544.411,-3.26729,2.98796,-0.0569166,0.0521262,0.997017,56.9573,56.9573,1,968.966,568.457,1,0
292303155943300,982.314,546.357,0,140.449,76.1945,-544.278,3.76833,2.30997,0.0656689,0.0403057,0.997027,57.0216,57.0216,1,954.426,600.404,0,201.324,79.2478,-544.409,-3.20057,3.01219,-0.0557543,0.0525484,0.997061,56.957,56.957,1,968.37,573.381,1,0
292303160943300,980.558,543.984,0,140.449,76.1921,-544.277,3.73535,2.26596,0.065097,0.0395381,0.997095,57.0216,57.0216,1,960.045,590.308,0,201.329,79.2341,-544.427,-3.09542,2.82489,-0.0539334,0.0492837,0.997328,56.959,56.959,1,970.302,567.146,1,0
292303165943300,989.236,537.992,0,140.46,76.177,-544.293,3.89679,2.15453,0.0679113,0.0375947,0.996983,57.0235,57.0235,1,958.705,600.592,0,201.328,79.2439,-544.43,-3.12046,3.01655,-0.0543599,0.0526245,0.997134,56.9591,56.9591,1,973.97,569.292,1,0
292303170943300,985.096,546.416,0,140.46,76.2109,-544.217,3.81964,2.31179,0.0665618,0.0403373,0.996967,57.0155,57.0155,1,958.194,598.839,0,201.326,79.2391,-544.441,-3.12978,2.98445,-0.0545237,0.052065,0.997154,56.9602,56.9602,1,971.645,572.627,1,0
292303175943300,984.504,544.368,0,140.46,76.1917,-544.267,3.80827,2.27366,0.0663656,0.0396725,0.997006,57.0207,57.0207,1,963.091,604.955,0,201.338,79.212,-544.523,-3.03872,3.09839,-0.0529333,0.0540508,0.997134,56.9686,56.9686,1,973.798,574.662,1,0
292303180943300,988.215,551.56,0,140.463,76.1991,-544.264,3.87765,2.40735,0.0675665,0.0420038,0.99683,57.0202,57.0202,1,956.444,604.711,0,201.33,79.2332,-544.457,-3.16304,3.0928,-0.055097,0.0539533,0.997022,56.9618,56.9618,1,972.33,578.135,1,0
292303185943300,982.449,544.069,0,140.457,76.181,-544.291,3.76991,2.26818,0.0656984,0.0395768,0.997054,57.0232,57.0232,1,957.241,601.972,0,201.333,79.2199,-544.488,-3.14819,3.04181,-0.0548412,0.0530647,0.997084,56.9651,56.9651,1,969.845,573.02,1,0
292303190943300,984.042,541.288,0,140.463,76.2022,-544.222,3.79956,2.21702,0.0662166,0.0386846,0.997055,57.0162,57.0162,1,957.309,604.08,0,201.334,79.214,-544.513,-3.14691,3.08108,-0.0548171,0.0537491,0.997049,56.9677,56.9677,1,970.676,572.684,1,0
292303195943300,985.458,543.39,0,140.465,76.2065,-544.211,3.82591,2.25644,0.0666733,0.0393722,0.996998,57.0151,57.0151,1,954.502,601.436,0,201.329,79.2228,-544.478,-3.19932,3.03167,-0.0557315,0.052888,0.997044,56.9641,56.9641,1,969.98,572.413,1,0
292303200943300,980.887,542.164,0,140.46,76.2012,-544.215,3.74067,2.2334,0.0651911,0.0389702,0.997111,57.0156,57.0156,1,962.219,605.56,0,201.339,79.2234,-544.488,-3.05533,3.10893,-0.0532219,0.0542345,0.997109,56.965,56.965,1,971.553,573.862,1,0
292303205943300,983.13,546.309,0,140.462,76.1828,-544.282,3.78221,2.31027,0.0659105,0.0403108,0.997011,57.0223,57.0223,1,951.467,606.028,0,201.333,79.2126,-544.516,-3.25648,3.11739,-0.0567217,0.0543819,0.996908,56.968,56.968,1,967.298,576.169,1,0
292303210943300,988.901,533.664,0,140.473,76.1893,-544.22,3.88956,2.07422,0.067789,0.036194,0.997043,57.0163,57.0163,1,958.531,603.013,0,201.333,79.2316,-544.448,-3.12425,3.06123,-0.0544236,0.0534032,0.997089,56.9611,56.9611,1,973.716,568.339,1,0
292303215943300,981.334,540.638,0,140.465,76.1734,-544.267,3.74823,2.20566,0.0653239,0.0384865,0.997122,57.0211,57.0211,1,963.639,603.178,0,201.34,79.211,-544.5,-3.02879,3.06529,-0.0527622,0.0534739,0.997174,56.9665,56.9665,1,972.486,571.908,1,0
292303220943300,980.196,543.297,0,140.464,76.1654,-544.294,3.72683,2.25589,0.0649493,0.0393625,0.997112,57.0239,57.0239,1,955.068,603.825,0,201.33,79.2325,-544.443,-3.189,3.07664,-0.0555496,0.0536716,0.997012,56.9606,56.9606,1,967.632,573.561,1,0
292303225943300,976.748,540.398,0,140.463,76.171,-544.27,3.66247,2.20154,0.0638314,0.0384146,0.997221,57.0214,57.0214,1,954.28,599.08,0,201.332,79.2233,-544.455,-3.20386,2.98778,-0.0558128,0.0521229,0.99708,56.9619,56.9619,1,965.514,569.739,1,0
292303230943300,980.804,536.862,0,140.462,76.1413,-544.334,3.73817,2.13677,0.0651518,0.0372851,0.997179,57.0283,57.0283,1,961.202,603.814,0,201.339,79.2081,-544.513,-3.07438,3.07736,-0.053555,0.0536842,0.997121,56.9678,56.9678,1,971.003,570.338,1,0
292303235943300,975.625,535.155,0,140.463,76.1871,-544.19,3.64176,2.10479,0.063475,0.0367273,0.997307,57.0136,57.0136,1,956.654,599.01,0,201.334,79.2013,-544.517,-3.15916,2.9873,-0.0550349,0.0521147,0.997124,56.9683,56.9683,1,966.139,567.082,1,0
292303240943300,976.475,546.029,0,140.459,76.1644,-544.287,3.65758,2.30831,0.0637418,0.0402767,0.997153,57.0233,57.0233,1,956.789,597.715,0,201.332,79.2125,-544.479,-3.1566,2.96317,-0.0549916,0.0516941,0.997148,56.9645,56.9645,1,966.632,571.872,1,0
292303245943300,974.165,540.55,0,140.452,76.1584,-544.289,3.61499,2.20621,0.063005,0.0384962,0.99727,57.0236,57.0236,1,954.372,599.904,0,201.329,79.1826,-544.569,-3.20126,3.00523,-0.0557667,0.0524271,0.997066,56.9737,56.9737,1,964.268,570.227,1,0
292303250943300,975.626,541.143,0,140.45,76.1534,-544.309,3.64251,2.21614,0.0634834,0.0386693,0.997233,57.0256,57.0256,1,960.561,598.257,0,201.333,79.171,-544.609,-3.08515,2.97593,-0.0537474,0.0519164,0.997204,56.9777,56.9777,1,968.094,569.7,1,0
292303255943300,968.973,541.328,0,140.44,76.1649,-544.275,3.51887,2.21934,0.0613312,0.0387251,0.997366,57.0221,57.0221,1,955.393,603.522,0,201.32,79.1865,-544.561,-3.18111,3.07418,-0.0554125,0.0536288,0.997022,56.9728,56.9728,1,962.183,572.425,1,0
292303260943300,971.254,516.502,0,140.435,76.1429,-544.274,3.56214,1.75649,0.0621019,0.0306518,0.997599,57.0226,57.0226,1,957.332,604.635,0,201.324,79.1578,-544.64,-3.1447,3.0961,-0.0547778,0.0540108,0.997037,56.981,56.981,1,964.293,560.569,1,0
292303265943300,976.317,520.768,0,140.436,76.1262,-544.34,3.65658,1.83595,0.0637434,0.0320379,0.997452,57.0291,57.0291,1,950.874,591.142,0,201.312,79.1655,-544.577,-3.26499,2.84394,-0.0568839,0.0496158,0.997147,56.9749,56.9749,1,963.595,555.955,1,0
292303270943300,976.474,534.329,0,140.438,76.1606,-544.287,3.6597,2.08903,0.0637879,0.0364524,0.997297,57.0234,57.0234,1,949.859,600.673,0,201.308,79.1905,-544.546,-3.28385,3.021,-0.0572031,0.052702,0.996971,56.9714,56.9714,1,963.167,567.501,1,0
292303275943300,966.403,521.78,0,140.423,76.141,-544.307,3.47216,1.85491,0.0605317,0.0323686,0.997641,57.0257,57.0257,1,954.422,603.862,0,201.307,79.1683,-544.623,-3.19764,3.08289,-0.0556996,0.0537806,0.996998,56.9792,56.9792,1,960.413,562.821,1,0
292303280943300,970.32,520.273,0,140.417,76.1007,-544.431,3.54558,1.82587,0.0618111,0.031862,0.997579,57.0384,57.0384,1,960.958,596.159,0,201.303,79.1705,-544.607,-3.07462,2.93838,-0.053566,0.051262,0.997248,56.9775,56.9775,1,965.639,558.216,1,0
292303285943300,969.308,528.068,0,140.413,76.1222,-544.391,3.52728,1.97063,0.0614873,0.0343872,0.997515,57.0341,57.0341,1,958.657,597.321,0,201.297,79.1805,-544.586,-3.11726,2.95946,-0.054307,0.0516294,0.997189,56.9754,56.9754,1,963.983,562.695,1,0
292303290943300,972.385,525.972,0,140.419,76.1527,-544.303,3.58497,1.93019,0.0624933,0.0336818,0.997477,57.025,57.025,1,959.033,595.773,0,201.292,79.2,-544.519,-3.1101,2.93046,-0.0541839,0.0511239,0.997221,56.9685,56.9685,1,965.709,560.872,1,0
292303295943300,968.916,527.455,0,140.407,76.1252,-544.395,3.52053,1.95826,0.0613703,0.0341714,0.99753,57.0344,57.0344,1,958.083,595.193,0,201.291,79.1882,-544.564,-3.12759,2.91874,-0.0544889,0.0509196,0.997215,56.9731,56.9731,1,963.5,561.324,1,0
292303300943300,972.718,525.498,0,140.402,76.1135,-544.435,3.59222,1.92138,0.0626198,0.0335282,0.997474,57.0385,57.0385,1,961.988,600.003,0,201.289,79.1906,-544.566,-3.05407,3.00903,-0.0532049,0.0524933,0.997203,56.9732,56.9732,1,967.353,562.75,1,0
292303305943300,956.758,525.531,0,140.393,76.1673,-544.28,3.29442,1.92328,0.0574344,0.0335613,0.997785,57.0225,57.0225,1,956.618,600.246,0,201.284,79.1823,-544.609,-3.15413,3.01176,-0.0549462,0.0525409,0.997106,56.9775,56.9775,1,956.688,562.888,1,0
292303310943300,957.013,538.84,0,140.39,76.1645,-544.331,3.29933,2.17112,0.0575111,0.037884,0.997626,57.0274,57.0274,1,956.747,600.04,0,201.285,79.1669,-544.655,-3.15155,3.00752,-0.0549014,0.052467,0.997112,56.9822,56.9822,1,956.88,569.44,1,0
292303315943300,959.286,537.894,0,140.39,76.1823,-544.285,3.34223,2.15202,0.0582587,0.0375509,0.997595,57.0226,57.0226,1,956.957,593.268,0,201.283,79.1739,-544.61,-3.1476,2.88138,-0.054839,0.0502683,0.997229,56.9778,56.9778,1,958.121,565.581,1,0
292303320943300,965.007,535.368,0,140.389,76.1669,-544.328,3.44952,2.10289,0.0601286,0.0366941,0.997516,57.027,57.027,1,963.527,603.264,0,201.285,79.1738,-544.644,-3.02434,3.06873,-0.0526845,0.0535339,0.997175,56.981,56.981,1,964.267,569.316,1,0
292303325943300,958.114,536.285,0,140.378,76.1603,-544.343,3.32121,2.11975,0.0578939,0.0369881,0.997637,57.0286,57.0286,1,958.342,603.135,0,201.281,79.1762,-544.645,-3.12127,3.06508,-0.0543717,0.0534703,0.997088,56.981,56.981,1,958.228,569.71,1,0
292303330943300,964.717,527.002,0,140.384,76.1724,-544.302,3.44462,1.94605,0.0600492,0.0339585,0.997618,57.0245,57.0245,1,958.092,597.112,0,201.276,79.1939,-544.569,-3.12577,2.95238,-0.0544556,0.0515059,0.997187,56.9734,56.9734,1,961.404,562.057,1,0
292303335943300,964.293,532.068,0,140.38,76.1676,-544.322,3.43702,2.04125,0.0599132,0.035619,0.997568,57.0264,57.0264,1,967.332,599.198,0,201.275,79.1832,-544.6,-2.95202,2.98807,-0.0514296,0.0521281,0.997315,56.9766,56.9766,1,965.813,565.633,1,0
292303340943300,965.143,528.453,0,140.381,76.1767,-544.295,3.45298,1.97359,0.0601937,0.0344388,0.997592,57.0237,57.0237,1,958.645,595.404,0,201.265,79.2094,-544.522,-3.11458,2.91777,-0.0542624,0.0509028,0.997228,56.9686,56.9686,1,961.894,561.928,1,0
292303345943300,959.611,534.1,0,140.378,76.1973,-544.24,3.34986,2.07886,0.0583942,0.036275,0.997634,57.018,57.018,1,962.3,599.088,0,201.272,79.1814,-544.593,-3.04627,2.9897,-0.05307,0.0521564,0.997228,56.976,56.976,1,960.956,566.594,1,0
292303350943300,963.909,529.729,0,140.377,76.172,-544.307,3.43022,1.99703,0.0597965,0.0348477,0.997602,57.0249,57.0249,1,959.783,607.488,0,201.267,79.2007,-544.549,-3.09325,3.14485,-0.0538798,0.0548605,0.997039,56.9714,56.9714,1,961.846,568.608,1,0
292303355943300,962.287,531.531,0,140.377,76.1865,-544.262,3.40005,2.03049,0.0592701,0.0354313,0.997613,57.0204,57.0204,1,955.245,607.591,0,201.273,79.1803,-544.616,-3.17867,3.1487,-0.0553661,0.0549276,0.996954,56.9782,56.9782,1,958.766,569.561,1,0
292303360943300,959.392,533.196,0,140.372,76.1754,-544.303,3.34594,2.06205,0.0583268,0.0359818,0.997649,57.0244,57.0244,1,958.527,601.373,0,201.268,79.1848,-544.575,-3.1168,3.03128,-0.0542956,0.0528812,0.997124,56.9742,56.9742,1,958.96,567.285,1,0
292303365943300,953.736,531.684,0,140.369,76.1846,-544.254,3.24042,2.03444,0.0564903,0.0355003,0.997772,57.0197,57.0197,1,958.944,603.458,0,201.273,79.1776,-544.606,-3.10937,3.07097,-0.0541642,0.0535728,0.997094,56.9773,56.9773,1,956.34,567.571,1,0
292303370943300,956.167,539.248,0,140.37,76.1673,-544.31,3.28565,2.17528,0.0572728,0.0379566,0.997637,57.0254,57.0254,1,957.32,601.714,0,201.279,79.1583,-544.652,-3.14017,3.0391,-0.0547018,0.0530174,0.997094,56.9821,56.9821,1,956.743,570.481,1,0
292303375943300,964.148,526.367,0,140.38,76.1808,-544.24,3.43476,1.93381,0.0598779,0.0337449,0.997635,57.0184,57.0184,1,949.544,603.672,0,201.275,79.1646,-544.617,-3.28589,3.07564,-0.0572356,0.0536543,0.996918,56.9786,56.9786,1,956.846,565.019,1,0
292303380943300,952.906,531.706,0,140.375,76.1882,-544.221,3.22439,2.03584,0.056211,0.0355246,0.997787,57.0164,57.0164,1,952.053,598.143,0,201.279,79.1722,-544.583,-3.23939,2.97356,-0.0564318,0.0518751,0.997058,56.9753,56.9753,1,952.48,564.924,1,0
292303385943300,960.468,525.328,0,140.386,76.174,-544.247,3.36504,1.91766,0.0586645,0.0334632,0.997717,57.0193,57.0193,1,951.746,596.143,0,201.281,79.1547,-544.615,-3.24526,2.93659,-0.0565358,0.0512307,0.997085,56.9788,56.9788,1,956.107,560.736,1,0
292303390943300,953.349,534.309,0,140.378,76.1531,-544.329,3.23175,2.08626,0.0563374,0.036404,0.997748,57.0275,57.0275,1,948.77,601.615,0,201.282,79.1454,-544.651,-3.30103,3.03842,-0.0575009,0.0530056,0.996937,56.9823,56.9823,1,951.059,567.962,1,0
292303395943300,953.84,533.099,0,140.389,76.1578,-544.296,3.23995,2.06536,0.056481,0.0360396,0.997753,57.0242,57.0242,1,953.772,590.006,0,201.293,79.1259,-544.671,-3.20811,2.82322,-0.0558948,0.0492546,0.997221,56.9847,56.9847,1,953.806,561.552,1,0
292303400943300,954.875,539.946,0,140.395,76.1618,-544.298,3.25884,2.1929,0.0568051,0.038264,0.997652,57.0243,57.0243,1,946.865,595.093,0,201.292,79.144,-544.61,-3.3379,2.9199,-0.0581487,0.0509399,0.997007,56.9786,56.9786,1,950.87,567.52,1,0
292303405943300,960.103,530.139,0,140.406,76.1605,-544.255,3.35603,2.01011,0.0585042,0.0350759,0.997671,57.0203,57.0203,1,950.389,595.396,0,201.303,79.1364,-544.613,-3.27301,2.92424,-0.0570193,0.0510154,0.997069,56.979,56.979,1,955.246,562.768,1,0
292303410943300,971.372,535.74,0,140.414,76.0957,-544.451,3.56565,2.11578,0.0621497,0.036919,0.997384,57.0404,57.0404,1,949.355,591.38,0,201.306,79.1426,-544.581,-3.29293,2.84849,-0.0573698,0.0496951,0.997115,56.9759,56.9759,1,960.364,563.56,1,0
292303415943300,969.859,531.931,0,140.415,76.0817,-544.474,3.53696,2.04551,0.061653,0.0356933,0.997459,57.0429,57.0429,1,953.348,601.783,0,201.32,79.146,-544.6,-3.21936,3.0425,-0.0560797,0.0530767,0.997015,56.9775,56.9775,1,961.604,566.857,1,0
292303420943300,967.85,524.951,0,140.43,76.0465,-544.568,3.49705,1.9183,0.0609629,0.0334745,0.997579,57.0526,57.0526,1,950.871,594.85,0,201.345,79.1266,-544.618,-3.26834,2.91534,-0.0569385,0.0508604,0.997081,56.9798,56.9798,1,959.36,559.901,1,0
292303425943300,974.569,532.055,0,140.496,75.9301,-544.934,3.6139,2.05943,0.062992,0.0359361,0.997367,57.09,57.09,1,974.887,601.402,0,201.438,79.0976,-544.771,-2.8263,3.04184,-0.0492387,0.0530652,0.997376,56.9948,56.9948,1,974.728,566.729,1,0
292303430943300,1040.95,530.788,0,140.678,75.8882,-545.066,4.83709,2.03003,0.0842699,0.0354233,0.995813,57.1035,57.1035,1,1050.11,615.013,0,201.658,79.0169,-545.135,-1.4337,3.30002,-0.0249787,0.0575644,0.998029,57.0311,57.0311,1,1045.53,572.9,1,0
292303435943300,1142.21,537.978,0,140.913,75.9089,-545.069,6.69869,2.1601,0.116565,0.0376919,0.992468,57.1032,57.1032,1,1174.49,663.636,0,201.911,78.9925,-545.341,0.882382,4.2021,0.0153585,0.0732747,0.997194,57.0511,57.0511,1,1158.35,600.807,1,0
292303440943300,1199.54,548.586,0,141.118,75.9613,-544.936,7.74042,2.35091,0.134572,0.0410196,0.990054,57.0894,57.0894,1,1216.43,648.156,0,202.068,79.0744,-545.075,1.65157,3.91696,0.028754,0.0683107,0.99725,57.024,57.024,1,1207.99,598.371,1,0
292303445943300,1247.33,544.923,0,141.29,75.9606,-544.902,8.60425,2.27838,0.14949,0.0397547,0.987964,57.0863,57.0863,1,1290.4,618.811,0,202.238,79.046,-545.12,3.02521,3.36052,0.0526846,0.0586185,0.996889,57.029,57.029,1,1268.86,581.867,1,0
292303450943300,1304.69,554.546,0,141.438,76.0226,-544.693,9.64579,2.4434,0.167404,0.0426325,0.984966,57.065,57.065,1,1347.71,623.445,0,202.339,79.1149,-544.901,4.0904,3.43766,0.071202,0.0599624,0.995658,57.0066,57.0066,1,1326.2,588.995,1,0
292303455943300,1323.65,552.441,0,141.501,76.1065,-544.403,9.98911,2.39956,0.173309,0.041868,0.983977,57.0356,57.0356,1,1339.75,611.621,0,202.345,79.1946,-544.57,3.9399,3.21732,0.0686018,0.0561233,0.996064,56.9735,56.9735,1,1331.7,582.031,1,0
292303460943300,1307.58,537.383,0,141.486,76.0631,-544.458,9.69657,2.12468,0.168315,0.0370742,0.985036,57.0419,57.0419,1,1310,602.132,0,202.32,79.2213,-544.438,3.38308,3.04538,0.0589283,0.053127,0.996848,56.9604,56.9604,1,1308.79,569.757,1,0
292303465943300,1282.2,534.684,0,141.458,76.037,-544.496,9.2346,2.07751,0.160372,0.0362515,0.986391,57.0461,57.0461,1,1308.34,595.177,0,202.339,79.123,-544.714,3.35096,2.91725,0.0583762,0.0508936,0.996997,56.9888,56.9888,1,1295.27,564.93,1,0
292303470943300,1282.16,531.599,0,141.459,76.0057,-544.564,9.2339,2.02014,0.160366,0.0352508,0.986428,57.0533,57.0533,1,1289.49,595.001,0,202.328,79.1508,-544.604,2.99713,2.91751,0.0522182,0.0508981,0.997338,56.9778,56.9778,1,1285.83,563.3,1,0
292303475943300,1293.79,522.931,0,141.478,75.9876,-544.583,9.44506,1.85931,0.164015,0.0324455,0.985924,57.0555,57.0555,1,1291.81,587.419,0,202.349,79.0993,-544.747,3.03811,2.77886,0.0529379,0.0484812,0.99742,56.9926,56.9926,1,1292.8,555.175,1,0
292303480943300,1296.57,523.736,0,141.492,75.9971,-544.549,9.49378,1.87688,0.164852,0.0327519,0.985774,57.0521,57.0521,1,1293.82,595.077,0,202.359,79.1321,-544.659,3.07402,2.92243,0.0535563,0.050984,0.997262,56.9835,56.9835,1,1295.19,559.406,1,0
292303485943300,1298.57,515.745,0,141.507,75.9744,-544.584,9.52836,1.73047,0.16546,0.0301978,0.985754,57.0559,57.0559,1,1300.84,599.106,0,202.38,79.1371,-544.656,3.20322,2.99809,0.0558012,0.0523026,0.997071,56.9831,56.9831,1,1299.71,557.425,1,0
292303490943300,1301.77,509.152,0,141.549,76.0147,-544.414,9.58307,1.61077,0.166412,0.0281095,0.985656,57.039,57.039,1,1301.29,604.404,0,202.399,79.1664,-544.593,3.21022,3.09397,0.055918,0.0539737,0.996975,56.9764,56.9764,1,1301.53,556.778,1,0
292303495943300,1286.78,507.908,0,141.557,75.9748,-544.487,9.30697,1.5908,0.161661,0.027761,0.986456,57.0468,57.0468,1,1292.19,606.173,0,202.416,79.121,-544.724,3.039,3.12651,0.0529367,0.0545409,0.997107,56.9898,56.9898,1,1289.48,557.04,1,0
292303500943300,1278.19,511.744,0,141.574,75.9879,-544.457,9.14634,1.66694,0.158889,0.0290895,0.986868,57.0437,57.0437,1,1292.67,603.888,0,202.431,79.1469,-544.637,3.04657,3.08235,0.0530707,0.0537712,0.997142,56.981,56.981,1,1285.43,557.816,1,0
292303505943300,1283.49,516.539,0,141.597,76.0012,-544.417,9.24159,1.75505,0.160522,0.0306266,0.986557,57.0396,57.0396,1,1290.63,602.731,0,202.449,79.1381,-544.649,3.00582,3.06311,0.0523624,0.0534359,0.997198,56.9824,56.9824,1,1287.06,559.635,1,0
292303510943300,1286.6,527.853,0,141.62,76.0131,-544.39,9.29601,1.9652,0.16144,0.0342925,0.986287,57.0368,57.0368,1,1298.92,594.086,0,202.475,79.1124,-544.739,3.15978,2.8985,0.0550501,0.0505669,0.997202,56.9915,56.9915,1,1292.76,560.969,1,0
292303515943300,1280.15,514.62,0,141.632,76.0142,-544.367,9.17793,1.71729,0.159429,0.0299679,0.986754,57.0346,57.0346,1,1300.43,595.746,0,202.496,79.1099,-544.774,3.18635,2.92815,0.0555111,0.0510836,0.99715,56.9949,56.9949,1,1290.29,555.183,1,0
292303520943300,1287.31,521.839,0,141.654,76.0257,-544.355,9.30876,1.84561,0.161671,0.0322065,0.986319,57.0331,57.0331,1,1299.12,603.47,0,202.512,79.136,-544.726,3.16117,3.06873,0.0550657,0.0535338,0.997047,56.9896,56.9896,1,1293.22,562.655,1,0
292303525943300,1285.66,516.419,0,141.661,76.0188,-544.356,9.27823,1.74441,0.161154,0.030441,0.98646,57.0334,57.0334,1,1297.21,601.49,0,202.538,79.1247,-544.766,3.12314,3.03044,0.0544059,0.0528665,0.997118,56.9937,56.9937,1,1291.43,558.955,1,0
292303530943300,1292.25,535.049,0,141.681,76.0235,-544.384,9.39744,2.08695,0.163174,0.0364161,0.985925,57.0359,57.0359,1,1290.87,603.962,0,202.548,79.1442,-544.713,3.00147,3.08073,0.0522859,0.0537429,0.997185,56.9882,56.9882,1,1291.56,569.505,1,0
292303535943300,1299.45,525.158,0,141.702,76.0206,-544.365,9.52735,1.90349,0.165427,0.0332161,0.985662,57.0342,57.0342,1,1292.78,608.999,0,202.566,79.1297,-544.797,3.03452,3.17682,0.0528562,0.0554175,0.997063,56.9965,56.9965,1,1296.12,567.079,1,0
292303540943300,1301.45,519.116,0,141.711,76.0176,-544.369,9.5628,1.79172,0.166047,0.0312662,0.985622,57.0346,57.0346,1,1276.78,597.497,0,202.569,79.1688,-544.692,2.7316,2.96605,0.0475936,0.0517443,0.997526,56.9856,56.9856,1,1289.12,558.307,1,0
292303545943300,1300.07,528.359,0,141.725,76.0278,-544.357,9.53659,1.96184,0.16558,0.0342339,0.985602,57.0333,57.0333,1,1278.92,596.732,0,202.587,79.1547,-544.739,2.76943,2.95319,0.0482526,0.0515201,0.997506,56.9904,56.9904,1,1289.49,562.545,1,0
292303550943300,1310.63,516.823,0,141.742,76.0063,-544.416,9.72874,1.74473,0.168905,0.0304465,0.985162,57.0394,57.0394,1,1284.27,587.299,0,202.61,79.1526,-544.768,2.86823,2.77345,0.0499805,0.048387,0.997577,56.9932,56.9932,1,1297.45,552.061,1,0
292303555943300,1305.05,524.691,0,141.756,76.0405,-544.34,9.62501,1.89158,0.167108,0.0330083,0.985386,57.0313,57.0313,1,1281.86,588.939,0,202.627,79.1639,-544.764,2.82237,2.80027,0.0491809,0.0488544,0.997594,56.9925,56.9925,1,1293.45,556.815,1,0
292303560943300,1304.95,511.218,0,141.774,76.0257,-544.389,9.62146,1.64077,0.167069,0.0286329,0.985529,57.0363,57.0363,1,1287.63,590.053,0,202.645,79.1956,-544.721,2.92961,2.81644,0.0510473,0.0491363,0.997487,56.9877,56.9877,1,1296.29,550.635,1,0
292303565943300,1308.53,501.364,0,141.795,76.0379,-544.338,9.68436,1.45994,0.168166,0.025478,0.985429,57.0313,57.0313,1,1284.23,586.355,0,202.656,79.1811,-544.787,2.86481,2.74715,0.0499221,0.0479284,0.997602,56.9943,56.9943,1,1296.38,543.859,1,0
292303570943300,1300.32,498.52,0,141.805,76.0189,-544.407,9.53139,1.41052,0.165538,0.0246157,0.985896,57.0382,57.0382,1,1296.32,590.712,0,202.671,79.2035,-544.749,3.08992,2.827,0.0538375,0.0493204,0.997331,56.9901,56.9901,1,1298.32,544.616,1,0
292303575943300,1288.72,502.61,0,141.818,76.0426,-544.359,9.31652,1.48991,0.161834,0.0260008,0.986476,57.0331,57.0331,1,1281.98,596.091,0,202.665,79.2071,-544.788,2.82181,2.92616,0.0491658,0.0510489,0.997485,56.9937,56.9937,1,1285.35,549.351,1,0
292303580943300,1291.58,501.391,0,141.837,76.0567,-544.325,9.36732,1.46644,0.16271,0.0255914,0.986342,57.0295,57.0295,1,1289.38,591.303,0,202.676,79.2465,-544.697,2.95927,2.83479,0.0515628,0.0494562,0.997444,56.9842,56.9842,1,1290.48,546.347,1,0
292303585943300,1276.3,504.327,0,141.843,76.0738,-544.292,9.0867,1.521,0.157873,0.0265434,0.987103,57.026,57.026,1,1296.95,593.344,0,202.692,79.2419,-544.746,3.09939,2.87297,0.0540002,0.0501217,0.997282,56.9888,56.9888,1,1286.62,548.836,1,0
292303590943300,1275.78,509.426,0,141.862,76.097,-544.241,9.07647,1.61238,0.15769,0.0281377,0.987088,57.0206,57.0206,1,1305.93,597.687,0,202.715,79.2362,-544.792,3.26619,2.95189,0.0568993,0.0514973,0.997051,56.9933,56.9933,1,1290.86,553.556,1,0
292303595943300,1282.82,514.749,0,141.871,76.0562,-544.365,9.20417,1.7109,0.159882,0.0298564,0.986685,57.0333,57.0333,1,1293.91,593.772,0,202.717,79.2862,-544.655,3.04023,2.87706,0.0529703,0.0501931,0.997334,56.9792,56.9792,1,1288.37,554.261,1,0
292303600943300,1286.92,516.579,0,141.891,76.096,-544.26,9.27788,1.74372,0.161148,0.030429,0.986461,57.0224,57.0224,1,1288.33,580.416,0,202.731,79.2757,-544.675,2.93312,2.63011,0.0511163,0.0458879,0.997638,56.9813,56.9813,1,1287.63,548.497,1,0
292303605943300,1289.55,516.848,0,141.894,76.0682,-544.361,9.32545,1.74769,0.161967,0.0304981,0.986325,57.0326,57.0326,1,1280.43,588.637,0,202.751,79.2767,-544.728,2.78286,2.78294,0.0484938,0.0485524,0.997643,56.9862,56.9862,1,1284.99,552.743,1,0
292303610943300,1288.76,520.197,0,141.909,76.0772,-544.343,9.31031,1.80755,0.161701,0.0315424,0.986336,57.0307,57.0307,1,1271.58,593.448,0,202.768,79.2735,-544.777,2.6145,2.8738,0.0455585,0.0501363,0.997703,56.991,56.991,1,1280.17,556.822,1,0
292303615943300,1291.02,524.676,0,141.921,76.0646,-544.401,9.35075,1.88834,0.16239,0.0329518,0.986176,57.0365,57.0365,1,1264.32,599.778,0,202.781,79.2863,-544.77,2.47632,2.99324,0.0431475,0.0522181,0.997703,56.99,56.99,1,1277.67,562.227,1,0
292303620943300,1293.97,519.521,0,141.928,76.0502,-544.439,9.40315,1.79439,0.1633,0.0313129,0.986079,57.0404,57.0404,1,1275.43,600.693,0,202.804,79.2722,-544.832,2.68313,3.00874,0.0467477,0.0524883,0.997527,56.9962,56.9962,1,1284.7,560.107,1,0
292303625943300,1289.32,523.638,0,141.94,76.0725,-544.389,9.31761,1.86918,0.161821,0.0326175,0.986281,57.0352,57.0352,1,1275.75,585.868,0,202.817,79.2637,-544.85,2.68747,2.73201,0.0468348,0.0476645,0.997765,56.9981,56.9981,1,1282.54,554.753,1,0
292303630943300,1292.9,526.982,0,141.951,76.0597,-544.438,9.3822,1.92953,0.162927,0.0336702,0.986063,57.0401,57.0401,1,1282.61,589.142,0,202.829,79.2792,-544.821,2.81463,2.79303,0.0490464,0.0487283,0.997607,56.995,56.995,1,1287.76,558.062,1,0
292303635943300,1297.32,525.993,0,141.968,76.0426,-544.504,9.4607,1.91147,0.16428,0.0333553,0.98585,57.0467,57.0467,1,1285.56,590.165,0,202.841,79.2655,-544.873,2.86932,2.81103,0.049998,0.0490421,0.997545,57.0002,57.0002,1,1291.44,558.079,1,0
292303640943300,1296.62,520.242,0,141.976,76.0452,-544.486,9.44692,1.80562,0.164052,0.0315088,0.985948,57.0449,57.0449,1,1285.08,603.469,0,202.849,79.2999,-544.808,2.85887,3.05937,0.0498048,0.0533707,0.997332,56.9932,56.9932,1,1290.85,561.855,1,0
292303645943300,1289.61,526.18,0,141.987,76.0562,-544.471,9.31785,1.91464,0.161821,0.0334105,0.986254,57.0432,57.0432,1,1284.04,601.211,0,202.861,79.2951,-544.825,2.83882,3.01575,0.0494579,0.0526104,0.99739,56.9949,56.9949,1,1286.82,563.695,1,0
292303650943300,1290.37,529.968,0,141.996,76.0454,-544.509,9.33063,1.98517,0.162034,0.0346409,0.986177,57.0471,57.0471,1,1290.99,611.943,0,202.878,79.2975,-544.859,2.96711,3.21617,0.0516811,0.0561034,0.997086,56.9981,56.9981,1,1290.68,570.955,1,0
292303655943300,1291.55,529.827,0,142.006,76.0461,-544.518,9.35007,1.98452,0.162369,0.0346294,0.986122,57.0479,57.0479,1,1286.61,608.745,0,202.884,79.2856,-544.879,2.8843,3.15745,0.0502429,0.05508,0.997217,57.0002,57.0002,1,1289.08,569.286,1,0
292303660943300,1284.42,521.829,0,142.012,76.0418,-544.51,9.21792,1.83981,0.160107,0.0321051,0.986577,57.0473,57.0473,1,1282.58,605.939,0,202.888,79.274,-544.912,2.80903,3.10359,0.0489353,0.0541414,0.997333,57.0037,57.0037,1,1283.5,563.884,1,0
292303665943300,1280.7,522.959,0,142.028,76.05,-544.486,9.14777,1.86231,0.158897,0.0324978,0.98676,57.0448,57.0448,1,1283.74,611.089,0,202.897,79.2807,-544.892,2.82937,3.2009,0.0492847,0.0558372,0.997223,57.0016,57.0016,1,1282.22,567.024,1,0
292303670943300,1283.35,529.548,0,142.048,76.0894,-544.369,9.19501,1.98428,0.159699,0.0346252,0.986558,57.0328,57.0328,1,1285.04,612.793,0,202.907,79.269,-544.925,2.85255,3.23396,0.0496866,0.0564133,0.99717,57.005,57.005,1,1284.2,571.17,1,0
292303675943300,1283.92,526.864,0,142.054,76.0628,-544.431,9.20387,1.93674,0.159856,0.0337961,0.986562,57.0394,57.0394,1,1290.8,601.677,0,202.922,79.2591,-544.913,2.95954,3.02545,0.0515588,0.0527796,0.997274,57.0041,57.0041,1,1287.36,564.271,1,0
292303680943300,1280.86,520.972,0,142.063,76.0832,-544.337,9.14697,1.82958,0.158887,0.0319268,0.986781,57.03,57.03,1,1284.4,607.573,0,202.921,79.2693,-544.884,2.83924,3.13657,0.0494596,0.0547162,0.997276,57.0011,57.0011,1,1282.63,564.272,1,0
292303685943300,1279.95,516.184,0,142.073,76.0394,-544.436,9.12921,1.74071,0.158588,0.0303765,0.986877,57.0404,57.0404,1,1294.99,603.735,0,202.94,79.2293,-544.987,3.03677,3.06452,0.0529011,0.0534605,0.997168,57.0118,57.0118,1,1287.47,559.959,1,0
292303690943300,1279.4,521.662,0,142.079,76.0419,-544.426,9.11835,1.84309,0.158392,0.0321625,0.986852,57.0394,57.0394,1,1287.59,597.367,0,202.933,79.2496,-544.907,2.89784,2.94691,0.0504884,0.0514107,0.997401,57.0038,57.0038,1,1283.5,559.515,1,0
292303695943300,1280.2,513.632,0,142.083,76.0257,-544.435,9.132,1.69655,0.15864,0.029606,0.986893,57.0407,57.0407,1,1288.17,604.149,0,202.938,79.2482,-544.913,2.90791,3.07457,0.0506578,0.0536356,0.997275,57.0044,57.0044,1,1284.18,558.891,1,0
292303700943300,1279.33,507.347,0,142.094,76.0289,-544.383,9.11552,1.58022,0.158365,0.0275766,0.986995,57.0357,57.0357,1,1285.5,600.193,0,202.944,79.2316,-544.937,2.857,3.00251,0.049775,0.0523797,0.997386,57.0071,57.0071,1,1282.42,553.77,1,0
292303705943300,1277.59,509.096,0,142.101,76.0326,-544.363,9.08357,1.61167,0.157813,0.0281253,0.987068,57.0337,57.0337,1,1290.12,601.829,0,202.953,79.2425,-544.911,2.94248,3.033,0.0512615,0.0529111,0.997283,57.0044,57.0044,1,1283.86,555.463,1,0
292303710943300,1286.65,509.344,0,142.113,76.0185,-544.362,9.249,1.61581,0.160661,0.0281975,0.986607,57.034,57.034,1,1288.78,593.054,0,202.958,79.2251,-544.924,2.91652,2.87076,0.0508171,0.0500833,0.997451,57.006,57.006,1,1287.72,551.199,1,0
292303715943300,1282.66,522.367,0,142.111,75.9972,-544.434,9.17615,1.85644,0.159387,0.0323953,0.986685,57.0412,57.0412,1,1290.31,595.618,0,202.964,79.2408,-544.873,2.94436,2.91869,0.0512995,0.0509188,0.997384,57.0008,57.0008,1,1286.49,558.992,1,0
292303720943300,1288.29,521.954,0,142.125,76.0068,-544.367,9.27881,1.84838,0.161155,0.0322547,0.986402,57.0347,57.0347,1,1284.34,600.231,0,202.974,79.2455,-544.877,2.83092,3.00588,0.0493208,0.0524384,0.997405,57.0011,57.0011,1,1286.31,561.093,1,0
292303725943300,1287.16,527.531,0,142.128,75.9925,-544.402,9.25819,1.95072,0.16079,0.03404,0.986401,57.0384,57.0384,1,1289.65,598.366,0,202.984,79.2272,-544.918,2.92945,2.97196,0.0510375,0.0518472,0.99735,57.0054,57.0054,1,1288.4,562.948,1,0
292303730943300,1294.33,533.625,0,142.137,75.9763,-544.429,9.38893,2.06313,0.16303,0.0360007,0.985964,57.0413,57.0413,1,1273.93,590.163,0,202.978,79.2228,-544.896,2.63523,2.81932,0.0459216,0.0491865,0.997733,57.0035,57.0035,1,1284.13,561.894,1,0
292303735943300,1291.43,535.1,0,142.141,75.9791,-544.396,9.33566,2.09166,0.16211,0.0364982,0.986098,57.0382,57.0382,1,1277.12,591.843,0,202.996,79.1991,-544.966,2.69327,2.8514,0.0469309,0.0497458,0.997659,57.0106,57.0106,1,1284.27,563.471,1,0
292303740943300,1285.33,533.475,0,142.14,75.9466,-544.469,9.22257,2.0653,0.160166,0.0360384,0.986432,57.0458,57.0458,1,1268.87,589.36,0,203.011,79.1845,-545.013,2.53598,2.80837,0.0441936,0.0489956,0.997821,57.0154,57.0154,1,1277.1,561.417,1,0
292303745943300,1305.84,538.102,0,142.185,75.8724,-544.68,9.59062,2.15501,0.166489,0.0376031,0.985326,57.0676,57.0676,1,1280.46,596.944,0,203.078,79.1203,-545.219,2.74779,2.94948,0.0478761,0.0514555,0.997527,57.0364,57.0364,1,1293.15,567.523,1,0
292303750943300,1344.62,534.182,0,142.327,75.7816,-544.962,10.279,2.08758,0.178323,0.0364271,0.983298,57.0963,57.0963,1,1330.02,620.397,0,203.212,79.1077,-545.337,3.66521,3.3797,0.0638152,0.0589527,0.996219,57.0478,57.0478,1,1337.32,577.289,1,0
292303755943300,1425.04,537.156,0,142.52,75.7923,-544.913,11.7211,2.12648,0.203009,0.0371055,0.978474,57.0915,57.0915,1,1423.2,628.735,0,203.426,79.0119,-545.678,5.38092,3.53549,0.0935983,0.0616667,0.993698,57.0823,57.0823,1,1424.12,582.945,1,0
292303760943300,1500.8,533.816,0,142.708,75.8182,-544.785,13.0603,2.06113,0.225831,0.0359658,0.973502,57.0788,57.0788,1,1499.43,603.17,0,203.569,79.1084,-545.265,6.7837,3.04927,0.117954,0.0531948,0.991593,57.041,57.041,1,1500.11,568.493,1,0
292303765943300,1538.37,510.677,0,142.845,75.7757,-544.764,13.7181,1.63484,0.237048,0.0285295,0.971079,57.0779,57.0779,1,1515.25,583.956,0,203.644,79.0857,-545.232,7.0732,2.68661,0.123002,0.0468731,0.991299,57.0385,57.0385,1,1526.81,547.317,1,0
292303770943300,1570.93,496.57,0,142.931,75.7737,-544.672,14.2885,1.37448,0.246733,0.0239869,0.968787,57.0693,57.0693,1,1569.23,545.05,0,203.718,79.1186,-544.977,8.05885,1.96629,0.140108,0.0343114,0.989542,57.0137,57.0137,1,1570.08,520.81,1,0
292303775943300,1587.09,471.443,0,142.969,75.8126,-544.412,14.5732,0.917137,0.251584,0.0160064,0.967703,57.0439,57.0439,1,1591.89,534.52,0,203.772,78.9774,-545.329,8.47112,1.77337,0.14724,0.0309462,0.988617,57.0503,57.0503,1,1589.49,502.981,1,0
292303780943300,1570.3,485.708,0,142.955,75.8216,-544.365,14.2803,1.17619,0.246615,0.0205269,0.968896,57.0392,57.0392,1,1588.4,518.473,0,203.759,79.0231,-545.073,8.40624,1.47989,0.146142,0.025826,0.988926,57.0251,57.0251,1,1579.35,502.09,1,0
292303785943300,1551.66,484.12,0,142.924,75.8044,-544.39,13.9546,1.14734,0.241104,0.0200236,0.970293,57.042,57.042,1,1584.11,525.017,0,203.752,79.0051,-545.108,8.33066,1.59922,0.144829,0.0279081,0.989063,57.0289,57.0289,1,1567.89,504.569,1,0
292303790943300,1557.1,466.729,0,142.921,75.776,-544.416,14.0517,0.830361,0.242772,0.014492,0.969975,57.0451,57.0451,1,1576.56,517.91,0,203.753,78.9932,-545.112,8.19096,1.46946,0.142426,0.025644,0.989473,57.0295,57.0295,1,1566.83,492.32,1,0
292303795943300,1564.75,462.193,0,142.929,75.7988,-544.345,14.1856,0.749045,0.245042,0.0130729,0.969424,57.0379,57.0379,1,1576.52,522.706,0,203.753,79.0164,-545.042,8.18921,1.55958,0.14239,0.0272165,0.989436,57.0224,57.0224,1,1570.64,492.45,1,0
292303800943300,1561.71,458.108,0,142.931,75.804,-544.32,14.1312,0.675642,0.244126,0.0117919,0.969672,57.0355,57.0355,1,1570.04,522.021,0,203.754,79.01,-545.051,8.06981,1.54753,0.140328,0.0270062,0.989737,57.0234,57.0234,1,1565.88,490.065,1,0
292303805943300,1562.48,463.298,0,142.931,75.7984,-544.339,14.1455,0.769234,0.244362,0.0134253,0.969591,57.0374,57.0374,1,1561.48,519.74,0,203.753,79.031,-544.973,7.91105,1.50691,0.137588,0.0262975,0.99014,57.0156,57.0156,1,1561.98,491.519,1,0
292303810943300,1560.71,464.009,0,142.922,75.7659,-544.421,14.1135,0.784453,0.243821,0.0136909,0.969724,57.0459,57.0459,1,1564.2,520.428,0,203.767,79.0081,-545.044,7.96047,1.51904,0.138441,0.0265092,0.990016,57.0228,57.0228,1,1562.45,492.218,1,0
292303815943300,1567.25,458.128,0,142.929,75.7722,-544.379,14.2295,0.676651,0.245789,0.0118095,0.969252,57.0418,57.0418,1,1557.89,520.55,0,203.765,79.0337,-544.954,7.84397,1.52194,0.136428,0.0265598,0.990294,57.0137,57.0137,1,1562.57,489.339,1,0
292303820943300,1568.3,456.742,0,142.932,75.7637,-544.408,14.2482,0.650228,0.246106,0.0113484,0.969176,57.0448,57.0448,1,1562.56,519.71,0,203.772,79.0437,-544.927,7.92906,1.50611,0.137899,0.0262835,0.990098,57.0109,57.0109,1,1565.43,488.226,1,0
292303825943300,1567.26,463.713,0,142.937,75.7921,-544.335,14.2301,0.776222,0.245795,0.0135472,0.969227,57.0371,57.0371,1,1552.6,523.292,0,203.77,79.0242,-544.983,7.74558,1.57383,0.134724,0.027465,0.990502,57.0167,57.0167,1,1559.93,493.503,1,0
292303830943300,1562.89,453.87,0,142.932,75.7727,-544.377,14.1527,0.59787,0.244493,0.0104346,0.969595,57.0416,57.0416,1,1551.55,525.382,0,203.775,79.0328,-544.976,7.72453,1.61404,0.134357,0.0281665,0.990533,57.0157,57.0157,1,1557.22,489.626,1,0
292303835943300,1569.42,455.07,0,142.935,75.7491,-544.455,14.2675,0.619292,0.246434,0.0108085,0.969099,57.0495,57.0495,1,1540.02,511.548,0,203.781,78.9926,-545.082,7.51318,1.35499,0.130718,0.0236469,0.991138,57.0268,57.0268,1,1554.72,483.309,1,0
292303840943300,1569.81,459.242,0,142.951,75.8112,-544.274,14.274,0.694811,0.246542,0.0121264,0.969056,57.0309,57.0309,1,1544.5,517.626,0,203.781,79.0366,-544.981,7.59374,1.46957,0.132105,0.025646,0.990904,57.0162,57.0162,1,1557.16,488.434,1,0
292303845943300,1566.96,461.44,0,142.939,75.7789,-544.388,14.224,0.734914,0.245694,0.0128263,0.969263,57.0424,57.0424,1,1543.11,521.182,0,203.783,79.046,-544.959,7.56903,1.53364,0.131673,0.0267639,0.990932,57.0138,57.0138,1,1555.04,491.311,1,0
292303850943300,1571.99,443.254,0,142.953,75.7855,-544.333,14.3115,0.404293,0.247188,0.00705619,0.968942,57.0371,57.0371,1,1550.04,512.306,0,203.799,79.0036,-545.083,7.69629,1.36788,0.133884,0.0238718,0.990709,57.0265,57.0265,1,1561.02,477.78,1,0
292303855943300,1567.43,450.065,0,142.955,75.7862,-544.346,14.231,0.527765,0.245821,0.00921111,0.969271,57.0383,57.0383,1,1554.57,520.872,0,203.804,79.0395,-545.017,7.77838,1.52639,0.135294,0.0266374,0.990447,57.0194,57.0194,1,1561,485.468,1,0
292303860943300,1562.93,451.267,0,142.957,75.8052,-544.303,14.1505,0.550723,0.244459,0.00961179,0.969612,57.0338,57.0338,1,1553.29,527.698,0,203.804,79.0571,-545.002,7.7546,1.65221,0.134874,0.0288324,0.990443,57.0175,57.0175,1,1558.11,489.483,1,0
292303865943300,1566.51,456.963,0,142.963,75.8078,-544.321,14.2128,0.654568,0.245508,0.0114241,0.969327,57.0354,57.0354,1,1554.22,530.723,0,203.813,79.0546,-545.03,7.77151,1.70726,0.135163,0.0297929,0.990375,57.0203,57.0203,1,1560.37,493.843,1,0
292303870943300,1575.33,454.921,0,142.975,75.8263,-544.267,14.3675,0.617201,0.248127,0.010772,0.968668,57.0299,57.0299,1,1554.47,525.975,0,203.818,79.0602,-545.007,7.77587,1.61824,0.135244,0.0282398,0.99041,57.0179,57.0179,1,1564.9,490.448,1,0
292303875943300,1569.86,455.333,0,142.974,75.8125,-544.324,14.2714,0.623339,0.2465,0.0108791,0.969082,57.0356,57.0356,1,1559.92,527.621,0,203.83,79.0672,-545.019,7.87555,1.64692,0.136965,0.0287401,0.990159,57.0189,57.0189,1,1564.89,491.477,1,0
292303880943300,1561.65,454.201,0,142.98,75.8132,-544.34,14.1253,0.602564,0.244029,0.0105165,0.969711,57.0371,57.0371,1,1564.27,522.709,0,203.84,79.0656,-545.041,7.9542,1.55581,0.138331,0.0271506,0.990014,57.0211,57.0211,1,1562.96,488.455,1,0
292303885943300,1568.65,449.895,0,142.993,75.8096,-544.352,14.2469,0.525034,0.24609,0.00916345,0.969204,57.0383,57.0383,1,1567.83,517.997,0,203.845,79.0774,-545.008,8.0195,1.46712,0.139464,0.0256033,0.989896,57.0176,57.0176,1,1568.24,483.946,1,0
292303890943300,1564.53,462.797,0,142.994,75.8107,-544.391,14.1724,0.761335,0.244819,0.0132874,0.969478,57.0419,57.0419,1,1576.28,524.53,0,203.863,79.0802,-545.037,8.17449,1.58548,0.142134,0.0276684,0.989461,57.0203,57.0203,1,1570.4,493.664,1,0
292303895943300,1563.06,462.674,0,143.009,75.8277,-544.35,14.1458,0.757788,0.24437,0.0132255,0.969592,57.0377,57.0377,1,1554.24,533.558,0,203.858,79.0872,-545.074,7.76944,1.75212,0.135124,0.0305756,0.990357,57.0236,57.0236,1,1558.65,498.116,1,0
292303900943300,1558.43,472.007,0,143.012,75.8054,-544.449,14.0628,0.927812,0.242953,0.0161927,0.969903,57.0475,57.0475,1,1540.9,558.458,0,203.839,79.1769,-544.88,7.52474,2.21274,0.130857,0.03861,0.990649,57.0031,57.0031,1,1549.66,515.232,1,0
292303905943300,1554.4,471.314,0,143.022,75.7871,-544.507,13.9904,0.914991,0.241729,0.0159689,0.970212,57.0534,57.0534,1,1548.96,545.807,0,203.854,79.1733,-544.878,7.6728,1.97569,0.133436,0.0344754,0.990458,57.003,57.003,1,1551.68,508.561,1,0
292303910943300,1555.91,480.832,0,143.031,75.7927,-544.512,14.0163,1.088,0.242155,0.018988,0.970052,57.0538,57.0538,1,1543.46,551.753,0,203.862,79.1712,-544.946,7.5698,2.08644,0.131647,0.0364072,0.990628,57.0094,57.0094,1,1549.69,516.292,1,0
292303915943300,1551.17,476.806,0,143.042,75.7856,-544.526,13.9312,1.0148,0.240719,0.0177106,0.970433,57.0552,57.0552,1,1546.12,551.876,0,203.876,79.1665,-544.977,7.6176,2.08821,0.132473,0.0364381,0.990517,57.0125,57.0125,1,1548.65,514.341,1,0
292303920943300,1555.51,476.767,0,143.059,75.7846,-544.532,14.0063,1.01377,0.241991,0.0176926,0.970117,57.0558,57.0558,1,1544.51,551.239,0,203.886,79.188,-544.942,7.58675,2.07514,0.131941,0.0362102,0.990596,57.0087,57.0087,1,1550.01,514.003,1,0
292303925943300,1544.76,481.949,0,143.068,75.8145,-544.455,13.8162,1.10726,0.238763,0.0193241,0.970886,57.0479,57.0479,1,1544.09,550.217,0,203.899,79.1749,-545,7.5781,2.05531,0.131793,0.0358642,0.990628,57.0144,57.0144,1,1544.42,516.083,1,0
292303930943300,1554.96,480.25,0,143.087,75.7979,-544.486,13.995,1.0762,0.241795,0.0187822,0.970146,57.0512,57.0512,1,1549.81,545.633,0,203.919,79.1888,-544.973,7.68046,1.9706,0.133569,0.0343867,0.990443,57.0115,57.0115,1,1552.38,512.941,1,0
292303935943300,1551.89,480.201,0,143.097,75.8185,-544.436,13.9398,1.0753,0.240859,0.0187664,0.970379,57.046,57.046,1,1541.75,552.835,0,203.93,79.1763,-545.042,7.53036,2.1051,0.130963,0.0367327,0.990707,57.0183,57.0183,1,1546.82,516.518,1,0
292303940943300,1559.32,472.845,0,143.114,75.7951,-544.484,14.0684,0.94285,0.243048,0.0164551,0.969875,57.051,57.051,1,1539,547.755,0,203.944,79.1878,-545.024,7.47715,2.0115,0.130051,0.0351001,0.990886,57.0163,57.0163,1,1549.16,510.3,1,0
292303945943300,1558.66,470.808,0,143.13,75.8107,-544.443,14.0552,0.905612,0.242827,0.0158053,0.969941,57.0468,57.0468,1,1547.25,541.978,0,203.981,79.1409,-545.177,7.62592,1.90404,0.132632,0.0332256,0.990608,57.0319,57.0319,1,1552.95,506.393,1,0
292303950943300,1560.9,469.979,0,143.142,75.7944,-544.498,14.0934,0.890368,0.243474,0.0155392,0.969783,57.0524,57.0524,1,1538.26,551.238,0,203.991,79.1541,-545.167,7.45908,2.07583,0.129733,0.0362221,0.990887,57.0307,57.0307,1,1549.58,510.608,1,0
292303955943300,1561.76,467.685,0,143.164,75.803,-544.45,14.1073,0.848009,0.243712,0.0148,0.969735,57.0477,57.0477,1,1535.45,540.554,0,204.012,79.1345,-545.215,7.40544,1.87714,0.12882,0.0327564,0.991127,57.0357,57.0357,1,1548.6,504.119,1,0
292303960943300,1564.04,477.178,0,143.18,75.8158,-544.447,14.1447,1.0222,0.244332,0.0178399,0.969527,57.0471,57.0471,1,1541.94,542.678,0,204.029,79.1394,-545.228,7.52326,1.91617,0.130855,0.0334373,0.990837,57.0368,57.0368,1,1552.99,509.928,1,0
292303965943300,1567.85,465.392,0,143.203,75.8302,-544.371,14.2117,0.805904,0.24548,0.0140652,0.9693,57.0396,57.0396,1,1537.27,541.353,0,204.034,79.1629,-545.18,7.43526,1.89214,0.129335,0.0330181,0.991051,57.0317,57.0317,1,1552.56,503.373,1,0
292303970943300,1559.85,467.694,0,143.216,75.8352,-544.375,14.0673,0.849825,0.243035,0.0148317,0.969904,57.0398,57.0398,1,1542.67,549.712,0,204.046,79.1619,-545.2,7.53343,2.04758,0.131021,0.0357294,0.990735,57.0335,57.0335,1,1551.26,508.703,1,0
292303975943300,1560.36,471.211,0,143.23,75.8193,-544.423,14.0738,0.91552,0.243141,0.0159782,0.969859,57.0448,57.0448,1,1553.94,555.978,0,204.071,79.1566,-545.247,7.7378,2.16429,0.134544,0.037765,0.990188,57.0381,57.0381,1,1557.15,513.595,1,0
292303980943300,1558.01,471.011,0,143.247,75.8036,-544.468,14.0302,0.912456,0.242403,0.0159247,0.970045,57.0493,57.0493,1,1560.38,556.536,0,204.088,79.1521,-545.274,7.85533,2.17311,0.136574,0.0379188,0.989904,57.0408,57.0408,1,1559.19,513.774,1,0
292303985943300,1559.43,467.426,0,143.254,75.7864,-544.505,14.0547,0.84701,0.242821,0.0147826,0.969958,57.0533,57.0533,1,1565.83,559.461,0,204.09,79.2053,-545.148,7.95555,2.22492,0.1383,0.0388224,0.989629,57.0276,57.0276,1,1562.63,513.443,1,0
292303990943300,1552.29,465.104,0,143.258,75.7945,-544.477,13.9269,0.806612,0.24066,0.0140776,0.970507,57.0504,57.0504,1,1565.85,552.306,0,204.101,79.1844,-545.215,7.95417,2.09312,0.138289,0.0365237,0.989718,57.0344,57.0344,1,1559.07,508.705,1,0
292303995943300,1558.83,460.288,0,143.271,75.7655,-544.556,14.0414,0.718208,0.242603,0.0125348,0.970045,57.0586,57.0586,1,1569.68,556.562,0,204.116,79.1858,-545.232,8.02268,2.17219,0.139465,0.0379028,0.989501,57.036,57.036,1,1564.26,508.425,1,0
292304000943300,1554.09,470.076,0,143.28,75.7654,-544.58,13.9574,0.894989,0.241171,0.0156199,0.970357,57.0608,57.0608,1,1564.93,547.907,0,204.121,79.1541,-545.32,7.93564,2.01127,0.137976,0.035096,0.989814,57.0451,57.0451,1,1559.51,508.991,1,0
292304005943300,1554.16,478.001,0,143.293,75.7801,-544.542,13.9578,1.03913,0.241167,0.0181353,0.970314,57.0569,57.0569,1,1572.47,553.905,0,204.139,79.1828,-545.285,8.07423,2.11795,0.14036,0.0369568,0.989411,57.041,57.041,1,1563.32,515.953,1,0
292304010943300,1559.12,481.637,0,143.302,75.7567,-544.635,14.0453,1.10291,0.242644,0.0192483,0.969925,57.0662,57.0662,1,1571.01,542.68,0,204.146,79.1629,-545.343,8.04735,1.90896,0.139914,0.0333115,0.989603,57.047,57.047,1,1565.07,512.159,1,0
292304015943300,1552.28,479.845,0,143.313,75.7921,-544.522,13.9229,1.07171,0.240574,0.0187038,0.970451,57.0547,57.0547,1,1568.37,534.939,0,204.154,79.153,-545.38,7.99843,1.76438,0.13908,0.0307893,0.989802,57.0507,57.0507,1,1560.32,507.392,1,0
292304020943300,1551.51,480.128,0,143.314,75.7737,-544.571,13.9089,1.07723,0.240336,0.0188,0.970508,57.0598,57.0598,1,1561.16,535.28,0,204.157,79.1495,-545.407,7.86481,1.77164,0.136771,0.030916,0.99012,57.0534,57.0534,1,1556.34,507.704,1,0
292304025943300,1558.11,486.126,0,143.324,75.7695,-544.593,14.0245,1.18643,0.242285,0.0207056,0.969984,57.062,57.062,1,1559.91,536.817,0,204.169,79.1535,-545.435,7.83864,1.80197,0.136316,0.031445,0.990166,57.0559,57.0559,1,1559.01,511.472,1,0
292304030943300,1563.8,483.678,0,143.332,75.7576,-544.624,14.1232,1.1433,0.243959,0.019953,0.96958,57.0652,57.0652,1,1557.26,525.373,0,204.171,79.1553,-545.41,7.7884,1.5914,0.135463,0.0277716,0.990393,57.0534,57.0534,1,1560.53,504.526,1,0
292304035943300,1554.59,474.859,0,143.335,75.7435,-544.644,13.9592,0.984447,0.241195,0.017181,0.970325,57.0675,57.0675,1,1562.03,531.471,0,204.189,79.1394,-545.476,7.87323,1.70663,0.136921,0.029782,0.990134,57.0601,57.0601,1,1558.31,503.165,1,0
292304040943300,1555.62,477.054,0,143.338,75.7395,-544.665,13.9764,1.02526,0.241483,0.0178933,0.97024,57.0695,57.0695,1,1545.3,526.293,0,204.19,79.1261,-545.507,7.56072,1.61779,0.131524,0.028232,0.990911,57.0634,57.0634,1,1550.46,501.674,1,0
292304045943300,1549.02,473.75,0,143.35,75.691,-544.818,13.8535,0.971364,0.239406,0.0169527,0.970771,57.0851,57.0851,1,1539.83,531.697,0,204.227,79.0768,-545.698,7.45408,1.72206,0.129673,0.0300512,0.991101,57.0825,57.0825,1,1544.42,502.724,1,0
292304050943300,1570.48,478.985,0,143.426,75.6139,-545.052,14.2218,1.07039,0.245633,0.0186807,0.969183,57.1091,57.1091,1,1586.37,528.833,0,204.318,79.0191,-545.877,8.30233,1.66683,0.144335,0.0290875,0.989101,57.1008,57.1008,1,1578.42,503.909,1,0
292304055943300,1638.13,465.522,0,143.562,75.6012,-544.981,15.3964,0.82684,0.265468,0.0144306,0.964012,57.1027,57.1027,1,1656.32,535.183,0,204.435,78.9834,-545.944,9.57534,1.7762,0.166264,0.0309956,0.985594,57.1081,57.1081,1,1647.23,500.353,1,0
292304060943300,1680.87,445.864,0,143.66,75.5504,-544.939,16.139,0.465099,0.27796,0.00811742,0.960558,57.1,57.1,1,1694.56,516.104,0,204.499,78.9955,-545.712,10.2677,1.42224,0.178192,0.0248202,0.983683,57.0859,57.0859,1,1687.72,480.984,1,0
292304065943300,1656.57,415.435,0,143.687,75.512,-544.748,15.7144,-0.0748966,0.270842,-0.00130719,0.962623,57.083,57.083,1,1688.04,434.35,0,204.5,78.8708,-545.728,10.1467,-0.0735628,0.176169,-0.00128391,0.984359,57.0906,57.0906,1,1672.31,424.892,1,0
292304070943300,1643.02,360.903,0,143.681,75.4483,-544.621,15.4771,-1.05041,0.266808,-0.0183321,0.963575,57.0727,57.0727,1,1699,386.05,0,204.496,78.7781,-545.765,10.3496,-0.961858,0.179629,-0.0167868,0.983591,57.0964,57.0964,1,1671.01,373.477,1,0
292304075943300,1631.61,325.442,0,143.653,75.3799,-544.61,15.2795,-1.68629,0.263413,-0.0294271,0.964234,57.0734,57.0734,1,1685.86,370.115,0,204.454,78.7133,-545.742,10.1118,-1.24528,0.175528,-0.0217326,0.984234,57.0958,57.0958,1,1658.74,347.779,1,0
292304080943300,1628.59,306.093,0,143.63,75.3829,-544.496,15.2289,-2.03338,0.262511,-0.0354817,0.964276,57.0626,57.0626,1,1668.37,338.608,0,204.4,78.6783,-545.657,9.79606,-1.81982,0.170056,-0.0317565,0.984923,57.0887,57.0887,1,1648.48,322.35,1,0
292304085943300,1594.09,274.482,0,143.568,75.2582,-544.754,14.6268,-2.6083,0.252261,-0.0455077,0.966589,57.09,57.09,1,1627.58,313.035,0,204.341,78.6495,-545.641,9.05529,-2.29186,0.157262,-0.0399899,0.986747,57.088,57.088,1,1610.84,293.759,1,0
292304090943300,1595.67,263.211,0,143.562,75.214,-544.858,14.654,-2.81063,0.252677,-0.049035,0.966307,57.1009,57.1009,1,1623.71,307.224,0,204.352,78.5621,-545.891,8.98368,-2.39732,0.156016,-0.041829,0.986868,57.1136,57.1136,1,1609.69,285.218,1,0
292304095943300,1616.45,270.591,0,143.58,75.1843,-544.991,15.0164,-2.67229,0.258813,-0.0466233,0.964801,57.1142,57.1142,1,1641.16,308.474,0,204.369,78.603,-545.782,9.30056,-2.3727,0.161475,-0.0413996,0.986008,57.1024,57.1024,1,1628.8,289.532,1,0
292304100943300,1612.46,266.663,0,143.59,75.1822,-544.983,14.9442,-2.74159,0.257582,-0.0478315,0.965072,57.1135,57.1135,1,1635.8,322.731,0,204.373,78.6311,-545.741,9.20201,-2.11117,0.159807,-0.0368385,0.986461,57.0978,57.0978,1,1624.13,294.697,1,0
292304105943300,1612.23,266.67,0,143.597,75.1982,-544.944,14.94,-2.74271,0.257512,-0.0478511,0.96509,57.1094,57.1094,1,1619.25,315.076,0,204.366,78.6345,-545.711,8.90064,-2.25595,0.154601,-0.0393636,0.987192,57.0949,57.0949,1,1615.74,290.873,1,0
292304110943300,1616.18,269.874,0,143.606,75.1969,-544.963,15.0077,-2.68324,0.258666,-0.0468143,0.964832,57.1112,57.1112,1,1636.13,324.155,0,204.401,78.5947,-545.893,9.20923,-2.09104,0.159934,-0.0364875,0.986453,57.1131,57.1131,1,1626.15,297.014,1,0
292304115943300,1603,276.662,0,143.605,75.2305,-544.886,14.7753,-2.56145,0.254775,-0.0446908,0.965967,57.1031,57.1031,1,1629.4,320.369,0,204.395,78.6678,-545.698,9.0862,-2.1643,0.157808,-0.0377652,0.986747,57.0929,57.0929,1,1616.2,298.516,1,0
292304120943300,1610.03,284.705,0,143.615,75.225,-544.933,14.8976,-2.41458,0.256863,-0.0421299,0.965529,57.1076,57.1076,1,1624.97,318.809,0,204.402,78.6681,-545.718,9.00448,-2.19445,0.156397,-0.038291,0.986952,57.0947,57.0947,1,1617.5,301.757,1,0
292304125943300,1618.49,287.949,0,143.629,75.2477,-544.887,15.0451,-2.35505,0.259359,-0.0410918,0.964906,57.1027,57.1027,1,1610.16,322.964,0,204.405,78.6627,-545.757,8.73383,-2.1213,0.15174,-0.0370152,0.987727,57.0985,57.0985,1,1614.33,305.456,1,0
292304130943300,1602.22,288.605,0,143.621,75.2384,-544.919,14.76,-2.34642,0.254556,-0.0409413,0.966191,57.106,57.106,1,1608.81,330.893,0,204.414,78.6754,-545.746,8.70874,-1.97668,0.151322,-0.0344928,0.987883,57.0972,57.0972,1,1605.52,309.749,1,0
292304135943300,1616.31,289.289,0,143.64,75.2462,-544.913,15.0051,-2.3313,0.25869,-0.0406777,0.965103,57.1053,57.1053,1,1609.68,335.455,0,204.434,78.6504,-545.85,8.72126,-1.8892,0.151545,-0.0329668,0.9879,57.1076,57.1076,1,1612.99,312.372,1,0
292304140943300,1617.66,283.131,0,143.642,75.2234,-544.971,15.0289,-2.44325,0.25907,-0.0426298,0.964917,57.1113,57.1113,1,1610.23,336.846,0,204.436,78.6863,-545.762,8.73047,-1.86403,0.151706,-0.0325277,0.98789,57.0985,57.0985,1,1613.94,309.989,1,0
292304145943300,1619.11,285.596,0,143.648,75.2157,-545.012,15.0533,-2.39849,0.259491,-0.0418493,0.964838,57.1153,57.1153,1,1602.87,327.8,0,204.446,78.6563,-545.837,8.5933,-2.02939,0.149326,-0.0354121,0.988154,57.1062,57.1062,1,1610.99,306.698,1,0
292304150943300,1618.9,288.798,0,143.665,75.2645,-544.869,15.0491,-2.34115,0.259429,-0.0408493,0.964898,57.1006,57.1006,1,1602.23,318.922,0,204.454,78.6537,-545.854,8.57904,-2.19125,0.149065,-0.0382352,0.988088,57.1079,57.1079,1,1610.57,303.86,1,0
292304155943300,1616.81,294.773,0,143.678,75.2718,-544.869,15.0122,-2.23589,0.258827,-0.0390138,0.965135,57.1005,57.1005,1,1600.62,326.636,0,204.466,78.6695,-545.837,8.54717,-2.04754,0.148529,-0.0357288,0.988262,57.1058,57.1058,1,1608.72,310.705,1,0
292304160943300,1616.6,297.522,0,143.686,75.2749,-544.879,15.007,-2.18571,0.258749,-0.0381385,0.965191,57.1014,57.1014,1,1600.29,322.333,0,204.47,78.6634,-545.859,8.53931,-2.12515,0.148386,-0.0370823,0.988234,57.1081,57.1081,1,1608.44,309.927,1,0
292304165943300,1623.5,287.114,0,143.691,75.2386,-544.968,15.1262,-2.37074,0.260723,-0.0413653,0.964527,57.1106,57.1106,1,1596.85,325.428,0,204.483,78.6635,-545.882,8.47445,-2.06815,0.147272,-0.0360882,0.988437,57.1103,57.1103,1,1610.17,306.271,1,0
292304170943300,1615.99,288.745,0,143.695,75.2779,-544.87,14.9939,-2.34235,0.258501,-0.0408704,0.965146,57.1004,57.1004,1,1596.11,322.483,0,204.488,78.6627,-545.89,8.4607,-2.12346,0.14703,-0.0370529,0.988438,57.1111,57.1111,1,1606.05,305.614,1,0
292304175943300,1613.49,289.259,0,143.703,75.2648,-544.92,14.9479,-2.33182,0.257727,-0.0406866,0.965361,57.1054,57.1054,1,1605.84,325.437,0,204.502,78.6525,-545.937,8.63739,-2.06671,0.150083,-0.036063,0.988015,57.1157,57.1157,1,1609.67,307.348,1,0
292304180943300,1612.75,293.397,0,143.718,75.285,-544.878,14.9314,-2.25354,0.257463,-0.0393215,0.965488,57.101,57.101,1,1600.63,328.191,0,204.511,78.6594,-545.93,8.54094,-2.01688,0.148424,-0.035194,0.988297,57.1149,57.1149,1,1606.69,310.794,1,0
292304185943300,1614.94,296.17,0,143.718,75.2735,-544.92,14.9696,-2.20312,0.258116,-0.0384422,0.965349,57.1052,57.1052,1,1597.8,331.675,0,204.516,78.6766,-545.894,8.48934,-1.95495,0.147539,-0.0341137,0.988468,57.1111,57.1111,1,1606.37,313.922,1,0
292304190943300,1611.47,298.355,0,143.724,75.2813,-544.902,14.9077,-2.16333,0.257079,-0.0377482,0.965653,57.1033,57.1033,1,1603.41,337.572,0,204.522,78.6899,-545.882,8.59115,-1.84548,0.149305,-0.0322041,0.988267,57.1096,57.1096,1,1607.44,317.963,1,0
292304195943300,1619.38,294.126,0,143.737,75.2627,-544.96,15.0448,-2.23854,0.259377,-0.03906,0.964986,57.1092,57.1092,1,1601.39,333.978,0,204.529,78.6767,-545.925,8.55284,-1.91091,0.148639,-0.0333455,0.988329,57.1139,57.1139,1,1610.38,314.052,1,0
292304200943300,1624.52,297.799,0,143.747,75.284,-544.909,15.1344,-2.17201,0.260897,-0.0378997,0.964622,57.1039,57.1039,1,1607.37,333.254,0,204.543,78.67,-545.96,8.66106,-1.92384,0.150504,-0.0335711,0.988039,57.1174,57.1174,1,1615.94,315.526,1,0
292304205943300,1623.79,296.872,0,143.754,75.2657,-544.948,15.1218,-2.19005,0.260681,-0.0382143,0.964668,57.108,57.108,1,1607.12,330.846,0,204.555,78.6587,-545.999,8.6541,-1.96628,0.15038,-0.0343114,0.988033,57.1214,57.1214,1,1615.45,313.859,1,0
292304210943300,1628.93,301.866,0,143.771,75.2867,-544.889,15.2105,-2.09893,0.26219,-0.036625,0.964321,57.102,57.102,1,1595.91,334.899,0,204.554,78.6635,-545.99,8.44817,-1.89172,0.146835,-0.0330107,0.98861,57.1204,57.1204,1,1612.42,318.382,1,0
292304215943300,1625.65,302.319,0,143.779,75.2701,-544.924,15.1523,-2.09105,0.261212,-0.0364876,0.964592,57.1057,57.1057,1,1598.48,335.723,0,204.573,78.6615,-545.987,8.493,-1.87545,0.147609,-0.0327269,0.988504,57.1202,57.1202,1,1612.06,319.021,1,0
292304220943300,1618.63,307.301,0,143.783,75.244,-544.999,15.0286,-2.0018,0.259143,-0.0349309,0.965207,57.1134,57.1134,1,1600.64,333.001,0,204.591,78.637,-546.054,8.53086,-1.92473,0.148258,-0.0335866,0.988378,57.1271,57.1271,1,1609.63,320.151,1,0
292304225943300,1613.2,305.287,0,143.796,75.2373,-545.005,14.9318,-2.03854,0.257505,-0.0355717,0.965622,57.1141,57.1141,1,1607.51,334.439,0,204.603,78.6344,-546.056,8.65571,-1.8974,0.150414,-0.0331098,0.988069,57.1274,57.1274,1,1610.35,319.863,1,0
292304230943300,1610.67,292.632,0,143.806,75.2163,-545.025,14.8874,-2.26938,0.25672,-0.0395978,0.965674,57.1165,57.1165,1,1607.44,345.957,0,204.621,78.6136,-546.15,8.65273,-1.68414,0.15038,-0.0293896,0.988191,57.1367,57.1367,1,1609.05,319.294,1,0
292304235943300,1607.54,299.774,0,143.819,75.2192,-545.016,14.8324,-2.14209,0.255813,-0.0373778,0.966003,57.1156,57.1156,1,1616.51,343.809,0,204.64,78.6018,-546.176,8.81739,-1.72294,0.153216,-0.0300665,0.987735,57.1395,57.1395,1,1612.03,321.792,1,0
292304240943300,1603.93,297.401,0,143.827,75.1973,-545.063,14.7664,-2.18278,0.254694,-0.0380874,0.966271,57.1206,57.1206,1,1614.61,340.436,0,204.654,78.617,-546.118,8.78277,-1.78875,0.152614,-0.0312146,0.987793,57.1337,57.1337,1,1609.27,318.919,1,0
292304245943300,1611.38,293.596,0,143.841,75.1619,-545.149,14.8949,-2.24842,0.256848,-0.0392323,0.965655,57.1296,57.1296,1,1612.48,326.866,0,204.673,78.5995,-546.148,8.7388,-2.03417,0.151834,-0.0354955,0.987768,57.1369,57.1369,1,1611.93,310.231,1,0
292304250943300,1619.06,282.744,0,143.861,75.158,-545.138,15.0268,-2.44148,0.259036,-0.042599,0.964928,57.1286,57.1286,1,1608.55,320.955,0,204.687,78.5939,-546.146,8.66764,-2.14764,0.150597,-0.0374746,0.987885,57.1368,57.1368,1,1613.8,301.85,1,0
292304255943300,1611.47,274.077,0,143.875,75.1585,-545.106,14.8924,-2.59903,0.25674,-0.0453461,0.965416,57.1256,57.1256,1,1596.5,319.119,0,204.697,78.5984,-546.136,8.44294,-2.17855,0.146718,-0.0380136,0.988448,57.1358,57.1358,1,1603.99,296.598,1,0
292304260943300,1608.34,273.956,0,143.896,75.1644,-545.069,14.8344,-2.59945,0.255763,-0.0453534,0.965675,57.122,57.122,1,1603.73,324.683,0,204.714,78.6021,-546.155,8.57281,-2.07361,0.148969,-0.0361834,0.98818,57.1375,57.1375,1,1606.03,299.32,1,0
292304265943300,1614.1,273.366,0,143.914,75.1535,-545.094,14.9326,-2.60699,0.257417,-0.0454848,0.965229,57.1246,57.1246,1,1606.15,307.891,0,204.731,78.575,-546.209,8.61566,-2.38322,0.149676,-0.041583,0.98786,57.1432,57.1432,1,1610.12,290.629,1,0
292304270943300,1614.17,265.305,0,143.935,75.1558,-545.05,14.9311,-2.75008,0.25736,-0.0479795,0.965124,57.1204,57.1204,1,1619.94,317.128,0,204.752,78.6042,-546.144,8.86489,-2.20982,0.15399,-0.0385591,0.98732,57.1364,57.1364,1,1617.05,291.217,1,0
292304275943300,1616.59,259.701,0,143.954,75.0988,-545.206,14.973,-2.85413,0.258043,-0.0497933,0.964849,57.1366,57.1366,1,1614.59,321.633,0,204.761,78.5933,-546.183,8.76546,-2.12621,0.152285,-0.0371009,0.98764,57.1404,57.1404,1,1615.59,290.667,1,0
292304280943300,1611.65,273.892,0,143.968,75.1227,-545.156,14.8865,-2.60121,0.25664,-0.0453842,0.965441,57.1312,57.1312,1,1617.2,321.633,0,204.785,78.5939,-546.201,8.81046,-2.12565,0.153061,-0.037091,0.98752,57.142,57.142,1,1614.42,297.762,1,0
292304285943300,1623.4,272.551,0,143.991,75.1196,-545.152,15.089,-2.61975,0.260046,-0.0457074,0.964514,57.1309,57.1309,1,1604.3,321.464,0,204.792,78.5987,-546.196,8.5723,-2.12862,0.148954,-0.0371429,0.988146,57.1414,57.1414,1,1613.85,297.007,1,0
292304290943300,1621.98,268.451,0,144.007,75.1082,-545.179,15.0623,-2.69426,0.259582,-0.0470063,0.964576,57.1337,57.1337,1,1607.24,328.39,0,204.82,78.58,-546.263,8.62424,-2.00127,0.149862,-0.0349217,0.98809,57.1482,57.1482,1,1614.61,298.42,1,0
292304295943300,1624.73,256.225,0,144.029,75.0785,-545.231,15.111,-2.91904,0.260352,-0.0509247,0.96417,57.1394,57.1394,1,1615.06,347.329,0,204.847,78.5639,-546.376,8.76611,-1.65303,0.152338,-0.0288468,0.987907,57.1593,57.1593,1,1619.89,301.777,1,0
292304300943300,1614.46,264.345,0,144.049,75.0679,-545.278,14.9272,-2.77193,0.25729,-0.0483605,0.965123,57.144,57.144,1,1609.94,342.393,0,204.868,78.547,-546.432,8.67083,-1.74544,0.150688,-0.030459,0.988112,57.1649,57.1649,1,1612.2,303.369,1,0
292304305943300,1612.24,270.12,0,144.071,75.0837,-545.225,14.8861,-2.6672,0.25662,-0.0465346,0.965391,57.1387,57.1387,1,1608.52,339.83,0,204.89,78.5484,-546.439,8.64209,-1.79275,0.150188,-0.0312842,0.988162,57.1655,57.1655,1,1610.38,304.975,1,0
292304310943300,1609.62,260.656,0,144.092,75.0589,-545.26,14.8355,-2.83374,0.255731,-0.0494379,0.965483,57.1427,57.1427,1,1598.07,341.719,0,204.906,78.545,-546.457,8.44671,-1.7551,0.146821,-0.0306275,0.988689,57.1673,57.1673,1,1603.84,301.188,1,0
292304315943300,1606.39,274.48,0,144.113,75.0687,-545.226,14.775,-2.58053,0.254765,-0.0450234,0.965954,57.1391,57.1391,1,1595.59,339.52,0,204.921,78.5498,-546.451,8.39882,-1.79511,0.145991,-0.0313254,0.98879,57.1667,57.1667,1,1600.99,307,1,0
292304320943300,1612.8,280.904,0,144.128,75.0873,-545.171,14.8867,-2.46334,0.25667,-0.0429801,0.965543,57.1336,57.1336,1,1592.48,340.008,0,204.929,78.5663,-546.39,8.34181,-1.78818,0.145008,-0.0312046,0.988938,57.1605,57.1605,1,1602.64,310.456,1,0
292304325943300,1590.69,268.732,0,144.112,75.0755,-545.157,14.4991,-2.68631,0.25009,-0.0468678,0.967088,57.1325,57.1325,1,1583.33,334.212,0,204.918,78.5663,-546.373,8.17481,-1.89588,0.142116,-0.0330833,0.989297,57.1589,57.1589,1,1587.01,301.472,1,0
292304330943300,1571.67,274.849,0,144.097,75.0671,-545.167,14.1643,-2.57739,0.244455,-0.0449687,0.968617,57.1337,57.1337,1,1566.04,334.796,0,204.905,78.5506,-546.42,7.85793,-1.8855,0.136643,-0.0329022,0.990074,57.1637,57.1637,1,1568.85,304.823,1,0
292304335943300,1578.26,267.573,0,144.106,75.0167,-545.282,14.2789,-2.70642,0.246367,-0.0472184,0.968026,57.1458,57.1458,1,1553.86,330.22,0,204.91,78.5267,-546.487,7.63148,-1.96752,0.132723,-0.0343329,0.990558,57.1706,57.1706,1,1566.06,298.896,1,0
292304340943300,1591.68,268.511,0,144.132,74.9982,-545.326,14.5135,-2.68736,0.250332,-0.0468861,0.967024,57.1504,57.1504,1,1556.86,321.167,0,204.935,78.5025,-546.562,7.6855,-2.13698,0.133642,-0.0372888,0.990328,57.1783,57.1783,1,1574.27,294.839,1,0
292304345943300,1603.85,266.896,0,144.165,75.0289,-545.256,14.7257,-2.71685,0.253905,-0.0474001,0.966067,57.143,57.143,1,1573.59,327.603,0,204.953,78.5536,-546.428,7.9912,-2.0174,0.138935,-0.035203,0.989676,57.1644,57.1644,1,1588.72,297.25,1,0
292304350943300,1594.23,256.924,0,144.171,75.0342,-545.231,14.5566,-2.90088,0.251014,-0.0506083,0.966659,57.1405,57.1405,1,1570.22,314.78,0,204.965,78.5223,-546.531,7.92891,-2.25663,0.137837,-0.0393754,0.989672,57.1749,57.1749,1,1582.22,285.852,1,0
292304355943300,1609.08,247.797,0,144.2,75.045,-545.207,14.8151,-3.06319,0.255335,-0.0534372,0.965375,57.138,57.138,1,1571.48,315.112,0,204.974,78.5483,-546.486,7.94885,-2.24774,0.138183,-0.0392203,0.98963,57.1699,57.1699,1,1590.28,281.455,1,0
292304360943300,1607.47,245.325,0,144.211,75.0183,-545.311,14.7854,-3.10951,0.254824,-0.0542445,0.965465,57.1484,57.1484,1,1578.92,303.114,0,204.998,78.5584,-546.506,8.08286,-2.47018,0.140474,-0.0430995,0.989146,57.1716,57.1716,1,1593.19,274.219,1,0
292304365943300,1602.21,248.866,0,144.216,75.0103,-545.37,14.691,-3.04562,0.253248,-0.053131,0.965941,57.1541,57.1541,1,1579.15,296.522,0,205.013,78.5664,-546.507,8.08836,-2.59836,0.140555,-0.0453344,0.989034,57.1715,57.1715,1,1590.68,272.694,1,0
292304370943300,1601.77,239.352,0,144.233,75.0123,-545.364,14.6805,-3.21615,0.25303,-0.056103,0.96583,57.1535,57.1535,1,1584.02,290.776,0,205.034,78.5469,-546.619,8.17805,-2.70885,0.142091,-0.0472607,0.988725,57.1825,57.1825,1,1592.9,265.064,1,0
292304375943300,1596.22,242.604,0,144.24,75.0026,-545.426,14.5812,-3.15821,0.251369,-0.0550933,0.966322,57.1596,57.1596,1,1582.32,287.572,0,205.037,78.5678,-546.568,8.14772,-2.7719,0.14156,-0.0483599,0.988748,57.1772,57.1772,1,1589.27,265.088,1,0
292304380943300,1593.51,242.252,0,144.248,74.9812,-545.507,14.5342,-3.16947,0.250573,-0.0552894,0.966518,57.1678,57.1678,1,1589.71,289.005,0,205.055,78.5614,-546.631,8.2802,-2.74248,0.143849,-0.0478469,0.988442,57.1833,57.1833,1,1591.61,265.629,1,0
292304385943300,1592.83,248.008,0,144.263,75.0105,-545.443,14.5214,-3.06699,0.250383,-0.0535036,0.966667,57.161,57.161,1,1579.02,286.862,0,205.053,78.5915,-546.575,8.08262,-2.78294,0.140435,-0.0485523,0.988899,57.1773,57.1773,1,1585.92,267.435,1,0
292304390943300,1585.64,251.175,0,144.263,75.0012,-545.489,14.3936,-3.01012,0.248239,-0.0525124,0.967274,57.1656,57.1656,1,1561.97,288.37,0,205.046,78.609,-546.563,7.76747,-2.75466,0.134997,-0.0480593,0.98968,57.1757,57.1757,1,1573.8,269.772,1,0
292304395943300,1589.86,255.899,0,144.27,75.0062,-545.498,14.4676,-2.9247,0.249508,-0.0510235,0.967028,57.1663,57.1663,1,1567.57,310.477,0,205.049,78.6385,-546.569,7.86955,-2.346,0.136803,-0.0409339,0.989752,57.1756,57.1756,1,1578.71,283.188,1,0
292304400943300,1589.21,258.89,0,144.273,75.0237,-545.467,14.4555,-2.87035,0.249314,-0.0500761,0.967127,57.163,57.163,1,1569.2,310.229,0,205.054,78.6615,-546.523,7.89821,-2.35028,0.137298,-0.0410086,0.98968,57.1706,57.1706,1,1579.2,284.56,1,0
292304405943300,1585,261.981,0,144.27,75.0078,-545.533,14.3797,-2.81266,0.248048,-0.0490705,0.967504,57.1695,57.1695,1,1567.32,309.958,0,205.054,78.662,-546.548,7.86351,-2.35561,0.136698,-0.0411015,0.98976,57.173,57.173,1,1576.16,285.97,1,0
292304410943300,1583.72,274.61,0,144.27,75.0086,-545.572,14.3563,-2.58383,0.247699,-0.0450811,0.967788,57.1732,57.1732,1,1563.08,319.177,0,205.054,78.6551,-546.598,7.78636,-2.18701,0.135381,-0.0381612,0.990058,57.1778,57.1778,1,1573.4,296.893,1,0
292304415943300,1574.33,283.948,0,144.266,75.0525,-545.48,14.1913,-2.41724,0.244942,-0.0421763,0.96862,57.1634,57.1634,1,1565.55,311.091,0,205.052,78.6723,-546.547,7.83181,-2.33734,0.136152,-0.0407829,0.989848,57.1725,57.1725,1,1569.94,297.519,1,0
292304420943300,1578.81,290.359,0,144.273,75.0813,-545.421,14.2711,-2.30281,0.246311,-0.0401808,0.968358,57.1572,57.1572,1,1559.69,310.169,0,205.041,78.6765,-546.549,7.72555,-2.35642,0.134314,-0.0411156,0.990085,57.1727,57.1727,1,1569.25,300.264,1,0
292304425943300,1583.75,282.66,0,144.268,75.078,-545.427,14.3568,-2.43835,0.247736,-0.0425443,0.967893,57.1579,57.1579,1,1572.12,308.098,0,205.052,78.6696,-546.584,7.95262,-2.39241,0.138234,-0.0417433,0.98952,57.1761,57.1761,1,1577.93,295.379,1,0
292304430943300,1582.95,289.247,0,144.258,75.0614,-545.512,14.342,-2.31743,0.247506,-0.0404358,0.968042,57.1663,57.1663,1,1568.63,324.933,0,205.04,78.7009,-546.548,7.88861,-2.08131,0.137157,-0.0363177,0.989883,57.172,57.172,1,1575.79,307.09,1,0
292304435943300,1587.28,285.762,0,144.25,75.0393,-545.6,14.4192,-2.38157,0.248799,-0.0415543,0.967663,57.175,57.175,1,1568.37,304.484,0,205.038,78.6634,-546.642,7.88456,-2.45954,0.137051,-0.0429139,0.989634,57.1818,57.1818,1,1577.82,295.123,1,0
292304440943300,1580.38,288.96,0,144.243,75.0821,-545.51,14.2979,-2.32453,0.24676,-0.0405595,0.968228,57.1655,57.1655,1,1582.71,302.106,0,205.043,78.6497,-546.703,8.14687,-2.50049,0.141576,-0.0436279,0.988966,57.1878,57.1878,1,1581.55,295.533,1,0
292304445943300,1590.99,287.531,0,144.237,75.0686,-545.577,14.4831,-2.34564,0.249885,-0.0409277,0.96741,57.1722,57.1722,1,1575.69,318.029,0,205.02,78.6965,-546.622,8.01901,-2.20709,0.139398,-0.0385115,0.989487,57.179,57.179,1,1583.34,302.78,1,0
292304450943300,1598.66,282.237,0,144.234,75.103,-545.506,14.617,-2.43835,0.252128,-0.0425444,0.966758,57.1646,57.1646,1,1579.36,301.294,0,205.007,78.696,-546.592,8.0857,-2.51213,0.140519,-0.043831,0.989107,57.1762,57.1762,1,1589.01,291.766,1,0
292304455943300,1587.1,288.28,0,144.217,75.1201,-545.492,14.4158,-2.33311,0.248751,-0.0407092,0.967712,57.1629,57.1629,1,1583.02,288.751,0,205.007,78.6632,-546.681,8.15337,-2.74323,0.141661,-0.0478601,0.988758,57.1854,57.1854,1,1585.06,288.515,1,0
292304460943300,1597.48,273.509,0,144.214,75.1226,-545.515,14.5982,-2.59923,0.251779,-0.0453496,0.966722,57.165,57.165,1,1572.29,295.337,0,204.99,78.6757,-546.666,7.95866,-2.62486,0.138313,-0.0457964,0.989329,57.1837,57.1837,1,1584.89,284.423,1,0
292304465943300,1603.15,266.354,0,144.205,75.1185,-545.535,14.7003,-2.73079,0.253475,-0.0476431,0.966168,57.167,57.167,1,1566.73,303.412,0,204.98,78.6907,-546.644,7.8578,-2.47759,0.136587,-0.0432286,0.989684,57.1812,57.1812,1,1584.94,284.883,1,0
292304470943300,1609.27,266.429,0,144.187,75.1463,-545.46,14.8141,-2.73576,0.255392,-0.0477299,0.965659,57.1592,57.1592,1,1568.01,308.202,0,204.963,78.6885,-546.666,7.88656,-2.39538,0.137092,-0.0417951,0.989676,57.1834,57.1834,1,1588.64,287.316,1,0
292304475943300,1581.99,272.728,0,144.124,75.2289,-545.26,14.3424,-2.6314,0.247454,-0.0459105,0.967811,57.1384,57.1384,1,1561.7,315.387,0,204.89,78.7213,-546.569,7.77644,-2.26131,0.135203,-0.0394571,0.990032,57.1735,57.1735,1,1571.85,294.057,1,0
292304480943300,1515.78,255.336,0,143.945,75.3143,-544.999,13.1902,-2.96741,0.227878,-0.0517679,0.972313,57.1116,57.1116,1,1505.37,321.698,0,204.673,78.8994,-546.01,6.7565,-2.14941,0.117567,-0.0375055,0.992356,57.1164,57.1164,1,1510.58,288.517,1,0
292304485943300,1382.98,272.054,0,143.682,75.2769,-545.138,10.8265,-2.68243,0.18763,-0.0468001,0.981124,57.1257,57.1257,1,1396.1,319.572,0,204.45,78.8719,-546.069,4.75284,-2.19878,0.0827966,-0.0383665,0.995828,57.1226,57.1226,1,1389.54,295.813,1,0
292304490943300,1314.99,256.738,0,143.45,75.2032,-545.331,9.6125,-2.97798,0.166758,-0.0519521,0.984628,57.1457,57.1457,1,1317.51,315.787,0,204.222,78.8593,-546.048,3.30963,-2.27068,0.0576865,-0.0396205,0.997548,57.121,57.121,1,1316.25,286.263,1,0
292304495943300,1247.77,243.249,0,143.279,75.1032,-545.582,8.39366,-3.22683,0.145742,-0.056289,0.98772,57.1717,57.1717,1,1247.59,294.233,0,204.054,78.7556,-546.281,2.01808,-2.66556,0.0351767,-0.046506,0.998298,57.1455,57.1455,1,1247.68,268.741,1,0
292304500943300,1226.98,226.603,0,143.196,75.0738,-545.664,8.01643,-3.52739,0.139193,-0.0615257,0.988352,57.1802,57.1802,1,1218.54,301.419,0,203.953,78.5807,-546.758,1.48855,-2.53469,0.0259518,-0.0442242,0.998685,57.1947,57.1947,1,1222.76,264.011,1,0
292304505943300,1219.38,227.886,0,143.146,75.0116,-545.856,7.87968,-3.50052,0.136837,-0.0610576,0.98871,57.1999,57.1999,1,1195.62,310.087,0,203.902,78.5482,-546.837,1.06377,-2.36828,0.0185493,-0.0413226,0.998974,57.203,57.203,1,1207.5,268.986,1,0
292304510943300,1221.92,228.266,0,143.141,74.9929,-545.896,7.926,-3.48924,0.137638,-0.060861,0.988611,57.2041,57.2041,1,1198.61,306.832,0,203.896,78.4754,-547.019,1.11978,-2.41933,0.0195252,-0.0422128,0.998918,57.222,57.222,1,1210.27,267.549,1,0
292304515943300,1237.03,236.321,0,143.151,74.9796,-545.926,8.20278,-3.33665,0.142435,-0.0582025,0.988091,57.2073,57.2073,1,1232.82,322.168,0,203.919,78.5088,-546.925,1.75725,-2.13082,0.0306439,-0.0371813,0.998839,57.2123,57.2123,1,1234.92,279.245,1,0
292304520943300,1251.88,225.126,0,143.152,74.9803,-545.888,8.47535,-3.53884,0.147103,-0.0617251,0.987193,57.2037,57.2037,1,1224.03,300.602,0,203.91,78.4537,-547.01,1.59399,-2.53104,0.0277896,-0.0441606,0.998638,57.2216,57.2216,1,1237.95,262.864,1,0
292304525943300,1244.73,234.377,0,143.131,74.9755,-545.913,8.34587,-3.3683,0.144898,-0.0587541,0.987701,57.2061,57.2061,1,1241.04,287.144,0,203.905,78.5215,-546.751,1.91091,-2.77816,0.0333062,-0.048469,0.998269,57.1956,57.1956,1,1242.88,260.76,1,0
292304530943300,1256.37,234.058,0,143.117,74.9416,-545.998,8.5618,-3.37636,0.148618,-0.0588946,0.987139,57.215,57.215,1,1238.79,289.737,0,203.905,78.4609,-546.929,1.86962,-2.72823,0.0325882,-0.0475986,0.998335,57.2138,57.2138,1,1247.58,261.897,1,0
292304535943300,1266.09,242.379,0,143.115,74.9612,-545.944,8.74207,-3.22617,0.151746,-0.0562775,0.986816,57.2094,57.2094,1,1238.36,292.613,0,203.894,78.4515,-546.936,1.86179,-2.6695,0.0324534,-0.0465747,0.998388,57.2148,57.2148,1,1252.23,267.496,1,0
292304540943300,1270.16,233.441,0,143.098,74.9442,-545.988,8.81837,-3.39086,0.153034,-0.059147,0.986449,57.214,57.214,1,1238.49,280.112,0,203.88,78.4699,-546.818,1.86571,-2.90384,0.0325153,-0.0506599,0.998186,57.2031,57.2031,1,1254.33,256.776,1,0
292304545943300,1272.32,234.375,0,143.09,74.9339,-546.015,8.85921,-3.37576,0.15374,-0.0588841,0.986355,57.2168,57.2168,1,1232.32,272.889,0,203.874,78.4203,-546.947,1.75179,-3.0388,0.0305268,-0.0530121,0.998127,57.2166,57.2166,1,1252.32,253.632,1,0
292304550943300,1272.47,233.981,0,143.085,74.9379,-545.982,8.86298,-3.38318,0.153803,-0.0590133,0.986338,57.2136,57.2136,1,1220.02,274.392,0,203.852,78.443,-546.862,1.52286,-3.00924,0.0265391,-0.052497,0.998268,57.208,57.208,1,1246.25,254.186,1,0
292304555943300,1267.64,234.547,0,143.075,74.9401,-545.968,8.77609,-3.37573,0.152309,-0.0588835,0.986577,57.2122,57.2122,1,1232.48,269.71,0,203.866,78.4015,-546.956,1.75509,-3.09475,0.0305826,-0.0539872,0.998073,57.2179,57.2179,1,1250.06,252.128,1,0
292304560943300,1265.7,232.919,0,143.067,74.9351,-545.981,8.74093,-3.40489,0.151699,-0.0593916,0.986641,57.2135,57.2135,1,1237.61,276.363,0,203.866,78.3966,-546.966,1.85137,-2.97061,0.0322635,-0.0518237,0.998135,57.219,57.219,1,1251.65,254.641,1,0
292304565943300,1257.45,237.925,0,143.052,74.9202,-546.016,8.59126,-3.31421,0.149135,-0.0578117,0.987126,57.2172,57.2172,1,1226.39,281.605,0,203.851,78.4147,-546.921,1.64264,-2.87362,0.0286296,-0.0501332,0.998332,57.2143,57.2143,1,1241.92,259.765,1,0
292304570943300,1258.28,240.433,0,143.049,74.9176,-546.016,8.60697,-3.26796,0.149412,-0.0570058,0.98713,57.2173,57.2173,1,1221.72,291.493,0,203.841,78.3882,-546.986,1.55657,-2.68821,0.0271341,-0.046901,0.998531,57.2211,57.2211,1,1240,265.963,1,0
292304575943300,1262.62,239.595,0,143.043,74.9277,-545.968,8.68731,-3.28154,0.150794,-0.0572423,0.986906,57.2125,57.2125,1,1227.69,293.144,0,203.839,78.4048,-546.909,1.66832,-2.65682,0.0290823,-0.0463536,0.998502,57.2134,57.2134,1,1245.16,266.37,1,0
292304580943300,1260.34,240.193,0,143.032,74.9153,-546,8.64593,-3.26875,0.150083,-0.0570194,0.987028,57.2158,57.2158,1,1221.2,295.974,0,203.831,78.3877,-546.977,1.54779,-2.60361,0.0269828,-0.0454259,0.998603,57.2202,57.2202,1,1240.77,268.084,1,0
292304585943300,1266.61,245.533,0,143.032,74.9327,-545.943,8.76053,-3.16614,0.152073,-0.0552314,0.986825,57.2101,57.2101,1,1227.15,296.642,0,203.829,78.3913,-546.951,1.65928,-2.59089,0.0289263,-0.0452042,0.998559,57.2176,57.2176,1,1246.88,271.087,1,0
292304590943300,1265,240.779,0,143.025,74.9243,-545.947,8.73127,-3.25161,0.151556,-0.0567209,0.98682,57.2106,57.2106,1,1237.23,300.565,0,203.832,78.3751,-547.011,1.84809,-2.51821,0.0322186,-0.0439369,0.998515,57.2238,57.2238,1,1251.12,270.672,1,0
292304595943300,1262.2,236.137,0,143.015,74.8957,-546.019,8.68009,-3.33658,0.150662,-0.0582013,0.986871,57.2181,57.2181,1,1230.78,303.972,0,203.817,78.3943,-546.956,1.72877,-2.45512,0.0301405,-0.0428368,0.998627,57.2181,57.2181,1,1246.49,270.054,1,0
292304600943300,1262.53,240.065,0,143.016,74.9234,-545.943,8.68644,-3.26399,0.150782,-0.0569365,0.986926,57.2103,57.2103,1,1233.72,301.999,0,203.815,78.3944,-546.938,1.78422,-2.49268,0.0311061,-0.0434918,0.998569,57.2164,57.2164,1,1248.13,271.032,1,0
292304605943300,1263.05,238.38,0,143.015,74.9207,-545.937,8.69614,-3.29481,0.150944,-0.0574736,0.98687,57.2098,57.2098,1,1238.59,300.526,0,203.813,78.3817,-546.981,1.87578,-2.52017,0.032701,-0.0439711,0.998497,57.2208,57.2208,1,1250.82,269.453,1,0
292304610943300,1259.82,239.192,0,143.006,74.8925,-546.02,8.63734,-3.2798,0.149934,-0.0572121,0.987039,57.2183,57.2183,1,1236.13,307.725,0,203.812,78.3723,-547.012,1.82984,-2.38455,0.0319036,-0.0416063,0.998625,57.2239,57.2239,1,1247.98,273.458,1,0
292304615943300,1258.36,240.635,0,143.006,74.9101,-545.972,8.61105,-3.25485,0.149485,-0.0567772,0.987133,57.2133,57.2133,1,1242.51,308.472,0,203.815,78.3667,-547.027,1.9491,-2.37076,0.0339826,-0.0413658,0.998566,57.2254,57.2254,1,1250.43,274.553,1,0
292304620943300,1259.31,251.046,0,143.005,74.9232,-545.956,8.6284,-3.06129,0.149811,-0.0534042,0.987271,57.2115,57.2115,1,1244.01,310.462,0,203.808,78.3799,-546.984,1.97815,-2.33555,0.0344898,-0.0407518,0.998574,57.221,57.221,1,1251.66,280.754,1,0
292304625943300,1261.26,239.445,0,143.008,74.926,-545.916,8.66431,-3.27546,0.150399,-0.0571364,0.986973,57.2076,57.2076,1,1240.92,307.277,0,203.804,78.3922,-546.951,1.92013,-2.39388,0.0334771,-0.041769,0.998566,57.2176,57.2176,1,1251.09,273.361,1,0
292304630943300,1262.69,242.44,0,143.001,74.935,-545.898,8.69064,-3.21762,0.150861,-0.0561286,0.98696,57.2057,57.2057,1,1241.77,314.632,0,203.801,78.4079,-546.92,1.93673,-2.25918,0.0337696,-0.0394198,0.998652,57.2143,57.2143,1,1252.23,278.536,1,0
292304635943300,1261.59,243.378,0,142.991,74.9145,-545.946,8.67073,-3.19842,0.150521,-0.055794,0.987031,57.2108,57.2108,1,1244.27,307.284,0,203.793,78.3892,-546.951,1.98497,-2.39733,0.034607,-0.0418291,0.998525,57.2178,57.2178,1,1252.93,275.331,1,0
292304640943300,1258.89,239.661,0,142.983,74.9166,-545.95,8.62181,-3.26719,0.149668,-0.0569923,0.987092,57.2111,57.2111,1,1250.57,314.45,0,203.79,78.4068,-546.906,2.10311,-2.26411,0.0366692,-0.0395059,0.998546,57.213,57.213,1,1254.73,277.056,1,0
292304645943300,1252.21,237.583,0,142.975,74.9077,-545.97,8.50018,-3.30768,0.147566,-0.0576978,0.987368,57.2132,57.2132,1,1254.62,316.84,0,203.787,78.406,-546.92,2.17912,-2.21849,0.0379951,-0.0387103,0.998528,57.2144,57.2144,1,1253.42,277.211,1,0
292304650943300,1253.14,243.401,0,142.969,74.8881,-546.048,8.51753,-3.20042,0.147881,-0.0558288,0.987428,57.221,57.221,1,1261.26,309.97,0,203.788,78.396,-546.919,2.30294,-2.34477,0.0401494,-0.0409125,0.998356,57.2145,57.2145,1,1257.2,276.685,1,0
292304655943300,1254.61,232.521,0,142.973,74.9081,-545.977,8.54463,-3.4021,0.148318,-0.0593429,0.987158,57.2139,57.2139,1,1257.81,325.386,0,203.777,78.4203,-546.896,2.24009,-2.06096,0.0390616,-0.0359627,0.998589,57.2118,57.2118,1,1256.21,278.954,1,0
292304660943300,1251.98,230.561,0,142.96,74.8923,-546.029,8.49684,-3.43682,0.147489,-0.0599479,0.987245,57.2191,57.2191,1,1254.46,313.941,0,203.769,78.413,-546.9,2.17876,-2.27591,0.0379874,-0.0397117,0.998489,57.2123,57.2123,1,1253.22,272.251,1,0
292304665943300,1246.59,229.551,0,142.957,74.9337,-545.909,8.39879,-3.45633,0.145796,-0.0602878,0.987476,57.2068,57.2068,1,1247.91,321.58,0,203.757,78.4101,-546.911,2.05774,-2.13481,0.0358816,-0.0372508,0.998662,57.2134,57.2134,1,1247.25,275.566,1,0
292304670943300,1247.09,226.177,0,142.951,74.9512,-545.87,8.40809,-3.51625,0.145947,-0.0613316,0.987389,57.2027,57.2027,1,1253.84,313.584,0,203.755,78.4164,-546.902,2.16952,-2.28688,0.037826,-0.039903,0.998487,57.2124,57.2124,1,1250.47,269.881,1,0
292304675943300,1247.74,233.109,0,142.948,74.9536,-545.879,8.42035,-3.38842,0.146178,-0.0591046,0.987491,57.2035,57.2035,1,1252.8,315.267,0,203.75,78.4305,-546.867,2.15051,-2.25615,0.0374956,-0.0393672,0.998521,57.2087,57.2087,1,1250.27,274.188,1,0
292304680943300,1238.99,225.467,0,142.936,74.9633,-545.871,8.26104,-3.53303,0.14341,-0.0616239,0.987743,57.2025,57.2025,1,1249.88,306.708,0,203.741,78.4458,-546.81,2.09656,-2.41679,0.0365511,-0.0421685,0.998442,57.203,57.203,1,1244.44,266.088,1,0
292304685943300,1237.11,225.318,0,142.923,74.9529,-545.918,8.22711,-3.53471,0.142825,-0.0616532,0.987826,57.2072,57.2072,1,1247.06,307.668,0,203.735,78.4493,-546.812,2.04443,-2.39918,0.0356432,-0.0418614,0.998487,57.2031,57.2031,1,1242.09,266.493,1,0
292304690943300,1245.51,220.007,0,142.919,74.9639,-545.891,8.38223,-3.63286,0.145483,-0.0633629,0.98733,57.2043,57.2043,1,1240.38,308.644,0,203.719,78.4525,-546.818,1.92105,-2.38172,0.0334934,-0.0415569,0.998575,57.2036,57.2036,1,1242.94,264.326,1,0
292304695943300,1248.27,214.484,0,142.906,74.9608,-545.91,8.43482,-3.73721,0.146372,-0.0651805,0.98708,57.2062,57.2062,1,1244.98,303.036,0,203.715,78.4452,-546.832,2.0075,-2.48521,0.0349973,-0.0433616,0.998446,57.2051,57.2051,1,1246.63,258.76,1,0
292304700943300,1255.66,216.395,0,142.901,74.9598,-545.924,8.57096,-3.701,0.148723,-0.0645497,0.98677,57.2075,57.2075,1,1240.97,309.509,0,203.705,78.4614,-546.823,1.93307,-2.36439,0.0337033,-0.0412547,0.99858,57.2039,57.2039,1,1248.32,262.952,1,0
292304705943300,1257.45,215.79,0,142.893,74.983,-545.863,8.60542,-3.71377,0.149315,-0.0647721,0.986666,57.2012,57.2012,1,1237.3,300.022,0,203.7,78.4545,-546.842,1.86484,-2.54129,0.0325099,-0.0443393,0.998487,57.2058,57.2058,1,1247.38,257.906,1,0
292304710943300,1262.28,211.689,0,142.881,74.9758,-545.894,8.69641,-3.79454,0.150867,-0.0661788,0.986336,57.2044,57.2044,1,1232.02,306.872,0,203.682,78.4795,-546.796,1.76706,-2.41282,0.0308088,-0.0420992,0.998638,57.2009,57.2009,1,1247.15,259.281,1,0
292304715943300,1259.09,212.367,0,142.869,74.9717,-545.923,8.63939,-3.78492,0.149887,-0.0660113,0.986497,57.2072,57.2072,1,1241.4,298.944,0,203.683,78.4696,-546.828,1.94245,-2.55903,0.0338619,-0.0446486,0.998429,57.2041,57.2041,1,1250.24,255.656,1,0
292304720943300,1263.16,214.069,0,142.86,74.9776,-545.928,8.71584,-3.75635,0.151209,-0.0655138,0.986328,57.2075,57.2075,1,1248.24,293.916,0,203.674,78.468,-546.832,2.07043,-2.64886,0.0360893,-0.0462148,0.998279,57.2046,57.2046,1,1255.7,253.993,1,0
292304725943300,1266.13,216.916,0,142.845,74.9425,-546.049,8.77106,-3.7035,0.152168,-0.0645933,0.986242,57.2197,57.2197,1,1241.82,290.074,0,203.658,78.4653,-546.836,1.95157,-2.71902,0.0340163,-0.0474381,0.998295,57.205,57.205,1,1253.97,253.495,1,0
292304730943300,1270.38,215.151,0,142.845,74.9869,-545.932,8.84917,-3.73427,0.153507,-0.0651292,0.985999,57.2076,57.2076,1,1246.79,283.711,0,203.659,78.4467,-546.882,2.04523,-2.83953,0.0356445,-0.0495389,0.998136,57.2098,57.2098,1,1258.58,249.431,1,0
292304735943300,1261.14,217.798,0,142.831,74.9886,-545.936,8.6811,-3.68708,0.150622,-0.0643072,0.986498,57.208,57.208,1,1243.76,278.294,0,203.649,78.4547,-546.835,1.98889,-2.93798,0.0346601,-0.0512549,0.998084,57.2052,57.2052,1,1252.45,248.046,1,0
292304740943300,1269.47,211.576,0,142.827,74.9625,-545.998,8.83398,-3.79997,0.153234,-0.0662734,0.985965,57.2144,57.2144,1,1239.89,278.822,0,203.641,78.4656,-546.804,1.9171,-2.9288,0.0334097,-0.051095,0.998135,57.202,57.202,1,1254.68,245.199,1,0
292304745943300,1263.33,219.451,0,142.817,74.9791,-545.982,8.72225,-3.65587,0.151336,-0.0637637,0.986424,57.2125,57.2125,1,1240.35,282.613,0,203.643,78.4277,-546.927,1.92639,-2.8589,0.0335736,-0.0498765,0.998191,57.2145,57.2145,1,1251.84,251.032,1,0
292304750943300,1261.63,214.437,0,142.805,74.9729,-545.997,8.69268,-3.75084,0.150811,-0.0654178,0.986396,57.2141,57.2141,1,1234.77,286.462,0,203.626,78.4676,-546.808,1.82283,-2.78649,0.0317714,-0.0486143,0.998312,57.2023,57.2023,1,1248.2,250.449,1,0
292304755943300,1265.31,214.12,0,142.803,74.9736,-546.01,8.76008,-3.75519,0.15197,-0.0654935,0.986213,57.2153,57.2153,1,1243.09,269.608,0,203.636,78.4148,-546.945,1.97813,-3.09955,0.0344675,-0.0540709,0.997942,57.2165,57.2165,1,1254.2,241.864,1,0
292304760943300,1259.07,223.113,0,142.788,74.9666,-546.043,8.64722,-3.59129,0.150055,-0.0626388,0.986691,57.2186,57.2186,1,1230.56,281.487,0,203.615,78.4464,-546.877,1.74561,-2.88013,0.0304235,-0.0502465,0.998273,57.2093,57.2093,1,1244.81,252.3,1,0
292304765943300,1253.89,217.384,0,142.783,74.9656,-546.032,8.55248,-3.69704,0.148406,-0.0644807,0.986822,57.2176,57.2176,1,1233.49,266.101,0,203.615,78.4259,-546.896,1.80067,-3.16571,0.0313745,-0.055224,0.997981,57.2116,57.2116,1,1243.69,241.742,1,0
292304770943300,1259.66,216.89,0,142.781,74.9709,-546.022,8.65791,-3.7024,0.15022,-0.0645741,0.986541,57.2164,57.2164,1,1233.86,260.869,0,203.615,78.394,-546.989,1.80803,-3.26263,0.0314997,-0.0569129,0.997882,57.2212,57.2212,1,1246.76,238.879,1,0
292304775943300,1264.76,215.519,0,142.778,74.972,-546.018,8.75113,-3.72406,0.151822,-0.0649514,0.986272,57.2161,57.2161,1,1234.56,264.32,0,203.606,78.4164,-546.934,1.8217,-3.19862,0.0317398,-0.0557974,0.997938,57.2154,57.2154,1,1249.66,239.919,1,0
292304780943300,1264.01,216.742,0,142.777,74.9872,-545.978,8.7378,-3.70225,0.151596,-0.0645715,0.986331,57.212,57.212,1,1237.22,269.483,0,203.6,78.4303,-546.904,1.87234,-3.10466,0.0326247,-0.0541601,0.997999,57.2123,57.2123,1,1250.62,243.112,1,0
292304785943300,1260.79,222.186,0,142.763,74.9576,-546.091,8.67941,-3.6024,0.150607,-0.0628323,0.986595,57.2233,57.2233,1,1248.19,274.678,0,203.6,78.409,-546.971,2.07904,-3.01088,0.0362281,-0.0525256,0.997962,57.2191,57.2191,1,1254.49,248.432,1,0
292304790943300,1259.11,228.344,0,142.755,74.9729,-546.076,8.64923,-3.48876,0.150106,-0.0608528,0.986795,57.2215,57.2215,1,1235.71,276.03,0,203.579,78.4285,-546.91,1.84685,-2.98444,0.0321844,-0.0520648,0.998125,57.2129,57.2129,1,1247.41,252.187,1,0
292304795943300,1270.63,222.285,0,142.759,74.9671,-546.085,8.85899,-3.59497,0.1537,-0.0627029,0.986126,57.2225,57.2225,1,1238.65,272.152,0,203.58,78.4146,-546.959,1.90241,-3.05873,0.0331499,-0.0533595,0.998025,57.2179,57.2179,1,1254.64,247.219,1,0
292304800943300,1264.55,226.369,0,142.746,74.9577,-546.129,8.74888,-3.52195,0.151817,-0.061431,0.986498,57.2269,57.2269,1,1246.19,282.844,0,203.578,78.4373,-546.899,2.04364,-2.85948,0.0356162,-0.0498866,0.99812,57.2116,57.2116,1,1255.37,254.607,1,0
292304805943300,1265.34,219.958,0,142.749,74.9827,-546.046,8.76353,-3.63979,0.152049,-0.0634836,0.986332,57.2184,57.2184,1,1246.12,278.267,0,203.573,78.4056,-546.993,2.04378,-2.94695,0.0356159,-0.0514113,0.998042,57.2212,57.2212,1,1255.73,249.113,1,0
292304810943300,1267.14,224.23,0,142.74,74.9679,-546.102,8.79694,-3.56018,0.152638,-0.062097,0.986329,57.2241,57.2241,1,1254.78,290.375,0,203.567,78.436,-546.933,2.2062,-2.72127,0.0384526,-0.0474773,0.998132,57.2149,57.2149,1,1260.96,257.302,1,0
292304815943300,1263.71,215.288,0,142.729,74.931,-546.194,8.73419,-3.72364,0.15153,-0.064944,0.986317,57.2337,57.2337,1,1253.48,286.635,0,203.561,78.4399,-546.915,2.18278,-2.79209,0.0380423,-0.048712,0.998088,57.213,57.213,1,1258.6,250.961,1,0
292304820943300,1264.12,225.196,0,142.734,74.9609,-546.135,8.7418,-3.54213,0.151692,-0.0617825,0.986495,57.2274,57.2274,1,1254.37,283.757,0,203.558,78.4173,-546.984,2.19947,-2.84296,0.0383313,-0.0495987,0.998033,57.2201,57.2201,1,1259.25,254.477,1,0
292304825943300,1268.9,211.934,0,142.73,74.9572,-546.126,8.82917,-3.78328,0.153154,-0.0659828,0.985997,57.2266,57.2266,1,1258.25,287.953,0,203.548,78.4461,-546.911,2.27275,-2.76577,0.0396104,-0.0482531,0.998049,57.2126,57.2126,1,1263.57,249.944,1,0
292304830943300,1265.56,219.376,0,142.727,74.978,-546.088,8.7684,-3.64714,0.152132,-0.0636117,0.986311,57.2225,57.2225,1,1258.38,293.185,0,203.545,78.4418,-546.941,2.27586,-2.66918,0.0396676,-0.0465692,0.998127,57.2155,57.2155,1,1261.97,256.281,1,0
292304835943300,1266.78,222.643,0,142.724,74.9669,-546.135,8.79108,-3.58763,0.152532,-0.062575,0.986315,57.2272,57.2272,1,1258.03,292.837,0,203.542,78.4398,-546.96,2.27021,-2.67756,0.0395689,-0.0467153,0.998124,57.2173,57.2173,1,1262.41,257.74,1,0
292304840943300,1268.93,223.131,0,142.725,74.99,-546.081,8.83052,-3.5784,0.153213,-0.0624143,0.98622,57.2215,57.2215,1,1257.51,284.962,0,203.535,78.4381,-546.948,2.26103,-2.82415,0.0394043,-0.0492708,0.998008,57.2163,57.2163,1,1263.22,254.046,1,0
292304845943300,1268.59,223.43,0,142.723,74.9777,-546.114,8.82427,-3.57287,0.153106,-0.062318,0.986243,57.225,57.225,1,1258.52,293.455,0,203.535,78.4256,-547.021,2.28062,-2.66707,0.0397507,-0.0465323,0.998126,57.2234,57.2234,1,1263.55,258.442,1,0
292304850943300,1262.97,222.64,0,142.714,74.978,-546.116,8.72248,-3.58964,0.151351,-0.0626101,0.986495,57.2252,57.2252,1,1253.7,296.334,0,203.523,78.4664,-546.917,2.19059,-2.61279,0.038184,-0.045586,0.99823,57.2126,57.2126,1,1258.33,259.487,1,0
292304855943300,1261.6,223.218,0,142.707,74.9617,-546.177,8.69795,-3.5802,0.15093,-0.0624456,0.98657,57.2313,57.2313,1,1261.1,288.191,0,203.528,78.4452,-546.973,2.32927,-2.76583,0.0405948,-0.048254,0.99801,57.2184,57.2184,1,1261.35,255.704,1,0
292304860943300,1262.39,220.814,0,142.708,74.9738,-546.143,8.71245,-3.62409,0.151173,-0.0632101,0.986484,57.2278,57.2278,1,1262.88,289.871,0,203.53,78.4305,-547.039,2.36277,-2.73513,0.0411794,-0.0477189,0.998012,57.2249,57.2249,1,1262.64,255.342,1,0
292304865943300,1258.65,230.628,0,142.701,74.994,-546.113,8.64418,-3.4425,0.150027,-0.0600468,0.986857,57.2245,57.2245,1,1263.94,288.669,0,203.52,78.4558,-546.961,2.38316,-2.75764,0.0415338,-0.0481113,0.997978,57.2169,57.2169,1,1261.29,259.649,1,0
292304870943300,1260.38,227.721,0,142.698,74.9869,-546.136,8.6759,-3.49541,0.150564,-0.0609686,0.986718,57.2268,57.2268,1,1263.74,280.571,0,203.521,78.4259,-547.032,2.37955,-2.90718,0.0414657,-0.0507182,0.997852,57.2244,57.2244,1,1262.06,254.146,1,0
292304875943300,1262.92,234.619,0,142.696,75.0016,-546.098,8.72263,-3.36649,0.15139,-0.0587226,0.986728,57.2228,57.2228,1,1261.67,279.625,0,203.511,78.4294,-547.031,2.34109,-2.92257,0.0407952,-0.0509864,0.997866,57.2243,57.2243,1,1262.3,257.122,1,0
292304880943300,1268.15,223.735,0,142.702,75.0112,-546.053,8.81836,-3.56769,0.153005,-0.0622277,0.986264,57.2184,57.2184,1,1263.69,291.58,0,203.505,78.4579,-546.975,2.37911,-2.70007,0.0414652,-0.0471077,0.998029,57.2182,57.2182,1,1265.92,257.657,1,0
292304885943300,1267.5,217.034,0,142.678,75.0216,-546.022,8.80958,-3.69358,0.152833,-0.0644204,0.98615,57.2152,57.2152,1,1264.81,284.181,0,203.483,78.4789,-546.878,2.40133,-2.83521,0.0418475,-0.0494636,0.997899,57.2086,57.2086,1,1266.15,250.607,1,0
292304890943300,1248.87,229.099,0,142.602,75.1036,-545.785,8.47957,-3.48488,0.147184,-0.0607851,0.98724,57.1909,57.1909,1,1224.65,291.408,0,203.378,78.5631,-546.652,1.65855,-2.69956,0.028911,-0.0470988,0.998472,57.1852,57.1852,1,1236.76,260.253,1,0
292304895943300,1172.86,239.932,0,142.428,75.1781,-545.604,7.09704,-3.29601,0.123346,-0.0574946,0.990697,57.172,57.172,1,1179.09,302.746,0,203.182,78.6449,-546.419,0.827181,-2.50468,0.0144227,-0.0437009,0.998941,57.1612,57.1612,1,1175.97,271.339,1,0
292304900943300,1078.6,242.354,0,142.223,75.0918,-545.906,5.3671,-3.25963,0.0933853,-0.0568606,0.994005,57.2025,57.2025,1,1070.3,316.544,0,202.995,78.5855,-546.663,-1.19329,-2.23383,-0.0208095,-0.0389779,0.999023,57.1857,57.1857,1,1074.45,279.449,1,0
292304905943300,1019.72,253.983,0,142.069,75.0417,-546.066,4.28461,-3.05152,0.0746049,-0.0532339,0.995791,57.2188,57.2188,1,1019.63,325.539,0,202.841,78.5834,-546.672,-2.12588,-2.06939,-0.0370709,-0.0361098,0.99866,57.1866,57.1866,1,1019.67,289.761,1,0
292304910943300,1004.75,229.308,0,141.968,74.9694,-546.258,4.01389,-3.50423,0.0698674,-0.0611222,0.995682,57.2388,57.2388,1,998.095,341.5,0,202.762,78.4841,-546.991,-2.51888,-1.77144,-0.0439275,-0.0309125,0.998556,57.2191,57.2191,1,1001.42,285.404,1,0
292304915943300,987.098,235.679,0,141.909,74.9682,-546.256,3.69,-3.3773,0.0642463,-0.0589109,0.996194,57.2385,57.2385,1,969.192,338.928,0,202.691,78.4731,-546.992,-3.05218,-1.80503,-0.0532189,-0.0314985,0.998086,57.2195,57.2195,1,978.145,287.304,1,0
292304920943300,974.202,243.108,0,141.88,74.9284,-546.38,3.45138,-3.24064,0.0601053,-0.0565297,0.99659,57.2512,57.2512,1,972.474,328.692,0,202.696,78.3761,-547.242,-2.99002,-1.98996,-0.0521306,-0.0347243,0.998036,57.2454,57.2454,1,973.338,285.9,1,0
292304925943300,975.11,239.214,0,141.88,74.9214,-546.389,3.46831,-3.31277,0.0603954,-0.0577865,0.9965,57.2523,57.2523,1,983.181,326.15,0,202.702,78.3918,-547.187,-2.79089,-2.03849,-0.0486602,-0.0355709,0.998182,57.2399,57.2399,1,979.146,282.682,1,0
292304930943300,982.045,231.249,0,141.883,74.9076,-546.406,3.59751,-3.46115,0.0626328,-0.0603718,0.996209,57.2542,57.2542,1,980.451,324.752,0,202.693,78.4246,-547.086,-2.84153,-2.06477,-0.0495416,-0.0360293,0.998122,57.2295,57.2295,1,981.248,278.001,1,0
292304935943300,984.056,237.252,0,141.881,74.9485,-546.305,3.63593,-3.3505,0.0633081,-0.0584439,0.996281,57.2437,57.2437,1,977.571,313.53,0,202.692,78.4077,-547.113,-2.89508,-2.27292,-0.0504675,-0.0396595,0.997938,57.2325,57.2325,1,980.814,275.391,1,0
292304940943300,982.525,233.451,0,141.865,74.916,-546.413,3.6083,-3.42196,0.0628229,-0.059689,0.996238,57.2547,57.2547,1,978.464,314.199,0,202.688,78.3969,-547.179,-2.87756,-2.26406,-0.0501626,-0.0395049,0.997959,57.239,57.239,1,980.495,273.825,1,0
292304945943300,983.9,241.233,0,141.858,74.9256,-546.406,3.63491,-3.2798,0.0632948,-0.057212,0.996354,57.2538,57.2538,1,971.756,319.689,0,202.675,78.4216,-547.124,-3.00191,-2.15893,-0.0523321,-0.0376715,0.997919,57.2332,57.2332,1,977.828,280.461,1,0
292304950943300,985.202,240.304,0,141.853,74.9447,-546.354,3.66012,-3.30039,0.0637319,-0.0575708,0.996305,57.2484,57.2484,1,976.283,310.156,0,202.671,78.4053,-547.152,-2.91672,-2.34053,-0.0508419,-0.0408385,0.997871,57.2362,57.2362,1,980.742,275.23,1,0
292304955943300,986.38,243.198,0,141.843,74.9456,-546.375,3.68305,-3.24386,0.0641342,-0.0565858,0.996336,57.2503,57.2503,1,970.219,310.121,0,202.656,78.4194,-547.123,-3.0287,-2.3399,-0.0527921,-0.0408276,0.99777,57.2332,57.2332,1,978.3,276.66,1,0
292304960943300,982.635,247.037,0,141.826,74.9361,-546.438,3.61449,-3.17377,0.0629463,-0.0553644,0.99648,57.2565,57.2565,1,972.458,319.755,0,202.654,78.4158,-547.16,-2.98635,-2.15979,-0.052061,-0.0376865,0.997932,57.2367,57.2367,1,977.547,283.396,1,0
292304965943300,989.868,237.605,0,141.819,74.9452,-546.417,3.75036,-3.34668,0.0652978,-0.0583773,0.996157,57.2543,57.2543,1,968.79,326.361,0,202.644,78.4008,-547.207,-3.05359,-2.03527,-0.0532363,-0.0355147,0.99795,57.2415,57.2415,1,979.329,281.983,1,0
292304970943300,997.468,230.596,0,141.81,74.93,-546.453,3.89308,-3.47729,0.0677697,-0.060653,0.995856,57.2581,57.2581,1,968.972,322.991,0,202.635,78.3797,-547.267,-3.049,-2.09492,-0.0531544,-0.0365552,0.997917,57.2477,57.2477,1,983.22,276.793,1,0
292304975943300,992.375,223.049,0,141.793,74.9202,-546.48,3.79947,-3.61571,0.0661328,-0.0630642,0.995816,57.2609,57.2609,1,965.225,336.346,0,202.623,78.4154,-547.203,-3.11805,-1.84596,-0.0543652,-0.0322125,0.998001,57.2407,57.2407,1,978.8,279.698,1,0
292304980943300,1004.15,215.114,0,141.788,74.9201,-546.483,4.01977,-3.76275,0.0699496,-0.0656251,0.99539,57.2611,57.2611,1,969.381,336.381,0,202.605,78.4262,-547.147,-3.03886,-1.84451,-0.0529858,-0.0321872,0.998076,57.2353,57.2353,1,986.765,275.748,1,0
292304985943300,998.69,223.694,0,141.771,74.925,-546.494,3.91968,-3.60534,0.0682226,-0.0628835,0.995686,57.262,57.262,1,978.29,337.27,0,202.598,78.423,-547.158,-2.87158,-1.82923,-0.0500719,-0.0319207,0.998235,57.2363,57.2363,1,988.49,280.482,1,0
292304990943300,995.338,218.415,0,141.759,74.9307,-546.478,3.85842,-3.70497,0.0671505,-0.0646188,0.995648,57.2604,57.2604,1,981.814,347.552,0,202.586,78.4336,-547.149,-2.80447,-1.64278,-0.0489076,-0.0286679,0.998392,57.2352,57.2352,1,988.576,282.983,1,0
292304995943300,988.198,218.587,0,141.74,74.93,-546.503,3.72677,-3.70343,0.0648628,-0.064592,0.995802,57.2628,57.2628,1,980.637,349.488,0,202.574,78.4147,-547.225,-2.82475,-1.60901,-0.0492618,-0.0280789,0.998391,57.2428,57.2428,1,984.418,284.037,1,0
292305000943300,979.858,231.761,0,141.732,74.9958,-546.346,3.57268,-3.46134,0.062201,-0.0603751,0.996236,57.2463,57.2463,1,984.955,352.608,0,202.561,78.4508,-547.12,-2.7433,-1.55271,-0.0478438,-0.0270965,0.998487,57.2321,57.2321,1,982.406,292.184,1,0
292305005943300,985.206,234.458,0,141.721,74.9755,-546.429,3.67326,-3.40907,0.0639532,-0.0594643,0.99618,57.2547,57.2547,1,988.337,346.376,0,202.556,78.3959,-547.271,-2.67858,-1.67384,-0.0467131,-0.0292099,0.998481,57.2477,57.2477,1,986.771,290.417,1,0
292305010943300,980.26,239.591,0,141.713,75.0036,-546.378,3.5819,-3.31246,0.0623709,-0.0577811,0.996379,57.2492,57.2492,1,997.034,351.958,0,202.549,78.4223,-547.222,-2.51539,-1.57349,-0.0438713,-0.0274591,0.99866,57.2423,57.2423,1,988.647,295.775,1,0
292305015943300,978.695,237.645,0,141.707,75.0055,-546.382,3.55325,-3.34897,0.0618704,-0.0584173,0.996373,57.2495,57.2495,1,992.319,349.692,0,202.531,78.4496,-547.125,-2.60231,-1.61366,-0.0453853,-0.0281599,0.998573,57.2325,57.2325,1,985.507,293.668,1,0
292305020943300,978.685,235.934,0,141.697,75.0281,-546.349,3.5543,-3.3816,0.0618865,-0.0589858,0.996339,57.2458,57.2458,1,994.394,344.032,0,202.524,78.4294,-547.218,-2.56233,-1.71704,-0.0446862,-0.0299635,0.998552,57.2419,57.2419,1,986.539,289.983,1,0
292305025943300,971.641,248.571,0,141.681,75.0237,-546.39,3.42412,-3.14447,0.0596368,-0.0548538,0.996712,57.2498,57.2498,1,988.795,349.994,0,202.507,78.4489,-547.2,-2.66532,-1.60524,-0.0464835,-0.028013,0.998526,57.2397,57.2397,1,980.218,299.283,1,0
292305030943300,978.084,242.649,0,141.681,75.0063,-546.435,3.54422,-3.25404,0.0617192,-0.0567633,0.996478,57.2544,57.2544,1,998.263,346.63,0,202.51,78.4235,-547.271,-2.48831,-1.66612,-0.0433972,-0.0290751,0.998635,57.2469,57.2469,1,988.173,294.639,1,0
292305035943300,979.713,245.513,0,141.679,75.0228,-546.406,3.5751,-3.20067,0.0622595,-0.0558332,0.996497,57.2513,57.2513,1,1000.46,343.039,0,202.502,78.4352,-547.229,-2.44661,-1.72891,-0.042669,-0.0301706,0.998634,57.2427,57.2427,1,990.089,294.276,1,0
292305040943300,975.752,246.168,0,141.663,75.0224,-546.409,3.50258,-3.18509,0.0609992,-0.0555617,0.99659,57.2516,57.2516,1,996.309,337.901,0,202.495,78.4402,-547.206,-2.52365,-1.82502,-0.0440093,-0.0318472,0.998523,57.2404,57.2404,1,986.03,292.034,1,0
292305045943300,987.055,237.229,0,141.676,75.0462,-546.332,3.71283,-3.35001,0.0646452,-0.0584355,0.996196,57.2438,57.2438,1,992.777,342.053,0,202.492,78.4192,-547.287,-2.58905,-1.747,-0.045151,-0.0304861,0.998515,57.2486,57.2486,1,989.916,289.641,1,0
292305050943300,983.413,240.947,0,141.665,75.0315,-546.39,3.64568,-3.28086,0.0634819,-0.0572306,0.996341,57.2496,57.2496,1,979.773,333.347,0,202.474,78.4322,-547.228,-2.83051,-1.908,-0.0493543,-0.0332947,0.998226,57.2427,57.2427,1,981.593,287.147,1,0
292305055943300,967.925,244.42,0,141.645,75.0255,-546.404,3.35814,-3.21688,0.0584848,-0.0561157,0.99671,57.2511,57.2511,1,976.889,339.098,0,202.471,78.4236,-547.26,-2.88398,-1.80092,-0.0502888,-0.0314268,0.99824,57.2459,57.2459,1,972.407,291.759,1,0
292305060943300,969.726,251.541,0,141.646,75.0165,-546.427,3.39166,-3.08306,0.0590755,-0.0537836,0.996804,57.2534,57.2534,1,972.473,337.677,0,202.464,78.4287,-547.223,-2.96594,-1.82581,-0.051716,-0.0318611,0.998154,57.2423,57.2423,1,971.099,294.609,1,0
292305065943300,968.445,248.979,0,141.639,75.0017,-546.435,3.36843,-3.13043,0.0586687,-0.0546091,0.996783,57.2546,57.2546,1,987.028,329.492,0,202.482,78.3907,-547.284,-2.6954,-1.97825,-0.0469982,-0.0345201,0.998298,57.249,57.249,1,977.737,289.236,1,0
292305070943300,963.218,250.468,0,141.633,75.0043,-546.412,3.27141,-3.10337,0.0569822,-0.0541376,0.996906,57.2523,57.2523,1,975.143,351.218,0,202.467,78.4091,-547.24,-2.91628,-1.57092,-0.0508576,-0.0274143,0.99833,57.2444,57.2444,1,969.18,300.843,1,0
292305075943300,965.043,253.178,0,141.631,75.0052,-546.402,3.30585,-3.05266,0.0575841,-0.0532538,0.996919,57.2514,57.2514,1,979.928,319.164,0,202.472,78.352,-547.284,-2.82719,-2.16723,-0.0492884,-0.0378163,0.998068,57.2499,57.2499,1,972.486,286.171,1,0
292305080943300,964.144,243.682,0,141.624,74.9948,-546.39,3.28983,-3.22811,0.0572957,-0.0563114,0.996768,57.2505,57.2505,1,980.28,326.335,0,202.47,78.3693,-547.24,-2.82062,-2.03382,-0.0491782,-0.0354894,0.998159,57.2454,57.2454,1,972.212,285.008,1,0
292305085943300,962.33,257.92,0,141.622,74.986,-546.42,3.256,-2.96372,0.0567214,-0.0517037,0.99705,57.2535,57.2535,1,974.271,348.772,0,202.463,78.3698,-547.256,-2.93208,-1.61584,-0.0511318,-0.0281981,0.998294,57.2469,57.2469,1,968.3,303.346,1,0
292305090943300,968.055,249.511,0,141.623,74.9617,-546.457,3.36271,-3.11853,0.0585699,-0.0544018,0.9968,57.2577,57.2577,1,981.098,324.212,0,202.475,78.3251,-547.307,-2.8054,-2.07232,-0.0489119,-0.0361609,0.998148,57.2528,57.2528,1,974.576,286.861,1,0
292305095943300,968.092,249.971,0,141.616,74.9509,-546.48,3.36396,-3.11037,0.0585919,-0.0542595,0.996806,57.26,57.26,1,980.595,330.635,0,202.477,78.3172,-547.337,-2.81487,-1.95231,-0.0490805,-0.0340676,0.998214,57.2559,57.2559,1,974.344,290.303,1,0
292305100943300,966.287,247.555,0,141.61,74.915,-546.563,3.33038,-3.15354,0.0580055,-0.0550119,0.996799,57.2687,57.2687,1,980.988,337.402,0,202.481,78.3293,-547.284,-2.80823,-1.82503,-0.0489684,-0.0318473,0.998292,57.2505,57.2505,1,973.637,292.479,1,0
292305105943300,960.95,255.919,0,141.61,74.9362,-546.502,3.23096,-2.99805,0.0562839,-0.0523019,0.997044,57.2625,57.2625,1,979.024,339.815,0,202.48,78.3183,-547.309,-2.84471,-1.77969,-0.0496052,-0.0310564,0.998286,57.2531,57.2531,1,969.987,297.867,1,0
292305110943300,976.055,229.915,0,141.62,74.8462,-546.68,3.51117,-3.47706,0.0611303,-0.0606489,0.996285,57.2816,57.2816,1,976.402,343.366,0,202.481,78.3111,-547.331,-2.89373,-1.71176,-0.0504611,-0.0298713,0.998279,57.2554,57.2554,1,976.229,286.641,1,0
292305115943300,974.093,231.978,0,141.621,74.8292,-546.715,3.47426,-3.43805,0.060491,-0.0599693,0.996366,57.2852,57.2852,1,976.36,340.978,0,202.481,78.3282,-547.254,-2.89485,-1.75697,-0.0504795,-0.0306602,0.998254,57.2478,57.2478,1,975.227,286.478,1,0
292305120943300,980.141,237.101,0,141.634,74.8548,-546.637,3.5864,-3.34444,0.062447,-0.0583384,0.996342,57.2773,57.2773,1,977.629,343.093,0,202.49,78.3014,-547.324,-2.87169,-1.71678,-0.050077,-0.029959,0.998296,57.255,57.255,1,978.885,290.097,1,0
292305125943300,977.694,228.634,0,141.639,74.8515,-546.591,3.54035,-3.50119,0.0616363,-0.0610692,0.996229,57.273,57.273,1,978.544,343.413,0,202.494,78.2995,-547.326,-2.85509,-1.71289,-0.0497878,-0.0298911,0.998312,57.2553,57.2553,1,978.119,286.023,1,0
292305130943300,984.701,222.524,0,141.647,74.8447,-546.592,3.67041,-3.61384,0.0638896,-0.0630316,0.995964,57.2733,57.2733,1,980.229,347.846,0,202.502,78.2899,-547.341,-2.82434,-1.62722,-0.0492541,-0.0283965,0.998383,57.2569,57.2569,1,982.465,285.185,1,0
292305135943300,983.676,230.89,0,141.651,74.8282,-546.626,3.65076,-3.45809,0.0635587,-0.0603185,0.996154,57.2769,57.2769,1,983.951,346.699,0,202.512,78.2782,-547.359,-2.75569,-1.64792,-0.0480575,-0.0287577,0.99843,57.2589,57.2589,1,983.813,288.795,1,0
292305140943300,983.199,226.051,0,141.652,74.803,-546.669,3.64137,-3.54614,0.0633894,-0.0618522,0.99607,57.2816,57.2816,1,981.057,345.826,0,202.519,78.2813,-547.326,-2.81066,-1.66577,-0.0490148,-0.029069,0.998375,57.2557,57.2557,1,982.128,285.938,1,0
292305145943300,989.231,218.17,0,141.673,74.8359,-546.526,3.75254,-3.68826,0.0653118,-0.0643278,0.995789,57.2673,57.2673,1,980.029,346.736,0,202.525,78.2677,-547.354,-2.83034,-1.64646,-0.0493582,-0.0287322,0.998368,57.2587,57.2587,1,984.63,282.453,1,0
292305150943300,985.108,215.458,0,141.674,74.8072,-546.575,3.67513,-3.7378,0.0639627,-0.0651906,0.995821,57.2726,57.2726,1,981.966,343.027,0,202.531,78.2585,-547.369,-2.79473,-1.7154,-0.048736,-0.0299348,0.998363,57.2603,57.2603,1,983.537,279.243,1,0
292305155943300,991.866,223.868,0,141.684,74.7914,-546.627,3.80015,-3.58053,0.0661472,-0.0624513,0.995854,57.278,57.278,1,982.601,341.034,0,202.544,78.238,-547.427,-2.78374,-1.75563,-0.0485435,-0.0306367,0.998351,57.2663,57.2663,1,987.234,282.451,1,0
292305160943300,990.087,222.6,0,141.698,74.8154,-546.514,3.76615,-3.60661,0.0655542,-0.0629057,0.995864,57.2667,57.2667,1,977.474,334.188,0,202.55,78.2359,-547.397,-2.88042,-1.87993,-0.0502246,-0.032805,0.998199,57.2635,57.2635,1,983.781,278.394,1,0
292305165943300,984.442,220.321,0,141.7,74.7989,-546.554,3.66026,-3.6499,0.0637107,-0.0636597,0.995936,57.2709,57.2709,1,976.778,335.63,0,202.557,78.2459,-547.365,-2.89434,-1.85036,-0.050468,-0.0322892,0.998204,57.2603,57.2603,1,980.61,277.976,1,0
292305170943300,984.414,226.054,0,141.709,74.8008,-546.539,3.65898,-3.5448,0.0636957,-0.0618289,0.996052,57.2694,57.2694,1,972.254,332.465,0,202.563,78.2409,-547.382,-2.97946,-1.9068,-0.0519491,-0.0332738,0.998095,57.262,57.262,1,978.334,279.26,1,0
292305175943300,988.011,219.391,0,141.72,74.803,-546.518,3.72515,-3.67092,0.0648371,-0.0640258,0.99584,57.2674,57.2674,1,971.537,332.085,0,202.57,78.2573,-547.31,-2.99395,-1.91465,-0.0522013,-0.0334107,0.998078,57.2548,57.2548,1,979.774,275.738,1,0
292305180943300,986.274,216.91,0,141.724,74.8202,-546.448,3.69267,-3.71651,0.0642691,-0.0648198,0.995825,57.2603,57.2603,1,972.369,334.132,0,202.577,78.2633,-547.314,-2.97915,-1.8772,-0.0519446,-0.0327575,0.998113,57.255,57.255,1,979.322,275.521,1,0
292305185943300,992.759,205.838,0,141.733,74.8034,-546.471,3.81275,-3.92123,0.0663402,-0.0683849,0.995451,57.2629,57.2629,1,970.335,333.396,0,202.576,78.2775,-547.255,-3.01733,-1.89045,-0.0526094,-0.0329885,0.99807,57.2491,57.2491,1,981.547,269.617,1,0
292305190943300,993.363,216.987,0,141.735,74.8143,-546.467,3.82386,-3.71493,0.0665493,-0.0647924,0.995677,57.2623,57.2623,1,965.826,328.067,0,202.581,78.279,-547.245,-3.10214,-1.98754,-0.0540835,-0.0346822,0.997934,57.2481,57.2481,1,979.595,272.527,1,0
292305195943300,994.89,205.326,0,141.731,74.7544,-546.612,3.85203,-3.93183,0.0670218,-0.0685695,0.995393,57.2775,57.2775,1,967.046,320.943,0,202.582,78.2783,-547.252,-3.07946,-2.12232,-0.0536839,-0.037033,0.997871,57.2488,57.2488,1,980.968,263.135,1,0
292305200943300,989.297,216.033,0,141.738,74.8084,-546.481,3.74763,-3.73533,0.0652229,-0.0651476,0.995742,57.2638,57.2638,1,968.818,333.448,0,202.588,78.2682,-547.305,-3.04667,-1.88932,-0.0531205,-0.0329689,0.998044,57.2541,57.2541,1,979.057,274.74,1,0
292305205943300,990.257,219.512,0,141.739,74.8032,-546.503,3.76537,-3.67109,0.065536,-0.0640287,0.995794,57.2659,57.2659,1,975.009,324.731,0,202.593,78.2769,-547.258,-2.93178,-2.0527,-0.051114,-0.0358187,0.99805,57.2494,57.2494,1,982.633,272.121,1,0
292305210943300,994.134,218.706,0,141.744,74.8141,-546.475,3.83742,-3.6856,0.0667872,-0.0642814,0.995694,57.263,57.263,1,976.873,328.462,0,202.596,78.2797,-547.275,-2.89718,-1.98387,-0.0505135,-0.0346181,0.998123,57.251,57.251,1,985.503,273.584,1,0
292305215943300,999.974,226.439,0,141.74,74.8674,-546.361,3.94764,-3.54464,0.0687132,-0.0618262,0.995719,57.251,57.251,1,978.583,343.678,0,202.566,78.3316,-547.16,-2.86268,-1.71021,-0.0499201,-0.0298443,0.998307,57.2389,57.2389,1,989.278,285.059,1,0
292305220943300,953.143,212.228,0,141.636,74.9783,-546.053,3.08455,-3.81323,0.0536904,-0.0665043,0.996341,57.2192,57.2192,1,941.828,367.939,0,202.435,78.451,-546.84,-3.53761,-1.26299,-0.0616887,-0.0220415,0.997852,57.2057,57.2057,1,947.485,290.084,1,0
292305225943300,878.396,255.633,0,141.455,75.0603,-545.927,1.70372,-3.01559,0.02969,-0.0526076,0.998174,57.2053,57.2053,1,875.074,363.342,0,202.243,78.5316,-546.612,-4.76348,-1.34364,-0.0830198,-0.0234487,0.996272,57.1823,57.1823,1,876.735,309.487,1,0
292305230943300,798.839,257.854,0,141.242,75.0404,-546.064,0.232933,-2.97288,0.00405997,-0.0518632,0.998646,57.2187,57.2187,1,777.011,364.975,0,202.025,78.4744,-546.825,-6.56098,-1.31601,-0.11423,-0.0229668,0.993189,57.2037,57.2037,1,787.925,311.415,1,0
292305235943300,719.421,260.874,0,141.053,75.039,-546.075,-1.23794,-2.91756,-0.0215765,-0.0508989,0.998471,57.2198,57.2198,1,731.606,351.548,0,201.83,78.5392,-546.624,-7.37917,-1.55572,-0.128388,-0.027149,0.991352,57.1832,57.1832,1,725.514,306.211,1,0
292305240943300,664.948,249.452,0,140.871,74.918,-546.466,-2.24026,-3.12039,-0.039032,-0.0544342,0.997754,57.2596,57.2596,1,654.273,345.569,0,201.661,78.4615,-546.839,-8.78235,-1.66223,-0.152617,-0.0290073,0.98786,57.2054,57.2054,1,659.611,297.51,1,0
292305245943300,599.949,246.775,0,140.738,74.8431,-546.676,-3.44348,-3.16447,-0.0599723,-0.0552024,0.996673,57.2813,57.2813,1,602.099,344.706,0,201.539,78.4315,-546.947,-9.72004,-1.66764,-0.168763,-0.0291018,0.985227,57.2163,57.2163,1,601.024,295.741,1,0
292305250943300,588.593,253.533,0,140.691,74.8125,-546.796,-3.64968,-3.03289,-0.0635667,-0.0529092,0.996574,57.2933,57.2933,1,569.067,336.382,0,201.484,78.3278,-547.265,-10.3102,-1.80945,-0.178888,-0.0315756,0.983363,57.2488,57.2488,1,578.83,294.957,1,0
292305255943300,604.321,257.531,0,140.706,74.8182,-546.793,-3.35694,-2.95841,-0.0584781,-0.051611,0.996954,57.2929,57.2929,1,582.349,339.565,0,201.503,78.3122,-547.312,-10.0707,-1.75178,-0.174781,-0.0305696,0.984133,57.2536,57.2536,1,593.335,298.548,1,0
292305260943300,606.537,249.657,0,140.704,74.8017,-546.816,-3.31585,-3.10581,-0.0577552,-0.05418,0.996859,57.2954,57.2954,1,600.394,341.535,0,201.536,78.2911,-547.364,-9.74692,-1.72042,-0.16922,-0.0300224,0.985121,57.2591,57.2591,1,603.466,295.596,1,0
292305265943300,618.436,261.358,0,140.718,74.8352,-546.739,-3.09491,-2.89114,-0.0539213,-0.0504385,0.997271,57.2873,57.2873,1,597.714,332.713,0,201.532,78.3141,-547.278,-9.79582,-1.88257,-0.170046,-0.0328512,0.984888,57.2504,57.2504,1,608.075,297.035,1,0
292305270943300,619.877,250.215,0,140.705,74.8206,-546.764,-3.06603,-3.09556,-0.0534088,-0.0540015,0.997111,57.29,57.29,1,591.117,346.155,0,201.517,78.3443,-547.218,-9.91523,-1.63679,-0.172121,-0.0285636,0.984662,57.244,57.244,1,605.497,298.185,1,0
292305275943300,617.103,242.861,0,140.68,74.7809,-546.882,-3.11606,-3.23269,-0.0542722,-0.0563912,0.996933,57.3021,57.3021,1,598.892,344.227,0,201.51,78.3545,-547.191,-9.77178,-1.66904,-0.169652,-0.0291261,0.985074,57.2412,57.2412,1,607.997,293.544,1,0
292305280943300,621.566,247.127,0,140.68,74.8356,-546.75,-3.0315,-3.15345,-0.0528048,-0.0550103,0.997089,57.2884,57.2884,1,609.63,342.198,0,201.507,78.3436,-547.21,-9.57679,-1.70978,-0.166295,-0.0298369,0.985625,57.2432,57.2432,1,615.598,294.663,1,0
292305285943300,633.12,251.257,0,140.672,74.8498,-546.727,-2.81574,-3.08247,-0.049053,-0.0537732,0.997348,57.2859,57.2859,1,605.769,343.293,0,201.49,78.3534,-547.181,-9.64565,-1.68981,-0.167481,-0.0294884,0.985434,57.2403,57.2403,1,619.444,297.275,1,0
292305290943300,634.339,259.168,0,140.653,74.8351,-546.796,-2.79128,-2.93552,-0.0486338,-0.0512121,0.997503,57.2927,57.2927,1,612.244,345.377,0,201.479,78.3561,-547.167,-9.52694,-1.65259,-0.165442,-0.0288391,0.985798,57.2388,57.2388,1,623.291,302.273,1,0
292305295943300,620.163,255.997,0,140.635,74.8765,-546.657,-3.05398,-2.99407,-0.0532039,-0.0522326,0.997217,57.2786,57.2786,1,612.512,333.75,0,201.468,78.3297,-547.185,-9.52065,-1.86462,-0.165316,-0.0325379,0.985704,57.2412,57.2412,1,616.337,294.874,1,0
292305300943300,615.266,252.275,0,140.619,74.8816,-546.641,-3.14329,-3.06156,-0.054755,-0.0534088,0.99707,57.277,57.277,1,619.55,341.731,0,201.462,78.3243,-547.221,-9.39277,-1.72235,-0.163128,-0.0300562,0.986147,57.2447,57.2447,1,617.408,297.003,1,0
292305305943300,622.709,246.188,0,140.61,74.8703,-546.658,-3.00326,-3.17505,-0.0523124,-0.0553867,0.997094,57.2789,57.2789,1,620.132,333.627,0,201.452,78.3294,-547.175,-9.38175,-1.87213,-0.162925,-0.032669,0.986097,57.2403,57.2403,1,621.42,289.907,1,0
292305310943300,630.38,247.928,0,140.598,74.8096,-546.836,-2.85992,-3.1442,-0.0498192,-0.0548491,0.997251,57.2972,57.2972,1,614.16,327.097,0,201.439,78.3055,-547.201,-9.4897,-1.99214,-0.164771,-0.0347625,0.985719,57.2433,57.2433,1,622.27,287.513,1,0
292305315943300,628.228,247.654,0,140.587,74.8209,-546.796,-2.89907,-3.1498,-0.0505004,-0.0549467,0.997211,57.293,57.293,1,612.463,342.955,0,201.418,78.3177,-547.163,-9.51812,-1.69731,-0.165287,-0.0296193,0.985801,57.2395,57.2395,1,620.345,295.305,1,0
292305320943300,630.612,247.811,0,140.574,74.8148,-546.802,-2.85159,-3.14089,-0.0496744,-0.0547914,0.997261,57.2938,57.2938,1,619.552,338.099,0,201.412,78.2891,-547.21,-9.38724,-1.78385,-0.163027,-0.0311291,0.98613,57.2446,57.2446,1,625.082,292.955,1,0
292305325943300,627.651,248.24,0,140.564,74.7955,-546.832,-2.90639,-3.13286,-0.0506285,-0.0546515,0.997221,57.2971,57.2971,1,624.982,333.592,0,201.404,78.2761,-547.2,-9.28692,-1.8647,-0.161293,-0.0325394,0.98637,57.244,57.244,1,626.317,290.916,1,0
292305330943300,622.757,248.839,0,140.55,74.7898,-546.84,-2.99636,-3.12037,-0.0521951,-0.0544338,0.997152,57.298,57.298,1,627.667,336.119,0,201.398,78.2556,-547.247,-9.23632,-1.8155,-0.160426,-0.0316812,0.986539,57.2489,57.2489,1,625.212,292.479,1,0
292305335943300,627.421,245.373,0,140.547,74.7892,-546.811,-2.90868,-3.18432,-0.0506659,-0.0555482,0.99717,57.2953,57.2953,1,618.863,332.322,0,201.382,78.2694,-547.175,-9.39589,-1.88425,-0.163167,-0.0328804,0.98605,57.2418,57.2418,1,623.142,288.847,1,0
292305340943300,630.867,232.504,0,140.54,74.7841,-546.771,-2.84386,-3.4247,-0.0495258,-0.0597367,0.996985,57.2916,57.2916,1,611.163,320.623,0,201.377,78.2165,-547.292,-9.5354,-2.09845,-0.165546,-0.0366167,0.985522,57.2542,57.2542,1,621.015,276.563,1,0
292305345943300,627.663,230.401,0,140.529,74.7665,-546.801,-2.90234,-3.46104,-0.0505414,-0.0603698,0.996896,57.2949,57.2949,1,611.845,321.929,0,201.37,78.2315,-547.225,-9.5221,-2.07219,-0.16532,-0.0361586,0.985577,57.2474,57.2474,1,619.754,276.165,1,0
292305350943300,627.846,246.338,0,140.524,74.7981,-546.741,-2.8982,-3.16589,-0.0504844,-0.055227,0.997197,57.2884,57.2884,1,602.291,315.186,0,201.362,78.1924,-547.313,-9.69466,-2.19362,-0.168274,-0.0382766,0.984997,57.2567,57.2567,1,615.069,280.762,1,0
292305355943300,629.075,244.744,0,140.513,74.7696,-546.822,-2.87474,-3.1962,-0.0500747,-0.0557553,0.997188,57.2968,57.2968,1,599.807,314.056,0,201.356,78.1865,-547.31,-9.7397,-2.21495,-0.169046,-0.0386485,0.98485,57.2566,57.2566,1,614.441,279.4,1,0
292305360943300,619.477,240.597,0,140.493,74.7282,-546.921,-3.05284,-3.27254,-0.05317,-0.0570856,0.996952,57.3072,57.3072,1,592.735,313.299,0,201.333,78.2254,-547.172,-9.86685,-2.22775,-0.17123,-0.0388717,0.984464,57.2426,57.2426,1,606.106,276.948,1,0
292305365943300,620.033,239.28,0,140.489,74.7394,-546.869,-3.04095,-3.29369,-0.052962,-0.0574541,0.996942,57.302,57.302,1,601.024,317.46,0,201.341,78.1926,-547.254,-9.71649,-2.15151,-0.168654,-0.0375421,0.98496,57.2512,57.2512,1,610.529,278.37,1,0
292305370943300,620.586,238.157,0,140.481,74.7303,-546.881,-3.02966,-3.31344,-0.0527645,-0.0577982,0.996933,57.3033,57.3033,1,596.276,327.183,0,201.331,78.1934,-547.235,-9.80142,-1.96962,-0.170133,-0.0343696,0.984821,57.2494,57.2494,1,608.431,282.67,1,0
292305375943300,624.895,247.647,0,140.479,74.732,-546.901,-2.9481,-3.13462,-0.0513545,-0.0546822,0.997182,57.3052,57.3052,1,598.92,321.752,0,201.328,78.1772,-547.229,-9.75261,-2.06683,-0.169284,-0.0360652,0.984907,57.2492,57.2492,1,611.908,284.7,1,0
292305380943300,625.467,240.1,0,140.468,74.7088,-546.933,-2.93577,-3.27152,-0.0511329,-0.0570678,0.99706,57.3088,57.3088,1,604.891,329.843,0,201.323,78.2002,-547.142,-9.64365,-1.91708,-0.167426,-0.033453,0.985317,57.2405,57.2405,1,615.179,284.972,1,0
292305385943300,623.574,245.568,0,140.466,74.7296,-546.88,-2.97031,-3.16867,-0.0517393,-0.0552755,0.99713,57.3033,57.3033,1,596.077,332.756,0,201.31,78.1817,-547.187,-9.80235,-1.86174,-0.17016,-0.0324878,0.984881,57.2451,57.2451,1,609.826,289.162,1,0
292305390943300,626.715,241.181,0,140.462,74.7096,-546.935,-2.91098,-3.24847,-0.0507028,-0.0566661,0.997105,57.3089,57.3089,1,595.64,338.872,0,201.31,78.1555,-547.257,-9.80906,-1.74594,-0.170286,-0.0304677,0.984924,57.2524,57.2524,1,611.177,290.026,1,0
292305395943300,626.172,234.218,0,140.459,74.6967,-546.938,-2.92095,-3.37739,-0.0508697,-0.0589124,0.996966,57.3096,57.3096,1,606.788,347.329,0,201.312,78.1601,-547.242,-9.60565,-1.58853,-0.166802,-0.0277215,0.985601,57.2509,57.2509,1,616.48,290.773,1,0
292305400943300,618.952,226.887,0,140.451,74.7042,-546.901,-3.05475,-3.51255,-0.0531901,-0.0612672,0.996703,57.3059,57.3059,1,599.255,337.501,0,201.297,78.1538,-547.221,-9.7408,-1.76626,-0.169111,-0.0308222,0.985115,57.2491,57.2491,1,609.103,282.194,1,0
292305405943300,620.235,232.535,0,140.456,74.7121,-546.876,-3.03108,-3.40718,-0.0527842,-0.0594315,0.996836,57.3033,57.3033,1,609.267,345.535,0,201.308,78.1234,-547.326,-9.55971,-1.62096,-0.166009,-0.0282874,0.985718,57.2597,57.2597,1,614.751,289.035,1,0
292305410943300,617.602,223.227,0,140.445,74.6815,-546.925,-3.07922,-3.57794,-0.053612,-0.0624062,0.99661,57.3087,57.3087,1,601.865,344.059,0,201.288,78.1473,-547.227,-9.69308,-1.64704,-0.168301,-0.0287423,0.985317,57.2498,57.2498,1,609.733,283.643,1,0
292305415943300,616.39,229.525,0,140.437,74.6655,-546.966,-3.10119,-3.46008,-0.0540009,-0.060353,0.996715,57.313,57.313,1,615.447,347.468,0,201.298,78.116,-547.32,-9.44619,-1.58499,-0.164058,-0.0276597,0.986063,57.2593,57.2593,1,615.919,288.497,1,0
292305420943300,617.064,228.141,0,140.437,74.6913,-546.886,-3.08776,-3.48479,-0.0537659,-0.0607836,0.996702,57.3048,57.3048,1,613.284,345.04,0,201.298,78.1095,-547.328,-9.48532,-1.62854,-0.164728,-0.0284196,0.985929,57.2602,57.2602,1,615.174,286.59,1,0
292305425943300,613.789,227.379,0,140.431,74.6881,-546.887,-3.14814,-3.49767,-0.0548155,-0.0610079,0.996631,57.305,57.305,1,620.493,348.885,0,201.3,78.0955,-547.365,-9.3543,-1.55918,-0.162479,-0.0272095,0.986337,57.2641,57.2641,1,617.141,288.132,1,0
292305430943300,612.261,222.455,0,140.425,74.6787,-546.904,-3.17633,-3.58925,-0.0553003,-0.0626033,0.996505,57.3069,57.3069,1,609.866,338.452,0,201.283,78.1322,-547.227,-9.54672,-1.74919,-0.165774,-0.0305243,0.985691,57.2502,57.2502,1,611.063,280.454,1,0
292305435943300,611.686,220.692,0,140.422,74.669,-546.915,-3.18696,-3.62194,-0.0554832,-0.0631727,0.996459,57.3081,57.3081,1,614.481,343.865,0,201.289,78.0983,-547.346,-9.46282,-1.65076,-0.164339,-0.0288071,0.985983,57.2622,57.2622,1,613.083,282.278,1,0
292305440943300,609.328,226.74,0,140.415,74.6621,-546.932,-3.23056,-3.5099,-0.0562484,-0.061221,0.996538,57.3098,57.3098,1,608.942,348.536,0,201.283,78.1126,-547.316,-9.56349,-1.56524,-0.166078,-0.0273152,0.985734,57.259,57.259,1,609.135,287.638,1,0
292305445943300,616.362,221.135,0,140.418,74.6555,-546.934,-3.09977,-3.61533,-0.0539672,-0.0630575,0.99655,57.3102,57.3102,1,619.74,342.145,0,201.293,78.0922,-547.362,-9.36795,-1.68483,-0.162704,-0.0294015,0.986237,57.2638,57.2638,1,618.051,281.64,1,0
292305450943300,610.444,214.787,0,140.413,74.6595,-546.901,-3.20978,-3.73265,-0.0558732,-0.065101,0.996313,57.307,57.307,1,615.736,337.544,0,201.283,78.1015,-547.321,-9.44013,-1.76893,-0.163939,-0.0308688,0.985987,57.2598,57.2598,1,613.09,276.166,1,0
292305455943300,612.37,233.303,0,140.409,74.6644,-546.926,-3.17322,-3.38822,-0.0552581,-0.0591011,0.996721,57.3092,57.3092,1,612.811,344.917,0,201.279,78.0983,-547.352,-9.49316,-1.63439,-0.164863,-0.0285216,0.985904,57.2627,57.2627,1,612.59,289.11,1,0
292305460943300,610.45,214.121,0,140.399,74.6441,-546.943,-3.20839,-3.74468,-0.0558482,-0.0653106,0.996301,57.3113,57.3113,1,612.421,344.282,0,201.277,78.1049,-547.329,-9.50026,-1.64612,-0.164984,-0.0287263,0.985878,57.2605,57.2605,1,611.435,279.202,1,0
292305465943300,613.787,219.794,0,140.399,74.6568,-546.915,-3.1458,-3.63945,-0.0547664,-0.0634776,0.996479,57.3084,57.3084,1,612.446,343.287,0,201.273,78.1094,-547.314,-9.49986,-1.66564,-0.164975,-0.0290668,0.985869,57.259,57.259,1,613.117,281.541,1,0
292305470943300,615.446,216.022,0,140.398,74.6715,-546.86,-3.11489,-3.711,-0.0542244,-0.0647239,0.996429,57.3028,57.3028,1,611.567,344.277,0,201.261,78.133,-547.237,-9.51595,-1.6498,-0.165254,-0.0287905,0.985831,57.2511,57.2511,1,613.507,280.15,1,0
292305475943300,620.378,222.006,0,140.389,74.6619,-546.91,-3.02254,-3.6027,-0.0526247,-0.0628376,0.996635,57.3078,57.3078,1,612.989,348.724,0,201.263,78.1141,-547.308,-9.49024,-1.56937,-0.164818,-0.0273873,0.985944,57.2583,57.2583,1,616.684,285.365,1,0
292305480943300,620.665,226.448,0,140.386,74.6651,-546.917,-3.01722,-3.52158,-0.0525367,-0.0614245,0.996728,57.3084,57.3084,1,622.821,348.247,0,201.269,78.119,-547.285,-9.31212,-1.58026,-0.161751,-0.0275773,0.986446,57.2559,57.2559,1,621.743,287.347,1,0
292305485943300,619.015,226.149,0,140.38,74.6884,-546.848,-3.04702,-3.52706,-0.0530549,-0.0615199,0.996695,57.3013,57.3013,1,615.929,356.102,0,201.254,78.125,-547.278,-9.43597,-1.43383,-0.163894,-0.0250224,0.986161,57.2551,57.2551,1,617.472,291.125,1,0
292305490943300,636.53,221.098,0,140.378,74.6458,-546.979,-2.72056,-3.62409,-0.04737,-0.0632101,0.996875,57.3147,57.3147,1,616.846,355.232,0,201.259,78.1048,-547.345,-9.41994,-1.45186,-0.163617,-0.025337,0.986199,57.262,57.262,1,626.688,288.165,1,0
292305495943300,632.8,231.941,0,140.366,74.6636,-546.943,-2.78887,-3.42269,-0.0485689,-0.0597018,0.997034,57.3109,57.3109,1,620.367,354.581,0,201.249,78.1408,-547.239,-9.35628,-1.46762,-0.16252,-0.025612,0.986373,57.2511,57.2511,1,626.584,293.261,1,0
292305500943300,635.289,238.823,0,140.36,74.6826,-546.895,-2.74162,-3.29559,-0.0477529,-0.0574872,0.997204,57.3059,57.3059,1,618.532,353.52,0,201.239,78.145,-547.216,-9.38801,-1.48407,-0.163065,-0.025899,0.986275,57.2488,57.2488,1,626.911,296.172,1,0
292305505943300,630.977,245.794,0,140.35,74.6832,-546.907,-2.82153,-3.1667,-0.04915,-0.0552411,0.997263,57.307,57.307,1,617.398,360.714,0,201.226,78.1597,-547.19,-9.4083,-1.35417,-0.163423,-0.0236325,0.986273,57.246,57.246,1,624.187,303.254,1,0
292305510943300,631.192,229.579,0,140.347,74.6764,-546.898,-2.8174,-3.46892,-0.0490631,-0.0605072,0.996961,57.3063,57.3063,1,621.694,363.434,0,201.223,78.177,-547.143,-9.33064,-1.30666,-0.162089,-0.0228035,0.986512,57.2411,57.2411,1,626.443,296.507,1,0
292305515943300,629.665,242.475,0,140.337,74.6881,-546.896,-2.84481,-3.22919,-0.0495522,-0.0563302,0.997182,57.3058,57.3058,1,620.925,357.287,0,201.21,78.1927,-547.092,-9.34386,-1.42098,-0.162309,-0.0247983,0.986428,57.236,57.236,1,625.295,299.881,1,0
292305520943300,628.62,232.621,0,140.324,74.6761,-546.927,-2.86314,-3.41263,-0.0498619,-0.0595263,0.996981,57.309,57.309,1,623.534,350.693,0,201.215,78.1496,-547.199,-9.29662,-1.54363,-0.161487,-0.0269381,0.986507,57.2471,57.2471,1,626.077,291.657,1,0
292305525943300,630.638,226.497,0,140.321,74.6823,-546.896,-2.82495,-3.52638,-0.0491913,-0.0615082,0.996894,57.3059,57.3059,1,617.94,350.091,0,201.204,78.172,-547.142,-9.39803,-1.55515,-0.163232,-0.0271392,0.986214,57.2412,57.2412,1,624.289,288.294,1,0
292305530943300,625.808,235.621,0,140.306,74.6868,-546.907,-2.91349,-3.3562,-0.0507408,-0.0585432,0.996995,57.3069,57.3069,1,612.394,351.694,0,201.19,78.1681,-547.164,-9.49797,-1.52617,-0.164954,-0.0266335,0.985942,57.2433,57.2433,1,619.101,293.658,1,0
292305535943300,622.614,235.053,0,140.3,74.6794,-546.931,-2.97269,-3.36615,-0.0517705,-0.0587166,0.996931,57.3094,57.3094,1,622.765,353.6,0,201.191,78.1634,-547.162,-9.30871,-1.49084,-0.161699,-0.0260172,0.986497,57.2433,57.2433,1,622.69,294.326,1,0
292305540943300,618.786,236.115,0,140.289,74.6886,-546.901,-3.04312,-3.34681,-0.052997,-0.0583797,0.996887,57.3063,57.3063,1,619.62,341.219,0,201.174,78.1694,-547.109,-9.36389,-1.71569,-0.162631,-0.02994,0.986233,57.2381,57.2381,1,619.203,288.667,1,0
292305545943300,616.186,231.585,0,140.278,74.6847,-546.908,-3.09044,-3.4301,-0.0538156,-0.0598308,0.996757,57.3071,57.3071,1,623.109,346.392,0,201.171,78.1686,-547.125,-9.29916,-1.61892,-0.161525,-0.0282516,0.986464,57.2397,57.2397,1,619.648,288.988,1,0
292305550943300,616.672,227.229,0,140.273,74.6827,-546.898,-3.08068,-3.51037,-0.0536412,-0.0612292,0.996681,57.3062,57.3062,1,616.585,351.206,0,201.164,78.1546,-547.177,-9.41745,-1.53032,-0.163568,-0.026706,0.986171,57.2449,57.2449,1,616.629,289.218,1,0
292305555943300,620.37,231.728,0,140.263,74.6743,-546.938,-3.00991,-3.42452,-0.0524149,-0.0597335,0.996837,57.3101,57.3101,1,616.572,354.261,0,201.149,78.184,-547.078,-9.4156,-1.47051,-0.163541,-0.0256625,0.986203,57.2348,57.2348,1,618.471,292.995,1,0
292305560943300,612.771,229.05,0,140.25,74.6841,-546.908,-3.15078,-3.47515,-0.0548628,-0.0606156,0.996652,57.307,57.307,1,614.63,352.596,0,201.139,78.2053,-547,-9.45075,-1.50189,-0.164143,-0.02621,0.986088,57.227,57.227,1,613.7,290.823,1,0
292305565943300,612.962,236.515,0,140.251,74.7086,-546.848,-3.14712,-3.33714,-0.0548068,-0.0582111,0.996799,57.3008,57.3008,1,609.655,344.897,0,201.136,78.1615,-547.107,-9.54061,-1.64261,-0.165679,-0.0286651,0.985763,57.2381,57.2381,1,611.308,290.706,1,0
292305570943300,604.125,232.826,0,140.23,74.6865,-546.903,-3.31007,-3.40382,-0.0576376,-0.0593729,0.996571,57.3065,57.3065,1,617.244,337.768,0,201.136,78.1163,-547.222,-9.40109,-1.77243,-0.163267,-0.0309298,0.986097,57.2501,57.2501,1,610.684,285.297,1,0
292305575943300,614.898,251.677,0,140.235,74.7138,-546.856,-3.10862,-3.05312,-0.0541521,-0.0532618,0.997111,57.3014,57.3014,1,601.922,326.292,0,201.112,78.1386,-547.117,-9.67863,-1.98182,-0.168021,-0.0345824,0.985177,57.2396,57.2396,1,608.41,288.985,1,0
292305580943300,611.187,242.249,0,140.225,74.708,-546.85,-3.1769,-3.22781,-0.055331,-0.0563061,0.996879,57.301,57.301,1,611.563,333.688,0,201.115,78.1286,-547.157,-9.50289,-1.84619,-0.165012,-0.0322165,0.985765,57.2436,57.2436,1,611.375,287.968,1,0
292305585943300,606.539,236.771,0,140.213,74.7234,-546.798,-3.26207,-3.32921,-0.0568071,-0.058073,0.996695,57.2957,57.2957,1,602.889,321.416,0,201.096,78.1181,-547.138,-9.65943,-2.0709,-0.167682,-0.0361361,0.985179,57.2421,57.2421,1,604.714,279.094,1,0
292305590943300,605.185,229.553,0,140.203,74.7133,-546.804,-3.28614,-3.46175,-0.0572179,-0.0603822,0.996534,57.2965,57.2965,1,606.74,334.483,0,201.102,78.0873,-547.256,-9.58951,-1.83173,-0.166503,-0.0319643,0.985523,57.254,57.254,1,605.962,282.018,1,0
292305595943300,609.961,234.357,0,140.196,74.7117,-546.807,-3.19628,-3.37289,-0.0556602,-0.0588341,0.996715,57.2968,57.2968,1,600.352,331.342,0,201.088,78.1045,-547.186,-9.70469,-1.88831,-0.168479,-0.0329512,0.985154,57.247,57.247,1,605.157,282.849,1,0
292305600943300,609.451,235.11,0,140.183,74.7057,-546.828,-3.20478,-3.35961,-0.0558087,-0.0586026,0.99672,57.299,57.299,1,607.295,329.852,0,201.083,78.0889,-547.218,-9.5773,-1.91499,-0.166285,-0.0334167,0.985511,57.2504,57.2504,1,608.373,282.481,1,0
292305605943300,610.865,234.785,0,140.18,74.7211,-546.77,-3.17865,-3.36853,-0.0553536,-0.0587582,0.996736,57.2931,57.2931,1,607.846,327.596,0,201.074,78.0859,-547.216,-9.56719,-1.95904,-0.166107,-0.034185,0.985515,57.2503,57.2503,1,609.356,281.19,1,0
292305610943300,615.073,236.734,0,140.165,74.6815,-546.858,-3.0991,-3.33204,-0.0539717,-0.0581224,0.99685,57.3024,57.3024,1,604.249,328.03,0,201.059,78.0849,-547.204,-9.63076,-1.94859,-0.167201,-0.0340028,0.985336,57.2492,57.2492,1,609.661,282.382,1,0
292305615943300,616.394,231.978,0,140.156,74.6952,-546.795,-3.07481,-3.42587,-0.053544,-0.059757,0.996776,57.2961,57.2961,1,604.868,329.676,0,201.041,78.1057,-547.136,-9.61764,-1.91708,-0.166979,-0.0334531,0.985393,57.2423,57.2423,1,610.631,280.827,1,0
292305620943300,626.564,236.325,0,140.132,74.7106,-546.748,-2.8829,-3.34931,-0.050209,-0.0584232,0.997028,57.2914,57.2914,1,615.904,327.479,0,201.022,78.1043,-547.123,-9.41573,-1.96179,-0.163501,-0.0342329,0.985949,57.2411,57.2411,1,621.234,281.902,1,0
292305625943300,597.212,247.365,0,140.062,74.7682,-546.608,-3.42251,-3.13914,-0.059609,-0.0547609,0.996719,57.2767,57.2767,1,600.694,331.047,0,200.924,78.2029,-546.799,-9.68788,-1.90329,-0.168188,-0.0332126,0.985195,57.2081,57.2081,1,598.953,289.206,1,0
292305630943300,533.917,253.581,0,139.904,74.8544,-546.432,-4.58531,-3.01934,-0.0798323,-0.052673,0.995416,57.258,57.258,1,521.621,337.567,0,200.732,78.2862,-546.569,-11.1031,-1.77297,-0.192483,-0.0309392,0.980813,57.1844,57.1844,1,527.769,295.574,1,0
292305635943300,466.651,287.186,0,139.714,74.8406,-546.572,-5.81795,-2.39293,-0.10128,-0.0417523,0.993981,57.2715,57.2715,1,443.978,332.101,0,200.527,78.2444,-546.677,-12.4783,-1.86553,-0.215955,-0.0325538,0.97586,57.1956,57.1956,1,455.315,309.643,1,0
292305640943300,395.648,257.641,0,139.559,74.7922,-546.639,-7.11349,-2.92475,-0.123674,-0.0510244,0.99101,57.279,57.279,1,381.464,321.934,0,200.374,78.1824,-546.844,-13.5719,-2.03507,-0.234517,-0.0355113,0.971463,57.2129,57.2129,1,388.556,289.787,1,0
292305645943300,352.172,232.42,0,139.432,74.744,-546.758,-7.90254,-3.38545,-0.137249,-0.0590529,0.988775,57.2914,57.2914,1,358.774,303.388,0,200.248,78.1699,-546.775,-13.9594,-2.36176,-0.241029,-0.0412088,0.969643,57.2067,57.2067,1,355.473,267.904,1,0
292305650943300,327.757,231.557,0,139.356,74.71,-546.812,-8.34345,-3.39549,-0.144852,-0.0592278,0.987679,57.2974,57.2974,1,331.984,308.136,0,200.171,78.0755,-547.026,-14.4204,-2.26546,-0.24884,-0.0395295,0.967738,57.2327,57.2327,1,329.871,269.846,1,0
292305655943300,331.063,243.289,0,139.324,74.6911,-546.877,-8.27809,-3.17618,-0.143757,-0.0554065,0.988061,57.3039,57.3039,1,311.796,316.833,0,200.141,78.0318,-547.177,-14.7692,-2.10183,-0.254755,-0.0366757,0.96631,57.248,57.248,1,321.43,280.061,1,0
292305660943300,330.737,249.746,0,139.314,74.7002,-546.847,-8.2822,-3.05555,-0.143844,-0.0533042,0.988164,57.3009,57.3009,1,325.347,320.122,0,200.154,77.9969,-547.262,-14.533,-2.04474,-0.250777,-0.0356799,0.967387,57.2568,57.2568,1,328.042,284.934,1,0
292305665943300,333.951,254.402,0,139.315,74.7025,-546.802,-8.22361,-2.96972,-0.142845,-0.0518081,0.988388,57.2966,57.2966,1,335.928,313.777,0,200.157,78.0288,-547.123,-14.3474,-2.15917,-0.247624,-0.0376758,0.968123,57.243,57.243,1,334.939,284.089,1,0
292305670943300,334.101,263.701,0,139.304,74.713,-546.762,-8.21889,-2.79651,-0.142785,-0.0487889,0.988551,57.2926,57.2926,1,327.633,314.942,0,200.144,78.024,-547.138,-14.492,-2.13684,-0.25007,-0.0372863,0.96751,57.2445,57.2445,1,330.867,289.321,1,0
292305675943300,325.496,250.363,0,139.266,74.6235,-546.986,-8.37502,-3.04152,-0.145447,-0.0530595,0.987942,57.3159,57.3159,1,322.35,315.241,0,200.135,78.0083,-547.188,-14.5829,-2.12929,-0.251607,-0.0371545,0.967116,57.2496,57.2496,1,323.923,282.802,1,0
292305680943300,325.578,257.586,0,139.263,74.6439,-546.92,-8.3728,-2.90792,-0.145426,-0.050731,0.988068,57.3092,57.3092,1,322.305,309.3,0,200.131,77.9915,-547.192,-14.5842,-2.23708,-0.251611,-0.0390345,0.967041,57.2504,57.2504,1,323.942,283.443,1,0
292305685943300,330.888,261.612,0,139.243,74.624,-546.967,-8.27234,-2.83151,-0.143703,-0.0493991,0.988387,57.3141,57.3141,1,314.166,320.391,0,200.105,78.048,-547.033,-14.7242,-2.03367,-0.254006,-0.0354867,0.966551,57.234,57.234,1,322.527,291.002,1,0
292305690943300,326.64,257.302,0,139.226,74.6227,-546.94,-8.34762,-2.90797,-0.144992,-0.0507318,0.988131,57.3116,57.3116,1,317.566,317.762,0,200.1,78.0231,-547.071,-14.6638,-2.08037,-0.252981,-0.0363013,0.96679,57.2383,57.2383,1,322.103,287.532,1,0
292305695943300,325.23,255.656,0,139.211,74.598,-547.003,-8.37148,-2.93632,-0.145399,-0.0512259,0.988046,57.3182,57.3182,1,314.988,323.337,0,200.086,78.0393,-547,-14.7064,-1.9755,-0.253714,-0.0344722,0.966665,57.2311,57.2311,1,320.109,289.497,1,0
292305700943300,336.319,246.51,0,139.206,74.5852,-547.018,-8.16586,-3.10288,-0.141831,-0.054129,0.98841,57.3199,57.3199,1,313.888,333.267,0,200.078,78.0336,-547.013,-14.7247,-1.79542,-0.254051,-0.0313308,0.966683,57.2325,57.2325,1,325.103,289.888,1,0
292305705943300,324.792,246.117,0,139.188,74.5948,-546.975,-8.37451,-3.10646,-0.145429,-0.0541915,0.987883,57.3156,57.3156,1,325.973,332.702,0,200.07,78.0222,-547.022,-14.5103,-1.8038,-0.25043,-0.0314771,0.967623,57.2336,57.2336,1,325.382,289.41,1,0
292305710943300,320.705,252.027,0,139.175,74.588,-547.01,-8.44963,-2.99962,-0.146738,-0.0523294,0.98779,57.319,57.319,1,323.525,336.306,0,200.052,78.0336,-546.967,-14.5519,-1.73776,-0.251141,-0.030325,0.967475,57.2282,57.2282,1,322.115,294.167,1,0
292305715943300,314.711,258.478,0,139.161,74.6049,-546.954,-8.55939,-2.88266,-0.148646,-0.0502907,0.987611,57.3134,57.3134,1,323.29,340.003,0,200.037,78.0041,-547.044,-14.5562,-1.67382,-0.251223,-0.0292096,0.967488,57.2362,57.2362,1,319.001,299.241,1,0
292305720943300,312.679,258.826,0,139.143,74.593,-546.986,-8.59658,-2.87881,-0.149288,-0.0502235,0.987517,57.3167,57.3167,1,328.886,337.715,0,200.021,78.0099,-547.007,-14.4583,-1.71858,-0.249564,-0.0299904,0.967894,57.2325,57.2325,1,320.782,298.27,1,0
292305725943300,321.893,277.448,0,139.144,74.6577,-546.818,-8.42732,-2.53797,-0.146411,-0.0442814,0.988232,57.2992,57.2992,1,329.666,333.633,0,200.004,78.0283,-546.932,-14.4449,-1.79488,-0.249326,-0.0313214,0.967913,57.2251,57.2251,1,325.78,305.54,1,0
292305730943300,329.652,265.19,0,139.125,74.6007,-546.965,-8.28564,-2.76788,-0.14394,-0.0482898,0.988407,57.3145,57.3145,1,339.463,331.264,0,199.996,78.0166,-546.95,-14.2731,-1.84105,-0.246416,-0.0321269,0.968632,57.227,57.227,1,334.557,298.227,1,0
292305735943300,339.338,271.217,0,139.105,74.6087,-546.961,-8.10385,-2.65485,-0.140816,-0.0463193,0.988952,57.3139,57.3139,1,331.375,333.562,0,199.974,78.006,-546.986,-14.4148,-1.80144,-0.248818,-0.0314359,0.96804,57.2306,57.2306,1,335.357,302.39,1,0
292305740943300,338.28,283.987,0,139.078,74.635,-546.928,-8.12034,-2.42004,-0.141127,-0.0422251,0.989091,57.3101,57.3101,1,334.535,334.259,0,199.955,78.0071,-546.963,-14.357,-1.78773,-0.247842,-0.0311967,0.968298,57.2285,57.2285,1,336.408,309.123,1,0
292305745943300,319.67,272.608,0,139.033,74.6004,-547.005,-8.45917,-2.62986,-0.14695,-0.0458836,0.988079,57.3183,57.3183,1,328.888,313.201,0,199.934,77.9721,-547.003,-14.4534,-2.16512,-0.249414,-0.0377796,0.96766,57.2331,57.2331,1,324.279,292.904,1,0
292305750943300,316.754,265.158,0,139.014,74.6033,-546.972,-8.51,-2.7654,-0.14781,-0.0482467,0.987838,57.3151,57.3151,1,319.894,309.819,0,199.904,77.9883,-546.942,-14.6078,-2.22286,-0.252011,-0.0387865,0.966947,57.227,57.227,1,318.324,287.488,1,0
292305755943300,333.447,255.455,0,138.997,74.5711,-547.053,-8.20043,-2.94277,-0.142448,-0.0513385,0.98847,57.3235,57.3235,1,324.57,317.561,0,199.893,77.9821,-546.977,-14.5242,-2.08353,-0.250622,-0.0363565,0.967402,57.2304,57.2304,1,329.008,286.508,1,0
292305760943300,331.145,265.034,0,138.977,74.5941,-547.02,-8.23817,-2.76252,-0.143122,-0.0481963,0.988531,57.3198,57.3198,1,312.456,310.844,0,199.86,78.0064,-546.887,-14.7333,-2.20148,-0.254132,-0.0384136,0.966407,57.2213,57.2213,1,321.801,287.939,1,0
292305765943300,324.236,253.738,0,138.954,74.5974,-546.999,-8.36082,-2.9668,-0.145212,-0.0517573,0.988046,57.3178,57.3178,1,317.314,321.818,0,199.845,78.0047,-546.904,-14.6454,-2.0021,-0.252681,-0.034936,0.966919,57.223,57.223,1,320.775,287.778,1,0
292305770943300,319.765,253.372,0,138.935,74.6044,-547.008,-8.44284,-2.97757,-0.146624,-0.0519449,0.987827,57.3185,57.3185,1,331.959,332.4,0,199.822,78.0194,-546.872,-14.3875,-1.81562,-0.248354,-0.0316832,0.968151,57.2196,57.2196,1,325.862,292.886,1,0
292305775943300,319.066,251.732,0,138.915,74.6226,-546.945,-8.45498,-3.01057,-0.146829,-0.0525201,0.987767,57.3121,57.3121,1,339.084,328.452,0,199.797,78.0386,-546.801,-14.2603,-1.8884,-0.246194,-0.0329528,0.96866,57.2125,57.2125,1,329.075,290.092,1,0
292305780943300,330.34,264.757,0,138.889,74.6434,-546.938,-8.24871,-2.77958,-0.143302,-0.0484938,0.98849,57.3109,57.3109,1,337.195,318.57,0,199.777,78.0085,-546.885,-14.2928,-2.06986,-0.246716,-0.036118,0.968415,57.2211,57.2211,1,333.768,291.663,1,0
292305785943300,339.291,257.402,0,138.865,74.6467,-546.937,-8.08,-2.91355,-0.140374,-0.0508291,0.988793,57.3107,57.3107,1,338.376,329.126,0,199.751,78.0221,-546.851,-14.2719,-1.88299,-0.246391,-0.0328585,0.968613,57.2176,57.2176,1,338.833,293.264,1,0
292305790943300,347.289,266.967,0,138.841,74.6465,-546.956,-7.93112,-2.73929,-0.137825,-0.0477914,0.989303,57.3125,57.3125,1,337.416,323.535,0,199.722,78.0253,-546.826,-14.2853,-1.98258,-0.246603,-0.0345956,0.968499,57.2152,57.2152,1,342.352,295.251,1,0
292305795943300,321.012,253.216,0,138.793,74.6405,-546.963,-8.40938,-2.99064,-0.146046,-0.0521728,0.987901,57.3133,57.3133,1,325.61,325.055,0,199.695,78.0056,-546.883,-14.4911,-1.95477,-0.250084,-0.0341106,0.967623,57.221,57.221,1,323.311,289.136,1,0
292305800943300,320.223,252.463,0,138.759,74.6074,-547.084,-8.42032,-3.00371,-0.146233,-0.0524006,0.987861,57.3256,57.3256,1,326.802,306.686,0,199.667,77.9947,-546.857,-14.4668,-2.28462,-0.249621,-0.0398636,0.967523,57.2188,57.2188,1,323.513,279.574,1,0
292305805943300,325.678,251.621,0,138.744,74.6455,-546.986,-8.31587,-3.01643,-0.14443,-0.0526224,0.988115,57.3153,57.3153,1,310.507,309.107,0,199.631,78.0114,-546.785,-14.7475,-2.23338,-0.254366,-0.03897,0.966323,57.2117,57.2117,1,318.092,280.364,1,0
292305810943300,315.735,243.454,0,138.715,74.6218,-547.04,-8.49405,-3.16243,-0.147482,-0.0551667,0.987525,57.3211,57.3211,1,316.972,315.277,0,199.608,78.0233,-546.768,-14.6323,-2.12399,-0.252441,-0.037062,0.966902,57.2097,57.2097,1,316.353,279.366,1,0
292305815943300,320.672,244.39,0,138.7,74.6534,-546.971,-8.40377,-3.15083,-0.145927,-0.0549646,0.987767,57.3137,57.3137,1,323.449,311.094,0,199.586,78.0038,-546.801,-14.5181,-2.20333,-0.2505,-0.0384459,0.967353,57.2133,57.2133,1,322.06,277.742,1,0
292305820943300,325.954,239.261,0,138.672,74.6493,-546.981,-8.30553,-3.24915,-0.144219,-0.0566779,0.987921,57.3148,57.3148,1,329.981,318.187,0,199.564,78.0162,-546.792,-14.4005,-2.07586,-0.248535,-0.0362227,0.967945,57.2122,57.2122,1,327.967,278.724,1,0
292305825943300,332.341,257.313,0,138.636,74.6503,-547.042,-8.184,-2.91696,-0.142168,-0.0508886,0.988533,57.3205,57.3205,1,330.63,314.358,0,199.535,78.0267,-546.728,-14.3881,-2.14718,-0.248314,-0.0374666,0.967955,57.2059,57.2059,1,331.486,285.835,1,0
292305830943300,341.312,252.416,0,138.611,74.658,-547.027,-8.01658,-3.0091,-0.139267,-0.0524945,0.988862,57.3189,57.3189,1,335.915,319.878,0,199.511,78.0075,-546.776,-14.2936,-2.0495,-0.246732,-0.0357629,0.968424,57.2109,57.2109,1,338.613,286.147,1,0
292305835943300,327.542,260.89,0,138.571,74.6723,-547.001,-8.26474,-2.85018,-0.143569,-0.0497245,0.98839,57.3161,57.3161,1,335.733,305.53,0,199.491,77.996,-546.774,-14.2955,-2.30974,-0.246722,-0.0403017,0.968248,57.211,57.211,1,331.638,283.21,1,0
292305840943300,325.273,247.974,0,138.546,74.6609,-547.017,-8.30434,-3.08864,-0.144221,-0.0538809,0.988077,57.3179,57.3179,1,331.274,320.619,0,199.459,78.0259,-546.705,-14.3719,-2.03733,-0.248058,-0.0355507,0.968093,57.2038,57.2038,1,328.274,284.296,1,0
292305845943300,331.881,243.442,0,138.522,74.6345,-547.08,-8.17943,-3.16987,-0.142056,-0.0552965,0.988313,57.3245,57.3245,1,308.037,292.321,0,199.414,77.9951,-546.725,-14.7744,-2.54108,-0.254762,-0.0443357,0.965987,57.2064,57.2064,1,319.959,267.881,1,0
292305850943300,331.887,247.488,0,138.504,74.6456,-547.069,-8.1767,-3.09468,-0.142019,-0.053986,0.988391,57.3231,57.3231,1,309.617,296.081,0,199.391,78.0007,-546.707,-14.7431,-2.47106,-0.25425,-0.0431148,0.966177,57.2045,57.2045,1,320.752,271.784,1,0
292305855943300,324.672,244.293,0,138.477,74.6558,-547.061,-8.30571,-3.15224,-0.144236,-0.0549892,0.988014,57.3221,57.3221,1,318.879,303.572,0,199.372,78.0084,-546.69,-14.5781,-2.33626,-0.25149,-0.0407642,0.967001,57.2028,57.2028,1,321.776,273.933,1,0
292305860943300,335.283,247.508,0,138.461,74.6486,-547.081,-8.11098,-3.09724,-0.140885,-0.0540307,0.98855,57.3242,57.3242,1,328.227,303.753,0,199.36,77.9991,-546.72,-14.4155,-2.34008,-0.248744,-0.0408307,0.967708,57.2058,57.2058,1,331.755,275.63,1,0
292305865943300,330.814,240.919,0,138.434,74.6618,-547.042,-8.19158,-3.22148,-0.142258,-0.0561959,0.988233,57.3203,57.3203,1,336.321,304.454,0,199.339,78.0164,-546.658,-14.2724,-2.33063,-0.246328,-0.040666,0.968333,57.1996,57.1996,1,333.567,272.686,1,0
292305870943300,342.312,238.482,0,138.411,74.6499,-547.092,-7.97608,-3.2644,-0.138534,-0.0569437,0.988719,57.3252,57.3252,1,326.541,303.456,0,199.314,78.0283,-546.608,-14.441,-2.34418,-0.249174,-0.0409023,0.967595,57.1945,57.1945,1,334.427,270.969,1,0
292305875943300,336.659,242.615,0,138.389,74.6649,-547.056,-8.07773,-3.188,-0.140299,-0.0556124,0.988546,57.3214,57.3214,1,335.79,311.93,0,199.293,78.0306,-546.605,-14.2771,-2.19413,-0.246431,-0.0382854,0.968404,57.1942,57.1942,1,336.224,277.272,1,0
292305880943300,342.874,248.801,0,138.378,74.6627,-547.07,-7.96262,-3.07506,-0.138328,-0.0536442,0.988933,57.3228,57.3228,1,342.421,302.718,0,199.277,78.0359,-546.527,-14.1585,-2.35958,-0.244398,-0.0411708,0.968801,57.1867,57.1867,1,342.648,275.76,1,0
292305885943300,328.526,260.464,0,138.339,74.6702,-547.065,-8.22184,-2.85768,-0.142828,-0.0498552,0.988491,57.3222,57.3222,1,341.562,313.363,0,199.263,78.0033,-546.617,-14.1741,-2.16986,-0.244693,-0.0378621,0.968861,57.196,57.196,1,335.044,286.913,1,0
292305890943300,327.122,259.399,0,138.327,74.6772,-547.009,-8.24642,-2.87675,-0.14325,-0.0501876,0.988413,57.3168,57.3168,1,329.318,312.09,0,199.245,78.0019,-546.599,-14.3882,-2.1903,-0.248309,-0.0382187,0.967927,57.1943,57.1943,1,328.22,285.744,1,0
292305895943300,326.366,258.198,0,138.311,74.6403,-547.099,-8.25933,-2.89826,-0.14347,-0.0505626,0.988362,57.3261,57.3261,1,319.079,303.077,0,199.225,77.9781,-546.605,-14.5667,-2.35046,-0.251296,-0.0410118,0.967041,57.1956,57.1956,1,322.723,280.637,1,0
292305900943300,328.646,260.552,0,138.303,74.6665,-547.012,-8.21463,-2.85209,-0.142705,-0.0497577,0.988514,57.3173,57.3173,1,310.78,303.737,0,199.2,78.0173,-546.461,-14.7108,-2.33628,-0.253729,-0.0407645,0.966416,57.181,57.181,1,319.713,282.144,1,0
292305905943300,335.254,265.912,0,138.292,74.6375,-547.082,-8.09203,-2.75203,-0.140601,-0.0480136,0.988901,57.3246,57.3246,1,304.816,291.068,0,199.184,77.9809,-546.512,-14.8122,-2.55999,-0.255397,-0.0446655,0.965804,57.1867,57.1867,1,320.035,278.49,1,0
292305910943300,337.075,258.025,0,138.285,74.6205,-547.092,-8.05759,-2.89602,-0.139989,-0.0505235,0.988863,57.3259,57.3259,1,312.305,298.875,0,199.185,77.9743,-546.531,-14.6802,-2.41892,-0.253197,-0.0422055,0.966494,57.1887,57.1887,1,324.69,278.45,1,0
292305915943300,333.4,259.263,0,138.272,74.598,-547.137,-8.12333,-2.87059,-0.141127,-0.0500803,0.988724,57.3308,57.3308,1,314.13,297.612,0,199.178,77.966,-546.521,-14.6463,-2.43892,-0.252622,-0.0425543,0.966629,57.1879,57.1879,1,323.765,278.437,1,0
292305920943300,336.142,258.823,0,138.268,74.5897,-547.132,-8.07164,-2.87647,-0.140234,-0.0501828,0.988846,57.3305,57.3305,1,308.044,307.88,0,199.17,77.9593,-546.541,-14.7521,-2.25173,-0.254441,-0.0392899,0.96629,57.19,57.19,1,322.093,283.351,1,0
292305925943300,335.319,253.722,0,138.267,74.5972,-547.086,-8.08664,-2.97025,-0.140481,-0.0518174,0.988726,57.326,57.326,1,308.482,311.303,0,199.172,77.9512,-546.538,-14.7437,-2.18729,-0.25431,-0.0381661,0.966369,57.1899,57.1899,1,321.901,282.513,1,0
292305930943300,332.134,261.661,0,138.258,74.5732,-547.147,-8.14489,-2.82329,-0.141505,-0.0492558,0.988711,57.3324,57.3324,1,307.241,317.932,0,199.164,77.9724,-546.465,-14.765,-2.06688,-0.25469,-0.0360661,0.96635,57.1825,57.1825,1,319.688,289.797,1,0
292305935943300,331.403,264.358,0,138.256,74.5533,-547.187,-8.15789,-2.77185,-0.141735,-0.0483591,0.988723,57.3366,57.3366,1,304.955,320.908,0,199.164,77.9514,-546.507,-14.8064,-2.01421,-0.255395,-0.0351474,0.966198,57.187,57.187,1,318.179,292.633,1,0
292305940943300,329.886,265.653,0,138.256,74.5617,-547.148,-8.18577,-2.74788,-0.142219,-0.0479411,0.988674,57.3327,57.3327,1,303.861,321.536,0,199.163,77.9449,-546.499,-14.8249,-2.00086,-0.25571,-0.0349145,0.966123,57.1864,57.1864,1,316.873,293.594,1,0
292305945943300,324.172,272.548,0,138.25,74.5577,-547.154,-8.28996,-2.61917,-0.144032,-0.0456972,0.988517,57.3333,57.3333,1,302.371,325.865,0,199.157,77.9599,-546.451,-14.8503,-1.92163,-0.25615,-0.0335324,0.966055,57.1815,57.1815,1,313.272,299.207,1,0
292305950943300,329.423,274.63,0,138.255,74.5591,-547.136,-8.19425,-2.58144,-0.142385,-0.0450394,0.988786,57.3317,57.3317,1,297.698,315.746,0,199.156,77.933,-546.479,-14.9331,-2.10411,-0.257517,-0.0367153,0.965576,57.1848,57.1848,1,313.56,295.188,1,0
292305955943300,328.217,268.407,0,138.258,74.5718,-547.077,-8.21609,-2.69508,-0.142749,-0.0470207,0.988641,57.3258,57.3258,1,300.316,323.553,0,199.158,77.9442,-546.462,-14.8878,-1.96431,-0.256777,-0.0342769,0.965863,57.1829,57.1829,1,314.267,295.98,1,0
292305960943300,327.964,270.047,0,138.256,74.5809,-547.123,-8.22097,-2.66754,-0.142836,-0.0465405,0.988652,57.3298,57.3298,1,298.476,318.095,0,199.153,77.9946,-546.403,-14.9189,-2.06436,-0.257284,-0.0360221,0.965664,57.1762,57.1762,1,313.22,294.071,1,0
292305965943300,326.852,290.389,0,138.258,74.6296,-547.126,-8.24085,-2.29515,-0.14322,-0.0400473,0.98888,57.3289,57.3289,1,299.251,326.047,0,199.147,78.0443,-546.426,-14.9043,-1.92577,-0.25706,-0.0336047,0.965811,57.177,57.177,1,313.051,308.218,1,0
292305970943300,332.787,344.333,0,138.269,74.7181,-547.099,-8.1352,-1.30968,-0.141472,-0.0228562,0.989678,57.3242,57.3242,1,303.259,363.688,0,199.14,78.069,-546.584,-14.8331,-1.25307,-0.255943,-0.0218684,0.966445,57.1913,57.1913,1,318.023,354.011,1,0
292305975943300,326.342,393.689,0,138.276,74.8265,-547.039,-8.25397,-0.404545,-0.143558,-0.00706059,0.989617,57.3157,57.3157,1,295.197,409.085,0,199.125,78.1721,-546.519,-14.9721,-0.436756,-0.258341,-0.00762276,0.966024,57.1826,57.1826,1,310.77,401.387,1,0
292305980943300,325.008,428.796,0,138.277,74.825,-547.249,-8.2781,0.241639,-0.143977,0.00421738,0.989572,57.3356,57.3356,1,305.972,462.708,0,199.15,78.2666,-546.503,-14.7857,0.52598,-0.255194,0.00917995,0.966846,57.1787,57.1787,1,315.49,445.752,1,0
292305985943300,338.363,460.373,0,138.316,74.9082,-547.236,-8.03872,0.81581,-0.139828,0.0142381,0.990073,57.3322,57.3322,1,310.954,498.369,0,199.173,78.2968,-546.642,-14.7019,1.16227,-0.253738,0.020284,0.96706,57.191,57.191,1,324.659,479.371,1,0
292305990943300,361.002,504.687,0,138.365,75.0866,-546.978,-7.62672,1.62747,-0.132665,0.0284009,0.990754,57.3035,57.3035,1,317.582,509.503,0,199.189,78.364,-546.647,-14.5881,1.35625,-0.251798,0.0236689,0.96749,57.1897,57.1897,1,339.292,507.095,1,0
292305995943300,347.037,535.136,0,138.358,75.088,-547.159,-7.8857,2.18184,-0.137098,0.0380712,0.989826,57.3204,57.3204,1,322.38,527.332,0,199.194,78.4461,-546.572,-14.5052,1.67366,-0.250361,0.0292068,0.967712,57.1806,57.1806,1,334.709,531.234,1,0
292306000943300,349.193,548.124,0,138.393,75.155,-547.056,-7.85107,2.41613,-0.136477,0.0421569,0.989746,57.3091,57.3091,1,333.828,559.443,0,199.208,78.5275,-546.467,-14.3064,2.2518,-0.246917,0.0392912,0.96824,57.1687,57.1687,1,341.511,553.783,1,0
292306005943300,364.625,554.725,0,138.425,75.2341,-546.868,-7.56988,2.53705,-0.131606,0.0442654,0.990313,57.2894,57.2894,1,345.85,569.206,0,199.219,78.6022,-546.287,-14.0961,2.42986,-0.24333,0.0423963,0.969016,57.1499,57.1499,1,355.237,561.966,1,0
292306010943300,360.589,560.018,0,138.415,75.2261,-546.905,-7.64316,2.63476,-0.132862,0.0459691,0.990068,57.2931,57.2931,1,338.968,564.142,0,199.217,78.5945,-546.307,-14.2182,2.33542,-0.245412,0.0407496,0.968562,57.152,57.152,1,349.778,562.08,1,0
292306015943300,364.272,544.684,0,138.411,75.2058,-546.926,-7.57451,2.35308,-0.131704,0.0410575,0.990438,57.2956,57.2956,1,339.649,563.009,0,199.224,78.5907,-546.328,-14.2067,2.31485,-0.24522,0.0403907,0.968626,57.1541,57.1541,1,351.961,553.847,1,0
292306020943300,369.627,538.269,0,138.41,75.1969,-546.939,-7.47459,2.23704,-0.129987,0.0390337,0.990747,57.2971,57.2971,1,343.819,572.913,0,199.231,78.6077,-546.314,-14.1335,2.4946,-0.243951,0.0435253,0.96881,57.1524,57.1524,1,356.723,555.591,1,0
292306025943300,377.521,538.325,0,138.421,75.2025,-546.922,-7.32999,2.23884,-0.127486,0.0390652,0.991071,57.2953,57.2953,1,347.649,579.559,0,199.237,78.6205,-546.306,-14.0664,2.61522,-0.242794,0.0456284,0.969004,57.1513,57.1513,1,362.585,558.942,1,0
292306030943300,370.104,540.537,0,138.417,75.2387,-546.824,-7.46596,2.27847,-0.129834,0.0397563,0.990738,57.2852,57.2852,1,342.607,575.279,0,199.24,78.6051,-546.353,-14.1542,2.53828,-0.244293,0.0442869,0.96869,57.156,57.156,1,356.355,557.908,1,0
292306035943300,367.554,537.009,0,138.413,75.2089,-546.912,-7.51376,2.21191,-0.130667,0.0385956,0.990675,57.2942,57.2942,1,346.709,569.78,0,199.247,78.5994,-546.383,-14.0824,2.43882,-0.243096,0.0425527,0.969068,57.159,57.159,1,357.131,553.394,1,0
292306040943300,364.635,538.797,0,138.412,75.2203,-546.899,-7.56743,2.24384,-0.131592,0.0391525,0.99053,57.2927,57.2927,1,349.985,568.618,0,199.244,78.6517,-546.241,-14.0247,2.41797,-0.242125,0.042189,0.969327,57.1443,57.1443,1,357.31,553.707,1,0
292306045943300,363.366,543.16,0,138.408,75.2161,-546.932,-7.59059,2.32397,-0.131985,0.0405497,0.990422,57.2959,57.2959,1,344.472,576.118,0,199.242,78.6416,-546.308,-14.1223,2.55081,-0.243751,0.0445054,0.968816,57.1509,57.1509,1,353.919,559.639,1,0
292306050943300,364.962,541.723,0,138.415,75.2511,-546.843,-7.56126,2.29707,-0.13148,0.0400807,0.990508,57.2866,57.2866,1,346.289,568.2,0,199.242,78.6673,-546.225,-14.0908,2.40716,-0.243245,0.0420006,0.969055,57.1425,57.1425,1,355.625,554.962,1,0
292306055943300,366.79,534.573,0,138.412,75.2543,-546.857,-7.52623,2.16559,-0.130887,0.0377877,0.990677,57.2878,57.2878,1,343.147,570.401,0,199.244,78.6704,-546.253,-14.147,2.44442,-0.244188,0.0426503,0.96879,57.145,57.145,1,354.968,552.487,1,0
292306060943300,368.858,542.566,0,138.416,75.2641,-546.863,-7.48816,2.31333,-0.130215,0.0403643,0.990664,57.2882,57.2882,1,363.104,571.647,0,199.275,78.6117,-546.456,-13.7962,2.4705,-0.238247,0.0431049,0.970247,57.1655,57.1655,1,365.981,557.107,1,0
292306065943300,359.431,546.54,0,138.399,75.2484,-546.953,-7.6614,2.38351,-0.133203,0.041588,0.990216,57.2971,57.2971,1,354.155,561.905,0,199.263,78.6249,-546.404,-13.9539,2.29172,-0.240948,0.0399874,0.969714,57.1604,57.1604,1,356.793,554.222,1,0
292306070943300,361.987,548.258,0,138.406,75.2895,-546.848,-7.61463,2.41455,-0.132392,0.0421294,0.990302,57.2861,57.2861,1,364.229,566.749,0,199.274,78.6154,-546.461,-13.7766,2.38051,-0.237931,0.0415358,0.970394,57.1659,57.1659,1,363.108,557.503,1,0
292306075943300,360.439,533.582,0,138.402,75.2996,-546.79,-7.64261,2.14288,-0.1329,0.0373916,0.990424,57.2804,57.2804,1,364.589,569.053,0,199.274,78.6102,-546.502,-13.7701,2.42149,-0.237815,0.0422503,0.970391,57.1699,57.1699,1,362.514,551.318,1,0
292306080943300,367.932,538.45,0,138.4,75.2729,-546.901,-7.50584,2.23168,-0.130528,0.0389403,0.99068,57.2915,57.2915,1,354.95,569.525,0,199.255,78.6426,-546.425,-13.9388,2.42813,-0.240668,0.0423662,0.969682,57.1619,57.1619,1,361.441,553.988,1,0
292306085943300,352.207,551.257,0,138.391,75.3315,-546.775,-7.79342,2.46608,-0.135476,0.0430278,0.989846,57.2782,57.2782,1,346.431,570.304,0,199.246,78.6597,-546.388,-14.0889,2.43964,-0.243206,0.0425669,0.96904,57.158,57.158,1,349.319,560.78,1,0
292306090943300,343.823,551.557,0,138.375,75.3181,-546.837,-7.94687,2.46935,-0.138126,0.0430849,0.989477,57.2844,57.2844,1,360.71,579.898,0,199.255,78.6556,-546.456,-13.8359,2.61653,-0.238893,0.0456513,0.969972,57.1644,57.1644,1,352.266,565.727,1,0
292306095943300,337.684,535.879,0,138.356,75.2867,-546.908,-8.05847,2.17896,-0.140082,0.0380209,0.98941,57.2918,57.2918,1,360.412,567.881,0,199.247,78.6724,-546.382,-13.8412,2.39816,-0.239022,0.0418436,0.970112,57.157,57.157,1,349.048,551.88,1,0
292306100943300,342.33,535.955,0,138.356,75.3054,-546.901,-7.97211,2.18036,-0.138591,0.0380452,0.989619,57.2907,57.2907,1,359.786,584.523,0,199.25,78.6586,-546.48,-13.8522,2.69864,-0.239152,0.0470828,0.96984,57.1666,57.1666,1,351.058,560.239,1,0
292306105943300,341.413,532.699,0,138.342,75.2678,-547.039,-7.98741,2.1207,-0.13886,0.0370047,0.98962,57.3047,57.3047,1,347.101,563.035,0,199.222,78.7217,-546.246,-14.0755,2.30584,-0.243003,0.0402335,0.969191,57.143,57.143,1,344.257,547.867,1,0
292306110943300,340.536,535.851,0,138.336,75.3293,-546.892,-8.00148,2.17843,-0.139098,0.0380116,0.989549,57.2893,57.2893,1,351.07,587.896,0,199.228,78.7059,-546.382,-14.0061,2.75425,-0.241746,0.0480523,0.969149,57.1563,57.1563,1,345.803,561.874,1,0
292306115943300,347.484,519.534,0,138.319,75.2771,-547.042,-7.87143,1.87929,-0.136877,0.0327939,0.990045,57.3047,57.3047,1,354.459,582.963,0,199.231,78.7081,-546.369,-13.9465,2.66572,-0.240755,0.0465089,0.969471,57.155,57.155,1,350.971,551.248,1,0
292306120943300,344.02,516.872,0,138.313,75.3206,-546.937,-7.93213,1.83123,-0.13793,0.0319555,0.989926,57.2937,57.2937,1,342.51,586.752,0,199.212,78.747,-546.266,-14.1559,2.73166,-0.244283,0.0476584,0.968532,57.1443,57.1443,1,343.265,551.812,1,0
292306125943300,343.523,515.673,0,138.304,75.3164,-546.963,-7.93986,1.80957,-0.138065,0.0315777,0.98992,57.2963,57.2963,1,346.423,577.285,0,199.214,78.713,-546.361,-14.0864,2.56142,-0.243141,0.0446903,0.968961,57.1541,57.1541,1,344.973,546.479,1,0
292306130943300,335.87,524.662,0,138.299,75.3604,-546.881,-8.07917,1.97397,-0.140458,0.0344455,0.989487,57.2875,57.2875,1,340.381,588.28,0,199.203,78.7274,-546.353,-14.1924,2.75793,-0.244895,0.0481163,0.968355,57.1529,57.1529,1,338.125,556.471,1,0
292306135943300,338.014,523.119,0,138.286,75.3281,-546.992,-8.03911,1.94531,-0.139768,0.0339456,0.989602,57.2987,57.2987,1,335.377,569.614,0,199.193,78.7128,-546.335,-14.2794,2.42075,-0.24643,0.0422376,0.96824,57.1516,57.1516,1,336.696,546.367,1,0
292306140943300,333.104,523.134,0,138.281,75.3388,-546.962,-8.12883,1.94463,-0.141318,0.0339336,0.989383,57.2957,57.2957,1,339.9,592.126,0,199.182,78.7584,-546.243,-14.2,2.82708,-0.245009,0.0493218,0.968265,57.1419,57.1419,1,336.502,557.63,1,0
292306145943300,327.573,527.958,0,138.271,75.3651,-546.903,-8.22849,2.03337,-0.143031,0.0354816,0.989082,57.2894,57.2894,1,339.71,570.665,0,199.181,78.6912,-546.37,-14.2022,2.44089,-0.245122,0.0425886,0.968556,57.1554,57.1554,1,333.642,549.311,1,0
292306150943300,327.772,520.88,0,138.26,75.3409,-546.964,-8.22483,1.90185,-0.142979,0.0331875,0.989169,57.2958,57.2958,1,338.941,585.147,0,199.17,78.7261,-546.292,-14.2149,2.70275,-0.245286,0.0471544,0.968303,57.1473,57.1473,1,333.356,553.013,1,0
292306155943300,324.443,523.993,0,138.249,75.3397,-546.974,-8.28579,1.95754,-0.144027,0.0341588,0.988984,57.2968,57.2968,1,336.39,587.597,0,199.162,78.7099,-546.341,-14.2594,2.74589,-0.24603,0.0479065,0.968078,57.1523,57.1523,1,330.416,555.795,1,0
292306160943300,328.122,522.009,0,138.248,75.3327,-546.997,-8.21841,1.92098,-0.142867,0.0335212,0.989174,57.299,57.299,1,318.051,566.507,0,199.152,78.6163,-546.568,-14.58,2.36234,-0.251518,0.0412188,0.966974,57.1759,57.1759,1,323.087,544.258,1,0
292306165943300,333.307,531.461,0,138.235,75.3261,-547.021,-8.1226,2.09547,-0.141197,0.0365647,0.989306,57.3015,57.3015,1,318.092,568.182,0,199.141,78.6502,-546.457,-14.5778,2.39413,-0.251475,0.0417734,0.966962,57.1647,57.1647,1,325.7,549.822,1,0
292306170943300,332.667,532.007,0,138.235,75.3464,-546.962,-8.13415,2.10519,-0.141396,0.0367342,0.989271,57.2955,57.2955,1,328.197,573.336,0,199.145,78.6266,-546.53,-14.3989,2.49116,-0.248436,0.0434652,0.967673,57.1721,57.1721,1,330.432,552.671,1,0
292306175943300,335.465,532.162,0,138.23,75.3406,-546.975,-8.08399,2.10606,-0.14053,0.0367494,0.989394,57.2968,57.2968,1,330.808,572.875,0,199.14,78.6167,-546.542,-14.3542,2.4814,-0.247683,0.0432951,0.967873,57.1735,57.1735,1,333.137,552.519,1,0
292306180943300,327.752,529.844,0,138.224,75.3291,-546.992,-8.22472,2.06359,-0.142963,0.0360086,0.989073,57.2987,57.2987,1,328.708,572.337,0,199.133,78.6321,-546.491,-14.3904,2.47184,-0.248296,0.0431283,0.967724,57.1683,57.1683,1,328.23,551.091,1,0
292306185943300,331.515,524.063,0,138.222,75.3228,-546.992,-8.15629,1.95635,-0.141791,0.034138,0.989308,57.2989,57.2989,1,328.679,558.599,0,199.13,78.616,-546.488,-14.3914,2.22323,-0.248357,0.0387929,0.967892,57.1685,57.1685,1,330.097,541.331,1,0
292306190943300,330.914,527.902,0,138.225,75.3271,-546.982,-8.16735,2.02748,-0.141976,0.0353788,0.989238,57.2978,57.2978,1,328.66,562.444,0,199.132,78.6019,-546.542,-14.3918,2.29258,-0.248352,0.0400025,0.967844,57.1739,57.1739,1,329.787,545.173,1,0
292306195943300,324.813,530.806,0,138.218,75.3227,-546.996,-8.27852,2.08101,-0.14389,0.0363125,0.988927,57.2993,57.2993,1,326.251,558.313,0,199.132,78.6015,-546.524,-14.435,2.21676,-0.249095,0.0386801,0.967706,57.1722,57.1722,1,325.532,544.559,1,0
292306200943300,330.699,529.401,0,138.221,75.3203,-546.986,-8.17078,2.05599,-0.142033,0.0358762,0.989212,57.2984,57.2984,1,332.371,552.44,0,199.144,78.5651,-546.61,-14.3279,2.11228,-0.247302,0.0368579,0.968237,57.1812,57.1812,1,331.535,540.92,1,0
292306205943300,331.825,530.285,0,138.223,75.2918,-547.03,-8.15018,2.07454,-0.141675,0.0361996,0.989251,57.3032,57.3032,1,327.817,554.175,0,199.136,78.5739,-546.571,-14.4073,2.14365,-0.24864,0.037405,0.967874,57.1774,57.1774,1,329.821,542.23,1,0
292306210943300,324.404,533.928,0,138.217,75.3098,-546.969,-8.28572,2.14108,-0.144009,0.0373603,0.988871,57.297,57.297,1,328.696,558.024,0,199.14,78.5846,-546.53,-14.3911,2.21573,-0.248353,0.0386621,0.967898,57.1732,57.1732,1,326.55,545.976,1,0
292306215943300,331.644,528.357,0,138.23,75.3108,-546.936,-8.15363,2.04012,-0.141738,0.0355993,0.989264,57.2939,57.2939,1,322.733,541.23,0,199.136,78.5844,-546.475,-14.4942,1.91423,-0.250142,0.0334034,0.967633,57.1681,57.1681,1,327.189,534.793,1,0
292306220943300,323.109,526.337,0,138.229,75.2956,-546.967,-8.31058,2.00224,-0.144451,0.0349386,0.988895,57.2971,57.2971,1,317.434,536.68,0,199.136,78.5778,-546.49,-14.5868,1.83182,-0.251718,0.0319658,0.967272,57.1696,57.1696,1,320.271,531.508,1,0
292306225943300,324.655,524.746,0,138.245,75.2799,-547,-8.28158,1.97698,-0.143952,0.034498,0.988983,57.3007,57.3007,1,308.729,543.497,0,199.152,78.579,-546.499,-14.739,1.95663,-0.254267,0.0341431,0.966531,57.1705,57.1705,1,316.692,534.121,1,0
292306230943300,348.075,528.068,0,138.297,75.1917,-547.238,-7.85566,2.04534,-0.136591,0.0356904,0.989984,57.3253,57.3253,1,332.544,563.147,0,199.231,78.5391,-546.671,-14.3278,2.31449,-0.247268,0.0403845,0.968105,57.1876,57.1876,1,340.31,545.607,1,0
292306235943300,408.56,550.1,0,138.454,75.1053,-547.512,-6.7595,2.45735,-0.117594,0.0428757,0.992136,57.3532,57.3532,1,416.936,574.203,0,199.454,78.4098,-547.076,-12.852,2.53111,-0.222217,0.0441618,0.973997,57.229,57.229,1,412.748,562.151,1,0
292306240943300,504.204,537.086,0,138.672,75.1021,-547.464,-5.00914,2.22362,-0.0872489,0.0387997,0.995431,57.3488,57.3488,1,524.646,602.397,0,199.678,78.4567,-547.024,-10.9428,3.05945,-0.189558,0.0533721,0.980418,57.2229,57.2229,1,514.425,569.742,1,0
292306245943300,576.583,544.392,0,138.871,75.1752,-547.253,-3.6815,2.35989,-0.0641556,0.0411761,0.99709,57.3271,57.3271,1,625.727,599.047,0,199.857,78.5043,-546.846,-9.12315,3.01584,-0.158337,0.052612,0.985982,57.205,57.205,1,601.155,571.72,1,0
292306250943300,603.004,574.545,0,138.991,75.2303,-547.179,-3.19936,2.92188,-0.0557378,0.0509742,0.997143,57.3188,57.3188,1,627.123,616.023,0,199.928,78.6019,-546.61,-9.10636,3.32622,-0.158001,0.0580209,0.985733,57.1803,57.1803,1,615.063,595.284,1,0
292306255943300,632.005,592.173,0,139.083,75.2879,-547.025,-2.66681,3.24878,-0.0464529,0.0566715,0.997312,57.3028,57.3028,1,630.974,604.526,0,199.976,78.5822,-546.637,-9.04261,3.1112,-0.156937,0.054274,0.986116,57.1833,57.1833,1,631.49,598.35,1,0
292306260943300,639.526,581.779,0,139.116,75.2949,-546.955,-2.53101,3.05208,-0.0440975,0.0532436,0.997607,57.2961,57.2961,1,642.042,595.337,0,199.985,78.6494,-546.403,-8.84276,2.94196,-0.153521,0.0513243,0.986812,57.1596,57.1596,1,640.784,588.558,1,0
292306265943300,628.994,578.271,0,139.111,75.3184,-546.859,-2.72763,2.98527,-0.0475235,0.0520793,0.997512,57.2864,57.2864,1,630.242,593.97,0,199.956,78.7191,-546.171,-9.05725,2.91492,-0.157218,0.050853,0.986254,57.136,57.136,1,629.618,586.12,1,0
292306270943300,620.818,585.796,0,139.096,75.3271,-546.848,-2.87869,3.12555,-0.0501468,0.0545241,0.997252,57.2852,57.2852,1,611.225,583.222,0,199.94,78.6607,-546.313,-9.40262,2.71496,-0.163188,0.0473673,0.985457,57.1509,57.1509,1,616.021,584.509,1,0
292306275943300,618.28,584.752,0,139.089,75.3322,-546.833,-2.92476,3.10743,-0.0509494,0.0542082,0.997229,57.2836,57.2836,1,620.293,593.031,0,199.954,78.6096,-546.486,-9.23709,2.89801,-0.160315,0.0505583,0.98577,57.1685,57.1685,1,619.286,588.892,1,0
292306280943300,618.217,580.221,0,139.092,75.3048,-546.896,-2.92734,3.02158,-0.0509986,0.0527121,0.997307,57.2902,57.2902,1,617.927,586.523,0,199.948,78.6531,-546.331,-9.2805,2.778,-0.161078,0.0484662,0.985751,57.1528,57.1528,1,618.072,583.372,1,0
292306285943300,614.479,578.665,0,139.096,75.339,-546.788,-2.99775,2.99073,-0.0522255,0.0521745,0.997271,57.2792,57.2792,1,616.017,587.865,0,199.953,78.6524,-546.33,-9.3161,2.80218,-0.161688,0.0488878,0.98563,57.1527,57.1527,1,615.248,583.265,1,0
292306290943300,606.484,574.787,0,139.09,75.3359,-546.776,-3.14652,2.91892,-0.0548183,0.0509227,0.997197,57.2782,57.2782,1,615.699,591.526,0,199.961,78.6546,-546.34,-9.32215,2.87055,-0.161782,0.0500796,0.985555,57.1535,57.1535,1,611.091,583.157,1,0
292306295943300,618.277,569.721,0,139.103,75.3382,-546.743,-2.92689,2.8265,-0.0509996,0.0493117,0.997481,57.275,57.275,1,616.81,593.059,0,199.965,78.6584,-546.336,-9.30267,2.89773,-0.161443,0.0505534,0.985586,57.1531,57.1531,1,617.544,581.39,1,0
292306300943300,617.075,565.697,0,139.097,75.2792,-546.915,-2.95049,2.74982,-0.0514137,0.0479749,0.997524,57.2927,57.2927,1,614.936,583.647,0,199.957,78.6996,-546.182,-9.33698,2.72412,-0.162057,0.047527,0.985636,57.1376,57.1376,1,616.005,574.672,1,0
292306305943300,618.204,572.997,0,139.103,75.3047,-546.865,-2.93026,2.88373,-0.0510557,0.0503093,0.997428,57.2873,57.2873,1,615.697,588.475,0,199.962,78.6854,-546.245,-9.32349,2.81229,-0.161813,0.049064,0.985601,57.1439,57.1439,1,616.951,580.736,1,0
292306310943300,613.416,570.127,0,139.102,75.3334,-546.774,-3.01931,2.82969,-0.0526083,0.0493673,0.997394,57.2781,57.2781,1,617.027,584.44,0,199.965,78.6892,-546.219,-9.29929,2.73911,-0.161407,0.0477883,0.98573,57.1413,57.1413,1,615.222,577.284,1,0
292306315943300,609.333,571.858,0,139.105,75.3649,-546.682,-3.09559,2.8612,-0.0539346,0.0499166,0.997296,57.2687,57.2687,1,622.756,590.664,0,199.975,78.658,-546.336,-9.19529,2.85348,-0.159602,0.049782,0.985925,57.1531,57.1531,1,616.045,581.261,1,0
292306320943300,610.221,570.249,0,139.101,75.3656,-546.685,-3.07874,2.83078,-0.0536427,0.0493863,0.997338,57.269,57.269,1,615.036,589.661,0,199.967,78.6902,-546.229,-9.33607,2.83435,-0.162027,0.0494486,0.985547,57.1422,57.1422,1,612.629,579.955,1,0
292306325943300,603.765,573.048,0,139.097,75.3871,-546.629,-3.19872,2.88233,-0.0557286,0.050285,0.997179,57.2631,57.2631,1,617.338,577.875,0,199.967,78.6966,-546.189,-9.29364,2.61895,-0.161325,0.0456934,0.985843,57.1383,57.1383,1,610.552,575.462,1,0
292306330943300,606.59,570.267,0,139.094,75.3596,-546.705,-3.14568,2.83158,-0.0548079,0.0494002,0.997274,57.2709,57.2709,1,613.067,586.872,0,199.966,78.6912,-546.243,-9.37178,2.78218,-0.162648,0.0485392,0.98549,57.1436,57.1436,1,609.828,578.57,1,0
292306335943300,613.308,568.655,0,139.098,75.3789,-546.647,-3.01971,2.80281,-0.0526165,0.0488988,0.997417,57.265,57.265,1,615.537,590.03,0,199.972,78.6825,-546.289,-9.32687,2.84062,-0.161867,0.0495578,0.985567,57.148,57.148,1,614.422,579.343,1,0
292306340943300,611.709,572.107,0,139.093,75.3811,-546.652,-3.04952,2.86589,-0.0531326,0.0499983,0.997335,57.2654,57.2654,1,611.274,586.463,0,199.968,78.6964,-546.245,-9.40484,2.77348,-0.163218,0.0483874,0.985403,57.1436,57.1436,1,611.491,579.285,1,0
292306345943300,617.762,572.871,0,139.092,75.3707,-546.704,-2.93696,2.87859,-0.0511725,0.0502197,0.997426,57.2706,57.2706,1,610.715,591.379,0,199.965,78.6999,-546.256,-9.41499,2.86283,-0.16338,0.049945,0.985298,57.1445,57.1445,1,614.239,582.125,1,0
292306350943300,614.042,578.886,0,139.085,75.3831,-546.691,-3.00654,2.98779,-0.0523787,0.0521231,0.997266,57.269,57.269,1,608.421,594.846,0,199.963,78.7031,-546.26,-9.45665,2.926,-0.164087,0.0510461,0.985124,57.1448,57.1448,1,611.231,586.866,1,0
292306355943300,622.013,573.365,0,139.088,75.3971,-546.646,-2.85754,2.88503,-0.0497896,0.0503321,0.997491,57.2645,57.2645,1,607.381,593.307,0,199.961,78.7127,-546.235,-9.47548,2.89737,-0.164415,0.050547,0.985095,57.1423,57.1423,1,614.697,583.336,1,0
292306360943300,624.107,573.942,0,139.081,75.3933,-546.683,-2.81681,2.89749,-0.04908,0.0505492,0.997515,57.268,57.268,1,605.081,594.775,0,199.951,78.7363,-546.181,-9.51654,2.92405,-0.165117,0.0510122,0.984954,57.1365,57.1365,1,614.594,584.359,1,0
292306365943300,627.623,571.929,0,139.078,75.3928,-546.689,-2.75047,2.86084,-0.0479265,0.0499103,0.997603,57.2686,57.2686,1,611.557,606.136,0,199.961,78.717,-546.284,-9.39829,3.13455,-0.163052,0.0546809,0.985101,57.1467,57.1467,1,619.59,589.033,1,0
292306370943300,628.143,573.674,0,139.07,75.41,-546.676,-2.74068,2.88986,-0.0477549,0.0504162,0.997586,57.267,57.267,1,609.708,598.543,0,199.951,78.7392,-546.2,-9.43192,2.99331,-0.163652,0.0522193,0.985135,57.1383,57.1383,1,618.925,586.108,1,0
292306375943300,635.303,572.71,0,139.075,75.4457,-546.591,-2.60705,2.87022,-0.0454289,0.0500738,0.997712,57.258,57.258,1,615.065,607.593,0,199.957,78.7307,-546.259,-9.33467,3.15962,-0.161954,0.0551177,0.985258,57.144,57.144,1,625.184,590.152,1,0
292306380943300,634.225,562.554,0,139.067,75.4358,-546.621,-2.62609,2.68188,-0.0457678,0.0467905,0.997856,57.2611,57.2611,1,601.607,596.574,0,199.941,78.7688,-546.122,-9.58001,2.9535,-0.166204,0.0515255,0.984744,57.1301,57.1301,1,617.916,579.564,1,0
292306385943300,642.914,566.226,0,139.073,75.4754,-546.524,-2.46386,2.74867,-0.0429397,0.0479549,0.997926,57.251,57.251,1,610.174,605.928,0,199.947,78.744,-546.235,-9.4235,3.12665,-0.163487,0.0545432,0.985037,57.1414,57.1414,1,626.544,586.077,1,0
292306390943300,641.809,554.84,0,139.066,75.4619,-546.552,-2.48415,2.53598,-0.0433006,0.0442467,0.998082,57.254,57.254,1,603.446,607.412,0,199.937,78.7643,-546.185,-9.54516,3.15345,-0.165574,0.0550103,0.984662,57.1362,57.1362,1,622.628,581.126,1,0
292306395943300,643.136,559.676,0,139.065,75.4841,-546.511,-2.45938,2.62419,-0.042866,0.0457847,0.998031,57.2496,57.2496,1,606.917,609.113,0,199.932,78.7933,-546.113,-9.48181,3.18442,-0.16448,0.0555499,0.984815,57.1287,57.1287,1,625.027,584.394,1,0
292306400943300,644.203,555.65,0,139.065,75.4881,-546.51,-2.43976,2.54784,-0.0425268,0.0444535,0.998106,57.2493,57.2493,1,604.933,607.02,0,199.932,78.7687,-546.198,-9.51763,3.14502,-0.165102,0.0548634,0.984749,57.1374,57.1374,1,624.568,581.335,1,0
292306405943300,637.513,552.213,0,139.051,75.4589,-546.603,-2.56422,2.48303,-0.0446972,0.0433235,0.998061,57.2588,57.2588,1,611.222,611.842,0,199.931,78.781,-546.173,-9.40296,3.23427,-0.163117,0.0564188,0.984992,57.1347,57.1347,1,624.368,582.028,1,0
292306410943300,634.409,564.898,0,139.053,75.5068,-546.501,-2.62197,2.71807,-0.0456945,0.0474214,0.997829,57.248,57.248,1,607.821,619.731,0,199.928,78.7762,-546.235,-9.46499,3.37649,-0.164159,0.0588968,0.984674,57.1406,57.1406,1,621.115,592.314,1,0
292306415943300,635.061,564.736,0,139.048,75.5187,-546.487,-2.60916,2.7143,-0.0454717,0.0473557,0.997843,57.2465,57.2465,1,609.802,621.391,0,199.929,78.7994,-546.18,-9.42923,3.4068,-0.16354,0.0594248,0.984745,57.1349,57.1349,1,622.431,593.063,1,0
292306420943300,638.82,559.072,0,139.056,75.5341,-546.424,-2.53924,2.6091,-0.0442576,0.0455216,0.997983,57.2401,57.2401,1,607.973,616.213,0,199.922,78.8073,-546.168,-9.46148,3.31161,-0.16411,0.0577662,0.984749,57.1336,57.1336,1,623.397,587.643,1,0
292306425943300,639.104,559.766,0,139.047,75.4994,-546.541,-2.53356,2.62214,-0.0441582,0.0457491,0.997976,57.252,57.252,1,606.698,605.44,0,199.918,78.802,-546.159,-9.4845,3.11333,-0.164538,0.0543112,0.984874,57.1329,57.1329,1,622.901,582.603,1,0
292306430943300,639.646,556.436,0,139.047,75.4952,-546.56,-2.52359,2.55957,-0.0439867,0.044658,0.998034,57.2539,57.2539,1,610.084,609.973,0,199.926,78.781,-546.241,-9.42271,3.1978,-0.163462,0.0557832,0.984971,57.1411,57.1411,1,624.865,583.205,1,0
292306435943300,646.975,562.006,0,139.059,75.5297,-546.474,-2.38721,2.66277,-0.0416077,0.0464574,0.998053,57.2449,57.2449,1,607.011,600.528,0,199.921,78.7811,-546.233,-9.47865,3.02264,-0.164451,0.0527306,0.984975,57.1403,57.1403,1,626.993,581.267,1,0
292306440943300,641.433,564.354,0,139.052,75.527,-546.489,-2.49033,2.70623,-0.0434023,0.0472151,0.997941,57.2464,57.2464,1,605.17,599.052,0,199.919,78.7798,-546.258,-9.51154,2.99524,-0.165021,0.0522531,0.984905,57.1427,57.1427,1,623.302,581.703,1,0
292306445943300,641.728,563.252,0,139.048,75.5063,-546.549,-2.48487,2.68571,-0.043308,0.0468574,0.997962,57.2526,57.2526,1,603.796,603.547,0,199.917,78.8097,-546.194,-9.5367,3.07708,-0.16544,0.0536794,0.984758,57.1359,57.1359,1,622.762,583.4,1,0
292306450943300,645.987,560.036,0,139.055,75.5127,-546.52,-2.4056,2.62611,-0.0419293,0.0458182,0.998069,57.2496,57.2496,1,603.912,604.008,0,199.921,78.7854,-546.253,-9.53496,3.08577,-0.165409,0.0538308,0.984755,57.142,57.142,1,624.95,582.022,1,0
292306455943300,645.995,560.686,0,139.06,75.5439,-546.421,-2.40522,2.63875,-0.0419221,0.0460386,0.99806,57.2395,57.2395,1,606.591,602.824,0,199.921,78.7892,-546.248,-9.48535,3.06562,-0.16456,0.0534796,0.984916,57.1415,57.1415,1,626.293,581.755,1,0
292306460943300,643.356,555.684,0,139.055,75.5205,-546.485,-2.45456,2.54538,-0.0427849,0.0444106,0.998097,57.2462,57.2462,1,602.409,591.402,0,199.921,78.77,-546.284,-9.56095,2.85636,-0.16589,0.0498323,0.984884,57.1454,57.1454,1,622.882,573.543,1,0
292306465943300,642.265,554.93,0,139.056,75.5276,-546.456,-2.47486,2.53164,-0.0431389,0.0441711,0.998092,57.2433,57.2433,1,602.813,598.348,0,199.919,78.7855,-546.255,-9.55358,2.98368,-0.165745,0.0520515,0.984794,57.1423,57.1423,1,622.539,576.639,1,0
292306470943300,641.704,552.538,0,139.057,75.5346,-546.421,-2.48534,2.48724,-0.0433228,0.0433969,0.998118,57.2399,57.2399,1,605.644,603.186,0,199.922,78.7642,-546.322,-9.50233,3.07248,-0.16485,0.0535992,0.984861,57.1491,57.1491,1,623.674,577.862,1,0
292306475943300,643.012,552.805,0,139.053,75.5087,-546.496,-2.46071,2.49289,-0.0428937,0.0434955,0.998132,57.2475,57.2475,1,601.432,601.791,0,199.921,78.7617,-546.321,-9.57887,3.04679,-0.16617,0.0531515,0.984664,57.1491,57.1491,1,622.222,577.298,1,0
292306480943300,645.305,554.467,0,139.058,75.5239,-546.461,-2.41804,2.52372,-0.0421492,0.0440331,0.998141,57.2438,57.2438,1,602.41,594.508,0,199.92,78.7676,-546.295,-9.56098,2.9129,-0.165883,0.0508178,0.984835,57.1465,57.1465,1,623.857,574.487,1,0
292306485943300,640.126,552.003,0,139.054,75.534,-546.421,-2.5144,2.47777,-0.0438294,0.0432318,0.998103,57.2399,57.2399,1,598.237,597.211,0,199.916,78.7722,-546.294,-9.63696,2.96135,-0.167181,0.0516623,0.984572,57.1463,57.1463,1,619.181,574.607,1,0
292306490943300,644.427,549.274,0,139.054,75.5026,-546.508,-2.43438,2.42719,-0.042437,0.0423498,0.998201,57.2488,57.2488,1,605.268,587.712,0,199.922,78.7552,-546.324,-9.50913,2.7879,-0.165009,0.0486388,0.985092,57.1495,57.1495,1,624.847,568.493,1,0
292306495943300,642.92,545.798,0,139.05,75.4895,-546.538,-2.4624,2.36252,-0.0429272,0.0412221,0.998227,57.2519,57.2519,1,598.56,590.446,0,199.914,78.7779,-546.265,-9.63115,2.83648,-0.1671,0.0494857,0.984697,57.1434,57.1434,1,620.74,568.122,1,0
292306500943300,646.157,549.743,0,139.06,75.5054,-546.492,-2.4027,2.4355,-0.0418849,0.0424947,0.998218,57.2472,57.2472,1,608.352,587.952,0,199.924,78.7613,-546.313,-9.4525,2.79382,-0.164035,0.0487421,0.98525,57.1483,57.1483,1,627.255,568.847,1,0
292306505943300,645.659,547.997,0,139.056,75.5044,-546.493,-2.41143,2.40365,-0.042038,0.0419393,0.998235,57.2473,57.2473,1,611.53,600.751,0,199.927,78.7889,-546.263,-9.39549,3.02818,-0.16302,0.0528271,0.985207,57.143,57.143,1,628.595,574.374,1,0
292306510943300,646.535,553.66,0,139.062,75.5346,-546.425,-2.39511,2.50882,-0.0417504,0.0437732,0.998169,57.2402,57.2402,1,606.076,590.088,0,199.925,78.7507,-546.349,-9.49443,2.83175,-0.16475,0.0494032,0.985097,57.152,57.152,1,626.306,571.874,1,0
292306515943300,647.057,543.514,0,139.056,75.5022,-546.492,-2.38541,2.31962,-0.0415872,0.040474,0.998315,57.2473,57.2473,1,601.479,591.493,0,199.917,78.7667,-546.309,-9.57781,2.8564,-0.16618,0.049833,0.984835,57.1479,57.1479,1,624.268,567.504,1,0
292306520943300,638.925,546.371,0,139.047,75.5077,-546.478,-2.53675,2.37258,-0.0442222,0.0413975,0.998164,57.2458,57.2458,1,606.152,595.817,0,199.918,78.7814,-546.284,-9.49235,2.93707,-0.164699,0.0512391,0.985012,57.1451,57.1451,1,622.539,571.094,1,0
292306525943300,643.318,550.626,0,139.047,75.4826,-546.568,-2.45501,2.45184,-0.0427957,0.0427797,0.998168,57.255,57.255,1,611.098,589.037,0,199.923,78.7657,-546.309,-9.40195,2.81466,-0.163162,0.0491053,0.985376,57.1479,57.1479,1,627.208,569.831,1,0
292306530943300,638.585,545.056,0,139.042,75.491,-546.527,-2.54269,2.34869,-0.0443264,0.0409808,0.998176,57.2509,57.2509,1,613.142,591.158,0,199.92,78.7668,-546.315,-9.36462,2.85303,-0.162515,0.0497742,0.98545,57.1484,57.1484,1,625.863,568.107,1,0
292306535943300,647.389,544.162,0,139.056,75.5074,-546.468,-2.37886,2.33249,-0.0414726,0.0406984,0.99831,57.2449,57.2449,1,605.917,587.417,0,199.912,78.7537,-546.339,-9.49525,2.78421,-0.164771,0.0485745,0.985135,57.151,57.151,1,626.653,565.789,1,0
292306540943300,636.854,549.814,0,139.045,75.5278,-546.421,-2.57448,2.43793,-0.0448774,0.042537,0.998087,57.24,57.24,1,605.041,587.389,0,199.914,78.7267,-546.409,-9.5108,2.78473,-0.165038,0.0485836,0.98509,57.1582,57.1582,1,620.948,568.602,1,0
292306545943300,638.191,544.539,0,139.042,75.5035,-546.478,-2.54962,2.33981,-0.0444474,0.0408261,0.998177,57.246,57.246,1,612.359,588.855,0,199.918,78.7032,-546.482,-9.37712,2.81319,-0.162736,0.0490797,0.985448,57.1657,57.1657,1,625.275,566.697,1,0
292306550943300,641.266,554.375,0,139.045,75.509,-546.483,-2.49238,2.5228,-0.0434443,0.044017,0.998086,57.2463,57.2463,1,609.597,587.112,0,199.907,78.7234,-546.404,-9.4269,2.78087,-0.163596,0.0485162,0.985334,57.1578,57.1578,1,625.432,570.743,1,0
292306555943300,634.154,549.145,0,139.028,75.4707,-546.573,-2.62462,2.42498,-0.0457512,0.0423112,0.998056,57.2558,57.2558,1,615.07,599.11,0,199.9,78.7472,-546.326,-9.32742,3.00152,-0.161854,0.0523625,0.985425,57.1499,57.1499,1,624.612,574.128,1,0
292306560943300,635.424,548.154,0,139.033,75.4959,-546.493,-2.60097,2.40658,-0.0453399,0.0419904,0.998089,57.2476,57.2476,1,612.02,598.05,0,199.899,78.716,-546.414,-9.38211,2.98303,-0.162797,0.0520402,0.985286,57.1589,57.1589,1,623.722,573.102,1,0
292306565943300,633.71,550.707,0,139.03,75.495,-546.497,-2.63257,2.45455,-0.0458887,0.0428269,0.998028,57.248,57.248,1,610.648,600.462,0,199.897,78.7093,-546.424,-9.4062,3.02924,-0.163204,0.0528456,0.985176,57.1601,57.1601,1,622.179,575.585,1,0
292306570943300,636.287,550.74,0,139.033,75.4851,-546.535,-2.58443,2.45622,-0.04505,0.042856,0.998065,57.2518,57.2518,1,607.893,592.486,0,199.909,78.6971,-546.459,-9.45601,2.88524,-0.164082,0.0503357,0.985162,57.1637,57.1637,1,622.09,571.613,1,0
292306575943300,639.762,560.529,0,139.084,75.375,-546.873,-2.52217,2.65168,-0.0439589,0.046264,0.997962,57.2864,57.2864,1,624.227,596.207,0,200.003,78.5963,-546.811,-9.16521,2.95565,-0.15907,0.0515629,0.98592,57.1994,57.1994,1,631.994,578.368,1,0
292306580943300,698.091,548.349,0,139.235,75.2391,-547.244,-1.44889,2.4243,-0.0252626,0.0422993,0.998786,57.3247,57.3247,1,725.093,614.354,0,200.211,78.5137,-547.162,-7.33217,3.3022,-0.12741,0.0576023,0.990176,57.2345,57.2345,1,711.592,581.351,1,0
292306585943300,816.988,560.134,0,139.493,75.2578,-547.237,0.75426,2.64771,0.0131499,0.0461948,0.998846,57.3236,57.3236,1,834.429,617.711,0,200.461,78.4979,-547.246,-5.3314,3.38017,-0.0927547,0.0589608,0.993942,57.2427,57.2427,1,825.709,588.922,1,0
292306590943300,902.098,562.504,0,139.709,75.3247,-547.03,2.32696,2.68592,0.0405574,0.046861,0.998078,57.3023,57.3023,1,922.703,607.489,0,200.62,78.5761,-546.979,-3.70544,3.18603,-0.0645272,0.0555781,0.996367,57.2157,57.2157,1,912.401,584.996,1,0
292306595943300,943.88,564.405,0,139.842,75.3832,-546.844,3.09592,2.7153,0.0539471,0.0473732,0.997419,57.2834,57.2834,1,958.508,584.341,0,200.737,78.6234,-546.78,-3.04923,2.76411,-0.053132,0.0482242,0.997422,57.1957,57.1957,1,951.194,574.373,1,0
292306600943300,972.85,547.861,0,139.916,75.3733,-546.803,3.62989,2.40787,0.0632553,0.0420129,0.997113,57.2798,57.2798,1,977.666,597.177,0,200.784,78.6404,-546.724,-2.6961,3.00734,-0.0469736,0.0524639,0.997518,57.19,57.19,1,975.258,572.519,1,0
292306605943300,982.198,550.029,0,139.943,75.4218,-546.63,3.80285,2.44619,0.066263,0.0426811,0.996889,57.2623,57.2623,1,986.475,596.885,0,200.777,78.6968,-546.529,-2.53152,3.00008,-0.0441085,0.0523373,0.997655,57.1703,57.1703,1,984.337,573.457,1,0
292306610943300,972.913,558.188,0,139.91,75.4324,-546.622,3.63296,2.59453,0.0632997,0.0452677,0.996967,57.2613,57.2613,1,967.666,591.549,0,200.737,78.6971,-546.483,-2.87951,2.89684,-0.0501715,0.0505378,0.997461,57.166,57.166,1,970.29,574.869,1,0
292306615943300,956.245,550.975,0,139.878,75.4467,-546.579,3.32485,2.46242,0.0579434,0.0429642,0.997395,57.2569,57.2569,1,956.254,593.117,0,200.706,78.6618,-546.552,-3.08937,2.92291,-0.0538235,0.0509924,0.997248,57.1733,57.1733,1,956.249,572.046,1,0
292306620943300,945.001,548.023,0,139.851,75.4111,-546.689,3.1167,2.40702,0.0543218,0.041998,0.99764,57.2682,57.2682,1,950.759,593.779,0,200.687,78.6569,-546.563,-3.19018,2.93375,-0.0555775,0.0511812,0.997142,57.1744,57.1744,1,947.88,570.901,1,0
292306625943300,957.111,530.417,0,139.865,75.4384,-546.571,3.34237,2.07883,0.0582639,0.0362744,0.997642,57.2564,57.2564,1,960.211,598.558,0,200.693,78.631,-546.658,-3.01349,3.02147,-0.052498,0.0527102,0.997229,57.1841,57.1841,1,958.661,564.488,1,0
292306630943300,952.004,521.792,0,139.854,75.4488,-546.54,3.24822,1.91725,0.05663,0.0334561,0.997835,57.2531,57.2531,1,961.585,596.024,0,200.684,78.671,-546.525,-2.98756,2.97339,-0.0520489,0.0518721,0.997296,57.1705,57.1705,1,956.795,558.908,1,0
292306635943300,947.745,527.81,0,139.846,75.4546,-546.538,3.16938,2.02871,0.0552532,0.0354003,0.997845,57.2528,57.2528,1,952.292,591.021,0,200.675,78.6558,-546.568,-3.16033,2.87956,-0.0550606,0.0502366,0.997219,57.175,57.175,1,950.019,559.415,1,0
292306640943300,946.986,532.328,0,139.834,75.4318,-546.6,3.15611,2.11339,0.0550191,0.0368773,0.997804,57.2592,57.2592,1,958.055,592.902,0,200.677,78.6604,-546.559,-3.05276,2.91359,-0.0531866,0.0508299,0.99729,57.174,57.174,1,952.521,562.615,1,0
292306645943300,950.535,533.651,0,139.834,75.4515,-546.538,3.22285,2.13813,0.0561806,0.0373088,0.997723,57.2529,57.2529,1,955.207,596.223,0,200.673,78.6556,-546.567,-3.10552,2.97501,-0.054102,0.0519005,0.997186,57.1749,57.1749,1,952.871,564.937,1,0
292306650943300,957.31,541.407,0,139.838,75.4584,-546.536,3.34921,2.28246,0.0583752,0.0398259,0.9975,57.2525,57.2525,1,962.523,604.924,0,200.674,78.6548,-546.573,-2.96873,3.13701,-0.0517134,0.0547238,0.997162,57.1755,57.1755,1,959.917,573.166,1,0
292306655943300,949.463,536.654,0,139.828,75.4535,-546.55,3.20338,2.19351,0.0558395,0.0382746,0.997706,57.254,57.254,1,958.512,596.034,0,200.67,78.6428,-546.592,-3.04328,2.97122,-0.0530188,0.0518343,0.997247,57.1776,57.1776,1,953.987,566.344,1,0
292306660943300,948.187,540.159,0,139.825,75.4616,-546.545,3.1799,2.25775,0.0554281,0.0393949,0.997685,57.2533,57.2533,1,956.036,604.115,0,200.669,78.623,-546.664,-3.08913,3.1224,-0.0538094,0.0544692,0.997064,57.1848,57.1848,1,952.111,572.137,1,0
292306665943300,949.602,534.256,0,139.827,75.4726,-546.492,3.20641,2.1488,0.0558938,0.0374948,0.997733,57.248,57.248,1,960.325,601.627,0,200.669,78.6473,-546.591,-3.0093,3.0759,-0.0524224,0.0536588,0.997182,57.1774,57.1774,1,954.963,567.942,1,0
292306670943300,950.585,532.877,0,139.824,75.4523,-546.554,3.22476,2.12274,0.0562144,0.0370404,0.997731,57.2544,57.2544,1,945.473,607.839,0,200.658,78.64,-546.643,-3.28578,3.18966,-0.0572275,0.0556413,0.996809,57.1824,57.1824,1,948.029,570.358,1,0
292306675943300,950.525,536.098,0,139.827,75.4645,-546.521,3.2235,2.18233,0.0561903,0.0380797,0.997694,57.251,57.251,1,949.805,603.159,0,200.662,78.6505,-546.598,-3.20536,3.10328,-0.055833,0.054136,0.996971,57.178,57.178,1,950.165,569.629,1,0
292306680943300,952.173,529.905,0,139.825,75.4769,-546.486,3.25467,2.06712,0.0567372,0.0360701,0.997737,57.2474,57.2474,1,952.929,606.221,0,200.663,78.6562,-546.593,-3.14705,3.15996,-0.0548153,0.0551237,0.996974,57.1773,57.1773,1,952.551,568.063,1,0
292306685943300,952.787,529.787,0,139.83,75.4828,-546.464,3.26575,2.06504,0.0569303,0.036034,0.997728,57.2451,57.2451,1,948.341,601.77,0,200.665,78.6383,-546.638,-3.23291,3.07684,-0.0563138,0.0536753,0.996969,57.182,57.182,1,950.564,565.779,1,0
292306690943300,946.86,531.889,0,139.824,75.4647,-546.521,3.15519,2.10334,0.0550036,0.036702,0.997811,57.251,57.251,1,953.692,597.303,0,200.673,78.6248,-546.675,-3.13332,2.99499,-0.0545847,0.0522486,0.997141,57.1858,57.1858,1,950.276,564.596,1,0
292306695943300,950.142,532.139,0,139.831,75.4599,-546.553,3.21574,2.10871,0.0560579,0.0367957,0.997749,57.2541,57.2541,1,956.48,590.075,0,200.673,78.658,-546.55,-3.0819,2.86062,-0.0536963,0.0499065,0.997309,57.1733,57.1733,1,953.311,561.107,1,0
292306700943300,949.782,523.142,0,139.839,75.4841,-546.487,3.20841,1.93795,0.0559361,0.0338172,0.997862,57.2473,57.2473,1,955.85,591.868,0,200.679,78.648,-546.596,-3.09406,2.89501,-0.0539064,0.050506,0.997268,57.1778,57.1778,1,952.816,557.505,1,0
292306705943300,952.215,526.051,0,139.845,75.497,-546.466,3.25351,1.99233,0.0567196,0.0347656,0.997785,57.245,57.245,1,947.658,595.233,0,200.677,78.6598,-546.582,-3.2471,2.95897,-0.0565667,0.0516208,0.997063,57.1762,57.1762,1,949.937,560.642,1,0
292306710943300,953.388,523.444,0,139.85,75.4786,-546.509,3.27469,1.9422,0.0570901,0.0338914,0.997794,57.2495,57.2495,1,949.267,594.547,0,200.686,78.653,-546.59,-3.21792,2.94762,-0.0560595,0.0514229,0.997102,57.1771,57.1771,1,951.328,558.995,1,0
292306715943300,959.135,519.362,0,139.855,75.4344,-546.636,3.38084,1.86801,0.0589413,0.0325971,0.997729,57.2626,57.2626,1,948.479,592.083,0,200.701,78.6322,-546.656,-3.2338,2.904,-0.056338,0.0506626,0.997126,57.1839,57.1839,1,953.807,555.722,1,0
292306720943300,955.495,513.318,0,139.864,75.4728,-546.502,3.31258,1.7547,0.0577561,0.0306205,0.997861,57.249,57.249,1,949.59,591.14,0,200.704,78.6345,-546.647,-3.21345,2.88603,-0.0559847,0.0503493,0.997161,57.1829,57.1829,1,952.542,552.229,1,0
292306725943300,958.552,515.878,0,139.869,75.475,-546.483,3.36938,1.80451,0.0587437,0.0314895,0.997776,57.2471,57.2471,1,938.388,599.055,0,200.709,78.6696,-546.542,-3.42379,3.03754,-0.059637,0.0529903,0.996813,57.1722,57.1722,1,948.47,557.466,1,0
292306730943300,959.904,512.252,0,139.869,75.4442,-546.564,3.39411,1.73706,0.0591765,0.0303127,0.997787,57.2555,57.2555,1,935.944,599.052,0,200.72,78.6474,-546.601,-3.47016,3.03942,-0.0604436,0.0530229,0.996762,57.1783,57.1783,1,947.924,555.652,1,0
292306735943300,966.776,508.923,0,139.885,75.4341,-546.564,3.52095,1.67615,0.0613872,0.0292502,0.997685,57.2558,57.2558,1,932.108,596.261,0,200.731,78.6675,-546.522,-3.54331,2.9902,-0.0617188,0.0521651,0.996729,57.1703,57.1703,1,949.442,552.592,1,0
292306740943300,967.886,519.994,0,139.887,75.4227,-546.628,3.54115,1.88216,0.0617321,0.032844,0.997552,57.2621,57.2621,1,939.064,597.585,0,200.751,78.6311,-546.627,-3.41494,3.01551,-0.0594843,0.0526063,0.996842,57.1812,57.1812,1,953.475,558.789,1,0
292306745943300,963.283,527.139,0,139.895,75.4367,-546.57,3.45461,2.01764,0.0602204,0.0352072,0.997564,57.2563,57.2563,1,938.454,604.644,0,200.764,78.6679,-546.509,-3.42838,3.14344,-0.0597108,0.0548359,0.996708,57.1691,57.1691,1,950.868,565.892,1,0
292306750943300,968.632,519.381,0,139.912,75.4393,-546.528,3.55303,1.87322,0.0619392,0.032688,0.997545,57.2523,57.2523,1,931.253,612.744,0,200.777,78.6443,-546.585,-3.56413,3.29062,-0.0620633,0.0574006,0.99642,57.1768,57.1768,1,949.943,566.063,1,0
292306755943300,954.47,531.777,0,139.92,75.4154,-546.603,3.28705,2.10447,0.0572997,0.0367217,0.997681,57.2599,57.2599,1,940.529,611.486,0,200.789,78.6546,-546.536,-3.39223,3.26913,-0.0590747,0.0570261,0.996623,57.172,57.172,1,947.5,571.631,1,0
292306760943300,942.367,533.068,0,139.93,75.4072,-546.598,3.05968,2.12938,0.0533393,0.0371561,0.997885,57.2597,57.2597,1,941.741,607.75,0,200.807,78.6311,-546.589,-3.37117,3.19952,-0.0587124,0.0558131,0.996714,57.1776,57.1776,1,942.054,570.409,1,0
292306765943300,935.951,544.421,0,139.949,75.4318,-546.523,2.9381,2.34308,0.0512141,0.0408831,0.99785,57.252,57.252,1,949.718,601.408,0,200.824,78.6544,-546.501,-3.22428,3.08058,-0.0561634,0.0537403,0.996974,57.1687,57.1687,1,942.835,572.914,1,0
292306770943300,935.595,542.769,0,139.967,75.4351,-546.492,2.92984,2.3147,0.0510713,0.0403882,0.997878,57.249,57.249,1,953.831,602.285,0,200.837,78.6725,-546.449,-3.14898,3.0967,-0.0548521,0.0540214,0.997032,57.1634,57.1634,1,944.713,572.527,1,0
292306775943300,943.213,537.574,0,139.985,75.4211,-546.495,3.07047,2.22016,0.053524,0.0387394,0.997815,57.2497,57.2497,1,954.474,606.387,0,200.856,78.618,-546.636,-3.13789,3.17148,-0.0546554,0.0553245,0.996971,57.1823,57.1823,1,948.844,571.98,1,0
292306780943300,969.712,518.424,0,140.022,75.3533,-546.627,3.56117,1.8622,0.0620814,0.0324958,0.997542,57.2637,57.2637,1,957.286,588.165,0,200.879,78.5997,-546.668,-3.08763,2.82907,-0.0537977,0.0493565,0.997331,57.1858,57.1858,1,963.499,553.294,1,0
292306785943300,970.855,523.672,0,140.025,75.3023,-546.783,3.58133,1.96272,0.0624286,0.0342492,0.997462,57.2797,57.2797,1,970.406,607.618,0,200.896,78.6861,-546.445,-2.84499,3.19047,-0.0495571,0.0556554,0.99722,57.1627,57.1627,1,970.63,565.645,1,0
292306790943300,970.815,522.177,0,140.049,75.3067,-546.746,3.57836,1.93238,0.062378,0.0337201,0.997483,57.2761,57.2761,1,955.135,601.291,0,200.907,78.6446,-546.575,-3.13124,3.07241,-0.0545447,0.0535981,0.997072,57.1759,57.1759,1,962.975,561.734,1,0
292306795943300,970.243,520,0,140.067,75.3032,-546.735,3.56584,1.89118,0.0621616,0.0330013,0.99752,57.2751,57.2751,1,953.001,586.966,0,200.934,78.6364,-546.594,-3.17388,2.80956,-0.0552998,0.0490163,0.997266,57.1779,57.1779,1,961.622,553.483,1,0
292306800943300,960.968,523.305,0,140.087,75.307,-546.72,3.39056,1.95267,0.0591076,0.0340739,0.99767,57.2736,57.2736,1,939.886,587.286,0,200.957,78.6309,-546.623,-3.42118,2.82139,-0.0596031,0.0492226,0.997008,57.1807,57.1807,1,950.427,555.295,1,0
292306805943300,967.008,524.753,0,140.108,75.3061,-546.715,3.50127,1.97843,0.0610343,0.0345232,0.997539,57.2732,57.2732,1,939.076,596.426,0,200.976,78.6489,-546.606,-3.43826,2.9936,-0.0598911,0.0522243,0.996838,57.1787,57.1787,1,953.042,560.589,1,0
292306810943300,963.122,513.757,0,140.123,75.3037,-546.689,3.42716,1.77437,0.0597508,0.0309637,0.997733,57.2708,57.2708,1,943.62,600.402,0,201.005,78.6441,-546.62,-3.35633,3.06539,-0.0584617,0.0534756,0.996856,57.1802,57.1802,1,953.371,557.079,1,0
292306815943300,961.076,505.426,0,140.15,75.2701,-546.732,3.3858,1.62398,0.0590353,0.0283399,0.997854,57.2757,57.2757,1,950.881,597.681,0,201.034,78.622,-546.673,-3.22339,3.01204,-0.0561515,0.0525457,0.997039,57.1857,57.1857,1,955.979,551.554,1,0
292306820943300,949.96,509.25,0,140.183,75.3173,-546.593,3.17522,1.69659,0.0553654,0.0296068,0.998027,57.2615,57.2615,1,945.811,598.131,0,201.046,78.6465,-546.596,-3.31992,3.01946,-0.0578306,0.0526752,0.996936,57.1778,57.1778,1,947.886,553.69,1,0
292306825943300,955.14,506.948,0,140.211,75.3169,-546.58,3.26922,1.65736,0.0570039,0.0289224,0.997955,57.2603,57.2603,1,953.193,586.686,0,201.075,78.6378,-546.596,-3.18495,2.80314,-0.0554928,0.0489044,0.997261,57.178,57.178,1,954.167,546.817,1,0
292306830943300,954.058,499.809,0,140.234,75.3389,-546.48,3.2472,1.52243,0.0566239,0.0265682,0.998042,57.2503,57.2503,1,950.699,590.879,0,201.089,78.6157,-546.677,-3.23267,2.88075,-0.0563195,0.0502575,0.997147,57.1863,57.1863,1,952.378,545.344,1,0
292306835943300,960.468,497.083,0,140.255,75.309,-546.546,3.36437,1.47251,0.0586661,0.0256973,0.997947,57.2572,57.2572,1,961.019,586.489,0,201.118,78.6016,-546.722,-3.04238,2.79665,-0.0530113,0.0487914,0.997401,57.1908,57.1908,1,960.743,541.786,1,0
292306840943300,960.893,502.092,0,140.278,75.2892,-546.57,3.36991,1.56419,0.0587602,0.0272969,0.997899,57.26,57.26,1,955.268,586.611,0,201.138,78.5972,-546.757,-3.15196,2.79705,-0.0549188,0.0487983,0.997298,57.1942,57.1942,1,958.08,544.351,1,0
292306845943300,967.975,493.765,0,140.305,75.3188,-546.451,3.50011,1.40647,0.0610321,0.024545,0.997834,57.2481,57.2481,1,949.704,593.288,0,201.155,78.645,-546.644,-3.25826,2.92478,-0.0567627,0.0510248,0.997083,57.1824,57.1824,1,958.84,543.527,1,0
292306850943300,970.988,495.184,0,140.325,75.3113,-546.463,3.55429,1.43273,0.061975,0.0250033,0.997764,57.2494,57.2494,1,944.75,591.135,0,201.178,78.6302,-546.699,-3.35288,2.88941,-0.0584111,0.0504083,0.997019,57.188,57.188,1,957.869,543.16,1,0
292306855943300,971.997,504.121,0,140.336,75.2944,-546.527,3.5718,1.59724,0.062275,0.0278735,0.99767,57.2559,57.2559,1,940.341,583.618,0,201.205,78.6178,-546.757,-3.43765,2.75238,-0.0598932,0.0480197,0.997049,57.1937,57.1937,1,956.169,543.869,1,0
292306860943300,980.19,502.066,0,140.359,75.3004,-546.509,3.72269,1.5571,0.0649034,0.0271731,0.997522,57.254,57.254,1,947.229,583.977,0,201.219,78.6294,-546.723,-3.31061,2.76007,-0.0576818,0.0481537,0.997173,57.1902,57.1902,1,963.709,543.021,1,0
292306865943300,983.567,502.223,0,140.377,75.3178,-546.461,3.78419,1.56062,0.0659741,0.0272346,0.99745,57.249,57.249,1,957.743,588.072,0,201.24,78.6329,-546.746,-3.11617,2.83667,-0.0542939,0.049489,0.997298,57.1923,57.1923,1,970.655,545.148,1,0
292306870943300,970.359,501.439,0,140.394,75.2945,-546.532,3.53504,1.55181,0.0616363,0.0270808,0.997731,57.2563,57.2563,1,954.798,576.902,0,201.266,78.6198,-546.764,-3.1738,2.62825,-0.0553067,0.0458555,0.997416,57.1944,57.1944,1,962.579,539.171,1,0
292306875943300,949.459,511.61,0,140.441,75.2421,-546.725,3.13824,1.74806,0.0547197,0.0305047,0.998036,57.2758,57.2758,1,946.808,587.734,0,201.329,78.5691,-546.991,-3.32859,2.82402,-0.0579917,0.0492686,0.997101,57.2169,57.2169,1,948.134,549.672,1,0
292306880943300,1025.08,523.286,0,140.6,75.156,-547.029,4.53234,1.9566,0.0789757,0.0341426,0.996292,57.3065,57.3065,1,996.668,591.042,0,201.521,78.4559,-547.426,-2.41385,2.89284,-0.0420635,0.0504681,0.997839,57.2607,57.2607,1,1010.87,557.164,1,0
292306885943300,1105.64,517.7,0,140.838,75.1467,-547.119,6.00449,1.85415,0.104552,0.0323553,0.993993,57.3152,57.3152,1,1103.04,631.644,0,201.751,78.4926,-547.49,-0.445071,3.64698,-0.00775214,0.0636088,0.997945,57.2658,57.2658,1,1104.34,574.672,1,0
292306890943300,1200.1,515.8,0,141.078,75.1777,-547.066,7.72598,1.81098,0.134368,0.0316023,0.990427,57.3095,57.3095,1,1192.13,653.594,0,201.989,78.5074,-547.573,1.19866,4.05587,0.0208667,0.0707291,0.997277,57.2733,57.2733,1,1196.11,584.697,1,0
292306895943300,1256.01,525.26,0,141.284,75.2419,-546.897,8.73321,1.97936,0.151743,0.0345394,0.987816,57.292,57.292,1,1269.06,642.268,0,202.168,78.5368,-547.496,2.62213,3.83356,0.0456465,0.0668583,0.996718,57.2653,57.2653,1,1262.54,583.764,1,0
292306900943300,1303.07,533.834,0,141.441,75.246,-546.911,9.57863,2.12869,0.166286,0.037144,0.985378,57.2932,57.2932,1,1293.28,606.736,0,202.301,78.5719,-547.375,3.05668,3.17881,0.0532418,0.0554522,0.997041,57.253,57.253,1,1298.17,570.285,1,0
292306905943300,1324.19,527.176,0,141.552,75.3158,-546.73,9.95318,2.00248,0.172738,0.0349428,0.984348,57.2744,57.2744,1,1350.89,603.143,0,202.387,78.6527,-547.173,4.12347,3.10251,0.0718005,0.0541226,0.99595,57.2319,57.2319,1,1337.54,565.16,1,0
292306910943300,1317.99,530.963,0,141.58,75.409,-546.421,9.83969,2.07232,0.17078,0.0361609,0.984645,57.243,57.243,1,1334.23,595.76,0,202.382,78.661,-547.138,3.81337,2.9657,0.0664177,0.0517382,0.99645,57.2284,57.2284,1,1326.11,563.362,1,0
292306915943300,1282.68,520.066,0,141.551,75.4048,-546.401,9.19952,1.87312,0.159787,0.0326863,0.98661,57.2412,57.2412,1,1320.24,590.851,0,202.377,78.6615,-547.122,3.55399,2.87248,0.0619111,0.0501133,0.996823,57.227,57.227,1,1301.46,555.458,1,0
292306920943300,1282.77,523.596,0,141.547,75.3566,-546.564,9.2005,1.93821,0.159798,0.0338217,0.98657,57.2577,57.2577,1,1316.12,577.36,0,202.386,78.6472,-547.132,3.47694,2.6205,0.0605834,0.0457204,0.997115,57.2282,57.2282,1,1299.44,550.478,1,0
292306925943300,1291.59,516.812,0,141.561,75.3557,-546.57,9.36068,1.81066,0.162568,0.0315967,0.986191,57.2583,57.2583,1,1327.71,575.959,0,202.412,78.6306,-547.185,3.69107,2.59299,0.0643109,0.0452409,0.996904,57.2337,57.2337,1,1309.65,546.386,1,0
292306930943300,1296.25,527.875,0,141.574,75.3618,-546.601,9.44397,2.0136,0.163982,0.0351367,0.985837,57.2611,57.2611,1,1331.81,582.646,0,202.429,78.6705,-547.124,3.76603,2.71404,0.0656086,0.0473513,0.996721,57.2269,57.2269,1,1314.03,555.26,1,0
292306935943300,1292.4,522.579,0,141.59,75.3597,-546.588,9.37192,1.91734,0.162751,0.0334577,0.9861,57.2599,57.2599,1,1317.03,581.3,0,202.425,78.7309,-546.972,3.49018,2.6874,0.0608106,0.0468867,0.997047,57.2111,57.2111,1,1304.71,551.939,1,0
292306940943300,1293.29,522.409,0,141.608,75.3607,-546.59,9.3879,1.90997,0.163027,0.0333291,0.986058,57.2601,57.2601,1,1303.8,588.346,0,202.441,78.7674,-546.917,3.23967,2.82161,0.0564442,0.0492265,0.997191,57.205,57.205,1,1298.55,555.377,1,0
292306945943300,1305.06,526.401,0,141.636,75.3584,-546.6,9.60004,1.9821,0.16667,0.0345873,0.985406,57.2611,57.2611,1,1274.49,595.529,0,202.46,78.7392,-547.081,2.69076,2.9546,0.046883,0.0515447,0.99757,57.2212,57.2212,1,1289.78,560.965,1,0
292306950943300,1314.19,548.625,0,141.677,75.4528,-546.408,9.76405,2.38683,0.169444,0.041646,0.98466,57.2407,57.2407,1,1267.21,586.586,0,202.481,78.7273,-547.141,2.5519,2.78947,0.0444715,0.0486661,0.997825,57.227,57.227,1,1290.7,567.605,1,0
292306955943300,1299.51,547.665,0,141.678,75.438,-546.454,9.49636,2.36991,0.164844,0.0413509,0.985452,57.2454,57.2454,1,1274.22,581.494,0,202.512,78.7205,-547.162,2.67967,2.69455,0.0467003,0.0470115,0.997802,57.2292,57.2292,1,1286.87,564.579,1,0
292306960943300,1305.79,538.534,0,141.707,75.4743,-546.335,9.60899,2.19948,0.1668,0.0383788,0.985243,57.2332,57.2332,1,1277.01,588.446,0,202.529,78.6909,-547.284,2.73031,2.82434,0.0475769,0.049274,0.997651,57.2414,57.2414,1,1291.4,563.49,1,0
292306965943300,1300.75,538.345,0,141.721,75.4643,-546.378,9.51591,2.1947,0.1652,0.0382954,0.985516,57.2376,57.2376,1,1290.68,595.43,0,202.545,78.7269,-547.193,2.98304,2.95501,0.0519711,0.0515518,0.997317,57.232,57.232,1,1295.71,566.887,1,0
292306970943300,1290.71,534.946,0,141.736,75.4806,-546.329,9.3314,2.1328,0.162032,0.0372158,0.986083,57.2325,57.2325,1,1292.73,587.866,0,202.556,78.7476,-547.115,3.01964,2.81426,0.0526148,0.0490984,0.997407,57.2241,57.2241,1,1291.72,561.406,1,0
292306975943300,1298.44,530.463,0,141.754,75.461,-546.387,9.46929,2.0522,0.164413,0.03581,0.985741,57.2385,57.2385,1,1291.88,591.172,0,202.571,78.7226,-547.208,3.00291,2.87502,0.0523207,0.0501574,0.99737,57.2334,57.2334,1,1295.16,560.818,1,0
292306980943300,1298.21,534.024,0,141.76,75.4564,-546.415,9.46344,2.11962,0.164306,0.036986,0.985716,57.2412,57.2412,1,1302.7,596.946,0,202.582,78.757,-547.11,3.20322,2.98199,0.0558019,0.0520221,0.997086,57.2234,57.2234,1,1300.45,565.485,1,0
292306985943300,1288.23,530.044,0,141.774,75.5061,-546.26,9.27973,2.04948,0.161151,0.0357625,0.986282,57.2254,57.2254,1,1309.71,603.849,0,202.606,78.7396,-547.203,3.33241,3.10889,0.0580432,0.0542338,0.99684,57.2326,57.2326,1,1298.97,566.946,1,0
292306990943300,1294.25,538.588,0,141.793,75.5222,-546.233,9.38768,2.20649,0.162993,0.0385009,0.985876,57.2225,57.2225,1,1315.12,597.764,0,202.621,78.7428,-547.195,3.43153,2.9954,0.0597738,0.0522558,0.996843,57.2317,57.2317,1,1304.68,568.176,1,0
292306995943300,1297.44,537.492,0,141.802,75.4753,-546.376,9.44432,2.18581,0.16397,0.0381403,0.985728,57.2371,57.2371,1,1302.65,595.695,0,202.626,78.7521,-547.173,3.19794,2.95775,0.0557113,0.0515995,0.997113,57.2295,57.2295,1,1300.05,566.594,1,0
292307000943300,1284.93,538.197,0,141.806,75.4915,-546.321,9.21629,2.19881,0.160044,0.0383671,0.986364,57.2315,57.2315,1,1301.23,597.463,0,202.643,78.7419,-547.219,3.17013,2.98962,0.0552256,0.0521551,0.997111,57.2341,57.2341,1,1293.08,567.83,1,0
292307005943300,1283.21,530.407,0,141.82,75.4755,-546.347,9.18461,2.05206,0.159514,0.0358076,0.986546,57.2344,57.2344,1,1296.2,598.832,0,202.654,78.7553,-547.19,3.07619,3.01174,0.0535897,0.0525406,0.99718,57.231,57.231,1,1289.7,564.619,1,0
292307010943300,1295.63,541.557,0,141.842,75.4909,-546.319,9.40909,2.25742,0.163356,0.0393893,0.985781,57.2313,57.2313,1,1299.83,599.418,0,202.666,78.741,-547.229,3.14334,3.022,0.0547578,0.0527194,0.997107,57.235,57.235,1,1297.73,570.487,1,0
292307015943300,1288.33,542.054,0,141.846,75.484,-546.331,9.2754,2.26733,0.161054,0.0395621,0.986152,57.2326,57.2326,1,1289.27,597.151,0,202.677,78.7584,-547.166,2.94439,2.98067,0.0512972,0.051999,0.997329,57.2286,57.2286,1,1288.8,569.603,1,0
292307020943300,1282.77,542.06,0,141.858,75.4894,-546.289,9.17355,2.26687,0.159301,0.039554,0.986437,57.2285,57.2285,1,1270.99,604.058,0,202.683,78.7522,-547.193,2.60252,3.10925,0.0453401,0.0542401,0.997498,57.2314,57.2314,1,1276.88,573.059,1,0
292307025943300,1285.46,566.16,0,141.878,75.5371,-546.188,9.22166,2.70997,0.160075,0.0472803,0.985972,57.2179,57.2179,1,1274.88,596.7,0,202.71,78.7424,-547.212,2.67155,2.97479,0.0465477,0.0518966,0.997567,57.2334,57.2334,1,1280.17,581.43,1,0
292307030943300,1296.47,558.163,0,141.897,75.5159,-546.214,9.42089,2.56168,0.163522,0.0446948,0.985527,57.2208,57.2208,1,1266.31,583.884,0,202.717,78.7411,-547.169,2.51069,2.73648,0.0437559,0.0477425,0.997901,57.2294,57.2294,1,1281.39,571.024,1,0
292307035943300,1304.03,540.178,0,141.907,75.4645,-546.302,9.55808,2.2289,0.165922,0.0388918,0.985372,57.2304,57.2304,1,1268.07,590.113,0,202.729,78.7586,-547.129,2.54236,2.85168,0.0443031,0.0497507,0.997779,57.2252,57.2252,1,1286.05,565.146,1,0
292307040943300,1312.05,540.63,0,141.923,75.4726,-546.268,9.7029,2.237,0.168411,0.0390331,0.984944,57.227,57.227,1,1275.52,595.21,0,202.745,78.7519,-547.159,2.68005,2.94654,0.0466968,0.0514042,0.997586,57.2281,57.2281,1,1293.79,567.92,1,0
292307045943300,1309.1,542.284,0,141.933,75.4618,-546.286,9.649,2.26592,0.167481,0.0395375,0.985082,57.229,57.229,1,1278.25,593.953,0,202.752,78.7605,-547.118,2.72943,2.92516,0.0475574,0.0510314,0.997564,57.2241,57.2241,1,1293.68,568.118,1,0
292307050943300,1303.4,544.829,0,141.932,75.4599,-546.277,9.54487,2.3146,0.165685,0.0403865,0.985351,57.2282,57.2282,1,1285.22,599.072,0,202.77,78.7224,-547.239,2.85819,3.02124,0.0497948,0.0527061,0.997368,57.2364,57.2364,1,1294.31,571.951,1,0
292307055943300,1300.64,539.251,0,141.951,75.4409,-546.306,9.49332,2.2103,0.16481,0.0385674,0.985571,57.2313,57.2313,1,1290.96,595.268,0,202.78,78.7271,-547.199,2.96423,2.95077,0.0516439,0.0514779,0.997338,57.2325,57.2325,1,1295.8,567.26,1,0
292307060943300,1301.15,535.355,0,141.964,75.4554,-546.24,9.50113,2.14056,0.164952,0.0373512,0.985594,57.2248,57.2248,1,1289.57,601.833,0,202.787,78.7615,-547.11,2.93725,3.07179,0.0511687,0.0535871,0.997251,57.2233,57.2233,1,1295.36,568.594,1,0
292307065943300,1306.91,530.623,0,141.978,75.4062,-546.35,9.60446,2.05322,0.166738,0.0358279,0.98535,57.2363,57.2363,1,1290.33,602.885,0,202.803,78.7453,-547.16,2.94965,3.09272,0.0513835,0.0539519,0.997221,57.2284,57.2284,1,1298.62,566.754,1,0
292307070943300,1292.6,531.271,0,141.991,75.4289,-546.266,9.34048,2.07155,0.162195,0.0361475,0.986096,57.2279,57.2279,1,1290.36,602.376,0,202.803,78.7482,-547.149,2.95012,3.08332,0.0513921,0.0537881,0.997229,57.2273,57.2273,1,1291.48,566.824,1,0
292307075943300,1290.9,531.217,0,142.007,75.4379,-546.202,9.30836,2.0713,0.161642,0.0361432,0.986187,57.2216,57.2216,1,1301.62,602.335,0,202.826,78.7292,-547.209,3.15862,3.08157,0.0550208,0.0537576,0.997037,57.2334,57.2334,1,1296.26,566.776,1,0
292307080943300,1284.63,525.907,0,142.019,75.41,-546.26,9.1916,1.97613,0.159641,0.0344832,0.986573,57.2278,57.2278,1,1303.4,599.367,0,202.829,78.757,-547.117,3.19113,3.02581,0.0555893,0.0527858,0.997057,57.2241,57.2241,1,1294.01,562.637,1,0
292307085943300,1289.77,541.163,0,142.048,75.4388,-546.191,9.28387,2.25489,0.161201,0.0393451,0.986137,57.2206,57.2206,1,1302.47,606.018,0,202.851,78.7386,-547.197,3.17171,3.14978,0.0552449,0.0549463,0.99696,57.2321,57.2321,1,1296.12,573.59,1,0
292307090943300,1278.84,537.246,0,142.049,75.4465,-546.149,9.08374,2.18517,0.157763,0.0381291,0.986741,57.2164,57.2164,1,1300.46,592.664,0,202.858,78.7522,-547.125,3.13353,2.90049,0.0545932,0.0506015,0.997226,57.2249,57.2249,1,1289.65,564.955,1,0
292307095943300,1279.92,539.548,0,142.064,75.4625,-546.088,9.10176,2.22969,0.158069,0.0389056,0.986661,57.2103,57.2103,1,1299.26,595.228,0,202.873,78.7465,-547.167,3.10996,2.94684,0.0541807,0.0514094,0.997207,57.229,57.229,1,1289.59,567.388,1,0
292307100943300,1289.97,531.737,0,142.081,75.4571,-546.081,9.28415,2.08378,0.161224,0.0363609,0.986248,57.2098,57.2098,1,1291.06,598.115,0,202.877,78.7682,-547.12,2.95731,2.99759,0.0515213,0.052294,0.997302,57.224,57.224,1,1290.51,564.926,1,0
292307105943300,1278.61,539.784,0,142.077,75.4499,-546.106,9.07643,2.23471,0.157632,0.0389931,0.986728,57.2123,57.2123,1,1290.41,602.284,0,202.887,78.7938,-547.055,2.94396,3.07455,0.0512852,0.0536353,0.997243,57.2173,57.2173,1,1284.51,571.034,1,0
292307110943300,1279.4,545.47,0,142.079,75.4236,-546.189,9.09002,2.34035,0.157854,0.0408355,0.986618,57.2208,57.2208,1,1287.64,592.637,0,202.9,78.7769,-547.071,2.89212,2.89274,0.0503913,0.0504663,0.997454,57.2192,57.2192,1,1283.52,569.054,1,0
292307115943300,1282.75,538.17,0,142.089,75.428,-546.152,9.15079,2.20454,0.158916,0.038467,0.986542,57.2172,57.2172,1,1273.65,601.952,0,202.905,78.7894,-547.058,2.62972,3.06675,0.0458155,0.0534994,0.997516,57.2177,57.2177,1,1278.2,570.061,1,0
292307120943300,1289.55,539.779,0,142.105,75.4393,-546.116,9.27389,2.23324,0.161032,0.0389675,0.98618,57.2135,57.2135,1,1269.73,605.627,0,202.915,78.7993,-547.041,2.55492,3.13605,0.0445102,0.054707,0.99751,57.2159,57.2159,1,1279.64,572.703,1,0
292307125943300,1295.84,542.606,0,142.115,75.4448,-546.094,9.38834,2.28449,0.162996,0.0398612,0.985821,57.2113,57.2113,1,1262.93,593.103,0,202.923,78.7802,-547.059,2.42666,2.90444,0.0422862,0.0506704,0.99782,57.2181,57.2181,1,1279.39,567.854,1,0
292307130943300,1300.51,533.523,0,142.118,75.428,-546.123,9.47308,2.11681,0.164472,0.0369369,0.98569,57.2145,57.2145,1,1262.09,596.297,0,202.931,78.7758,-547.09,2.41022,2.96368,0.0419975,0.051703,0.997779,57.2211,57.2211,1,1281.3,564.91,1,0
292307135943300,1299.34,532.935,0,142.119,75.4311,-546.108,9.45183,2.10573,0.164108,0.0367436,0.985758,57.213,57.213,1,1253.1,595.865,0,202.931,78.7831,-547.073,2.24164,2.95702,0.0390619,0.0515868,0.997904,57.2193,57.2193,1,1276.22,564.4,1,0
292307140943300,1296.43,530.514,0,142.12,75.4112,-546.173,9.39744,2.06296,0.163176,0.0359977,0.98594,57.2196,57.2196,1,1262.25,594.661,0,202.946,78.7851,-547.052,2.41093,2.93505,0.042011,0.0512039,0.997804,57.2172,57.2172,1,1279.34,562.588,1,0
292307145943300,1311.12,531.199,0,142.136,75.4434,-546.081,9.66517,2.07238,0.16778,0.0361619,0.985161,57.2101,57.2101,1,1267.04,592.98,0,202.952,78.7683,-547.106,2.50056,2.90272,0.0435732,0.0506403,0.997766,57.2227,57.2227,1,1289.08,562.089,1,0
292307150943300,1311.16,539.518,0,142.134,75.4381,-546.096,9.66629,2.22559,0.167783,0.038834,0.985059,57.2117,57.2117,1,1267.09,588.861,0,202.951,78.7718,-547.084,2.50142,2.82618,0.0435911,0.0493062,0.997832,57.2206,57.2206,1,1289.13,564.189,1,0
292307155943300,1311.71,537.077,0,142.135,75.4307,-546.116,9.67603,2.18076,0.167955,0.0380523,0.98506,57.2138,57.2138,1,1262.35,587.972,0,202.946,78.7904,-547.02,2.41286,2.80971,0.0420493,0.049019,0.997912,57.2141,57.2141,1,1287.03,562.524,1,0
292307160943300,1310.85,536.685,0,142.135,75.4404,-546.101,9.66054,2.17302,0.16769,0.0379173,0.98511,57.2121,57.2121,1,1269.76,593.77,0,202.957,78.7942,-547.051,2.55,2.91813,0.0444334,0.050909,0.997714,57.2169,57.2169,1,1290.31,565.227,1,0
292307165943300,1306.74,531.317,0,142.138,75.4576,-546.038,9.58489,2.07584,0.166399,0.0362223,0.985393,57.2058,57.2058,1,1264.3,592.359,0,202.946,78.8195,-546.969,2.4486,2.89173,0.0426688,0.0504488,0.997815,57.2086,57.2086,1,1285.52,561.838,1,0
292307170943300,1303.83,530.348,0,142.135,75.4635,-546.028,9.53262,2.05691,0.165502,0.0358922,0.985556,57.2047,57.2047,1,1273.93,599.184,0,202.961,78.7991,-547.053,2.62809,3.01677,0.0457892,0.0526283,0.997564,57.217,57.217,1,1288.88,564.766,1,0
292307175943300,1307.77,531.88,0,142.144,75.4784,-546,9.60416,2.08314,0.16673,0.0363497,0.985332,57.2017,57.2017,1,1273.88,600.308,0,202.959,78.813,-547.017,2.62678,3.03883,0.0457654,0.0530126,0.997545,57.2133,57.2133,1,1290.83,566.094,1,0
292307180943300,1304.41,530.774,0,142.142,75.4832,-546,9.54316,2.06218,0.165683,0.0359841,0.985522,57.2015,57.2015,1,1270.54,600.033,0,202.954,78.8177,-547.012,2.56464,3.0337,0.0446837,0.0529233,0.997598,57.2127,57.2127,1,1287.48,565.404,1,0
292307185943300,1303.83,529.25,0,142.143,75.4803,-546.02,9.53218,2.03399,0.165497,0.0354923,0.985571,57.2035,57.2035,1,1272.88,608.916,0,202.961,78.8142,-547.05,2.60779,3.19895,0.0454279,0.0558033,0.997408,57.2163,57.2163,1,1288.35,569.083,1,0
292307190943300,1297.81,526.38,0,142.14,75.4872,-545.997,9.42326,1.98001,0.163629,0.0345509,0.985917,57.2011,57.2011,1,1278.36,618.913,0,202.968,78.8174,-547.072,2.70962,3.38408,0.0471917,0.0590291,0.99714,57.2183,57.2183,1,1288.08,572.647,1,0
292307195943300,1298.17,529.705,0,142.144,75.5159,-545.924,9.42988,2.04079,0.163736,0.0356109,0.985861,57.1936,57.1936,1,1270.87,607.795,0,202.963,78.8166,-547.046,2.57034,3.17707,0.044777,0.0554219,0.997458,57.2159,57.2159,1,1284.52,568.75,1,0
292307200943300,1295.47,527.587,0,142.139,75.4917,-545.997,9.38141,1.99995,0.162907,0.0348986,0.986024,57.201,57.201,1,1277.54,614.99,0,202.969,78.835,-547.011,2.69428,3.31019,0.0469284,0.0577415,0.997228,57.2121,57.2121,1,1286.5,571.289,1,0
292307205943300,1294.94,524.482,0,142.141,75.505,-545.946,9.37183,1.94289,0.162747,0.0339034,0.986085,57.1959,57.1959,1,1274.1,606.297,0,202.967,78.805,-547.078,2.63064,3.14859,0.045828,0.0549255,0.997438,57.2192,57.2192,1,1284.52,565.39,1,0
292307210943300,1307.18,523.745,0,142.151,75.4864,-546.009,9.59437,1.92706,0.166578,0.0336271,0.985455,57.2022,57.2022,1,1268.32,608.32,0,202.962,78.8367,-547,2.52199,3.18762,0.0439347,0.0556057,0.997486,57.2111,57.2111,1,1287.75,566.032,1,0
292307215943300,1297.21,529.135,0,142.15,75.529,-545.903,9.41315,2.02669,0.16345,0.035365,0.985918,57.1912,57.1912,1,1277.98,614.847,0,202.975,78.8301,-547.047,2.70199,3.30709,0.0470626,0.0576876,0.997225,57.2156,57.2156,1,1287.6,571.991,1,0
292307220943300,1294.97,521.377,0,142.148,75.5047,-545.964,9.3725,1.88258,0.162765,0.0328513,0.986118,57.1976,57.1976,1,1279.02,601.523,0,202.979,78.8216,-547.052,2.72104,3.05923,0.0474055,0.0533682,0.997449,57.2163,57.2163,1,1287,561.45,1,0
292307225943300,1292.62,536.96,0,142.151,75.5276,-545.943,9.32939,2.16914,0.161994,0.0378496,0.986066,57.1951,57.1951,1,1278.99,607.233,0,202.985,78.8351,-547.041,2.71928,3.16618,0.0473702,0.0552322,0.997349,57.215,57.215,1,1285.8,572.097,1,0
292307230943300,1311.09,530.7,0,142.194,75.4719,-546.156,9.66178,2.04917,0.167725,0.035757,0.985185,57.2165,57.2165,1,1296.25,599.918,0,203.049,78.7737,-547.264,3.03483,3.03144,0.052869,0.0528839,0.9972,57.2374,57.2374,1,1303.67,565.309,1,0
292307235943300,1342.37,526.13,0,142.327,75.3715,-546.51,10.2092,1.97629,0.177138,0.0344859,0.983582,57.2523,57.2523,1,1354.39,613.29,0,203.216,78.6922,-547.67,4.1062,3.26922,0.0714889,0.0570277,0.99581,57.2777,57.2777,1,1348.38,569.71,1,0
292307240943300,1441,558.509,0,142.535,75.3862,-546.594,11.9757,2.54375,0.207292,0.0443823,0.977272,57.2598,57.2598,1,1427.4,626.82,0,203.406,78.7449,-547.676,5.44062,3.51597,0.0946357,0.0613268,0.993621,57.2769,57.2769,1,1434.2,592.664,1,0
292307245943300,1515.94,556.309,0,142.742,75.4642,-546.394,13.2887,2.50044,0.229639,0.0436271,0.972298,57.2391,57.2391,1,1499.44,639.444,0,203.533,78.8342,-547.502,6.7627,3.73386,0.117508,0.0651221,0.990934,57.2584,57.2584,1,1507.69,597.876,1,0
292307250943300,1563.77,561.891,0,142.885,75.5167,-546.246,14.1276,2.58504,0.243833,0.0451021,0.968768,57.2238,57.2238,1,1524.63,631.208,0,203.668,78.8046,-547.586,7.21223,3.58087,0.1253,0.0624572,0.990151,57.267,57.267,1,1544.2,596.55,1,0
292307255943300,1598.83,549.519,0,142.983,75.5173,-546.215,14.7354,2.35458,0.254141,0.0410836,0.966294,57.2209,57.2209,1,1539.19,608.261,0,203.739,78.8438,-547.451,7.47229,3.15453,0.12985,0.0550291,0.990006,57.2533,57.2533,1,1569.01,578.89,1,0
292307260943300,1613.65,550.612,0,143.059,75.5666,-546.064,14.9883,2.37208,0.2584,0.0413888,0.965151,57.2055,57.2055,1,1582.52,607.998,0,203.792,78.9124,-547.227,8.26331,3.14173,0.143506,0.054806,0.988131,57.2305,57.2305,1,1598.08,579.305,1,0
292307265943300,1622.78,554.589,0,143.078,75.6,-545.947,15.1474,2.44218,0.261065,0.0426112,0.96438,57.1936,57.1936,1,1591.73,618.007,0,203.8,78.9687,-547.072,8.43032,3.32477,0.14636,0.0579957,0.98753,57.2145,57.2145,1,1607.26,586.298,1,0
292307270943300,1607.37,549.199,0,143.062,75.6169,-545.87,14.881,2.34607,0.256598,0.0409353,0.965651,57.186,57.186,1,1579.59,612.291,0,203.79,78.9498,-547.093,8.20826,3.22295,0.142546,0.0562214,0.98819,57.217,57.217,1,1593.48,580.745,1,0
292307275943300,1597.15,557.252,0,143.037,75.6241,-545.843,14.7075,2.48954,0.253645,0.043437,0.966322,57.1832,57.1832,1,1573.44,609.896,0,203.784,78.9461,-547.092,8.09603,3.18017,0.140616,0.055476,0.988509,57.2169,57.2169,1,1585.29,583.574,1,0
292307280943300,1593.73,553.487,0,143.033,75.6033,-545.898,14.6464,2.4241,0.252626,0.0422958,0.966639,57.1889,57.1889,1,1569.75,607.195,0,203.786,78.9308,-547.128,8.02844,3.13099,0.139456,0.0546189,0.988721,57.2208,57.2208,1,1581.74,580.341,1,0
292307285943300,1585.27,554.31,0,143.036,75.606,-545.884,14.4965,2.44208,0.250093,0.0426095,0.967284,57.1875,57.1875,1,1567.76,612.049,0,203.789,78.9281,-547.169,7.99191,3.21968,0.138814,0.0561644,0.988725,57.2247,57.2247,1,1576.52,583.18,1,0
292307290943300,1590.09,555.891,0,143.048,75.617,-545.84,14.581,2.46908,0.251515,0.0430803,0.966894,57.1831,57.1831,1,1578.24,611.792,0,203.798,78.9531,-547.091,8.18345,3.21282,0.142119,0.0560449,0.988262,57.2166,57.2166,1,1584.17,583.842,1,0
292307295943300,1585,548.438,0,143.05,75.5787,-545.935,14.4896,2.3372,0.249997,0.0407805,0.967388,57.193,57.193,1,1580.06,603.55,0,203.812,78.9078,-547.232,8.21629,3.06004,0.142707,0.0533823,0.988324,57.2311,57.2311,1,1582.53,575.994,1,0
292307300943300,1593.48,545.454,0,143.064,75.5741,-545.927,14.6377,2.28179,0.252506,0.0398142,0.966776,57.1923,57.1923,1,1588.38,603.839,0,203.829,78.8849,-547.304,8.36751,3.06418,0.145314,0.0534546,0.98794,57.2384,57.2384,1,1590.93,574.646,1,0
292307305943300,1585.86,559.622,0,143.078,75.603,-545.872,14.4993,2.54392,0.250121,0.0443852,0.967197,57.1864,57.1864,1,1589.54,607.435,0,203.831,78.9071,-547.243,8.38805,3.13029,0.145659,0.0546067,0.987827,57.2322,57.2322,1,1587.7,583.529,1,0
292307310943300,1588.02,555.358,0,143.089,75.5815,-545.909,14.537,2.4658,0.250772,0.043023,0.96709,57.1905,57.1905,1,1588.8,609.078,0,203.842,78.9182,-547.223,8.37348,3.16023,0.145404,0.0551285,0.987835,57.2299,57.2299,1,1588.41,582.218,1,0
292307315943300,1578.07,557.005,0,143.097,75.5898,-545.878,14.3597,2.49994,0.247772,0.0436184,0.967836,57.1874,57.1874,1,1598.62,600.837,0,203.87,78.8633,-547.388,8.5511,3.0072,0.148487,0.0524615,0.987522,57.2469,57.2469,1,1588.35,578.921,1,0
292307320943300,1579,560.116,0,143.109,75.6008,-545.852,14.3762,2.55422,0.248041,0.0445647,0.967724,57.1846,57.1846,1,1595.2,603.239,0,203.893,78.8465,-547.434,8.48616,3.05264,0.147361,0.0532534,0.987648,57.2516,57.2516,1,1587.1,581.677,1,0
292307325943300,1580.44,562.64,0,143.115,75.5915,-545.875,14.4005,2.60045,0.248442,0.0453709,0.967584,57.187,57.187,1,1590.74,609.368,0,203.907,78.8312,-547.506,8.40346,3.16551,0.14592,0.0552204,0.987754,57.2588,57.2588,1,1585.59,586.004,1,0
292307330943300,1583.64,568.124,0,143.131,75.6061,-545.845,14.4565,2.69728,0.249368,0.047059,0.967265,57.1838,57.1838,1,1573.2,606.893,0,203.911,78.8282,-547.54,8.08128,3.12188,0.140369,0.0544601,0.9886,57.2621,57.2621,1,1578.42,587.508,1,0
292307335943300,1589.12,554.2,0,143.142,75.6039,-545.824,14.5521,2.44446,0.251031,0.042651,0.967039,57.182,57.182,1,1569.1,603.761,0,203.924,78.8439,-547.471,8.0047,3.06457,0.139055,0.0534613,0.988841,57.2552,57.2552,1,1579.11,578.981,1,0
292307340943300,1590.96,559.676,0,143.153,75.6176,-545.799,14.5845,2.54135,0.25156,0.0443404,0.966825,57.1792,57.1792,1,1566.07,602.096,0,203.934,78.8542,-547.473,7.94684,3.03479,0.13806,0.0529422,0.989008,57.2551,57.2551,1,1578.51,580.886,1,0
292307345943300,1590.21,557.132,0,143.158,75.5831,-545.906,14.5711,2.49436,0.251342,0.043521,0.966919,57.1901,57.1901,1,1550.56,608.32,0,203.939,78.8551,-547.495,7.65927,3.15435,0.13308,0.055026,0.989577,57.2571,57.2571,1,1570.39,582.726,1,0
292307350943300,1592.61,553.153,0,143.171,75.5936,-545.855,14.6133,2.42081,0.252069,0.0422386,0.966787,57.1851,57.1851,1,1550.13,609.684,0,203.952,78.8663,-547.496,7.65033,3.17784,0.132922,0.0554353,0.989575,57.257,57.257,1,1571.37,581.418,1,0
292307355943300,1599.27,554.728,0,143.189,75.5813,-545.899,14.7302,2.44542,0.254036,0.0426677,0.966253,57.1895,57.1895,1,1542.38,591.302,0,203.951,78.8646,-547.464,7.50829,2.83916,0.130509,0.0495324,0.990209,57.254,57.254,1,1570.83,573.015,1,0
292307360943300,1595.68,557.84,0,143.194,75.6033,-545.841,14.6667,2.50237,0.252954,0.0436608,0.966493,57.1835,57.1835,1,1550.37,605.653,0,203.968,78.8882,-547.445,7.65478,3.10004,0.133009,0.0540795,0.989638,57.2516,57.2516,1,1573.02,581.746,1,0
292307365943300,1602.23,559.447,0,143.215,75.6263,-545.771,14.7801,2.53019,0.254861,0.0441457,0.965969,57.1764,57.1764,1,1559.09,606.647,0,203.989,78.8948,-547.446,7.813,3.11653,0.135739,0.0543669,0.989252,57.2516,57.2516,1,1580.66,583.047,1,0
292307370943300,1600.38,558.301,0,143.224,75.6106,-545.803,14.7475,2.5089,0.254316,0.0437747,0.96613,57.1798,57.1798,1,1560.33,614.382,0,203.995,78.9178,-547.407,7.83518,3.25783,0.136103,0.0568293,0.989063,57.2473,57.2473,1,1580.35,586.341,1,0
292307375943300,1588.66,561.436,0,143.222,75.5881,-545.884,14.5439,2.56401,0.250871,0.0447354,0.966986,57.188,57.188,1,1564.26,614.605,0,204.005,78.9296,-547.361,7.90637,3.26147,0.137332,0.0568926,0.98889,57.2427,57.2427,1,1576.46,588.021,1,0
292307380943300,1603.18,556.397,0,143.246,75.5886,-545.859,14.7951,2.47312,0.255125,0.0431507,0.965945,57.1856,57.1856,1,1569.8,630.055,0,204.025,78.9076,-547.473,8.00638,3.54538,0.139017,0.0618392,0.988357,57.2538,57.2538,1,1586.49,593.226,1,0
292307385943300,1596.22,560.511,0,143.251,75.5705,-545.925,14.6709,2.55021,0.253016,0.0444948,0.966438,57.1923,57.1923,1,1579.88,621.176,0,204.037,78.9327,-547.379,8.18872,3.38131,0.142186,0.0589807,0.988081,57.2443,57.2443,1,1588.05,590.844,1,0
292307390943300,1598.66,560.376,0,143.27,75.5719,-545.919,14.7109,2.54882,0.253692,0.0444706,0.966262,57.1917,57.1917,1,1576.74,624.972,0,204.038,78.9392,-547.387,8.13081,3.45137,0.141177,0.0602013,0.988152,57.2449,57.2449,1,1587.7,592.674,1,0
292307395943300,1590.79,560.294,0,143.286,75.5809,-545.882,14.5696,2.55156,0.251307,0.0445184,0.966883,57.188,57.188,1,1579.36,616.625,0,204.056,78.9045,-547.495,8.17697,3.29754,0.141996,0.0575211,0.988195,57.2559,57.2559,1,1585.07,588.459,1,0
292307400943300,1581.7,562.413,0,143.302,75.5835,-545.869,14.4066,2.5941,0.248547,0.0452602,0.967562,57.1867,57.1867,1,1585.73,624.445,0,204.072,78.9265,-547.454,8.29174,3.44053,0.143954,0.0600126,0.987763,57.2515,57.2515,1,1583.72,593.429,1,0
292307405943300,1585.72,554.103,0,143.322,75.5631,-545.91,14.4743,2.44459,0.249719,0.0426531,0.967379,57.191,57.191,1,1588.39,619.49,0,204.083,78.9316,-547.458,8.33811,3.34945,0.144767,0.0584257,0.987739,57.2518,57.2518,1,1587.06,586.796,1,0
292307410943300,1572.8,563.453,0,143.33,75.5655,-545.916,14.245,2.61773,0.245812,0.0456721,0.968241,57.1915,57.1915,1,1588.13,626.665,0,204.103,78.9167,-547.534,8.33171,3.4811,0.144636,0.0607193,0.98762,57.2593,57.2593,1,1580.47,595.059,1,0
292307415943300,1574.47,569.898,0,143.346,75.5662,-545.912,14.2737,2.73316,0.246273,0.0476846,0.968027,57.1912,57.1912,1,1586.5,610.499,0,204.128,78.8806,-547.621,8.29895,3.18473,0.144115,0.0555555,0.988,57.2683,57.2683,1,1580.48,590.198,1,0
292307420943300,1584.98,564.618,0,143.366,75.5858,-545.843,14.4576,2.63486,0.2494,0.0459707,0.967309,57.1842,57.1842,1,1574.66,604.357,0,204.15,78.8701,-547.687,8.07976,3.07225,0.140349,0.0535952,0.98865,57.2748,57.2748,1,1579.82,584.487,1,0
292307425943300,1593.74,559.882,0,143.383,75.5888,-545.827,14.6109,2.54658,0.252004,0.0444316,0.966706,57.1826,57.1826,1,1571.02,599.155,0,204.164,78.8753,-547.685,8.0118,2.97577,0.139189,0.0519136,0.988904,57.2745,57.2745,1,1582.38,579.519,1,0
292307430943300,1595.68,566.645,0,143.4,75.6067,-545.786,14.6452,2.66601,0.252559,0.0465138,0.966463,57.1783,57.1783,1,1573.88,590.671,0,204.186,78.8755,-547.702,8.06127,2.81899,0.140062,0.0491809,0.988921,57.2761,57.2761,1,1584.78,578.658,1,0
292307435943300,1591.67,556.853,0,143.411,75.5846,-545.839,14.5748,2.48762,0.251407,0.0434035,0.966908,57.1838,57.1838,1,1578.01,596.729,0,204.199,78.8782,-547.716,8.13433,2.93167,0.141309,0.051145,0.988643,57.2774,57.2774,1,1584.84,576.791,1,0
292307440943300,1588.8,566.669,0,143.431,75.6224,-545.749,14.5256,2.66161,0.250542,0.0464372,0.966991,57.1744,57.1744,1,1575.21,605.406,0,204.207,78.908,-547.66,8.08159,3.09181,0.140378,0.053936,0.988628,57.2714,57.2714,1,1582.01,586.037,1,0
292307445943300,1602.19,559.618,0,143.452,75.6243,-545.722,14.7584,2.53261,0.254494,0.044188,0.966064,57.1718,57.1718,1,1590.52,605.326,0,204.23,78.8871,-547.764,8.35819,3.08967,0.14515,0.0538988,0.98794,57.2817,57.2817,1,1596.35,582.472,1,0
292307450943300,1590.13,561.878,0,143.456,75.6069,-545.802,14.5465,2.57389,0.250912,0.0449077,0.966968,57.1798,57.1798,1,1598.39,608.166,0,204.249,78.8937,-547.778,8.50048,3.13982,0.147596,0.0547728,0.98753,57.2828,57.2828,1,1594.26,585.022,1,0
292307455943300,1589.35,567.112,0,143.466,75.6232,-545.769,14.5326,2.66744,0.250659,0.0465389,0.966956,57.1763,57.1763,1,1594.58,602.419,0,204.261,78.9166,-547.718,8.42868,3.03455,0.146373,0.0529382,0.987812,57.2766,57.2766,1,1591.96,584.765,1,0
292307460943300,1595.71,560.467,0,143.496,75.6356,-545.713,14.6412,2.5474,0.252515,0.0444459,0.966572,57.1707,57.1707,1,1590.11,591.767,0,204.278,78.9292,-547.708,8.34811,2.83344,0.145009,0.0494326,0.988195,57.2753,57.2753,1,1592.91,576.117,1,0
292307465943300,1593.08,545.384,0,143.511,75.6072,-545.777,14.5924,2.27589,0.251742,0.0397114,0.966979,57.1774,57.1774,1,1590.04,578.537,0,204.297,78.9181,-547.738,8.34724,2.58601,0.145024,0.0451191,0.988399,57.2784,57.2784,1,1591.56,561.961,1,0
292307470943300,1592.98,555.606,0,143.532,75.6167,-545.75,14.587,2.46374,0.251617,0.0429871,0.966872,57.1746,57.1746,1,1593.69,590.973,0,204.311,78.924,-547.784,8.41381,2.81212,0.146145,0.0490611,0.988046,57.2826,57.2826,1,1593.33,573.29,1,0
292307475943300,1601.4,549.632,0,143.564,75.6219,-545.748,14.7307,2.35514,0.254062,0.0410935,0.966315,57.1743,57.1743,1,1610.38,601.315,0,204.336,78.943,-547.766,8.7147,3.00189,0.151306,0.052369,0.987099,57.2805,57.2805,1,1605.89,575.473,1,0
292307480943300,1587.63,542.472,0,143.573,75.6077,-545.765,14.4866,2.22985,0.249965,0.0389083,0.967473,57.1763,57.1763,1,1604.91,591.172,0,204.334,78.972,-547.676,8.61558,2.81379,0.149624,0.0490901,0.987524,57.2712,57.2712,1,1596.27,566.822,1,0
292307485943300,1587.67,556.599,0,143.596,75.627,-545.734,14.4835,2.48759,0.249866,0.043403,0.967307,57.1729,57.1729,1,1606.89,590.274,0,204.349,78.9881,-547.652,8.64785,2.79926,0.150182,0.0488369,0.987451,57.2686,57.2686,1,1597.28,573.436,1,0
292307490943300,1587.77,548.299,0,143.606,75.6114,-545.76,14.4846,2.33727,0.249911,0.0407817,0.967409,57.1757,57.1757,1,1588.12,596.719,0,204.358,78.9507,-547.82,8.30282,2.92097,0.144217,0.0509585,0.988233,57.2853,57.2853,1,1587.94,572.509,1,0
292307495943300,1588.08,556.573,0,143.62,75.6332,-545.715,14.4901,2.48482,0.249977,0.0433547,0.967281,57.171,57.171,1,1586.69,594.943,0,204.374,78.9832,-547.757,8.2724,2.89024,0.143696,0.0504228,0.988336,57.2786,57.2786,1,1587.39,575.758,1,0
292307500943300,1586.47,551.228,0,143.634,75.6218,-545.74,14.462,2.38614,0.249521,0.041634,0.967474,57.1736,57.1736,1,1577.25,602.193,0,204.394,78.9933,-547.768,8.09572,3.02636,0.140631,0.0527954,0.988653,57.2794,57.2794,1,1581.86,576.711,1,0
292307505943300,1593.92,546.882,0,143.657,75.6204,-545.735,14.5938,2.30215,0.251762,0.0401693,0.966955,57.1732,57.1732,1,1568,604.98,0,204.408,78.9953,-547.805,7.92497,3.07734,0.137677,0.0536839,0.989021,57.2828,57.2828,1,1580.96,575.931,1,0
292307510943300,1604.2,546.174,0,143.679,75.6502,-545.648,14.7726,2.28735,0.254781,0.0399112,0.966175,57.1642,57.1642,1,1558.81,603.741,0,204.422,79.0039,-547.791,7.75618,3.05343,0.134766,0.0532672,0.989445,57.2812,57.2812,1,1581.51,574.958,1,0
292307515943300,1598.86,552.246,0,143.693,75.6654,-545.644,14.6793,2.39461,0.253187,0.0417817,0.966515,57.1634,57.1634,1,1561.76,608.245,0,204.44,79.0163,-547.783,7.80915,3.13437,0.13567,0.0546777,0.989244,57.2802,57.2802,1,1580.31,580.245,1,0
292307520943300,1588.62,546.376,0,143.694,75.6318,-545.746,14.4978,2.29113,0.250143,0.0399771,0.967383,57.1739,57.1739,1,1560.07,600.411,0,204.459,78.9886,-547.874,7.77813,2.98748,0.135153,0.0521177,0.989453,57.2894,57.2894,1,1574.35,573.394,1,0
292307525943300,1596.89,552.01,0,143.711,75.6567,-545.694,14.643,2.38936,0.252576,0.0416901,0.966679,57.1684,57.1684,1,1557.71,613.108,0,204.471,79.0269,-547.798,7.73493,3.21877,0.134378,0.0561486,0.989338,57.2813,57.2813,1,1577.3,582.559,1,0
292307530943300,1591.39,540.616,0,143.719,75.6543,-545.694,14.5455,2.18397,0.250966,0.0381082,0.967246,57.1684,57.1684,1,1560.77,602.434,0,204.488,79.0428,-547.742,7.78993,3.01981,0.135353,0.0526812,0.989396,57.2757,57.2757,1,1576.08,571.525,1,0
292307535943300,1603.77,537.08,0,143.75,75.6525,-545.679,14.7598,2.11874,0.254593,0.0369705,0.966341,57.167,57.167,1,1563.63,608.898,0,204.497,79.0516,-547.751,7.84151,3.1379,0.136229,0.0547393,0.989164,57.2763,57.2763,1,1583.7,572.989,1,0
292307540943300,1600.64,542.823,0,143.763,75.6488,-545.702,14.7026,2.22434,0.253611,0.0388122,0.966527,57.1693,57.1693,1,1574.3,611.139,0,204.516,79.0492,-547.771,8.03496,3.17842,0.139562,0.0554455,0.98866,57.2783,57.2783,1,1587.47,576.981,1,0
292307545943300,1590.67,540.428,0,143.781,75.6352,-545.747,14.5242,2.18388,0.250606,0.0381067,0.967339,57.1738,57.1738,1,1574.85,613.211,0,204.528,79.0521,-547.764,8.04307,3.2175,0.139697,0.0561265,0.988602,57.2775,57.2775,1,1582.76,576.819,1,0
292307550943300,1594.57,533.693,0,143.808,75.6537,-545.676,14.5888,2.06392,0.251717,0.0360144,0.967131,57.1668,57.1668,1,1572.18,615.484,0,204.542,79.0469,-547.801,7.99139,3.26125,0.138799,0.0568887,0.988685,57.2811,57.2811,1,1583.38,574.588,1,0
292307555943300,1586.14,543.102,0,143.816,75.6654,-545.658,14.4376,2.2384,0.249136,0.0390575,0.967681,57.1648,57.1648,1,1579.03,612.625,0,204.563,79.0422,-547.832,8.11485,3.20712,0.140937,0.0559455,0.988437,57.2841,57.2841,1,1582.58,577.863,1,0
292307560943300,1572.66,552.386,0,143.825,75.6459,-545.726,14.1973,2.4115,0.245045,0.0420761,0.968598,57.1716,57.1716,1,1581.77,603.959,0,204.592,79.0105,-547.926,8.16,3.05051,0.141737,0.0532163,0.988473,57.2938,57.2938,1,1577.22,578.172,1,0
292307565943300,1583.68,548.267,0,143.861,75.593,-545.924,14.3901,2.32935,0.248317,0.0406436,0.967826,57.1916,57.1916,1,1577.29,619.152,0,204.648,78.986,-548.108,8.06901,3.33362,0.140128,0.0581498,0.988424,57.3115,57.3115,1,1580.48,583.709,1,0
292307570943300,1618.2,579.827,0,143.958,75.6372,-545.982,14.9873,2.88756,0.258276,0.050376,0.964757,57.196,57.196,1,1612.9,632.542,0,204.754,78.9747,-548.345,8.71288,3.56619,0.15119,0.0622015,0.986546,57.3341,57.3341,1,1615.55,606.185,1,0
292307575943300,1681.44,653.45,0,144.109,75.7838,-545.861,16.0744,4.1867,0.276146,0.0730068,0.958339,57.1809,57.1809,1,1696.14,693.026,0,204.861,79.1129,-548.244,10.2162,4.64735,0.176779,0.0810227,0.98091,57.3211,57.3211,1,1688.79,673.238,1,0
292307580943300,1710.98,688.549,0,144.192,75.9295,-545.669,16.5788,4.7948,0.284336,0.0835874,0.955074,57.1592,57.1592,1,1684.35,723.963,0,204.872,79.2108,-548.169,10.0075,5.20221,0.173061,0.090671,0.980729,57.3116,57.3116,1,1697.66,706.256,1,0
292307585943300,1676.93,762.325,0,144.183,76.0906,-545.454,15.9932,6.11819,0.273954,0.10658,0.955819,57.1348,57.1348,1,1667.78,749.284,0,204.846,79.332,-547.982,9.70958,5.66198,0.167831,0.0986594,0.980866,57.2909,57.2909,1,1672.35,755.804,1,0
292307590943300,1648.91,792.293,0,144.159,76.1348,-545.497,15.5054,6.66489,0.265523,0.116062,0.957093,57.1378,57.1378,1,1642.28,790.433,0,204.793,79.4541,-547.813,9.24781,6.41635,0.159698,0.111753,0.98082,57.272,57.272,1,1645.6,791.363,1,0
292307595943300,1627.55,815.123,0,144.134,76.2036,-545.461,15.136,7.07781,0.259121,0.123217,0.957953,57.1327,57.1327,1,1633.8,835.211,0,204.777,79.488,-547.971,9.09293,7.22896,0.15678,0.125835,0.979584,57.286,57.286,1,1630.68,825.167,1,0
292307600943300,1622.97,823.764,0,144.114,76.1392,-545.778,15.0569,7.23003,0.257712,0.125853,0.95799,57.1641,57.1641,1,1617.88,858.391,0,204.754,79.5401,-547.974,8.80326,7.65197,0.151679,0.133155,0.97942,57.285,57.285,1,1620.42,841.078,1,0
292307605943300,1609.05,843.189,0,144.109,76.1838,-545.727,14.8138,7.58196,0.253443,0.131944,0.95831,57.1581,57.1581,1,1607.13,869.831,0,204.749,79.5351,-548.059,8.60796,7.86129,0.148266,0.136775,0.979443,57.2931,57.2931,1,1608.09,856.51,1,0
292307610943300,1597.28,854.408,0,144.104,76.2134,-545.663,14.6071,7.789,0.249862,0.135525,0.95875,57.1514,57.1514,1,1603.51,877.214,0,204.756,79.5395,-548.097,8.53917,7.99678,0.147042,0.139117,0.979298,57.2965,57.2965,1,1600.39,865.811,1,0
292307615943300,1598.97,844.217,0,144.119,76.1975,-545.68,14.6356,7.60683,0.250447,0.132375,0.959038,57.1534,57.1534,1,1614.02,866.189,0,204.784,79.5436,-548.118,8.72865,7.79172,0.150354,0.135572,0.979292,57.2984,57.2984,1,1606.49,855.203,1,0
292307620943300,1590.63,845.124,0,144.126,76.1587,-545.786,14.4905,7.62593,0.248007,0.132705,0.959626,57.1644,57.1644,1,1608.98,859.885,0,204.799,79.5824,-548.034,8.63931,7.67373,0.148868,0.133532,0.9798,57.2896,57.2896,1,1599.81,852.505,1,0
292307625943300,1582.96,842.694,0,144.139,76.1796,-545.689,14.3554,7.58725,0.245766,0.132036,0.960295,57.1547,57.1547,1,1593.78,863.01,0,204.803,79.6157,-547.987,8.36018,7.73443,0.144073,0.134582,0.980373,57.2843,57.2843,1,1588.37,852.852,1,0
292307630943300,1586.66,842.719,0,144.149,76.1626,-545.738,14.4209,7.58433,0.246865,0.131985,0.96002,57.1597,57.1597,1,1596.69,861.239,0,204.823,79.5877,-548.083,8.41203,7.70093,0.144971,0.134002,0.98032,57.294,57.294,1,1591.68,851.979,1,0
292307635943300,1596.2,838.911,0,144.174,76.1951,-545.621,14.5881,7.51018,0.249708,0.130702,0.95946,57.148,57.148,1,1599.15,859.112,0,204.842,79.5878,-548.099,8.45274,7.66308,0.145681,0.133348,0.980304,57.2955,57.2955,1,1597.67,849.011,1,0
292307640943300,1598.74,847.421,0,144.188,76.2173,-545.553,14.6333,7.65923,0.250379,0.133281,0.95893,57.1409,57.1409,1,1597.78,859.498,0,204.851,79.6073,-548.055,8.42668,7.66994,0.145233,0.133466,0.980354,57.2908,57.2908,1,1598.26,853.46,1,0
292307645943300,1599.77,852.801,0,144.207,76.2242,-545.54,14.65,7.75409,0.250601,0.134922,0.958642,57.1396,57.1396,1,1594.47,860.787,0,204.87,79.6171,-548.038,8.36041,7.69751,0.144089,0.133943,0.980458,57.289,57.289,1,1597.12,856.794,1,0
292307650943300,1612.82,853.663,0,144.235,76.231,-545.51,14.8769,7.76154,0.254391,0.13505,0.957625,57.1366,57.1366,1,1581.49,882.718,0,204.883,79.6101,-548.127,8.12187,8.09836,0.13987,0.140873,0.980098,57.2975,57.2975,1,1597.15,868.19,1,0
292307655943300,1617.58,862.212,0,144.248,76.2299,-545.522,14.9595,7.9104,0.25568,0.137624,0.956916,57.1377,57.1377,1,1572.66,881.809,0,204.893,79.6103,-548.125,7.95918,8.08498,0.137091,0.140642,0.980523,57.2973,57.2973,1,1595.12,872.01,1,0
292307660943300,1623.1,847.189,0,144.262,76.1627,-545.676,15.0534,7.64185,0.257412,0.13298,0.957108,57.1539,57.1539,1,1567.1,889.862,0,204.909,79.6454,-548.035,7.85533,8.23231,0.135264,0.143187,0.980409,57.288,57.288,1,1595.1,868.525,1,0
292307665943300,1617.78,850.509,0,144.272,76.1516,-545.702,14.9567,7.70656,0.255759,0.1341,0.957395,57.1566,57.1566,1,1561,896.745,0,204.927,79.616,-548.147,7.74006,8.3606,0.133248,0.145403,0.980359,57.2993,57.2993,1,1589.39,873.627,1,0
292307670943300,1619.18,841.21,0,144.29,76.1674,-545.627,14.9781,7.54252,0.256213,0.131262,0.957667,57.1492,57.1492,1,1566.09,893.979,0,204.945,79.621,-548.14,7.83257,8.30751,0.134849,0.144486,0.980275,57.2985,57.2985,1,1592.64,867.594,1,0
292307675943300,1607.72,848.557,0,144.301,76.1393,-545.74,14.7731,7.6819,0.252703,0.133673,0.958265,57.1606,57.1606,1,1568.47,891.518,0,204.963,79.6191,-548.154,7.87713,8.25941,0.135628,0.143655,0.98029,57.2999,57.2999,1,1588.1,870.038,1,0
292307680943300,1604.38,841.121,0,144.316,76.1386,-545.725,14.7121,7.55255,0.251759,0.131435,0.958823,57.1591,57.1591,1,1589.5,892.621,0,204.99,79.676,-548.002,8.26168,8.26857,0.142201,0.143813,0.979335,57.2841,57.2841,1,1596.94,866.871,1,0
292307685943300,1603.58,841.994,0,144.325,76.1042,-545.834,14.6933,7.57168,0.251433,0.131766,0.958863,57.1702,57.1702,1,1576.93,892.038,0,204.993,79.6773,-548.031,8.03366,8.25936,0.138305,0.143654,0.979916,57.2869,57.2869,1,1590.25,867.016,1,0
292307690943300,1611.67,834.206,0,144.34,76.0798,-545.916,14.8331,7.42815,0.253856,0.129283,0.958563,57.1786,57.1786,1,1578.93,889.603,0,205.007,79.6746,-548.065,8.06999,8.21287,0.138943,0.142851,0.979943,57.2901,57.2901,1,1595.3,861.905,1,0
292307695943300,1614.23,828.142,0,144.352,76.0785,-545.916,14.8774,7.31794,0.25466,0.127375,0.958605,57.1786,57.1786,1,1577.81,887.473,0,205.027,79.6486,-548.174,8.04744,8.17433,0.138571,0.142186,0.980093,57.301,57.301,1,1596.02,857.807,1,0
292307700943300,1598.67,830.348,0,144.361,76.0906,-545.906,14.6054,7.36364,0.250081,0.128166,0.959705,57.1773,57.1773,1,1585.27,877.309,0,205.047,79.6364,-548.208,8.18026,7.9891,0.140907,0.138985,0.980219,57.3045,57.3045,1,1591.97,853.829,1,0
292307705943300,1598.89,826.896,0,144.373,76.0866,-545.927,14.6106,7.29917,0.250204,0.12705,0.959821,57.1794,57.1794,1,1592.22,872.121,0,205.065,79.6311,-548.258,8.30496,7.89222,0.143074,0.13731,0.980141,57.3093,57.3093,1,1595.56,849.509,1,0
292307710943300,1610.49,822.45,0,144.39,76.0849,-545.942,14.8141,7.21132,0.25366,0.125529,0.959114,57.1809,57.1809,1,1590.76,867.394,0,205.078,79.6364,-548.27,8.27354,7.80893,0.142565,0.13587,0.980416,57.3103,57.3103,1,1600.63,844.922,1,0
292307715943300,1620.12,823.224,0,144.416,76.1345,-545.817,14.9831,7.21693,0.256485,0.125626,0.958349,57.1679,57.1679,1,1596.82,871.166,0,205.09,79.6757,-548.186,8.38212,7.87449,0.1444,0.137003,0.979989,57.3015,57.3015,1,1608.47,847.195,1,0
292307720943300,1608.15,839.261,0,144.42,76.2248,-545.629,14.7736,7.50721,0.252814,0.130651,0.958653,57.1479,57.1479,1,1585.91,877.65,0,205.103,79.6613,-548.28,8.18001,7.99623,0.1409,0.139108,0.980202,57.3107,57.3107,1,1597.03,858.455,1,0
292307725943300,1605.24,843.797,0,144.424,76.2162,-545.677,14.7213,7.58979,0.251891,0.13208,0.9587,57.1527,57.1527,1,1589.91,888.966,0,205.124,79.6612,-548.339,8.25142,8.19819,0.142051,0.142598,0.979534,57.3163,57.3163,1,1597.57,866.381,1,0
292307730943300,1602.82,839.305,0,144.444,76.2427,-545.629,14.6773,7.50981,0.251201,0.130696,0.959071,57.1475,57.1475,1,1586.9,885.333,0,205.141,79.6954,-548.276,8.19542,8.13102,0.141117,0.141437,0.979837,57.3094,57.3094,1,1594.86,862.319,1,0
292307735943300,1618.86,838.546,0,144.472,76.2899,-545.516,14.9565,7.48592,0.255886,0.130283,0.957888,57.1357,57.1357,1,1577.96,871.195,0,205.157,79.6795,-548.36,8.03019,7.87672,0.138377,0.137042,0.980852,57.3177,57.3177,1,1598.41,854.87,1,0
292307740943300,1623.22,842.443,0,144.483,76.2331,-545.736,15.032,7.55036,0.25711,0.131398,0.957408,57.1578,57.1578,1,1574.47,875.526,0,205.17,79.6983,-548.364,7.96481,7.95465,0.137232,0.138389,0.980824,57.3176,57.3176,1,1598.85,858.984,1,0
292307745943300,1614.39,841.522,0,144.487,76.2472,-545.724,14.8758,7.53923,0.254506,0.131205,0.958129,57.1563,57.1563,1,1573.23,861.132,0,205.182,79.701,-548.406,7.94191,7.69109,0.136926,0.133832,0.981499,57.3215,57.3215,1,1593.81,851.327,1,0
292307750943300,1611.24,843.347,0,144.491,76.2409,-545.767,14.8204,7.5724,0.25356,0.131779,0.958301,57.1606,57.1606,1,1577.59,858.912,0,205.19,79.7342,-548.336,8.01929,7.64919,0.138265,0.133107,0.98141,57.3141,57.3141,1,1594.41,851.13,1,0
292307755943300,1614.51,841.711,0,144.515,76.3124,-545.602,14.8763,7.5395,0.254513,0.13121,0.958127,57.1432,57.1432,1,1564.9,872.187,0,205.174,79.8185,-548.178,7.78553,7.89311,0.134182,0.137325,0.981395,57.2971,57.2971,1,1589.7,856.949,1,0
292307760943300,1601.35,849.978,0,144.518,76.3421,-545.558,14.6435,7.69496,0.250527,0.133899,0.958805,57.1383,57.1383,1,1567.04,896.783,0,205.194,79.8102,-548.325,7.82522,8.33375,0.134714,0.144939,0.980227,57.3112,57.3112,1,1584.2,873.381,1,0
292307765943300,1607.55,837.52,0,144.536,76.3696,-545.506,14.7522,7.46659,0.252479,0.129948,0.958837,57.1327,57.1327,1,1573.43,892.713,0,205.207,79.8456,-548.262,7.94238,8.25461,0.136746,0.143572,0.980147,57.3043,57.3043,1,1590.49,865.117,1,0
292307770943300,1611.31,840.522,0,144.55,76.364,-545.555,14.8149,7.51856,0.253499,0.130847,0.958445,57.1375,57.1375,1,1585.87,899.748,0,205.221,79.9185,-548.097,8.17048,8.37342,0.140604,0.145624,0.979298,57.287,57.287,1,1598.59,870.135,1,0
292307775943300,1617.69,824.405,0,144.567,76.3596,-545.576,14.9221,7.2297,0.255458,0.125848,0.958595,57.1396,57.1396,1,1580.72,886.246,0,205.221,79.9375,-548.071,8.07721,8.1283,0.139096,0.14139,0.980133,57.284,57.284,1,1599.21,855.326,1,0
292307780943300,1619.24,832.529,0,144.576,76.3873,-545.541,14.947,7.37352,0.255793,0.128337,0.958175,57.1355,57.1355,1,1580.49,882.331,0,205.237,79.9141,-548.162,8.07214,8.05648,0.139034,0.140149,0.98032,57.2932,57.2932,1,1599.87,857.43,1,0
292307785943300,1618.77,829.68,0,144.584,76.3763,-545.592,14.9378,7.3224,0.255668,0.127452,0.958326,57.1406,57.1406,1,1573.65,885.215,0,205.242,79.9185,-548.196,7.94586,8.1102,0.136855,0.141077,0.980494,57.2963,57.2963,1,1596.21,857.448,1,0
292307790943300,1615.28,831.706,0,144.587,76.3558,-545.695,14.8715,7.36358,0.254535,0.128165,0.958533,57.1508,57.1508,1,1581,884.943,0,205.251,79.9263,-548.216,8.0783,8.10258,0.139123,0.140946,0.980193,57.298,57.298,1,1598.14,858.324,1,0
292307795943300,1611.17,826.173,0,144.588,76.315,-545.838,14.7994,7.26579,0.253384,0.126472,0.959063,57.1653,57.1653,1,1595.61,891.197,0,205.271,79.9218,-548.283,8.34218,8.21082,0.143597,0.142816,0.979277,57.3044,57.3044,1,1603.39,858.685,1,0
292307800943300,1589.53,835.677,0,144.568,76.2955,-545.972,14.4222,7.44405,0.246966,0.129558,0.960324,57.1784,57.1784,1,1600.68,877.024,0,205.285,79.8997,-548.37,8.43379,7.95145,0.145256,0.138334,0.979676,57.3131,57.3131,1,1595.11,856.351,1,0
292307805943300,1590.85,831.609,0,144.578,76.3037,-545.97,14.4453,7.36897,0.247395,0.128258,0.960388,57.1781,57.1781,1,1605.4,879.576,0,205.293,79.9057,-548.403,8.51808,7.99545,0.146682,0.139095,0.979356,57.3161,57.3161,1,1598.12,855.593,1,0
292307810943300,1595.49,815.695,0,144.588,76.3027,-545.991,14.5268,7.08007,0.248921,0.123256,0.960649,57.18,57.18,1,1604.47,864.421,0,205.295,79.8963,-548.454,8.50147,7.71986,0.146495,0.13433,0.980048,57.3211,57.3211,1,1599.98,840.058,1,0
292307815943300,1591.18,821.882,0,144.591,76.3221,-545.97,14.452,7.19087,0.247605,0.125175,0.960741,57.1775,57.1775,1,1608.3,864.05,0,205.302,79.909,-548.473,8.57085,7.70983,0.147685,0.134156,0.979894,57.3226,57.3226,1,1599.74,842.966,1,0
292307820943300,1590.61,823.6,0,144.592,76.3215,-546.013,14.4422,7.21991,0.247426,0.125678,0.960721,57.1816,57.1816,1,1598.27,848.56,0,205.307,79.9053,-548.507,8.38738,7.43095,0.14464,0.129331,0.980996,57.3258,57.3258,1,1594.44,836.08,1,0
292307825943300,1591.84,837.828,0,144.606,76.4094,-545.797,14.4628,7.47269,0.247631,0.130054,0.960086,57.1591,57.1591,1,1599.43,835.695,0,205.31,79.9154,-548.478,8.40919,7.19523,0.14509,0.125251,0.981459,57.3229,57.3229,1,1595.64,836.761,1,0
292307830943300,1595.38,835.448,0,144.615,76.4132,-545.797,14.5253,7.42681,0.248704,0.12926,0.959916,57.1589,57.1589,1,1593.49,847.198,0,205.313,79.9223,-548.509,8.2988,7.40638,0.143131,0.128906,0.981273,57.3256,57.3256,1,1594.43,841.323,1,0
292307835943300,1587.94,824.728,0,144.611,76.3959,-545.814,14.3953,7.23963,0.246628,0.126019,0.960882,57.161,57.161,1,1586.18,861.52,0,205.304,79.9601,-548.452,8.16617,7.66693,0.140775,0.133414,0.981011,57.3193,57.3193,1,1587.06,843.124,1,0
292307840943300,1592.99,831.729,0,144.62,76.3867,-545.874,14.4838,7.36045,0.248045,0.128111,0.96024,57.1669,57.1669,1,1581.75,857.956,0,205.304,79.9763,-548.41,8.08349,7.6045,0.139379,0.132334,0.981357,57.315,57.315,1,1587.37,844.842,1,0
292307845943300,1585.96,831.392,0,144.618,76.3928,-545.862,14.3599,7.35841,0.245969,0.128076,0.960779,57.1657,57.1657,1,1592.96,862.1,0,205.32,79.9645,-548.455,8.28731,7.67586,0.142846,0.133569,0.980691,57.3195,57.3195,1,1589.46,846.746,1,0
292307850943300,1595,830.731,0,144.624,76.4189,-545.791,14.5186,7.34139,0.24864,0.127781,0.96013,57.1583,57.1583,1,1582.74,887.243,0,205.296,80.0287,-548.343,8.1035,8.13184,0.139544,0.141451,0.980061,57.3073,57.3073,1,1588.87,858.987,1,0
292307855943300,1568.72,828.338,0,144.583,76.4267,-545.766,14.0586,7.314,0.240937,0.127307,0.962155,57.1557,57.1557,1,1572.52,890.58,0,205.255,80.0419,-548.281,7.92177,8.1951,0.136413,0.142544,0.980343,57.3012,57.3012,1,1570.62,859.459,1,0
292307860943300,1534.5,844.951,0,144.53,76.4314,-545.784,13.4559,7.63128,0.230636,0.132798,0.963936,57.1573,57.1573,1,1553.3,893.728,0,205.204,80.0042,-548.366,7.56926,8.26496,0.130356,0.143751,0.980991,57.3101,57.3101,1,1543.9,869.339,1,0
292307865943300,1513.04,853.44,0,144.491,76.3756,-545.979,13.0755,7.79639,0.224144,0.135653,0.965069,57.1771,57.1771,1,1522.8,903.482,0,205.173,79.9464,-548.562,7.01178,8.45275,0.120747,0.146994,0.98174,57.33,57.33,1,1517.92,878.461,1,0
292307870943300,1529.45,846.27,0,144.507,76.3569,-546.019,13.365,7.65989,0.229091,0.133292,0.964236,57.1813,57.1813,1,1525.77,919.343,0,205.202,79.8729,-548.853,7.06361,8.73907,0.121544,0.151935,0.980889,57.3592,57.3592,1,1527.61,882.806,1,0
292307875943300,1532.11,843.944,0,144.524,76.358,-546.003,13.4126,7.61527,0.229916,0.132521,0.964146,57.1798,57.1798,1,1536.04,913.512,0,205.212,79.8902,-548.775,7.25139,8.63021,0.124794,0.150057,0.98077,57.3514,57.3514,1,1534.08,878.728,1,0
292307880943300,1528.26,843.581,0,144.527,76.3627,-545.987,13.3446,7.61027,0.228773,0.132434,0.964429,57.1781,57.1781,1,1536.19,905.43,0,205.221,79.8945,-548.747,7.25242,8.48477,0.124859,0.147546,0.981142,57.3487,57.3487,1,1532.23,874.506,1,0
292307885943300,1534.18,839.018,0,144.535,76.3538,-545.994,13.4489,7.52584,0.230574,0.130973,0.9642,57.179,57.179,1,1531.68,913.055,0,205.223,79.8879,-548.803,7.1691,8.62381,0.123387,0.149946,0.980965,57.3542,57.3542,1,1532.93,876.037,1,0
292307890943300,1538.67,838.324,0,144.545,76.3534,-545.997,13.527,7.5115,0.231896,0.130725,0.963917,57.1793,57.1793,1,1528.34,908.682,0,205.238,79.8708,-548.857,7.1069,8.54517,0.122348,0.148589,0.981301,57.3596,57.3596,1,1533.5,873.503,1,0
292307895943300,1544.49,839.593,0,144.555,76.3576,-545.983,13.6295,7.53099,0.23361,0.131062,0.963457,57.1779,57.1779,1,1523.48,898.819,0,205.233,79.9014,-548.743,7.01778,8.36812,0.120877,0.145533,0.981942,57.3481,57.3481,1,1533.99,869.206,1,0
292307900943300,1539.93,841.009,0,144.562,76.3647,-545.95,13.5497,7.55772,0.232253,0.131525,0.963722,57.1746,57.1746,1,1522.26,901.019,0,205.247,79.8688,-548.853,6.99431,8.40837,0.120462,0.146228,0.981889,57.3593,57.3593,1,1531.1,871.014,1,0
292307905943300,1535.14,840.348,0,144.563,76.362,-545.954,13.4647,7.54832,0.230828,0.131362,0.964086,57.1751,57.1751,1,1515.15,898.76,0,205.238,79.9101,-548.718,6.86311,8.37022,0.118225,0.145569,0.982259,57.3456,57.3456,1,1525.14,869.554,1,0
292307910943300,1534.74,842.998,0,144.574,76.3981,-545.855,13.4572,7.59544,0.230677,0.132178,0.964011,57.1649,57.1649,1,1513.74,893.442,0,205.252,79.891,-548.761,6.83556,8.27503,0.117781,0.143925,0.982554,57.3501,57.3501,1,1524.24,868.22,1,0
292307915943300,1533.71,835.112,0,144.573,76.3613,-545.937,13.4378,7.45636,0.230425,0.129771,0.964398,57.1734,57.1734,1,1502.85,885.905,0,205.246,79.8807,-548.777,6.63449,8.14279,0.11437,0.14164,0.983289,57.3519,57.3519,1,1518.28,860.509,1,0
292307920943300,1538.29,838.826,0,144.584,76.3916,-545.853,13.5188,7.51997,0.231754,0.130872,0.963931,57.1648,57.1648,1,1503.89,889.482,0,205.246,79.9208,-548.675,6.65451,8.20537,0.114696,0.142722,0.983095,57.3413,57.3413,1,1521.09,864.154,1,0
292307925943300,1539.14,841.667,0,144.581,76.3474,-545.975,13.5339,7.57058,0.231981,0.131747,0.963757,57.1774,57.1774,1,1502.64,888.65,0,205.253,79.9058,-548.716,6.63039,8.19148,0.114286,0.142482,0.983177,57.3455,57.3455,1,1520.89,865.159,1,0
292307930943300,1538.76,835.8,0,144.582,76.3504,-545.946,13.5261,7.46716,0.231905,0.129958,0.964018,57.1746,57.1746,1,1505.63,894.244,0,205.268,79.8765,-548.819,6.68359,8.29295,0.115169,0.144234,0.982819,57.3559,57.3559,1,1522.2,865.022,1,0
292307935943300,1534.69,844.922,0,144.58,76.3321,-546.003,13.4544,7.63249,0.23061,0.132818,0.963939,57.1804,57.1804,1,1513.87,880.156,0,205.27,79.894,-548.716,6.83449,8.03572,0.117833,0.13979,0.983145,57.3458,57.3458,1,1524.28,862.539,1,0
292307940943300,1537.42,847.049,0,144.577,76.2935,-546.097,13.5024,7.6704,0.231397,0.133474,0.96366,57.1902,57.1902,1,1516.25,880.855,0,205.27,79.9185,-548.64,6.87755,8.04807,0.118568,0.140004,0.983026,57.338,57.338,1,1526.84,863.952,1,0
292307945943300,1540.12,848.092,0,144.587,76.325,-545.987,13.5502,7.68754,0.232192,0.133771,0.963427,57.179,57.179,1,1513.23,885.799,0,205.266,79.9416,-548.586,6.8216,8.13868,0.117582,0.14157,0.98292,57.3323,57.3323,1,1526.67,866.945,1,0
292307950943300,1535.16,850.968,0,144.583,76.3313,-545.975,13.4627,7.74161,0.230691,0.134706,0.963658,57.1778,57.1778,1,1519.01,890.013,0,205.269,79.956,-548.548,6.92782,8.21292,0.119382,0.142852,0.982518,57.3285,57.3285,1,1527.08,870.491,1,0
292307955943300,1540.87,849.265,0,144.593,76.3483,-545.915,13.5631,7.70837,0.232397,0.134131,0.963328,57.1717,57.1717,1,1512.56,887.662,0,205.272,79.9367,-548.615,6.80977,8.17147,0.117369,0.142136,0.982864,57.3353,57.3353,1,1526.71,868.464,1,0
292307960943300,1537.39,846.943,0,144.584,76.3165,-546.004,13.5017,7.66903,0.231386,0.133451,0.963666,57.1809,57.1809,1,1517.5,887.8,0,205.272,79.9686,-548.522,6.9004,8.17202,0.118924,0.142145,0.982676,57.3257,57.3257,1,1527.44,867.371,1,0
292307965943300,1533.92,848.536,0,144.58,76.3249,-545.986,13.4409,7.69905,0.230347,0.13397,0.963843,57.179,57.179,1,1517.74,887.04,0,205.27,79.9712,-548.511,6.90533,8.15785,0.119013,0.141901,0.9827,57.3246,57.3246,1,1525.83,867.788,1,0
292307970943300,1531.08,850.782,0,144.574,76.3148,-546.039,13.3904,7.74045,0.229476,0.134686,0.963951,57.1842,57.1842,1,1524.83,899.336,0,205.274,79.953,-548.6,7.037,8.37692,0.121203,0.145684,0.981879,57.3334,57.3334,1,1527.95,875.059,1,0
292307975943300,1544.19,843.98,0,144.582,76.3356,-545.986,13.6213,7.61215,0.233428,0.132467,0.963309,57.1787,57.1787,1,1521.55,893.444,0,205.264,79.956,-548.568,6.97735,8.27172,0.120213,0.143868,0.982268,57.3304,57.3304,1,1532.87,868.712,1,0
292307980943300,1543.34,845.55,0,144.571,76.3415,-545.984,13.6072,7.64042,0.233176,0.132956,0.963302,57.1784,57.1784,1,1519.37,893.057,0,205.251,79.9538,-548.584,6.94117,8.26283,0.119596,0.143714,0.982366,57.3319,57.3319,1,1531.36,869.304,1,0
292307985943300,1528.11,839.445,0,144.531,76.3819,-545.856,13.3411,7.5395,0.228753,0.13121,0.964601,57.1653,57.1653,1,1534.64,899.809,0,205.2,80.0276,-548.347,7.22853,8.37815,0.124484,0.145706,0.981465,57.3077,57.3077,1,1531.37,869.627,1,0
292307990943300,1504.1,845.978,0,144.429,76.4729,-545.604,12.9268,7.6665,0.221706,0.133407,0.965945,57.1393,57.1393,1,1472.21,887.312,0,205.043,80.0907,-548.122,6.08797,8.17493,0.104978,0.142196,0.984256,57.285,57.285,1,1488.16,866.645,1,0
292307995943300,1377.75,855.341,0,144.193,76.5303,-545.451,10.6788,7.89595,0.183546,0.137374,0.973365,57.1235,57.1235,1,1402.9,904.566,0,204.848,80.1006,-548.185,4.83103,8.49649,0.0832931,0.147749,0.985511,57.2907,57.2907,1,1390.33,879.953,1,0
292308000943300,1274.31,896.658,0,143.984,76.4358,-545.848,8.80813,8.69102,0.151368,0.151106,0.97686,57.1632,57.1632,1,1296.73,911.059,0,204.653,80.0732,-548.291,2.87074,8.64032,0.0495145,0.150231,0.98741,57.3013,57.3013,1,1285.52,903.858,1,0
292308005943300,1261.18,887.448,0,143.882,76.3995,-545.935,8.58001,8.52496,0.147542,0.14824,0.977884,57.1723,57.1723,1,1276.73,915.435,0,204.544,80.0758,-548.333,2.50809,8.72305,0.0432543,0.151659,0.987486,57.3052,57.3052,1,1268.96,901.442,1,0
292308010943300,1258.87,842.25,0,143.809,76.3373,-546.054,8.5427,7.70835,0.147204,0.134131,0.979969,57.1851,57.1851,1,1265.43,908.423,0,204.476,79.9787,-548.57,2.30812,8.5947,0.0398211,0.149444,0.987968,57.3299,57.3299,1,1262.15,875.337,1,0
292308015943300,1228.3,844.746,0,143.761,76.326,-546.089,7.98481,7.7653,0.137637,0.135116,0.981224,57.1886,57.1886,1,1257.8,921.55,0,204.418,80.0118,-548.458,2.1689,8.83865,0.0373959,0.153652,0.987417,57.3186,57.3186,1,1243.05,883.148,1,0
292308020943300,1214.09,839.226,0,143.723,76.2851,-546.225,7.72626,7.66837,0.133238,0.133439,0.98206,57.2025,57.2025,1,1244.49,918.785,0,204.395,79.9779,-548.564,1.92302,8.79051,0.0331625,0.152822,0.987697,57.3294,57.3294,1,1229.29,879.005,1,0
292308025943300,1222.5,853.305,0,143.733,76.3035,-546.218,7.88034,7.92103,0.135797,0.137808,0.981106,57.2013,57.2013,1,1245.53,925.09,0,204.395,79.9785,-548.608,1.94301,8.90326,0.0334969,0.154767,0.987383,57.3335,57.3335,1,1234.01,889.197,1,0
292308030943300,1233.69,852.191,0,143.725,76.2863,-546.286,8.0859,7.89857,0.139323,0.13742,0.980665,57.2082,57.2082,1,1251.45,923.234,0,204.397,80.0072,-548.526,2.05295,8.86859,0.0353948,0.154169,0.98741,57.3251,57.3251,1,1242.57,887.713,1,0
292308035943300,1239.55,842.738,0,143.727,76.316,-546.192,8.19394,7.72405,0.141231,0.134402,0.980811,57.1986,57.1986,1,1244.19,917.472,0,204.38,80.0242,-548.488,1.9188,8.76391,0.0330922,0.152363,0.98777,57.3211,57.3211,1,1241.87,880.105,1,0
292308040943300,1233.73,854.221,0,143.71,76.3381,-546.188,8.08834,7.93426,0.139353,0.138037,0.980575,57.1976,57.1976,1,1239.47,926.416,0,204.37,80.022,-548.548,1.83194,8.92582,0.0315808,0.155156,0.987385,57.3268,57.3268,1,1236.6,890.319,1,0
292308045943300,1237.86,850.322,0,143.697,76.3387,-546.218,8.16448,7.86226,0.14068,0.136792,0.98056,57.2005,57.2005,1,1248.58,923.949,0,204.363,80.0337,-548.541,2.00117,8.88189,0.0345011,0.154398,0.987406,57.3258,57.3258,1,1243.22,887.135,1,0
292308050943300,1245.55,844.798,0,143.695,76.3712,-546.14,8.30688,7.75758,0.143153,0.134982,0.980453,57.1923,57.1923,1,1257.38,919.239,0,204.361,80.0234,-548.577,2.16454,8.79699,0.0373251,0.152934,0.987531,57.3295,57.3295,1,1251.47,882.018,1,0
292308055943300,1229.17,834.492,0,143.676,76.3878,-546.086,8.00761,7.57559,0.138089,0.131834,0.981606,57.1868,57.1868,1,1238.08,916.054,0,204.338,80.0304,-548.561,1.80662,8.74073,0.0311601,0.151963,0.987895,57.3278,57.3278,1,1233.63,875.273,1,0
292308060943300,1229.12,829.687,0,143.668,76.3871,-546.09,8.00725,7.48797,0.138111,0.130318,0.981806,57.1872,57.1872,1,1235.69,903.257,0,204.332,80.017,-548.594,1.76249,8.50814,0.0304179,0.14795,0.988527,57.3312,57.3312,1,1232.41,866.472,1,0
292308065943300,1228.89,826.505,0,143.657,76.3984,-546.063,8.00462,7.42871,0.138084,0.129292,0.981945,57.1843,57.1843,1,1230.37,913.261,0,204.317,80.0684,-548.476,1.6645,8.68928,0.0287136,0.151076,0.988105,57.3189,57.3189,1,1229.63,869.883,1,0
292308070943300,1231.2,830.328,0,143.65,76.4104,-546.068,8.04818,7.49572,0.138809,0.130452,0.98169,57.1845,57.1845,1,1236.77,904.858,0,204.313,80.0892,-548.406,1.78406,8.53496,0.0307879,0.148413,0.988446,57.3117,57.3117,1,1233.98,867.593,1,0
292308075943300,1226.75,829.833,0,143.632,76.4239,-546.078,7.96862,7.48544,0.137449,0.130274,0.981904,57.1852,57.1852,1,1251.83,899.932,0,204.321,80.0867,-548.442,2.06558,8.44076,0.035653,0.146787,0.988525,57.3151,57.3151,1,1239.29,864.882,1,0
292308080943300,1234.95,834.762,0,143.628,76.4518,-546.022,8.12122,7.56963,0.140037,0.131731,0.981344,57.1792,57.1792,1,1232.44,894.71,0,204.29,80.0932,-548.435,1.70745,8.34545,0.0294808,0.145141,0.988972,57.3143,57.3143,1,1233.69,864.736,1,0
292308085943300,1239.79,829.143,0,143.619,76.451,-546.026,8.21218,7.46331,0.141629,0.129891,0.981361,57.1796,57.1796,1,1242.3,897.369,0,204.298,80.0792,-548.498,1.8911,8.39246,0.0326465,0.145953,0.988753,57.3206,57.3206,1,1241.04,863.256,1,0
292308090943300,1244.39,834.831,0,143.611,76.4644,-546.021,8.29798,7.56377,0.143066,0.13163,0.980921,57.1788,57.1788,1,1241.55,893.587,0,204.277,80.1003,-548.446,1.87894,8.32287,0.0324425,0.144751,0.988936,57.3152,57.3152,1,1242.97,864.209,1,0
292308095943300,1248.84,835.795,0,143.605,76.4585,-546.054,8.38063,7.57873,0.144475,0.131888,0.98068,57.182,57.182,1,1250.92,898.784,0,204.279,80.1341,-548.36,2.05365,8.41559,0.0354494,0.146352,0.988597,57.3062,57.3062,1,1249.88,867.289,1,0
292308100943300,1248.86,832.549,0,143.593,76.4578,-546.076,8.38205,7.51882,0.14452,0.130852,0.980812,57.1841,57.1841,1,1240.84,901.531,0,204.267,80.0993,-548.505,1.86789,8.4649,0.0322399,0.147204,0.988581,57.3208,57.3208,1,1244.85,867.04,1,0
292308105943300,1253.11,829.273,0,143.59,76.4749,-546.047,8.46026,7.45749,0.145879,0.129791,0.980752,57.1809,57.1809,1,1250.47,901.579,0,204.256,80.1584,-548.352,2.04828,8.46319,0.0353523,0.147174,0.988479,57.3049,57.3049,1,1251.79,865.426,1,0
292308110943300,1257.76,834.252,0,143.582,76.4929,-546.033,8.54615,7.5464,0.147319,0.131329,0.980331,57.1791,57.1791,1,1250.89,902.575,0,204.249,80.1447,-548.405,2.05839,8.47908,0.0355253,0.147448,0.988432,57.3102,57.3102,1,1254.33,868.414,1,0
292308115943300,1255.63,833.556,0,143.566,76.48,-546.102,8.50777,7.53421,0.146666,0.131118,0.980458,57.1859,57.1859,1,1244.15,905.189,0,204.235,80.1584,-548.387,1.93425,8.52581,0.0333796,0.148255,0.988386,57.3082,57.3082,1,1249.89,869.373,1,0
292308120943300,1254.82,849.057,0,143.556,76.4893,-546.161,8.49387,7.8142,0.146332,0.135961,0.979848,57.1913,57.1913,1,1250.56,903.543,0,204.23,80.165,-548.363,2.05496,8.49407,0.0354647,0.147707,0.988395,57.3058,57.3058,1,1252.69,876.3,1,0
292308125943300,1251.02,842.212,0,143.54,76.4721,-546.224,8.4245,7.69207,0.145188,0.133849,0.980309,57.1977,57.1977,1,1250.16,909.788,0,204.224,80.1569,-548.411,2.04895,8.60667,0.0353506,0.14965,0.988107,57.3105,57.3105,1,1250.59,876,1,0
292308130943300,1243.49,848.92,0,143.533,76.5212,-546.121,8.28712,7.81589,0.142795,0.13599,0.980365,57.1868,57.1868,1,1244.71,909.182,0,204.218,80.1549,-548.43,1.94776,8.59593,0.0336065,0.149465,0.988196,57.3123,57.3123,1,1244.1,879.051,1,0
292308135943300,1239.02,856.038,0,143.522,76.5313,-546.125,8.20573,7.9467,0.141357,0.138252,0.980257,57.1869,57.1869,1,1251.34,906.364,0,204.21,80.1626,-548.415,2.07133,8.5451,0.0357425,0.148588,0.988253,57.3108,57.3108,1,1245.18,881.201,1,0
292308140943300,1230.56,860.58,0,143.505,76.5227,-546.182,8.05123,8.032,0.138684,0.139726,0.98043,57.1924,57.1924,1,1251,901.095,0,204.202,80.1717,-548.393,2.06541,8.44915,0.0356492,0.146932,0.988504,57.3084,57.3084,1,1240.78,880.838,1,0
292308145943300,1237.37,861.967,0,143.499,76.5298,-546.18,8.17646,8.05534,0.140819,0.140129,0.980068,57.1921,57.1921,1,1260.01,896.068,0,204.195,80.1474,-548.479,2.2341,8.35724,0.0385685,0.145345,0.988629,57.3171,57.3171,1,1248.69,879.017,1,0
292308150943300,1235.41,859.928,0,143.484,76.5126,-546.255,8.14111,8.01917,0.140227,0.139504,0.980242,57.1996,57.1996,1,1258.94,891.758,0,204.192,80.1249,-548.559,2.21459,8.27899,0.0382396,0.143993,0.98884,57.3252,57.3252,1,1247.18,875.843,1,0
292308155943300,1244.09,856.999,0,143.482,76.5048,-546.277,8.3009,7.96237,0.14298,0.138523,0.979984,57.2019,57.2019,1,1260.76,890.434,0,204.186,80.1355,-548.547,2.24856,8.25482,0.0388282,0.143576,0.988877,57.3239,57.3239,1,1252.42,873.717,1,0
292308160943300,1236.79,858.843,0,143.474,76.5414,-546.197,8.16764,7.99809,0.140688,0.13914,0.980228,57.1934,57.1934,1,1255.77,881.381,0,204.177,80.1273,-548.557,2.15676,8.08957,0.0372593,0.140721,0.989348,57.3249,57.3249,1,1246.28,870.112,1,0
292308165943300,1234.22,866.408,0,143.46,76.5534,-546.183,8.12218,8.13562,0.139862,0.141517,0.980006,57.1918,57.1918,1,1252.98,883.224,0,204.164,80.1576,-548.477,2.10593,8.12236,0.0363784,0.141288,0.9893,57.3167,57.3167,1,1243.6,874.816,1,0
292308170943300,1233.41,839.793,0,143.452,76.5326,-546.211,8.10758,7.65242,0.139776,0.133163,0.981188,57.1949,57.1949,1,1247.61,887.878,0,204.158,80.1469,-548.547,2.00661,8.20708,0.0346561,0.142751,0.989152,57.3235,57.3235,1,1240.51,863.835,1,0
292308175943300,1222.37,822.087,0,143.433,76.5278,-546.189,7.90572,7.33496,0.136418,0.12767,0.98239,57.193,57.193,1,1240.57,886.394,0,204.147,80.1477,-548.549,1.87654,8.17995,0.0324128,0.142283,0.989295,57.3237,57.3237,1,1231.47,854.24,1,0
292308180943300,1228.83,821.081,0,143.422,76.5174,-546.247,8.026,7.31249,0.138487,0.127281,0.982151,57.1987,57.1987,1,1228.77,901.294,0,204.122,80.2022,-548.442,1.65834,8.45115,0.0286251,0.146966,0.988727,57.3123,57.3123,1,1228.8,861.187,1,0
292308185943300,1223.92,821.436,0,143.407,76.5119,-546.275,7.93703,7.32019,0.136959,0.127414,0.982348,57.2015,57.2015,1,1224.58,905.604,0,204.106,80.2046,-548.445,1.58101,8.5313,0.0272851,0.14835,0.988558,57.3124,57.3124,1,1224.25,863.52,1,0
292308190943300,1231.78,823.94,0,143.392,76.5424,-546.211,8.0837,7.36195,0.13946,0.128137,0.981902,57.1947,57.1947,1,1228.62,901.531,0,204.095,80.2233,-548.385,1.65688,8.45739,0.0285995,0.147074,0.988712,57.3064,57.3064,1,1230.2,862.735,1,0
292308195943300,1240.54,833.911,0,143.384,76.5596,-546.194,8.24543,7.5409,0.142173,0.131234,0.981104,57.1926,57.1926,1,1225.83,906.533,0,204.082,80.2028,-548.476,1.60639,8.54845,0.0277217,0.148646,0.988502,57.3154,57.3154,1,1233.18,870.222,1,0
292308200943300,1241.31,832.259,0,143.369,76.5714,-546.164,8.26089,7.51117,0.142448,0.130719,0.981133,57.1895,57.1895,1,1242.55,901.707,0,204.102,80.137,-548.677,1.91811,8.45831,0.0331069,0.14709,0.988569,57.3361,57.3361,1,1241.93,866.983,1,0
292308205943300,1243.64,834.432,0,143.355,76.5333,-546.285,8.30531,7.54809,0.143196,0.131358,0.980938,57.2019,57.2019,1,1231.19,897.852,0,204.068,80.1913,-548.504,1.70813,8.3896,0.0294891,0.145903,0.988859,57.3184,57.3184,1,1237.41,866.142,1,0
292308210943300,1241.41,844.41,0,143.343,76.5482,-546.261,8.26656,7.72861,0.142473,0.134481,0.98062,57.1993,57.1993,1,1246.56,891.444,0,204.072,80.1411,-548.654,1.99533,8.27166,0.0344558,0.143867,0.988997,57.3338,57.3338,1,1243.99,867.927,1,0
292308215943300,1235.37,846.759,0,143.336,76.5765,-546.176,8.15678,7.77328,0.140579,0.135253,0.980788,57.1906,57.1906,1,1242.98,900.194,0,204.057,80.1417,-548.672,1.93015,8.43142,0.0333171,0.146626,0.988631,57.3354,57.3354,1,1239.18,873.477,1,0
292308220943300,1241.6,844.613,0,143.324,76.5539,-546.253,8.27156,7.7326,0.142557,0.13455,0.980599,57.1983,57.1983,1,1262.42,918.183,0,204.047,80.2218,-548.479,2.29382,8.75482,0.0395576,0.152206,0.987557,57.3152,57.3152,1,1252.01,881.398,1,0
292308225943300,1239.37,850.668,0,143.315,76.574,-546.209,8.23274,7.84127,0.141856,0.136429,0.980441,57.1937,57.1937,1,1241.59,902.255,0,204.022,80.1329,-548.725,1.90815,8.46854,0.0329342,0.147266,0.988548,57.3406,57.3406,1,1240.48,876.461,1,0
292308230943300,1250.61,849.98,0,143.317,76.5634,-546.235,8.43881,7.8253,0.145387,0.136153,0.979962,57.1964,57.1964,1,1262.97,917.852,0,204.014,80.2128,-548.514,2.30734,8.74889,0.0397913,0.152104,0.987563,57.3188,57.3188,1,1256.79,883.916,1,0
292308235943300,1241.8,849.074,0,143.297,76.5775,-546.208,8.27928,7.81115,0.142662,0.135908,0.980396,57.1935,57.1935,1,1268.47,922.982,0,204.001,80.2067,-548.527,2.41152,8.84199,0.0415765,0.15371,0.987241,57.3201,57.3201,1,1255.14,886.028,1,0
292308240943300,1238.05,842.936,0,143.27,76.5231,-546.366,8.21235,7.70034,0.141554,0.133992,0.98082,57.2097,57.2097,1,1264.65,930.173,0,203.98,80.2106,-548.533,2.34198,8.9735,0.0403637,0.155978,0.986936,57.3206,57.3206,1,1251.35,886.555,1,0
292308245943300,1237.9,845.278,0,143.249,76.541,-546.343,8.21065,7.74455,0.14151,0.134757,0.980722,57.2071,57.2071,1,1266,931.355,0,203.966,80.2131,-548.52,2.3683,8.99541,0.0408146,0.156355,0.986857,57.3193,57.3193,1,1251.95,888.316,1,0
292308250943300,1240.69,852.709,0,143.237,76.5686,-546.29,8.26263,7.8796,0.142354,0.137092,0.980276,57.2014,57.2014,1,1253.02,923.288,0,203.94,80.2451,-548.398,2.1283,8.85018,0.0366951,0.153851,0.987412,57.3071,57.3071,1,1246.85,887.999,1,0
292308255943300,1241.88,844.931,0,143.225,76.6028,-546.179,8.2863,7.73747,0.142808,0.134634,0.980551,57.1901,57.1901,1,1248.29,917.889,0,203.925,80.221,-548.454,2.04263,8.75153,0.0352281,0.15215,0.987729,57.3129,57.3129,1,1245.08,881.41,1,0
292308260943300,1220.37,826.738,0,143.186,76.5716,-546.223,7.89444,7.41367,0.1362,0.129032,0.982242,57.1951,57.1951,1,1229.46,908.9,0,203.904,80.1862,-548.539,1.69412,8.58922,0.029232,0.149349,0.988352,57.3218,57.3218,1,1224.91,867.819,1,0
292308265943300,1222.12,831.239,0,143.17,76.5662,-546.246,7.92827,7.49507,0.136755,0.130441,0.981979,57.1974,57.1974,1,1220.91,908.031,0,203.887,80.1996,-548.492,1.53624,8.57335,0.0265096,0.149075,0.98847,57.317,57.317,1,1221.51,869.635,1,0
292308270943300,1230.74,831.538,0,143.162,76.5874,-546.198,8.08861,7.49588,0.139502,0.130455,0.981591,57.1923,57.1923,1,1224.22,907.566,0,203.865,80.2123,-548.444,1.59848,8.5679,0.0275838,0.148981,0.988455,57.3122,57.3122,1,1227.48,869.552,1,0
292308275943300,1241.18,830.027,0,143.149,76.5921,-546.189,8.28259,7.46329,0.142835,0.129891,0.981186,57.1913,57.1913,1,1230.28,902.011,0,203.856,80.1774,-548.526,1.71324,8.46653,0.0295714,0.147232,0.98866,57.3208,57.3208,1,1235.73,866.019,1,0
292308280943300,1244.32,839.302,0,143.126,76.5713,-546.284,8.34251,7.63019,0.143806,0.132779,0.980658,57.2008,57.2008,1,1233.46,907.149,0,203.834,80.1929,-548.479,1.77408,8.56127,0.0306136,0.148867,0.988383,57.316,57.316,1,1238.89,873.226,1,0
292308285943300,1241.95,845.285,0,143.109,76.598,-546.237,8.30089,7.73911,0.143056,0.134663,0.980511,57.1957,57.1957,1,1246.05,916.006,0,203.844,80.1301,-548.685,2.00885,8.72225,0.0346484,0.151645,0.987828,57.3369,57.3369,1,1244,880.645,1,0
292308290943300,1240.83,838.866,0,143.091,76.6005,-546.255,8.2816,7.62226,0.142766,0.132641,0.980828,57.1973,57.1973,1,1234.98,912.724,0,203.789,80.1691,-548.539,1.80785,8.66285,0.0311878,0.15062,0.9881,57.3222,57.3222,1,1237.91,875.795,1,0
292308295943300,1248.86,831.002,0,143.055,76.6617,-546.1,8.43402,7.47398,0.145424,0.130076,0.980781,57.1812,57.1812,1,1266.27,909.932,0,203.749,80.2667,-548.264,2.39628,8.60421,0.0413401,0.149608,0.987881,57.2939,57.2939,1,1257.56,870.467,1,0
292308300943300,1188.04,847.426,0,142.905,76.8146,-545.73,7.33259,7.78655,0.126452,0.135483,0.982677,57.1426,57.1426,1,1201.24,902.528,0,203.583,80.357,-547.975,1.19902,8.47102,0.020697,0.147309,0.988874,57.2644,57.2644,1,1194.64,874.977,1,0
292308305943300,1081.53,858.082,0,142.661,76.8279,-545.754,5.38043,8.01363,0.0928526,0.139409,0.985872,57.1445,57.1445,1,1127.81,931.103,0,203.356,80.3698,-548.019,-0.151061,8.99417,-0.00260409,0.156334,0.987701,57.2683,57.2683,1,1104.67,894.593,1,0
292308310943300,991.518,861.512,0,142.439,76.779,-545.947,3.72311,8.09112,0.0642883,0.140748,0.987956,57.1639,57.1639,1,1032.22,937.415,0,203.156,80.3202,-548.225,-1.91644,9.10313,-0.0330208,0.158212,0.986853,57.2889,57.2889,1,1011.87,899.464,1,0
292308315943300,965.473,871.02,0,142.273,76.7203,-546.175,3.25186,8.27112,0.0561351,0.143857,0.988005,57.1868,57.1868,1,1019.75,933.045,0,203.017,80.2487,-548.387,-2.13407,9.02524,-0.0367769,0.15687,0.986934,57.3059,57.3059,1,992.613,902.032,1,0
292308320943300,934.353,843.247,0,142.164,76.6425,-546.352,2.6794,7.77087,0.046318,0.135212,0.989734,57.2054,57.2054,1,969.041,893.78,0,202.875,80.2513,-548.228,-3.06691,8.30896,-0.0529404,0.144511,0.988086,57.2909,57.2909,1,951.697,868.513,1,0
292308325943300,900.471,838.496,0,142.067,76.6409,-546.347,2.05455,7.68575,0.035529,0.13374,0.990379,57.205,57.205,1,930.651,891.221,0,202.775,80.1761,-548.422,-3.77064,8.26252,-0.0650799,0.143709,0.987478,57.3111,57.3111,1,915.561,864.858,1,0
292308330943300,903.239,831.745,0,142.022,76.6394,-546.355,2.11122,7.56338,0.0365189,0.131623,0.990627,57.2058,57.2058,1,917.851,879.494,0,202.73,80.128,-548.523,-4.00382,8.04533,-0.0691358,0.139957,0.987741,57.3217,57.3217,1,910.545,855.62,1,0
292308335943300,910.525,834.044,0,142.002,76.6228,-546.436,2.24943,7.60393,0.0389047,0.132324,0.990443,57.2138,57.2138,1,927.377,884.268,0,202.731,80.0914,-548.642,-3.82595,8.13336,-0.0660547,0.141478,0.987735,57.3338,57.3338,1,918.951,859.156,1,0
292308340943300,913.975,846.558,0,141.97,76.5872,-546.593,2.31657,7.83105,0.0400438,0.136252,0.989864,57.2295,57.2295,1,940.179,889.021,0,202.725,80.1015,-548.617,-3.5872,8.22037,-0.0619247,0.142981,0.987786,57.3312,57.3312,1,927.077,867.79,1,0
292308345943300,924.384,847.828,0,141.965,76.6026,-546.554,2.51237,7.85282,0.043424,0.136629,0.98967,57.2254,57.2254,1,944.274,886.342,0,202.707,80.119,-548.548,-3.50945,8.17208,-0.0605915,0.142147,0.987989,57.3244,57.3244,1,934.329,867.085,1,0
292308350943300,918.448,850.341,0,141.938,76.6035,-546.586,2.40387,7.90024,0.041545,0.137449,0.989637,57.2284,57.2284,1,941.674,884.527,0,202.684,80.1307,-548.513,-3.55547,8.14129,-0.0613898,0.141615,0.988017,57.3207,57.3207,1,930.061,867.434,1,0
292308355943300,913.399,852.622,0,141.922,76.5921,-546.652,2.31063,7.94185,0.0399305,0.138168,0.989604,57.2349,57.2349,1,945.099,886.342,0,202.664,80.1385,-548.521,-3.48959,8.17458,-0.0602487,0.14219,0.988004,57.3213,57.3213,1,929.249,869.482,1,0
292308360943300,897.659,859.67,0,141.894,76.6736,-546.463,2.01981,8.07265,0.0348958,0.140429,0.989476,57.215,57.215,1,948.014,886.737,0,202.653,80.1223,-548.564,-3.4339,8.18219,-0.0592873,0.142321,0.988043,57.3258,57.3258,1,922.836,873.203,1,0
292308365943300,894.733,848.5,0,141.874,76.6779,-546.465,1.96698,7.86724,0.0340005,0.136878,0.990004,57.2152,57.2152,1,939.923,893.394,0,202.63,80.1432,-548.523,-3.58237,8.30291,-0.0618285,0.144406,0.987585,57.3214,57.3214,1,917.328,870.947,1,0
292308370943300,908.486,844.102,0,141.869,76.7093,-546.426,2.2255,7.78325,0.0384747,0.135426,0.99004,57.2106,57.2106,1,945.774,902.921,0,202.625,80.0899,-548.713,-3.47181,8.47866,-0.0598955,0.147441,0.987256,57.3406,57.3406,1,927.13,873.511,1,0
292308375943300,913.684,850.194,0,141.858,76.7364,-546.379,2.32437,7.89482,0.0401723,0.137355,0.989707,57.2056,57.2056,1,942.925,895.751,0,202.603,80.1082,-548.638,-3.5229,8.34836,-0.0607963,0.145191,0.987534,57.3331,57.3331,1,928.305,872.973,1,0
292308380943300,918.174,842.992,0,141.845,76.7314,-546.407,2.40959,7.76065,0.0416577,0.135035,0.989965,57.2083,57.2083,1,938.036,898.98,0,202.585,80.1028,-548.677,-3.61182,8.40691,-0.0623194,0.146202,0.98729,57.3369,57.3369,1,928.105,870.986,1,0
292308385943300,919.88,850.02,0,141.832,76.757,-546.346,2.44312,7.88752,0.0422243,0.137229,0.989639,57.2019,57.2019,1,937.963,902.005,0,202.568,80.1366,-548.575,-3.61209,8.46068,-0.0623154,0.147131,0.987152,57.3265,57.3265,1,928.922,876.012,1,0
292308390943300,912.917,853.595,0,141.81,76.7355,-546.433,2.31444,7.95182,0.0399953,0.13834,0.989577,57.2107,57.2107,1,937.08,899.176,0,202.555,80.1333,-548.586,-3.62704,8.40895,-0.0625815,0.146238,0.987268,57.3276,57.3276,1,924.999,876.385,1,0
292308395943300,915.787,839.476,0,141.794,76.6979,-546.517,2.36934,7.69196,0.040969,0.133847,0.990155,57.2195,57.2195,1,934.804,894.255,0,202.541,80.1333,-548.583,-3.66801,8.31863,-0.063302,0.144678,0.987452,57.3272,57.3272,1,925.296,866.866,1,0
292308400943300,912.8,842.06,0,141.779,76.7268,-546.462,2.3151,7.73743,0.0400273,0.134634,0.990087,57.2136,57.2136,1,929.888,893.343,0,202.536,80.1028,-548.672,-3.75851,8.30118,-0.0648645,0.144377,0.987395,57.3364,57.3364,1,921.344,867.701,1,0
292308405943300,910.974,843.596,0,141.766,76.7276,-546.499,2.2821,7.76489,0.0394545,0.135108,0.990045,57.2171,57.2171,1,932.095,903.923,0,202.52,80.1173,-548.667,-3.71599,8.49128,-0.0641004,0.147659,0.986959,57.3355,57.3355,1,921.534,873.76,1,0
292308410943300,918.075,839.862,0,141.76,76.7492,-546.434,2.41633,7.69843,0.0417805,0.133959,0.990106,57.2104,57.2104,1,939.18,905.283,0,202.511,80.1259,-548.652,-3.5831,8.51737,-0.0618069,0.148109,0.987038,57.3339,57.3339,1,928.628,872.572,1,0
292308415943300,912.008,833.887,0,141.739,76.7418,-546.468,2.30466,7.58945,0.0398607,0.132074,0.990438,57.2138,57.2138,1,943.864,903.907,0,202.494,80.1534,-548.576,-3.49458,8.49222,-0.0602858,0.147675,0.987197,57.3261,57.3261,1,927.936,868.897,1,0
292308420943300,918.343,839.592,0,141.728,76.7346,-546.521,2.42426,7.69279,0.041918,0.133861,0.990113,57.219,57.219,1,944.935,895.734,0,202.487,80.1365,-548.627,-3.47357,8.34344,-0.0599468,0.145106,0.987598,57.3313,57.3313,1,931.639,867.663,1,0
292308425943300,919.025,839.181,0,141.715,76.7305,-546.54,2.43837,7.68681,0.0421624,0.133758,0.990117,57.2209,57.2209,1,950.581,896.993,0,202.474,80.16,-548.559,-3.36738,8.36805,-0.0581127,0.145531,0.987646,57.3243,57.3243,1,934.803,868.087,1,0
292308430943300,922.824,832.434,0,141.713,76.7234,-546.537,2.50965,7.56173,0.0434069,0.131594,0.990353,57.2208,57.2208,1,953.35,889.359,0,202.466,80.1395,-548.598,-3.31476,8.2292,-0.0572259,0.143133,0.988048,57.3286,57.3286,1,938.087,860.897,1,0
292308435943300,912.812,827.572,0,141.697,76.7181,-546.539,2.32384,7.4744,0.040203,0.130083,0.990688,57.2211,57.2211,1,955.716,890.9,0,202.46,80.152,-548.548,-3.27034,8.25742,-0.0564557,0.143621,0.988021,57.3235,57.3235,1,934.264,859.236,1,0
292308440943300,913.27,831.442,0,141.691,76.7228,-546.528,2.33314,7.54555,0.0403572,0.131314,0.990519,57.2199,57.2199,1,955.105,889.511,0,202.448,80.1618,-548.495,-3.28077,8.23225,-0.0566393,0.143186,0.988074,57.3183,57.3183,1,934.187,860.477,1,0
292308445943300,907.431,837.428,0,141.68,76.7226,-546.538,2.22484,7.65644,0.0384749,0.133233,0.990338,57.2209,57.2209,1,954.546,900.486,0,202.444,80.1268,-548.626,-3.2901,8.43283,-0.056771,0.14665,0.987558,57.3315,57.3315,1,930.989,868.957,1,0
292308450943300,908.085,837.665,0,141.674,76.7321,-546.498,2.238,7.66096,0.038702,0.133311,0.990318,57.2169,57.2169,1,954.553,898.213,0,202.435,80.1271,-548.603,-3.28919,8.39135,-0.0567614,0.145934,0.987665,57.3293,57.3293,1,931.319,867.939,1,0
292308455943300,906.442,844.089,0,141.666,76.7332,-546.51,2.20799,7.77914,0.0381725,0.135355,0.990062,57.218,57.218,1,957.574,909.121,0,202.433,80.1417,-548.582,-3.2327,8.59035,-0.0557587,0.149369,0.987208,57.327,57.327,1,932.008,876.605,1,0
292308460943300,909.728,838.676,0,141.666,76.7392,-546.467,2.26977,7.67958,0.0392493,0.133633,0.990253,57.2138,57.2138,1,954.79,903.071,0,202.416,80.1458,-548.531,-3.28311,8.48183,-0.0566433,0.147496,0.987439,57.322,57.322,1,932.259,870.873,1,0
292308465943300,907.024,845.606,0,141.656,76.7238,-546.54,2.21981,7.80656,0.0383743,0.135829,0.989989,57.2211,57.2211,1,955.654,898.939,0,202.415,80.1012,-548.643,-3.26632,8.4087,-0.0563647,0.146233,0.987643,57.3337,57.3337,1,931.339,872.272,1,0
292308470943300,911.749,841.95,0,141.645,76.711,-546.556,2.30929,7.7398,0.0399267,0.134675,0.990085,57.2229,57.2229,1,953.322,894.928,0,202.406,80.1093,-548.605,-3.30902,8.33487,-0.0571115,0.144958,0.987788,57.33,57.33,1,932.535,868.439,1,0
292308475943300,909.064,846.166,0,141.642,76.7339,-546.488,2.25978,7.81768,0.0390639,0.136021,0.989936,57.2159,57.2159,1,951.323,902.126,0,202.403,80.086,-548.693,-3.3454,8.467,-0.057719,0.14724,0.987415,57.3388,57.3388,1,930.193,874.146,1,0
292308480943300,913.166,853.791,0,141.639,76.7498,-546.448,2.33725,7.95776,0.0403886,0.138443,0.989547,57.2118,57.2118,1,946.184,891.095,0,202.383,80.1329,-548.518,-3.44004,8.26561,-0.0593806,0.143762,0.987829,57.3211,57.3211,1,929.675,872.443,1,0
292308485943300,912.378,857.811,0,141.625,76.7458,-546.466,2.32395,8.0323,0.0401517,0.139731,0.989375,57.2136,57.2136,1,948.676,892.653,0,202.387,80.1073,-548.6,-3.39358,8.29485,-0.0585753,0.144267,0.987804,57.3295,57.3295,1,930.527,875.232,1,0
292308490943300,913.653,861.03,0,141.614,76.7175,-546.558,2.34845,8.09119,0.0405687,0.140749,0.989214,57.2229,57.2229,1,954.757,899.478,0,202.376,80.1288,-548.543,-3.27948,8.41993,-0.0565899,0.146427,0.987601,57.3236,57.3236,1,934.205,880.254,1,0
292308495943300,910.91,862.033,0,141.605,76.7129,-546.568,2.29796,8.10963,0.0396952,0.141068,0.989204,57.2239,57.2239,1,953.94,893.895,0,202.373,80.1022,-548.615,-3.29401,8.3172,-0.0568553,0.144653,0.987848,57.3311,57.3311,1,932.425,877.964,1,0
292308500943300,909.045,858.644,0,141.599,76.7246,-546.529,2.26379,8.04683,0.0391113,0.139982,0.989381,57.22,57.22,1,946.235,898.814,0,202.359,80.1274,-548.564,-3.43642,8.40459,-0.0592972,0.146162,0.987482,57.3256,57.3256,1,927.64,878.729,1,0
292308505943300,910.027,854.648,0,141.579,76.6973,-546.625,2.2837,7.97263,0.0394624,0.1387,0.989548,57.2297,57.2297,1,947.63,897.929,0,202.354,80.1339,-548.546,-3.41,8.38909,-0.0588442,0.145895,0.987549,57.3237,57.3237,1,928.828,876.289,1,0
292308510943300,922.949,851.045,0,141.579,76.7035,-546.605,2.5257,7.90386,0.0436488,0.137511,0.989538,57.2277,57.2277,1,945.48,900.155,0,202.347,80.1329,-548.56,-3.44921,8.4289,-0.0595138,0.146582,0.987407,57.3251,57.3251,1,934.215,875.6,1,0
292308515943300,914.319,858.947,0,141.559,76.7062,-546.632,2.36601,8.04804,0.0408763,0.140003,0.989307,57.2301,57.2301,1,942.016,896.632,0,202.34,80.1357,-548.541,-3.51305,8.36475,-0.060624,0.145474,0.987503,57.3232,57.3232,1,928.167,877.79,1,0
292308520943300,917.432,850.709,0,141.549,76.7124,-546.596,2.4254,7.89494,0.0419174,0.137357,0.989634,57.2266,57.2266,1,946.342,896.009,0,202.331,80.1263,-548.586,-3.43134,8.3525,-0.0592176,0.145263,0.987619,57.3277,57.3277,1,931.887,873.359,1,0
292308525943300,915.346,835.491,0,141.532,76.7275,-546.528,2.38857,7.61886,0.0413084,0.132583,0.990311,57.2198,57.2198,1,942.908,884.15,0,202.316,80.1206,-548.568,-3.49393,8.13682,-0.0603292,0.141537,0.988093,57.3261,57.3261,1,929.127,859.82,1,0
292308530943300,918.998,834.494,0,141.519,76.7349,-546.53,2.45835,7.6001,0.0425163,0.132258,0.990303,57.2198,57.2198,1,944.812,889.11,0,202.298,80.1348,-548.533,-3.45682,8.22545,-0.059676,0.143068,0.987912,57.3225,57.3225,1,931.905,861.802,1,0
292308535943300,914.99,828.809,0,141.496,76.7286,-546.551,2.38564,7.4976,0.0412693,0.130485,0.990591,57.222,57.222,1,942.826,885.908,0,202.295,80.1003,-548.628,-3.49301,8.1667,-0.0603089,0.142054,0.98802,57.3323,57.3323,1,928.908,857.358,1,0
292308540943300,915.99,819.548,0,141.479,76.7009,-546.616,2.40573,7.32627,0.0416328,0.127519,0.990962,57.2288,57.2288,1,954.253,885.324,0,202.29,80.0897,-548.655,-3.2795,8.15516,-0.0566283,0.141854,0.988266,57.3351,57.3351,1,935.121,852.436,1,0
292308545943300,919.53,819.475,0,141.463,76.7036,-546.631,2.47357,7.32363,0.0428064,0.127474,0.990918,57.2301,57.2301,1,952.075,888.866,0,202.279,80.0838,-548.675,-3.31883,8.21942,-0.0572974,0.142964,0.988068,57.3372,57.3372,1,935.802,854.17,1,0
292308550943300,908.848,820.15,0,141.443,76.7425,-546.542,2.27608,7.33558,0.0393897,0.12768,0.991033,57.2208,57.2208,1,949.633,896.736,0,202.249,80.17,-548.442,-3.36247,8.36225,-0.0580289,0.145431,0.987665,57.3131,57.3131,1,929.24,858.443,1,0
292308555943300,900.435,835.566,0,141.415,76.7557,-546.55,2.12155,7.62007,0.0366926,0.132604,0.99049,57.2212,57.2212,1,943.165,894.458,0,202.231,80.1741,-548.434,-3.48108,8.32094,-0.0600797,0.144718,0.987647,57.3122,57.3122,1,921.8,865.012,1,0
292308560943300,911.998,845.1,0,141.396,76.7899,-546.501,2.34036,7.79094,0.0404588,0.135559,0.989943,57.2157,57.2157,1,944.408,899.688,0,202.215,80.1563,-548.5,-3.45583,8.41773,-0.0596296,0.146389,0.987428,57.3189,57.3189,1,928.203,872.394,1,0
292308565943300,931.233,833.191,0,141.338,76.7585,-546.61,2.70597,7.56923,0.0467991,0.131724,0.990181,57.2267,57.2267,1,945.009,886.496,0,202.172,80.1793,-548.367,-3.44094,8.17787,-0.0594093,0.142247,0.988047,57.3058,57.3058,1,938.121,859.843,1,0
292308570943300,933.166,799.971,0,141.285,76.857,-546.238,2.74952,6.96028,0.0476162,0.121181,0.991488,57.1893,57.1893,1,898.951,888.483,0,202.067,80.2311,-548.178,-4.28802,8.21102,-0.0740038,0.142819,0.986978,57.2867,57.2867,1,916.059,844.227,1,0
292308575943300,913.143,848.152,0,141.225,76.8507,-546.433,2.38018,7.84474,0.0411413,0.136489,0.989787,57.2078,57.2078,1,826.827,860.396,0,201.969,80.1314,-548.408,-5.6145,7.68657,-0.0969556,0.133754,0.98626,57.3109,57.3109,1,869.985,854.274,1,0
292308580943300,922.742,942.802,0,141.147,76.8868,-546.631,2.56743,9.5669,0.0441722,0.166199,0.985102,57.2255,57.2255,1,781.821,901.357,0,201.834,80.2706,-547.99,-6.43691,8.41473,-0.110902,0.146337,0.982999,57.268,57.268,1,852.281,922.08,1,0
292308585943300,959.443,1114.84,0,141.13,77.1241,-546.481,3.25744,12.645,0.0554442,0.218909,0.974169,57.2054,57.2054,1,719.772,992.872,0,201.688,80.3736,-547.851,-7.56477,10.0438,-0.129629,0.174401,0.976105,57.2523,57.2523,1,839.608,1053.86,1,0
292308590943300,1069.01,1364.16,0,141.135,77.0782,-547.524,5.29541,16.9306,0.0882907,0.291213,0.952575,57.3047,57.3047,1,590.175,1152.85,0,201.436,80.7085,-547.208,-9.90928,12.8015,-0.167811,0.221574,0.960596,57.1835,57.1835,1,829.593,1258.51,1,0
292308595943300,0,0,0,0,0,0,0,0,0,0,0,0,0,0,267.569,1279.02,0,201.076,80.8814,-547.117,-15.5985,14.663,-0.260138,0.253134,0.9318,57.1706,57.1706,1,0,0,0,0
292308600943300,0,0,0,0,0,0,0,0,0,0,0,0,0,0,0,0,0,0,0,0,0,0,0,0,0,0,0,0,0,0,0,0
292308605943300,0,0,0,0,0,0,0,0,0,0,0,0,0,-1,0,0,0,0,0,0,0,0,0,0,0,0,0,-1,0,0,-1,0
292308610943300,-848.524,1318.08,0,138.913,72.3286,-562.964,-27.9116,14.3875,-0.453428,0.248478,0.855957,58.8765,58.8765,1,811.668,-1606.06,0,201.483,78.2497,-546.875,-5.87114,-33.7282,-0.0850739,-0.555254,0.827318,57.2141,57.2141,1,-18.428,-143.99,1,0
292308615943300,0,0,0,0,0,0,0,0,0,0,0,0,0,0,0,0,0,0,0,0,0,0,0,0,0,0,0,0,0,0,0,0
292308620943300,0,0,0,0,0,0,0,0,0,0,0,0,0,-1,0,0,0,0,0,0,0,0,0,0,0,0,0,-1,0,0,-1,0
292308625943300,0,0,0,0,0,0,0,0,0,0,0,0,0,-1,0,0,0,0,0,0,0,0,0,0,0,0,0,-1,0,0,-1,0
292308630943300,0,0,0,0,0,0,0,0,0,0,0,0,0,-1,0,0,0,0,0,0,0,0,0,0,0,0,0,-1,0,0,-1,0
292308635943300,0,0,0,0,0,0,0,0,0,0,0,0,0,-1,0,0,0,0,0,0,0,0,0,0,0,0,0,-1,0,0,-1,0
292308640943300,0,0,0,0,0,0,0,0,0,0,0,0,0,-1,0,0,0,0,0,0,0,0,0,0,0,0,0,-1,0,0,-1,0
292308645943300,0,0,0,0,0,0,0,0,0,0,0,0,0,-1,0,0,0,0,0,0,0,0,0,0,0,0,0,-1,0,0,-1,0
292308650943300,0,0,0,0,0,0,0,0,0,0,0,0,0,0,-446.539,-4386.15,0,200.114,81.55,-540.878,-26.5165,-53.7418,-0.264045,-0.80636,0.529211,56.5669,56.5669,1,0,0,0,0
292308655943300,0,0,0,0,0,0,0,0,0,0,0,0,0,-1,0,0,0,0,0,0,0,0,0,0,0,0,0,-1,0,0,-1,0
292308660943300,0,0,0,0,0,0,0,0,0,0,0,0,0,-1,0,0,0,0,0,0,0,0,0,0,0,0,0,-1,0,0,-1,0
292308665943300,0,0,0,0,0,0,0,0,0,0,0,0,0,-1,0,0,0,0,0,0,0,0,0,0,0,0,0,-1,0,0,-1,0
292308670943300,0,0,0,0,0,0,0,0,0,0,0,0,0,-1,0,0,0,0,0,0,0,0,0,0,0,0,0,-1,0,0,-1,0
292308675943300,0,0,0,0,0,0,0,0,0,0,0,0,0,-1,0,0,0,0,0,0,0,0,0,0,0,0,0,-1,0,0,-1,0
292308680943300,0,0,0,0,0,0,0,0,0,0,0,0,0,-1,0,0,0,0,0,0,0,0,0,0,0,0,0,-1,0,0,-1,0
292308685943300,0,0,0,0,0,0,0,0,0,0,0,0,0,-1,0,0,0,0,0,0,0,0,0,0,0,0,0,-1,0,0,-1,0
292308690943300,-976.082,4856.88,0,137.2,78.4738,-552.695,-29.6446,51.3841,-0.30869,0.781347,0.542408,57.7558,57.7558,1,0,0,0,0,0,0,0,0,0,0,0,0,0,0,0,0,0,0
292308695943300,683.068,2365.58,0,137.686,73.4611,-563.051,-1.66283,32.2186,-0.0245497,0.53315,0.845664,58.8562,58.8562,1,0,0,0,0,0,0,0,0,0,0,0,0,0,0,0,0,0,0
292308700943300,2558.91,-94.6968,0,141.345,80.0434,-535.639,30.4163,-8.61552,0.500566,-0.149803,0.852639,56.1121,56.1121,1,343.63,264.674,0,200.753,78.2547,-549.013,-14.3211,-3.24752,-0.246958,-0.0566496,0.967369,57.4151,57.4151,1,1451.27,84.9885,1,0
292308705943300,2061.73,1395.67,0,141.079,80.3864,-535.049,23.057,16.2729,0.375957,0.280212,0.883254,56.048,56.048,1,1025.72,65.9227,0,200.904,76.2269,-554.582,-1.77824,-6.66657,-0.0308213,-0.116091,0.99276,57.9899,57.9899,1,1543.72,730.799,1,0
292308710943300,2194.21,664,0,140.65,80.5574,-534.896,25.0856,3.87018,0.423005,0.067496,0.90361,56.0293,56.0293,1,1716.47,-58.9569,0,201.328,75.9819,-554.794,10.7812,-8.60884,0.184951,-0.149688,0.971281,58.016,58.016,1,1955.34,302.521,1,0
292308715943300,1915.33,970.195,0,140.249,80.8248,-534.431,20.6261,9.35284,0.347584,0.162514,0.923458,55.9788,55.9788,1,1359.71,-126.319,0,201.706,75.4495,-555.623,4.4252,-10.4235,0.0758842,-0.180922,0.980565,58.1074,58.1074,1,1637.52,421.938,1,0
292308720943300,1127.89,1299.73,0,139.757,80.3842,-536.114,6.5947,15.8284,0.110491,0.272757,0.955717,56.1482,56.1482,1,1959.2,-181.315,0,202.054,75.501,-554.76,15.3082,-11.0764,0.259093,-0.192118,0.946552,58.0249,58.0249,1,1543.55,559.209,1,0
292308725943300,898.766,1535.88,0,139.337,80.2708,-536.454,2.37295,19.9141,0.0389282,0.340611,0.939398,56.183,56.183,1,545.216,635.807,0,201.048,75.204,-559.676,-10.5386,3.78684,-0.182499,0.0660447,0.980985,58.4948,58.4948,1,721.991,1085.84,1,0
292308730943300,653.162,1749.26,0,138.892,80.0321,-537.005,-2.16223,23.3529,-0.0346383,0.396393,0.917427,56.2409,56.2409,1,218.307,1350.95,0,199.513,79.7236,-550.094,-16.3055,15.8327,-0.270108,0.27283,0.923366,57.4797,57.4797,1,435.735,1550.1,1,0
292308735943300,0,0,0,0,0,0,0,0,0,0,0,0,0,0,173.395,1269.39,0,199.383,80.0995,-548.719,-17.0656,14.42,-0.284221,0.249028,0.925853,57.3409,57.3409,1,0,0,0,0
292308740943300,625.307,1556.17,0,138.258,76.4487,-548.094,-2.64346,20.226,-0.0432767,0.345724,0.937338,57.3741,57.3741,1,250.118,1137.63,0,199.417,79.9335,-548.895,-15.7485,12.2783,-0.265207,0.21266,0.940447,57.3617,57.3617,1,437.712,1346.9,1,0
292308745943300,291.384,1481.12,0,138.492,77.6395,-546.551,-8.9086,18.7444,-0.146645,0.321348,0.935538,57.199,57.199,1,312.912,1011.01,0,199.461,79.7327,-549.168,-14.6529,10.149,-0.249005,0.176209,0.952338,57.3924,57.3924,1,302.148,1246.07,1,0
292308750943300,242.108,1453.15,0,138.398,77.4602,-547.184,-9.79927,18.2328,-0.161652,0.312878,0.935936,57.263,57.263,1,343.494,938.068,0,199.476,79.7828,-548.82,-14.1193,8.89188,-0.24101,0.15457,0.958135,57.3584,57.3584,1,292.801,1195.61,1,0
292308755943300,388.505,1317.67,0,138.534,77.2851,-547.367,-7.13084,16.066,-0.119287,0.276744,0.953511,57.2847,57.2847,1,408.614,931.596,0,199.525,79.8467,-548.608,-12.9754,8.81752,-0.221878,0.153288,0.96295,57.3369,57.3369,1,398.56,1124.63,1,0
292308760943300,407.176,1186.15,0,138.631,77.5546,-546.169,-6.78944,13.8063,-0.114805,0.238641,0.964298,57.1652,57.1652,1,466.603,896.084,0,199.574,79.8964,-548.383,-11.9467,8.21859,-0.204876,0.14295,0.968293,57.3144,57.3144,1,436.889,1041.12,1,0
292308765943300,494.387,1026.99,0,138.705,77.3046,-546.45,-5.19065,11.0256,-0.0888001,0.191248,0.977517,57.198,57.198,1,481.595,862.067,0,199.564,79.9911,-548.04,-11.679,7.61626,-0.200642,0.132538,0.970658,57.2798,57.2798,1,487.991,944.527,1,0
292308770943300,513.906,955.644,0,138.669,77.0086,-547.202,-4.8273,9.7496,-0.0829373,0.169343,0.982061,57.2761,57.2761,1,506.225,808.648,0,199.581,79.9521,-548.006,-11.2387,6.66752,-0.193578,0.116108,0.97419,57.2775,57.2775,1,510.065,882.146,1,0
292308775943300,533.394,890.153,0,138.676,77.0113,-547.034,-4.46499,8.56666,-0.0769814,0.14896,0.985842,57.2602,57.2602,1,497.16,755.347,0,199.568,79.8393,-548.216,-11.3998,5.70193,-0.196676,0.0993533,0.975422,57.3002,57.3002,1,515.277,822.75,1,0
292308780943300,569.838,822.49,0,138.677,76.9252,-547.162,-3.78286,7.34333,-0.0654342,0.127815,0.989637,57.2744,57.2744,1,538.915,772.38,0,199.581,79.9759,-547.868,-10.6526,6.0198,-0.183834,0.104872,0.977347,57.264,57.264,1,554.376,797.435,1,0
292308785943300,542.135,814.447,0,138.67,76.9075,-547.241,-4.30555,7.18078,-0.0744865,0.125,0.989357,57.2824,57.2824,1,536.908,793.931,0,199.573,79.9355,-548.1,-10.6892,6.40388,-0.184325,0.111536,0.976516,57.2868,57.2868,1,539.521,804.189,1,0
292308790943300,559.091,799.19,0,138.637,76.9076,-547.211,-3.98012,6.91236,-0.0689059,0.120351,0.990337,57.2795,57.2795,1,572.932,822.488,0,199.557,80.0545,-547.781,-10.0408,6.9278,-0.173077,0.120619,0.977495,57.2538,57.2538,1,566.012,810.839,1,0
292308795943300,566.494,797.752,0,138.615,76.9119,-547.213,-3.84089,6.88485,-0.0665029,0.119874,0.990559,57.2796,57.2796,1,584.166,814.733,0,199.507,80.0849,-547.643,-9.83189,6.79304,-0.169559,0.118283,0.978396,57.2401,57.2401,1,575.33,806.243,1,0
292308800943300,541.047,799.405,0,138.562,76.8785,-547.333,-4.31177,6.90898,-0.0746375,0.120292,0.989929,57.2917,57.2917,1,580.4,821.969,0,199.475,80.1138,-547.563,-9.89525,6.9264,-0.170593,0.120594,0.977934,57.2319,57.2319,1,560.724,810.687,1,0
292308805943300,563.456,806.635,0,138.552,76.9302,-547.234,-3.8894,7.04804,-0.0673181,0.122701,0.990158,57.2811,57.2811,1,590.868,822.576,0,199.472,80.0621,-547.714,-9.70325,6.94278,-0.167309,0.120878,0.978466,57.2473,57.2473,1,577.162,814.606,1,0
292308810943300,564.459,820.337,0,138.512,76.9799,-547.146,-3.86783,7.29524,-0.066909,0.126982,0.989646,57.2716,57.2716,1,593.844,826.921,0,199.442,80.0624,-547.693,-9.64544,7.02468,-0.166293,0.122297,0.978463,57.2453,57.2453,1,579.151,823.629,1,0
292308815943300,558.86,818.573,0,138.476,77.0258,-547.023,-3.96772,7.26129,-0.0686394,0.126395,0.989602,57.2588,57.2588,1,598.891,823.273,0,199.414,80.0695,-547.646,-9.55023,6.96221,-0.164689,0.121215,0.978869,57.2407,57.2407,1,578.876,820.923,1,0
292308820943300,569.099,818.961,0,138.45,77.0208,-547.049,-3.7738,7.27024,-0.0652884,0.126549,0.989809,57.2614,57.2614,1,607.173,833.99,0,199.38,80.1199,-547.511,-9.40082,7.15256,-0.162069,0.124512,0.978893,57.2267,57.2267,1,588.136,826.476,1,0
292308825943300,562.434,829.699,0,138.417,77.0406,-547.06,-3.89482,7.46405,-0.0673495,0.129904,0.989237,57.2619,57.2619,1,620.379,839.112,0,199.347,80.1396,-547.443,-9.15916,7.24689,-0.157906,0.126145,0.979364,57.2199,57.2199,1,591.407,834.405,1,0
292308830943300,551.306,827.544,0,138.379,77.0519,-547.034,-4.09863,7.42183,-0.0708747,0.129173,0.989086,57.2592,57.2592,1,613.841,849.162,0,199.309,80.1658,-547.388,-9.27507,7.42631,-0.159822,0.129251,0.978648,57.214,57.214,1,582.574,838.353,1,0
292308835943300,547.83,833.267,0,138.332,77.0397,-547.13,-4.15806,7.526,-0.0718835,0.130976,0.988776,57.2686,57.2686,1,608.71,847.201,0,199.272,80.1623,-547.406,-9.36143,7.39395,-0.161309,0.128691,0.978477,57.2158,57.2158,1,578.27,840.234,1,0
292308840943300,572.653,819.055,0,138.308,77.0883,-547.005,-3.69361,7.26543,-0.0639037,0.126466,0.98991,57.2556,57.2556,1,596.31,846.705,0,199.237,80.1492,-547.449,-9.58448,7.37891,-0.165123,0.128431,0.977875,57.2202,57.2202,1,584.481,832.88,1,0
292308845943300,582.646,812.925,0,138.277,77.0754,-547.065,-3.50688,7.14907,-0.0606928,0.124451,0.990368,57.2615,57.2615,1,589.229,855.028,0,199.21,80.1657,-547.419,-9.7106,7.5269,-0.167218,0.130992,0.977179,57.2169,57.2169,1,585.937,833.977,1,0
292308850943300,567.728,807.778,0,138.237,77.1123,-546.97,-3.78028,7.05222,-0.0654317,0.122774,0.990275,57.2517,57.2517,1,605.132,847.028,0,199.176,80.1774,-547.338,-9.41953,7.38665,-0.162304,0.128565,0.97833,57.2091,57.2091,1,586.43,827.403,1,0
292308855943300,577.963,795.6,0,138.197,77.0202,-547.265,-3.58456,6.83283,-0.0620775,0.118973,0.990955,57.2818,57.2818,1,617.546,847.865,0,199.128,80.1971,-547.276,-9.19101,7.40234,-0.158395,0.128836,0.978934,57.2028,57.2028,1,597.754,821.732,1,0
292308860943300,562.123,809.056,0,138.154,77.0473,-547.278,-3.87494,7.07631,-0.0670641,0.123191,0.990114,57.2823,57.2823,1,619.784,869.752,0,199.094,80.2273,-547.224,-9.14813,7.79786,-0.157517,0.135679,0.978151,57.1971,57.1971,1,590.954,839.404,1,0
292308865943300,568.535,807.292,0,138.128,77.1131,-547.146,-3.75116,7.04343,-0.0649295,0.122622,0.990327,57.2682,57.2682,1,613.554,859.157,0,199.07,80.1985,-547.307,-9.25776,7.60536,-0.159461,0.132349,0.978292,57.2056,57.2056,1,591.045,833.224,1,0
292308870943300,600.418,801.059,0,138.102,77.1476,-547.071,-3.15559,6.92704,-0.0546457,0.120605,0.991195,57.2603,57.2603,1,599.602,854.348,0,199.014,80.2783,-547.063,-9.5069,7.51375,-0.163748,0.130764,0.977797,57.1806,57.1806,1,600.01,827.704,1,0
292308875943300,597.023,816.098,0,138.062,77.1729,-547.046,-3.21619,7.19937,-0.0556614,0.125322,0.990553,57.2574,57.2574,1,593.65,842.56,0,198.971,80.2668,-547.074,-9.60978,7.30001,-0.165584,0.127065,0.977976,57.1819,57.1819,1,595.336,829.329,1,0
292308880943300,589.757,829.644,0,138.021,77.2021,-547.046,-3.34627,7.44694,-0.0578779,0.129608,0.989875,57.2565,57.2565,1,598.819,848.433,0,198.94,80.2143,-547.25,-9.51424,7.4043,-0.163914,0.12887,0.978021,57.1999,57.1999,1,594.288,839.038,1,0
292308885943300,564.032,825.687,0,137.954,77.2362,-546.991,-3.81659,7.37297,-0.0660125,0.128328,0.989532,57.2505,57.2505,1,610.845,851.932,0,198.885,80.2379,-547.174,-9.29259,7.46799,-0.160106,0.129972,0.978505,57.1921,57.1921,1,587.438,838.809,1,0
292308890943300,569.044,822.89,0,137.924,77.2477,-546.974,-3.72116,7.3198,-0.0643719,0.127407,0.989759,57.2487,57.2487,1,610.193,853.416,0,198.85,80.2704,-547.071,-9.30007,7.49695,-0.160224,0.130473,0.97842,57.1816,57.1816,1,589.619,838.153,1,0
292308895943300,561.007,829.176,0,137.876,77.2575,-546.998,-3.86656,7.43188,-0.0668665,0.129347,0.989342,57.2506,57.2506,1,594.706,848.494,0,198.811,80.2753,-547.048,-9.57793,7.40303,-0.165002,0.128848,0.977841,57.1793,57.1793,1,577.857,838.835,1,0
292308900943300,559.182,826.261,0,137.808,77.2094,-547.147,-3.89519,7.37697,-0.0673692,0.128397,0.989432,57.2659,57.2659,1,586.059,845.454,0,198.757,80.3144,-546.905,-9.73066,7.34529,-0.16763,0.127849,0.977525,57.1649,57.1649,1,572.621,835.857,1,0
292308905943300,564.537,823.541,0,137.773,77.249,-547.057,-3.79048,7.32767,-0.0655682,0.127544,0.989663,57.2564,57.2564,1,596.311,838.23,0,198.716,80.3084,-546.929,-9.53953,7.21786,-0.164415,0.125643,0.978357,57.1673,57.1673,1,580.424,830.886,1,0
292308910943300,572.828,814.037,0,137.737,77.2585,-547.033,-3.63153,7.15444,-0.0628466,0.124544,0.990222,57.254,57.254,1,612.865,843.755,0,198.67,80.3195,-546.868,-9.23774,7.3178,-0.159224,0.127373,0.978991,57.1612,57.1612,1,592.847,828.896,1,0
292308915943300,556.384,826.437,0,137.687,77.2738,-547.031,-3.9335,7.37805,-0.0680307,0.128416,0.989384,57.2534,57.2534,1,611.215,859.392,0,198.629,80.3264,-546.87,-9.26214,7.60358,-0.159536,0.132318,0.978284,57.1613,57.1613,1,583.799,842.915,1,0
292308920943300,558.877,840.458,0,137.649,77.3155,-546.959,-3.88241,7.63429,-0.0671088,0.13285,0.988862,57.2456,57.2456,1,597.302,857.474,0,198.583,80.3625,-546.74,-9.51129,7.56505,-0.163804,0.131652,0.977669,57.1481,57.1481,1,578.09,848.966,1,0
292308925943300,583.172,819.133,0,137.595,77.2671,-547.122,-3.42549,7.24374,-0.0592735,0.126091,0.990246,57.2621,57.2621,1,587.267,856.836,0,198.536,80.3666,-546.739,-9.68901,7.55003,-0.166841,0.131392,0.97719,57.1479,57.1479,1,585.22,837.985,1,0
292308930943300,569.821,817.885,0,137.556,77.3249,-547.002,-3.67051,7.21611,-0.0635117,0.125612,0.990044,57.2494,57.2494,1,592.433,866.204,0,198.499,80.3842,-546.71,-9.59132,7.72113,-0.165109,0.134352,0.977082,57.1448,57.1448,1,581.127,842.044,1,0
292308935943300,561.856,805.001,0,137.514,77.3352,-546.988,-3.81365,6.97901,-0.0660188,0.121506,0.990393,57.2477,57.2477,1,610.031,856.934,0,198.44,80.3684,-546.727,-9.26707,7.55614,-0.159638,0.131498,0.978378,57.1468,57.1468,1,585.944,830.967,1,0
292308940943300,559.287,813.346,0,137.477,77.3586,-546.989,-3.85561,7.13311,-0.0667219,0.124175,0.990015,57.2473,57.2473,1,615.688,865.482,0,198.398,80.3629,-546.767,-9.15772,7.71549,-0.157712,0.134254,0.978316,57.1507,57.1507,1,587.488,839.414,1,0
292308945943300,571.027,812.74,0,137.432,77.3654,-547.018,-3.63343,7.11983,-0.0628842,0.123945,0.990295,57.2498,57.2498,1,594.034,859.713,0,198.348,80.3805,-546.666,-9.54744,7.60536,-0.164405,0.132349,0.977474,57.1407,57.1407,1,582.53,836.227,1,0
292308950943300,602.906,818.806,0,137.391,77.3903,-546.998,-3.03514,7.23106,-0.0525273,0.125871,0.990655,57.2473,57.2473,1,574.365,856.54,0,198.289,80.4317,-546.487,-9.90145,7.53937,-0.170467,0.131207,0.976589,57.1226,57.1226,1,588.636,837.673,1,0
292308955943300,589.417,807.259,0,137.346,77.3922,-547.012,-3.28304,7.0155,-0.0568397,0.122138,0.990884,57.2486,57.2486,1,581.959,863.367,0,198.255,80.3974,-546.598,-9.76054,7.66444,-0.168016,0.133371,0.97672,57.1339,57.1339,1,585.688,835.313,1,0
292308960943300,578.248,821.251,0,137.291,77.3987,-547.08,-3.48376,7.27295,-0.0602768,0.126596,0.990121,57.2549,57.2549,1,608.476,856.947,0,198.204,80.4077,-546.564,-9.27428,7.55425,-0.159762,0.131465,0.978363,57.1305,57.1305,1,593.362,839.099,1,0
292308965943300,573.528,801.185,0,137.237,77.3772,-547.132,-3.56518,6.90579,-0.0617329,0.120237,0.990824,57.2602,57.2602,1,605.056,869.486,0,198.168,80.4161,-546.564,-9.33264,7.78094,-0.160673,0.135386,0.977678,57.1303,57.1303,1,589.292,835.335,1,0
292308970943300,581.656,810.32,0,137.202,77.4012,-547.142,-3.40942,7.07293,-0.059018,0.123133,0.990634,57.2605,57.2605,1,598.94,875.18,0,198.114,80.4389,-546.487,-9.43666,7.88595,-0.162407,0.137202,0.977139,57.1225,57.1225,1,590.298,842.75,1,0
292308975943300,574.568,820.202,0,137.104,77.3322,-547.41,-3.53616,7.24752,-0.0611856,0.126156,0.990122,57.2875,57.2875,1,582.488,874.008,0,198.055,80.4644,-546.389,-9.73143,7.85832,-0.167443,0.136724,0.976355,57.1125,57.1125,1,578.528,847.105,1,0
292308980943300,562.878,826.146,0,137.048,77.3655,-547.344,-3.747,7.35573,-0.0648131,0.128029,0.98965,57.2805,57.2805,1,605.371,885.017,0,198.019,80.4628,-546.404,-9.31446,8.06088,-0.160254,0.140225,0.977065,57.114,57.114,1,584.124,855.582,1,0
292308985943300,553.081,820.655,0,137.006,77.4233,-547.196,-3.92354,7.2536,-0.0678775,0.126261,0.989672,57.2651,57.2651,1,611.473,874.58,0,197.967,80.4576,-546.417,-9.19787,7.87344,-0.158338,0.136985,0.977836,57.1154,57.1154,1,582.277,847.617,1,0
292308990943300,553.815,829.064,0,136.967,77.4451,-547.173,-3.90577,7.4066,-0.0675475,0.12891,0.989353,57.2624,57.2624,1,594.33,876.571,0,197.914,80.4507,-546.448,-9.50382,7.90518,-0.163544,0.137534,0.976902,57.1185,57.1185,1,574.073,852.817,1,0
292308995943300,553.733,831.108,0,136.907,77.4376,-547.226,-3.90242,7.44184,-0.0674842,0.12952,0.989278,57.2676,57.2676,1,588.518,880.559,0,197.852,80.5272,-546.19,-9.60208,7.97967,-0.165189,0.138822,0.976443,57.0923,57.0923,1,571.125,855.833,1,0
292309000943300,560.519,831.558,0,136.862,77.442,-547.235,-3.77075,7.451,-0.0652092,0.129678,0.98941,57.2683,57.2683,1,591.306,891.495,0,197.816,80.5036,-546.261,-9.5485,8.1775,-0.164196,0.14224,0.976119,57.0995,57.0995,1,575.913,861.526,1,0
292309005943300,569.048,824.887,0,136.817,77.4633,-547.175,-3.60522,7.3315,-0.0623673,0.12761,0.989862,57.2622,57.2622,1,603.183,893.003,0,197.768,80.5047,-546.224,-9.33139,8.2045,-0.160485,0.142707,0.976667,57.0961,57.0961,1,586.116,858.945,1,0
292309010943300,563.87,822.811,0,136.776,77.47,-547.171,-3.69804,7.29135,-0.0639767,0.126915,0.989848,57.2615,57.2615,1,605.944,883.388,0,197.724,80.4908,-546.247,-9.27702,8.03085,-0.159627,0.139706,0.977242,57.0985,57.0985,1,584.907,853.099,1,0
292309015943300,557.703,833.369,0,136.733,77.4976,-547.12,-3.80869,7.48274,-0.0658596,0.130227,0.989294,57.2561,57.2561,1,586.316,881.071,0,197.667,80.4894,-546.245,-9.62761,7.98414,-0.165623,0.138899,0.976359,57.0984,57.0984,1,572.01,857.22,1,0
292309020943300,568.503,830.282,0,136.675,77.4623,-547.276,-3.60247,7.42568,-0.0623066,0.12924,0.989654,57.2716,57.2716,1,582.537,888.276,0,197.609,80.598,-545.918,-9.69101,8.11446,-0.166649,0.141151,0.975861,57.0649,57.0649,1,575.52,859.279,1,0
292309025943300,565.37,819.209,0,136.632,77.515,-547.132,-3.657,7.21878,-0.0632778,0.125658,0.990054,57.2568,57.2568,1,599.107,892.042,0,197.58,80.5667,-546.007,-9.38572,8.18939,-0.161417,0.142446,0.976552,57.0741,57.0741,1,582.238,855.626,1,0
292309030943300,567.373,825.005,0,136.583,77.4832,-547.265,-3.61347,7.32739,-0.0625105,0.127539,0.989862,57.2701,57.2701,1,603.815,888.343,0,197.535,80.5542,-546.027,-9.29911,8.11883,-0.159969,0.141227,0.976967,57.0763,57.0763,1,585.594,856.674,1,0
292309035943300,561.325,811.723,0,136.548,77.5096,-547.177,-3.72082,7.08442,-0.0643995,0.123332,0.990274,57.2612,57.2612,1,598.059,889.228,0,197.493,80.5322,-546.092,-9.40056,8.13171,-0.161693,0.141449,0.976651,57.0829,57.0829,1,579.692,850.475,1,0
292309040943300,549.604,827.479,0,136.498,77.5126,-547.231,-3.93411,7.37098,-0.0680423,0.128293,0.989399,57.2662,57.2662,1,581.246,879.444,0,197.431,80.5311,-546.047,-9.69888,7.9525,-0.16685,0.138352,0.976227,57.0788,57.0788,1,565.425,853.461,1,0
292309045943300,578.517,810.089,0,136.46,77.514,-547.224,-3.39061,7.05562,-0.0586949,0.122833,0.99069,57.2654,57.2654,1,596.541,910.349,0,197.404,80.5947,-545.916,-9.41749,8.51718,-0.161822,0.148106,0.975642,57.0648,57.0648,1,587.529,860.219,1,0
292309050943300,587.824,814.08,0,136.415,77.5143,-547.257,-3.21653,7.12235,-0.0556765,0.123989,0.99072,57.2686,57.2686,1,593.496,896.817,0,197.359,80.5629,-545.978,-9.46841,8.27171,-0.162792,0.143868,0.976115,57.0714,57.0714,1,590.66,855.449,1,0
292309055943300,570.812,817.357,0,136.369,77.5677,-547.157,-3.52799,7.17971,-0.0610537,0.124982,0.990279,57.2578,57.2578,1,603.758,884.948,0,197.305,80.5841,-545.862,-9.27692,8.0608,-0.159613,0.140224,0.97717,57.0599,57.0599,1,587.285,851.152,1,0
292309060943300,551.659,802.207,0,136.294,77.6095,-547.04,-3.87537,6.90005,-0.0670969,0.120138,0.990487,57.2457,57.2457,1,595.222,883.496,0,197.217,80.6691,-545.557,-9.42826,8.0281,-0.162207,0.139659,0.976824,57.0292,57.0292,1,573.44,842.852,1,0
292309065943300,532.157,822.595,0,136.144,77.7462,-546.778,-4.22555,7.26143,-0.073092,0.126397,0.989283,57.2176,57.2176,1,553.641,861.092,0,197.009,80.7365,-545.289,-10.1673,7.6055,-0.174969,0.132352,0.975638,57.0022,57.0022,1,542.899,841.844,1,0
292309070943300,428.381,822.381,0,135.904,77.7399,-546.883,-6.12664,7.23828,-0.105876,0.125996,0.986365,57.2277,57.2277,1,433.248,845.001,0,196.752,80.7189,-545.338,-12.3167,7.26053,-0.211604,0.126381,0.96915,57.0073,57.0073,1,430.814,833.691,1,0
292309075943300,345.678,854.281,0,135.662,77.6689,-547.203,-7.63121,7.79471,-0.131569,0.135624,0.981986,57.2596,57.2596,1,380.236,866.423,0,196.57,80.6055,-545.726,-13.2423,7.6206,-0.227046,0.132613,0.964813,57.0466,57.0466,1,362.957,860.352,1,0
292309080943300,316.984,828.82,0,135.537,77.5694,-547.458,-8.14137,7.32902,-0.140459,0.127567,0.981834,57.2861,57.2861,1,345.799,846.098,0,196.445,80.5409,-545.811,-13.8376,7.2444,-0.237261,0.126102,0.963226,57.0563,57.0563,1,331.391,837.459,1,0
292309085943300,306.236,822.99,0,135.457,77.5419,-547.517,-8.32751,7.22322,-0.143682,0.125735,0.981604,57.2923,57.2923,1,340.319,847.233,0,196.377,80.5041,-545.872,-13.9307,7.26084,-0.238818,0.126387,0.962804,57.0629,57.0629,1,323.277,835.111,1,0
292309090943300,291.672,818.238,0,135.398,77.5009,-547.6,-8.59087,7.13137,-0.148222,0.124145,0.981131,57.3011,57.3011,1,347.052,823.601,0,196.338,80.4404,-545.927,-13.8039,6.84818,-0.236898,0.119239,0.96419,57.0697,57.0697,1,319.362,820.92,1,0
292309095943300,311.078,808.192,0,135.389,77.5111,-547.524,-8.23543,6.9545,-0.142187,0.121081,0.982406,57.2937,57.2937,1,354.988,813.798,0,196.333,80.3999,-545.969,-13.6645,6.67663,-0.234633,0.116266,0.965106,57.0747,57.0747,1,333.033,810.995,1,0
292309100943300,335.363,807.645,0,135.386,77.5385,-547.41,-7.78937,6.95192,-0.134535,0.121036,0.983489,57.2823,57.2823,1,369.293,813.625,0,196.329,80.3878,-545.989,-13.4108,6.68027,-0.230357,0.116329,0.966128,57.0769,57.0769,1,352.328,810.635,1,0
292309105943300,334.571,813.872,0,135.361,77.564,-547.336,-7.79925,7.067,-0.134672,0.12303,0.983223,57.2748,57.2748,1,358.422,806.221,0,196.299,80.4197,-545.869,-13.6019,6.54188,-0.233642,0.113929,0.965625,57.0648,57.0648,1,346.496,810.046,1,0
292309110943300,318.003,817.474,0,135.326,77.5431,-547.408,-8.09946,7.12836,-0.139803,0.124093,0.982373,57.282,57.282,1,338.532,793.928,0,196.254,80.3926,-545.908,-13.9485,6.31376,-0.239588,0.109973,0.964626,57.0692,57.0692,1,328.267,805.701,1,0
292309115943300,317.847,807.717,0,135.31,77.5656,-547.354,-8.10083,6.94933,-0.13988,0.120991,0.982749,57.2764,57.2764,1,347.857,830.857,0,196.242,80.3741,-546.102,-13.7787,6.98108,-0.236406,0.121542,0.964023,57.0879,57.0879,1,332.852,819.287,1,0
292309120943300,326.504,796.816,0,135.283,77.5307,-547.44,-7.93868,6.75453,-0.137155,0.117616,0.983542,57.2853,57.2853,1,337.903,821.299,0,196.214,80.3775,-546.062,-13.9521,6.80546,-0.239412,0.118499,0.96366,57.084,57.084,1,332.204,809.057,1,0
292309125943300,320.417,799.559,0,135.247,77.5234,-547.485,-8.04473,6.80449,-0.13896,0.118482,0.983185,57.2898,57.2898,1,345.825,830.039,0,196.198,80.3776,-546.054,-13.8138,6.96352,-0.237005,0.121237,0.963914,57.0832,57.0832,1,333.121,814.799,1,0
292309130943300,327.618,797.431,0,135.235,77.5255,-547.463,-7.91169,6.76773,-0.136688,0.117845,0.98358,57.2876,57.2876,1,346.942,825.527,0,196.162,80.4248,-545.887,-13.7923,6.88248,-0.236685,0.119833,0.964168,57.0663,57.0663,1,337.28,811.479,1,0
292309135943300,320.428,791.401,0,135.218,77.5553,-547.379,-8.04322,6.65328,-0.138978,0.115861,0.983495,57.279,57.279,1,364.685,828.662,0,196.157,80.4305,-545.87,-13.4788,6.9461,-0.231374,0.120936,0.965319,57.0647,57.0647,1,342.557,810.031,1,0
292309140943300,335.736,800.398,0,135.205,77.556,-547.396,-7.76251,6.81993,-0.134112,0.118749,0.983825,57.2806,57.2806,1,360.355,821.596,0,196.133,80.4463,-545.792,-13.5531,6.81821,-0.232689,0.11872,0.965278,57.0568,57.0568,1,348.045,810.997,1,0
292309145943300,341.154,800.758,0,135.19,77.5611,-547.386,-7.66314,6.82593,-0.132403,0.118853,0.984044,57.2795,57.2795,1,353.637,822.072,0,196.117,80.4284,-545.847,-13.6714,6.8227,-0.234679,0.118797,0.964787,57.0625,57.0625,1,347.396,811.415,1,0
292309150943300,338.681,807.691,0,135.172,77.5743,-547.365,-7.70569,6.95233,-0.133099,0.121043,0.983684,57.2772,57.2772,1,357.319,827.189,0,196.101,80.4398,-545.794,-13.6055,6.91631,-0.233524,0.120419,0.964866,57.0572,57.0572,1,348,817.44,1,0
292309155943300,346.125,813.287,0,135.161,77.5813,-547.329,-7.56768,7.05705,-0.130699,0.122858,0.98378,57.2737,57.2737,1,351.178,832.016,0,196.084,80.4352,-545.796,-13.7115,7.00176,-0.235265,0.1219,0.964257,57.0575,57.0575,1,348.652,822.652,1,0
292309160943300,340.361,812.609,0,135.153,77.6058,-547.257,-7.67134,7.04394,-0.132483,0.12263,0.98357,57.2662,57.2662,1,342.624,826.585,0,196.067,80.4437,-545.74,-13.8617,6.90061,-0.237843,0.120147,0.963844,57.0521,57.0521,1,341.492,819.597,1,0
292309165943300,333.798,810.271,0,135.14,77.6165,-547.23,-7.79016,6.99938,-0.134535,0.121859,0.983387,57.2634,57.2634,1,347.316,828.859,0,196.062,80.4131,-545.802,-13.7777,6.94511,-0.236408,0.120918,0.964101,57.0586,57.0586,1,340.557,819.565,1,0
292309170943300,335.37,803.191,0,135.134,77.6077,-547.238,-7.76,6.87181,-0.134054,0.119648,0.983724,57.2644,57.2644,1,348.816,835.318,0,196.059,80.403,-545.836,-13.7508,7.06176,-0.235897,0.122939,0.96397,57.0621,57.0621,1,342.093,819.254,1,0
292309175943300,353.835,801.152,0,135.126,77.4957,-547.584,-7.42097,6.84068,-0.128239,0.119109,0.984565,57.2998,57.2998,1,350.921,828.203,0,196.05,80.4044,-545.831,-13.7135,6.93419,-0.235333,0.120729,0.964387,57.0616,57.0616,1,352.378,814.678,1,0
292309180943300,336.66,800.791,0,135.116,77.5927,-547.292,-7.73379,6.82913,-0.133616,0.118909,0.983874,57.2698,57.2698,1,354.333,846.497,0,196.054,80.4059,-545.885,-13.6534,7.26269,-0.234153,0.126419,0.963945,57.0666,57.0666,1,345.497,823.644,1,0
292309185943300,333.963,794.272,0,135.113,77.5941,-547.271,-7.78306,6.70949,-0.134495,0.116835,0.984002,57.2678,57.2678,1,347.696,850.998,0,196.043,80.4165,-545.854,-13.7703,7.33966,-0.23608,0.127751,0.963299,57.0635,57.0635,1,340.83,822.635,1,0
292309190943300,347.622,799.323,0,135.111,77.5153,-547.533,-7.53333,6.80526,-0.130179,0.118495,0.984384,57.2945,57.2945,1,345.972,849.307,0,196.039,80.4257,-545.819,-13.8001,7.30917,-0.236596,0.127223,0.963243,57.06,57.06,1,346.797,824.315,1,0
292309195943300,334.76,797.967,0,135.101,77.5813,-547.348,-7.76692,6.77694,-0.134199,0.118004,0.983903,57.2754,57.2754,1,352.84,845.888,0,196.046,80.415,-545.842,-13.6791,7.25154,-0.234593,0.126226,0.963864,57.0623,57.0623,1,343.8,821.927,1,0
292309200943300,332.555,797.996,0,135.1,77.6101,-547.268,-7.80766,6.77561,-0.134899,0.117981,0.98381,57.2672,57.2672,1,339.671,846.4,0,196.03,80.4376,-545.782,-13.9114,7.25316,-0.238498,0.126254,0.962901,57.0561,57.0561,1,336.113,822.198,1,0
292309205943300,328.074,795.151,0,135.089,77.6059,-547.296,-7.8899,6.72104,-0.136327,0.117035,0.983726,57.2699,57.2699,1,346.68,843.167,0,196.035,80.4456,-545.758,-13.7888,7.19796,-0.236465,0.125298,0.963527,57.0537,57.0537,1,337.377,819.159,1,0
292309210943300,329.598,805.576,0,135.086,77.5979,-547.358,-7.86235,6.91044,-0.1358,0.120318,0.983403,57.2759,57.2759,1,350.225,838.168,0,196.035,80.4483,-545.75,-13.726,7.10993,-0.235454,0.123774,0.963972,57.0529,57.0529,1,339.911,821.872,1,0
292309215943300,332.07,797.924,0,135.081,77.5981,-547.358,-7.81667,6.77101,-0.135055,0.117901,0.983798,57.276,57.276,1,346.643,834.211,0,196.029,80.4602,-545.724,-13.7884,7.03719,-0.236541,0.122514,0.963867,57.0502,57.0502,1,339.357,816.068,1,0
292309220943300,319.894,816.633,0,135.058,77.5773,-547.492,-8.03882,7.10689,-0.13877,0.123721,0.982566,57.2891,57.2891,1,334.057,828.334,0,196.015,80.4573,-545.747,-14.0105,6.92388,-0.240335,0.120551,0.963175,57.0524,57.0524,1,326.975,822.484,1,0
292309225943300,318.389,822.326,0,135.053,77.5822,-547.527,-8.06703,7.20775,-0.139223,0.125467,0.98228,57.2923,57.2923,1,336.026,823.618,0,196.016,80.4736,-545.705,-13.9759,6.83991,-0.239794,0.119096,0.963491,57.048,57.048,1,327.208,822.972,1,0
292309230943300,317.521,817.529,0,135.046,77.5595,-547.593,-8.08298,7.11989,-0.139523,0.123946,0.982431,57.299,57.299,1,335.69,829.965,0,196.015,80.4863,-545.699,-13.9819,6.95257,-0.239838,0.121048,0.963237,57.0471,57.0471,1,326.606,823.747,1,0
292309235943300,320.965,821.343,0,135.053,77.5939,-547.512,-8.01987,7.18977,-0.13842,0.125156,0.982434,57.2906,57.2906,1,338.181,822.679,0,196.012,80.5105,-545.615,-13.9383,6.82274,-0.239171,0.118798,0.963683,57.0386,57.0386,1,329.573,822.011,1,0
292309240943300,318.096,818.899,0,135.047,77.5883,-547.537,-8.07173,7.14434,-0.139323,0.124369,0.982406,57.293,57.293,1,336.549,816.636,0,196.01,80.4885,-545.686,-13.9671,6.71283,-0.23971,0.116893,0.963782,57.0459,57.0459,1,327.323,817.767,1,0
292309245943300,317.184,822.367,0,135.048,77.6056,-547.512,-8.08814,7.20667,-0.139585,0.125449,0.982231,57.2902,57.2902,1,338.411,812.427,0,196.012,80.4874,-545.702,-13.9344,6.63754,-0.239197,0.115588,0.964066,57.0473,57.0473,1,327.797,817.397,1,0
292309250943300,317.956,820.342,0,135.046,77.609,-547.499,-8.07304,7.17061,-0.139337,0.124824,0.982346,57.2889,57.2889,1,341.884,818.627,0,196.011,80.5209,-545.626,-13.8727,6.75025,-0.238104,0.117542,0.964101,57.0394,57.0394,1,329.92,819.485,1,0
292309255943300,323.737,815.022,0,135.045,77.6019,-547.521,-7.96635,7.07594,-0.137536,0.123185,0.982807,57.2912,57.2912,1,342.281,812.319,0,196.009,80.5121,-545.647,-13.8664,6.63617,-0.238052,0.115564,0.964353,57.0416,57.0416,1,333.009,813.67,1,0
292309260943300,321.393,821.317,0,135.034,77.6147,-547.489,-8.00715,7.19072,-0.138201,0.125173,0.982462,57.2878,57.2878,1,331.41,818.095,0,195.996,80.5117,-545.654,-14.0571,6.73482,-0.241213,0.117274,0.96336,57.0422,57.0422,1,326.402,819.706,1,0
292309265943300,332.771,812.383,0,135.041,77.6208,-547.446,-7.7996,7.031,-0.134688,0.122406,0.983298,57.2837,57.2837,1,330.603,817.611,0,195.997,80.4887,-545.706,-14.071,6.72663,-0.241451,0.117132,0.963318,57.0477,57.0477,1,331.687,814.997,1,0
292309270943300,321.755,810.752,0,135.025,77.5991,-547.497,-7.99986,6.99916,-0.138134,0.121855,0.982889,57.289,57.289,1,333.029,820.558,0,195.996,80.4968,-545.674,-14.0287,6.78047,-0.240712,0.118066,0.963389,57.0445,57.0445,1,327.392,815.655,1,0
292309275943300,326.663,806.556,0,135.028,77.5913,-547.5,-7.90994,6.92489,-0.136613,0.120568,0.98326,57.2895,57.2895,1,337.632,818.514,0,195.998,80.5001,-545.615,-13.9485,6.74684,-0.23938,0.117483,0.963792,57.0389,57.0389,1,332.147,812.535,1,0
292309280943300,326.675,811.378,0,135.027,77.5995,-547.478,-7.91012,7.01217,-0.13659,0.12208,0.983077,57.2872,57.2872,1,332.635,822.001,0,195.996,80.4702,-545.686,-14.0365,6.8076,-0.240831,0.118536,0.963302,57.0463,57.0463,1,329.655,816.69,1,0
292309285943300,325.761,813.216,0,135.031,77.6229,-547.399,-7.92712,7.04538,-0.136872,0.122655,0.982966,57.2791,57.2791,1,333.819,824.063,0,195.994,80.4947,-545.593,-14.0158,6.84576,-0.240462,0.119197,0.963312,57.037,57.037,1,329.79,818.639,1,0
292309290943300,330.509,813.752,0,135.035,77.5947,-547.488,-7.84085,7.05655,-0.135389,0.122849,0.983147,57.2883,57.2883,1,329.173,814.423,0,195.992,80.4608,-545.647,-14.0971,6.67227,-0.241916,0.11619,0.963315,57.0429,57.0429,1,329.841,814.088,1,0
292309295943300,327.112,817.043,0,135.051,77.564,-547.58,-7.90633,7.11485,-0.136495,0.123859,0.982867,57.2977,57.2977,1,333.972,824.598,0,196.021,80.433,-545.719,-14.0127,6.86001,-0.240404,0.119444,0.963296,57.0503,57.0503,1,330.542,820.82,1,0
292309300943300,356.051,810.312,0,135.115,77.4793,-547.727,-7.37939,7.00638,-0.12748,0.12198,0.984312,57.3136,57.3136,1,388.905,850.103,0,196.117,80.3779,-545.851,-13.0457,7.34842,-0.223874,0.127903,0.966189,57.0642,57.0642,1,372.478,830.208,1,0
292309305943300,425.457,764.386,0,135.251,77.3303,-547.837,-6.11405,6.19078,-0.105887,0.107839,0.988513,57.3278,57.3278,1,450.062,804.916,0,196.275,80.274,-545.883,-11.9641,6.57188,-0.205937,0.11445,0.971849,57.0698,57.0698,1,437.759,784.651,1,0
292309310943300,464.056,680.287,0,135.388,77.1671,-547.812,-5.40752,4.67055,-0.0939261,0.0814262,0.992244,57.3295,57.3295,1,498.074,744.826,0,196.402,80.176,-545.731,-11.1103,5.51303,-0.191807,0.0960721,0.976719,57.0579,57.0579,1,481.065,712.557,1,0
292309315943300,503.225,613.691,0,135.521,77.0042,-547.834,-4.69697,3.45113,-0.0817373,0.0601972,0.994834,57.3357,57.3357,1,563.452,678.032,0,196.535,80.0098,-545.731,-9.94042,4.31715,-0.172134,0.0752771,0.982193,57.0622,57.0622,1,533.339,645.862,1,0
292309320943300,548.506,509.135,0,135.681,76.8086,-547.917,-3.86893,1.5296,-0.0674502,0.0266934,0.997366,57.3484,57.3484,1,606.93,632.373,0,196.637,79.9626,-545.523,-9.15636,3.49709,-0.158833,0.0609979,0.985419,57.0438,57.0438,1,577.718,570.754,1,0
292309325943300,613.026,540.302,0,135.817,76.8487,-547.725,-2.67793,2.11533,-0.0466898,0.0369111,0.998227,57.3294,57.3294,1,637.991,592.305,0,196.71,79.9075,-545.441,-8.5959,2.76502,-0.149291,0.04824,0.987616,57.0374,57.0374,1,625.509,566.304,1,0
292309330943300,625.567,534.918,0,135.89,76.8978,-547.476,-2.45295,2.00931,-0.0427727,0.0350618,0.998469,57.3047,57.3047,1,638.848,574.984,0,196.73,79.892,-545.376,-8.58242,2.44818,-0.149096,0.0427159,0.9879,57.0317,57.0317,1,632.208,554.951,1,0
292309335943300,625.622,547.137,0,135.892,76.8689,-547.55,-2.45366,2.23513,-0.0427788,0.0390004,0.998323,57.3124,57.3124,1,626.779,575.3,0,196.718,79.9136,-545.3,-8.80251,2.45461,-0.152889,0.0428279,0.987315,57.024,57.024,1,626.201,561.218,1,0
292309340943300,618.15,556.855,0,135.888,76.8866,-547.513,-2.59268,2.41583,-0.0451952,0.0421516,0.998088,57.3084,57.3084,1,612.233,576.253,0,196.717,79.8954,-545.367,-9.06872,2.47057,-0.157472,0.0431061,0.986582,57.0308,57.0308,1,615.191,566.554,1,0
292309345943300,609.722,554.689,0,135.879,76.8866,-547.531,-2.7493,2.37472,-0.0479248,0.0414348,0.997991,57.3101,57.3101,1,615.578,586.924,0,196.736,79.8958,-545.405,-9.00899,2.66768,-0.15642,0.0465429,0.986593,57.0344,57.0344,1,612.65,570.806,1,0
292309350943300,617.112,543.264,0,135.89,76.892,-547.5,-2.61229,2.16185,-0.0455448,0.0377225,0.99825,57.3071,57.3071,1,604.203,582.541,0,196.749,79.8934,-545.433,-9.21943,2.58234,-0.160053,0.045055,0.98608,57.0371,57.0371,1,610.658,562.903,1,0
292309355943300,619.72,557.275,0,135.903,76.9057,-547.508,-2.56496,2.4215,-0.0447121,0.0422505,0.998106,57.3074,57.3074,1,604.693,580.956,0,196.763,79.9013,-545.425,-9.21114,2.55436,-0.159914,0.0445672,0.986124,57.0361,57.0361,1,612.206,569.115,1,0
292309360943300,623.075,549.493,0,135.919,76.9241,-547.444,-2.50351,2.27667,-0.0436461,0.039725,0.998257,57.301,57.301,1,611.928,578.848,0,196.787,79.8957,-545.446,-9.08165,2.51452,-0.15769,0.0438726,0.986514,57.0382,57.0382,1,617.501,564.171,1,0
292309365943300,628.868,556.277,0,135.94,76.9324,-547.417,-2.39701,2.40387,-0.0417868,0.0419431,0.998246,57.2983,57.2983,1,611.784,577.999,0,196.8,79.9217,-545.381,-9.08588,2.49841,-0.157765,0.0435917,0.986514,57.0315,57.0315,1,620.326,567.138,1,0
292309370943300,630.097,559.36,0,135.958,76.9373,-547.42,-2.37599,2.46068,-0.0414187,0.0429337,0.998219,57.2984,57.2984,1,625.727,593.954,0,196.838,79.9023,-545.496,-8.83398,2.79265,-0.15339,0.0487217,0.986964,57.0428,57.0428,1,627.912,576.657,1,0
292309375943300,624.341,557.028,0,135.97,76.9252,-547.44,-2.48587,2.41532,-0.0433345,0.0421428,0.998171,57.3006,57.3006,1,620.229,598.49,0,196.836,79.9852,-545.265,-8.93548,2.87549,-0.155127,0.0501656,0.98662,57.019,57.019,1,622.285,577.759,1,0
292309380943300,617.836,552.268,0,135.987,76.909,-547.498,-2.60873,2.32855,-0.0454777,0.0406298,0.998139,57.3065,57.3065,1,602.895,595.522,0,196.847,79.9628,-545.349,-9.25472,2.8159,-0.16063,0.049127,0.985791,57.0274,57.0274,1,610.365,573.895,1,0
292309385943300,614.488,551.546,0,136.001,76.9202,-547.48,-2.67182,2.31649,-0.0465771,0.0404193,0.998097,57.3045,57.3045,1,610.678,600.432,0,196.874,79.9914,-545.301,-9.11442,2.90791,-0.158203,0.0507309,0.986103,57.0222,57.0222,1,612.583,575.989,1,0
292309390943300,602.938,537.027,0,136.016,76.9173,-547.491,-2.88615,2.05311,-0.0503192,0.0358259,0.99809,57.3056,57.3056,1,610.391,609.623,0,196.895,79.9895,-545.367,-9.12082,3.07776,-0.158288,0.0536911,0.985932,57.0284,57.0284,1,606.664,573.325,1,0
292309395943300,607.234,531.811,0,136.035,76.9414,-547.418,-2.80731,1.95599,-0.0489487,0.0341318,0.998218,57.2982,57.2982,1,600.43,602.113,0,196.914,79.9695,-545.45,-9.30393,2.93849,-0.161459,0.0512639,0.985547,57.0367,57.0367,1,603.832,566.962,1,0
292309400943300,612.173,535.574,0,136.052,76.9538,-547.402,-2.71707,2.02463,-0.0473744,0.035329,0.998252,57.2963,57.2963,1,592.567,595.158,0,196.932,79.973,-545.467,-9.44812,2.81088,-0.163957,0.0490394,0.985248,57.0383,57.0383,1,602.37,565.366,1,0
292309405943300,604.509,537.517,0,136.063,76.9642,-547.402,-2.86214,2.05767,-0.0499008,0.0359054,0.998109,57.2961,57.2961,1,591.177,598.515,0,196.953,79.9912,-545.462,-9.47641,2.86945,-0.164435,0.0500604,0.985117,57.0373,57.0373,1,597.843,568.016,1,0
292309410943300,609.618,528.575,0,136.093,76.9842,-547.344,-2.77059,1.88787,-0.0483108,0.0329436,0.998289,57.2901,57.2901,1,591.295,594.495,0,196.97,80.0084,-545.456,-9.47666,2.79204,-0.16445,0.048711,0.985182,57.0364,57.0364,1,600.457,561.535,1,0
292309415943300,600.08,525.276,0,136.096,76.9739,-547.379,-2.9509,1.82195,-0.0514541,0.0317937,0.998169,57.2936,57.2936,1,592.812,601.102,0,196.986,80.0205,-545.476,-9.45151,2.91028,-0.164001,0.0507722,0.985153,57.0379,57.0379,1,596.446,563.189,1,0
292309420943300,614.259,532.349,0,136.121,77.0126,-547.292,-2.68785,1.95363,-0.0468673,0.0340907,0.998319,57.2845,57.2845,1,591.226,591.573,0,196.991,80.0593,-545.368,-9.48058,2.73553,-0.164526,0.0477259,0.985217,57.0268,57.0268,1,602.743,561.961,1,0
292309425943300,627.734,537.734,0,136.131,76.9718,-547.473,-2.43797,2.05308,-0.0425105,0.0358254,0.998453,57.3025,57.3025,1,601.883,584.881,0,197.012,80.0643,-545.357,-9.28855,2.61146,-0.161239,0.0455628,0.985863,57.0256,57.0256,1,614.808,561.307,1,0
292309430943300,633.11,538.577,0,136.144,76.9776,-547.469,-2.33888,2.06824,-0.0407832,0.0360898,0.998516,57.302,57.302,1,607.071,578.733,0,197.027,80.0502,-545.419,-9.19524,2.49655,-0.159648,0.0435592,0.986213,57.0318,57.0318,1,620.091,558.655,1,0
292309435943300,639.194,539.677,0,136.157,76.9806,-547.474,-2.22689,2.08744,-0.038831,0.0364247,0.998582,57.3024,57.3024,1,607.523,579.614,0,197.04,80.0489,-545.453,-9.18873,2.51056,-0.159534,0.0438036,0.98622,57.0351,57.0351,1,623.358,559.645,1,0
292309440943300,650.605,538.106,0,136.185,77.0072,-547.398,-2.01655,2.05597,-0.0351655,0.0358757,0.998737,57.2946,57.2946,1,616.211,585.17,0,197.052,80.0583,-545.455,-9.03048,2.61429,-0.156797,0.0456121,0.986577,57.0349,57.0349,1,633.408,561.638,1,0
292309445943300,643.877,531.243,0,136.184,76.9935,-547.426,-2.14347,1.92555,-0.0373808,0.0336009,0.998736,57.2976,57.2976,1,612.642,588.601,0,197.062,80.0537,-545.503,-9.09667,2.67627,-0.157928,0.0466928,0.986346,57.0396,57.0396,1,628.26,559.922,1,0
292309450943300,645.236,523.745,0,136.194,76.9831,-547.47,-2.11868,1.78713,-0.0369516,0.0311862,0.99883,57.302,57.302,1,609.882,589.476,0,197.074,80.0575,-545.519,-9.14829,2.6914,-0.158815,0.0469565,0.986191,57.041,57.041,1,627.559,556.61,1,0
292309455943300,643.138,524.393,0,136.199,77.007,-547.413,-2.15801,1.79862,-0.0376369,0.0313868,0.998798,57.296,57.296,1,608.353,596.972,0,197.085,80.0656,-545.532,-9.178,2.82721,-0.159308,0.0493241,0.985996,57.042,57.042,1,625.745,560.682,1,0
292309460943300,646.439,516.656,0,136.208,76.9967,-547.423,-2.09755,1.65405,-0.0365858,0.0288647,0.998914,57.2972,57.2972,1,608.269,592.813,0,197.088,80.079,-545.501,-9.17991,2.75003,-0.159351,0.0479787,0.986055,57.0387,57.0387,1,627.354,554.734,1,0
292309465943300,642.786,528.371,0,136.208,77.0233,-547.37,-2.1661,1.8704,-0.0377765,0.0326388,0.998753,57.2916,57.2916,1,601.494,591.015,0,197.092,80.0736,-545.54,-9.30262,2.71865,-0.161467,0.0474315,0.985738,57.0426,57.0426,1,622.14,559.693,1,0
292309470943300,639.236,524.848,0,136.207,76.9824,-547.49,-2.23252,1.80661,-0.0389355,0.031526,0.998744,57.3039,57.3039,1,600.061,587.569,0,197.094,80.089,-545.502,-9.32934,2.65415,-0.161935,0.0463071,0.985714,57.0386,57.0386,1,619.649,556.208,1,0
292309475943300,638.905,527.941,0,136.214,77.0035,-547.443,-2.23882,1.86473,-0.0390442,0.0325399,0.998708,57.2989,57.2989,1,602.721,586.851,0,197.102,80.0843,-545.518,-9.28188,2.63992,-0.161121,0.046059,0.985859,57.0402,57.0402,1,620.813,557.396,1,0
292309480943300,639.044,520.693,0,136.211,76.9939,-547.463,-2.23584,1.73033,-0.0389951,0.0301954,0.998783,57.3011,57.3011,1,604.549,593.314,0,197.101,80.0847,-545.538,-9.24873,2.75812,-0.160535,0.0481197,0.985857,57.0421,57.0421,1,621.796,557.003,1,0
292309485943300,634.096,524.132,0,136.203,76.9828,-547.529,-2.3271,1.79574,-0.0405844,0.0313364,0.998685,57.3075,57.3075,1,600.498,585.207,0,197.095,80.0855,-545.516,-9.32188,2.60927,-0.161813,0.0455246,0.985771,57.04,57.04,1,617.297,554.669,1,0
292309490943300,645.107,521.885,0,136.206,76.9975,-547.483,-2.12134,1.75347,-0.0369985,0.030599,0.998847,57.3028,57.3028,1,600.451,582.424,0,197.095,80.0696,-545.562,-9.32314,2.55653,-0.161841,0.0446051,0.985808,57.0447,57.0447,1,622.779,552.155,1,0
292309495943300,647.941,518.963,0,136.2,76.9921,-547.506,-2.068,1.69831,-0.0360697,0.0296367,0.99891,57.3051,57.3051,1,605.846,582.9,0,197.094,80.0868,-545.511,-9.22407,2.56676,-0.160135,0.0447834,0.986079,57.0395,57.0395,1,626.893,550.931,1,0
292309500943300,648.11,521.3,0,136.196,76.9945,-547.503,-2.06463,1.74128,-0.0360101,0.0303863,0.998889,57.3048,57.3048,1,613.929,584.764,0,197.096,80.0601,-545.598,-9.07619,2.60142,-0.157585,0.0453877,0.986462,57.0484,57.0484,1,631.019,553.032,1,0
292309505943300,645.795,522.494,0,136.193,77.0065,-547.477,-2.10722,1.76365,-0.0367522,0.0307766,0.99885,57.3021,57.3021,1,612.468,596.591,0,197.082,80.0986,-545.507,-9.10142,2.82039,-0.157991,0.0492053,0.986214,57.0389,57.0389,1,629.131,559.542,1,0
292309510943300,643.836,523.3,0,136.184,77.0008,-547.505,-2.14289,1.77905,-0.0373737,0.0310452,0.998819,57.3048,57.3048,1,610.994,588.774,0,197.073,80.0685,-545.561,-9.12633,2.67901,-0.158439,0.0467405,0.986262,57.0446,57.0446,1,627.415,556.037,1,0
292309515943300,644.433,526.693,0,136.177,76.9964,-547.52,-2.13107,1.8425,-0.0371664,0.0321521,0.998792,57.3063,57.3063,1,611.901,592.033,0,197.066,80.0587,-545.593,-9.10882,2.73959,-0.158129,0.0477966,0.986261,57.048,57.048,1,628.167,559.363,1,0
292309520943300,648.539,532.102,0,136.177,77.0179,-547.477,-2.05371,1.94339,-0.0358157,0.0339121,0.998783,57.3018,57.3018,1,613.911,592.568,0,197.056,80.0971,-545.47,-9.0706,2.75198,-0.15747,0.0480126,0.986356,57.0354,57.0354,1,631.225,562.335,1,0
292309525943300,648.549,533.079,0,136.17,77.0159,-547.484,-2.05259,1.96241,-0.0357957,0.0342439,0.998772,57.3025,57.3025,1,615.243,596.645,0,197.05,80.0702,-545.539,-9.046,2.82647,-0.157036,0.0493113,0.986361,57.0425,57.0425,1,631.896,564.862,1,0
292309530943300,635.518,539.823,0,136.149,77.019,-547.477,-2.29408,2.08805,-0.0400021,0.0364353,0.998535,57.3018,57.3018,1,612.463,588.305,0,197.045,80.0514,-545.557,-9.09641,2.67283,-0.157924,0.0466327,0.98635,57.0447,57.0447,1,623.99,564.064,1,0
292309535943300,642.74,538.241,0,136.149,77.0223,-547.455,-2.15869,2.05951,-0.037643,0.0359376,0.998645,57.2995,57.2995,1,607.309,589.455,0,197.033,80.0547,-545.544,-9.19011,2.69259,-0.159535,0.0469772,0.986074,57.0434,57.0434,1,625.024,563.848,1,0
292309540943300,633.013,528.497,0,136.118,77.0421,-547.391,-2.33676,1.87801,-0.0407509,0.0327716,0.998632,57.2931,57.2931,1,593.359,583.052,0,196.993,80.101,-545.375,-9.44382,2.56907,-0.163915,0.0448236,0.985456,57.0264,57.0264,1,613.186,555.775,1,0
292309545943300,594.053,527.045,0,136.012,77.1214,-547.214,-3.05445,1.84303,-0.0532575,0.0321613,0.998063,57.2744,57.2744,1,584.978,566.428,0,196.873,80.1361,-545.236,-9.586,2.26013,-0.166398,0.0394366,0.98527,57.0124,57.0124,1,589.516,546.737,1,0
292309550943300,515.577,563.929,0,135.838,77.2842,-546.841,-4.4978,2.52251,-0.0783449,0.0440119,0.995954,57.2352,57.2352,1,513.846,576.962,0,196.675,80.2048,-545.055,-10.8611,2.44567,-0.188256,0.0426721,0.981192,56.9937,56.9937,1,514.712,570.445,1,0
292309555943300,397.643,582.319,0,135.6,77.1658,-547.284,-6.66176,2.856,-0.115864,0.049826,0.992015,57.2799,57.2799,1,416.149,546.017,0,196.486,80.0806,-545.397,-12.5993,1.86825,-0.218016,0.0326014,0.975401,57.0289,57.0289,1,406.896,564.168,1,0
292309560943300,340.873,552.769,0,135.466,77.0947,-547.428,-7.69177,2.31072,-0.133735,0.0403188,0.990197,57.2952,57.2952,1,373.545,568.544,0,196.367,80.0508,-545.512,-13.3482,2.27241,-0.230686,0.0396507,0.97222,57.0405,57.0405,1,357.209,560.656,1,0
292309565943300,349.379,529.786,0,135.403,76.9908,-547.655,-7.52785,1.89291,-0.130937,0.0330315,0.99084,57.3192,57.3192,1,366.075,564.941,0,196.313,80.0116,-545.544,-13.4718,2.2139,-0.232793,0.0386303,0.971759,57.0445,57.0445,1,357.727,547.363,1,0
292309570943300,363.152,527.826,0,135.39,76.8865,-547.954,-7.27422,1.85951,-0.126552,0.0324489,0.991429,57.35,57.35,1,357.814,559.48,0,196.293,79.9384,-545.668,-13.6156,2.11704,-0.235246,0.0369408,0.971234,57.058,57.058,1,360.483,543.653,1,0
292309575943300,381.141,511.773,0,135.425,76.9389,-547.689,-6.94398,1.56746,-0.120853,0.0273539,0.992293,57.3237,57.3237,1,355.71,559.648,0,196.299,79.9043,-545.699,-13.6523,2.12384,-0.235867,0.0370596,0.971079,57.0618,57.0618,1,368.426,535.711,1,0
292309580943300,394.754,521.444,0,135.439,76.9391,-547.667,-6.69579,1.74565,-0.116544,0.0304627,0.992718,57.3216,57.3216,1,372.443,582.283,0,196.324,79.9229,-545.651,-13.3583,2.53801,-0.230814,0.0442822,0.97199,57.0569,57.0569,1,383.599,551.863,1,0
292309585943300,404.241,524.798,0,135.445,76.932,-547.655,-6.5213,1.80931,-0.113516,0.0315731,0.993034,57.3207,57.3207,1,381.047,573.143,0,196.334,79.9128,-545.636,-13.2072,2.37297,-0.228277,0.0414043,0.972715,57.0557,57.0557,1,392.644,548.97,1,0
292309590943300,403.182,525.527,0,135.442,76.9648,-547.53,-6.54046,1.82241,-0.113847,0.0318016,0.992989,57.3081,57.3081,1,373.534,583.349,0,196.323,79.9376,-545.575,-13.3408,2.55626,-0.230513,0.0446004,0.972047,57.0493,57.0493,1,388.358,554.438,1,0
292309595943300,394.8,531.819,0,135.424,76.9476,-547.58,-6.69443,1.93761,-0.116508,0.0338113,0.992614,57.3132,57.3132,1,372.975,572.291,0,196.315,79.9457,-545.508,-13.3512,2.3544,-0.230724,0.0410805,0.972152,57.0428,57.0428,1,383.888,552.055,1,0
292309600943300,401.171,529.54,0,135.418,76.9448,-547.544,-6.57695,1.89538,-0.114475,0.0330746,0.992875,57.3099,57.3099,1,375.367,586.038,0,196.315,79.9184,-545.601,-13.3078,2.60609,-0.229944,0.0454691,0.972141,57.0522,57.0522,1,388.269,557.789,1,0
292309605943300,401.262,524.64,0,135.411,76.9309,-547.56,-6.57509,1.8048,-0.114448,0.0314945,0.99293,57.3117,57.3117,1,380.147,585.795,0,196.318,79.9123,-545.602,-13.2225,2.60375,-0.228497,0.0454284,0.972484,57.0525,57.0525,1,390.704,555.217,1,0
292309610943300,392.846,528.708,0,135.401,76.9262,-547.553,-6.7295,1.88041,-0.117119,0.0328135,0.992576,57.3112,57.3112,1,376.291,576.59,0,196.304,79.9397,-545.473,-13.2898,2.4373,-0.229668,0.042526,0.97234,57.0397,57.0397,1,384.568,552.649,1,0
292309615943300,390.166,528.956,0,135.401,76.9416,-547.492,-6.77949,1.8838,-0.117985,0.0328725,0.992471,57.3051,57.3051,1,379.4,573.507,0,196.305,79.9256,-545.498,-13.235,2.38134,-0.228748,0.0415502,0.972598,57.0424,57.0424,1,384.783,551.231,1,0
292309620943300,382.298,519.615,0,135.39,76.9279,-547.5,-6.9242,1.71024,-0.120502,0.0298448,0.992264,57.3062,57.3062,1,373.703,572.162,0,196.3,79.9193,-545.508,-13.3365,2.35525,-0.230475,0.0410952,0.97221,57.0434,57.0434,1,378.001,545.889,1,0
292309625943300,389.387,520.635,0,135.399,76.9544,-547.407,-6.79462,1.72836,-0.118257,0.0301609,0.992525,57.2968,57.2968,1,375.829,567.886,0,196.303,79.9177,-545.475,-13.2991,2.27872,-0.229853,0.0397607,0.972413,57.0404,57.0404,1,382.608,544.26,1,0
292309630943300,376.664,523.825,0,135.391,76.9866,-547.293,-7.02797,1.78711,-0.122294,0.0311859,0.992004,57.2852,57.2852,1,380.071,574.353,0,196.309,79.8985,-545.525,-13.2251,2.39624,-0.228577,0.0418101,0.972628,57.0455,57.0455,1,378.367,549.089,1,0
292309635943300,375.461,535.128,0,135.385,76.9744,-547.341,-7.04975,1.99651,-0.122657,0.0348386,0.991838,57.29,57.29,1,375.325,572.102,0,196.304,79.8962,-545.517,-13.3084,2.35582,-0.229999,0.0411052,0.972323,57.0448,57.0448,1,375.393,553.615,1,0
292309640943300,372.351,538.111,0,135.384,76.9965,-547.271,-7.10727,2.05061,-0.123648,0.0357823,0.991681,57.2829,57.2829,1,370.681,565.758,0,196.304,79.8584,-545.611,-13.3909,2.2397,-0.231416,0.0390802,0.97207,57.0547,57.0547,1,371.516,551.934,1,0
292309645943300,364.592,541.88,0,135.377,76.9962,-547.241,-7.24932,2.12101,-0.126101,0.0370101,0.991327,57.2801,57.2801,1,376.153,558.243,0,196.308,79.8671,-545.555,-13.2942,2.10433,-0.229795,0.0367192,0.972546,57.0491,57.0491,1,370.372,550.062,1,0
292309650943300,371.707,542.891,0,135.38,76.9737,-547.284,-7.11918,2.1406,-0.123847,0.0373518,0.991598,57.2847,57.2847,1,375.399,559.292,0,196.306,79.8868,-545.476,-13.3083,2.12308,-0.230033,0.0370463,0.972477,57.0413,57.0413,1,373.553,551.092,1,0
292309655943300,370.883,543.072,0,135.381,76.9787,-547.247,-7.13446,2.14418,-0.124111,0.0374143,0.991563,57.2811,57.2811,1,372.24,565.052,0,196.299,79.9034,-545.423,-13.3644,2.22728,-0.230968,0.0388636,0.972185,57.0358,57.0358,1,371.562,554.062,1,0
292309660943300,362.604,551.754,0,135.369,76.9825,-547.236,-7.28564,2.30459,-0.126713,0.0402118,0.991124,57.28,57.28,1,375.175,562.101,0,196.303,79.8801,-545.46,-13.3125,2.17492,-0.230096,0.0379503,0.972428,57.0399,57.0399,1,368.89,556.928,1,0
292309665943300,361.899,555.647,0,135.362,76.9649,-547.269,-7.29873,2.37652,-0.126933,0.0414663,0.991044,57.2835,57.2835,1,381.88,570.519,0,196.308,79.911,-545.376,-13.1944,2.3286,-0.228067,0.0406305,0.972797,57.0312,57.0312,1,371.89,563.083,1,0
292309670943300,360.878,547.918,0,135.361,76.9484,-547.275,-7.31747,2.23475,-0.12727,0.0389938,0.991101,57.2845,57.2845,1,373.195,562.737,0,196.307,79.8791,-545.444,-13.3484,2.18639,-0.230704,0.0381504,0.972276,57.0385,57.0385,1,367.037,555.327,1,0
292309675943300,364.612,560.127,0,135.378,76.9363,-547.3,-7.25064,2.46163,-0.126094,0.0429503,0.991088,57.2872,57.2872,1,379.16,562.44,0,196.34,79.8352,-545.572,-13.2428,2.18547,-0.228912,0.0381343,0.9727,57.0516,57.0516,1,371.886,561.283,1,0
292309680943300,394.468,551.62,0,135.453,76.7881,-547.725,-6.70532,2.31527,-0.116668,0.0403981,0.992349,57.3308,57.3308,1,377.382,562.847,0,196.45,79.7507,-545.875,-13.2836,2.19207,-0.229603,0.0382495,0.972533,57.0822,57.0822,1,385.925,557.233,1,0
292309685943300,446.565,535.288,0,135.612,76.6914,-547.96,-5.75984,2.01704,-0.100297,0.0351967,0.994335,57.3554,57.3554,1,471.403,595.876,0,196.654,79.7721,-545.918,-11.6195,2.80835,-0.20117,0.0489954,0.97833,57.0857,57.0857,1,458.984,565.582,1,0
292309690943300,560.156,544.162,0,135.847,76.7879,-547.666,-3.66991,2.18793,-0.0639615,0.0381773,0.997222,57.3253,57.3253,1,588.318,599.36,0,196.885,79.7866,-545.854,-9.52104,2.89057,-0.165199,0.0504285,0.98497,57.0794,57.0794,1,574.237,571.761,1,0
292309695943300,611.589,550.787,0,136.037,76.8258,-547.527,-2.72823,2.31512,-0.0475597,0.0403954,0.998051,57.3113,57.3113,1,632.306,609.782,0,197.029,79.8738,-545.641,-8.73083,3.08798,-0.151572,0.0538693,0.986977,57.0571,57.0571,1,621.948,580.285,1,0
292309700943300,663.696,518.762,0,136.193,76.8061,-547.466,-1.77113,1.71872,-0.0308932,0.0299928,0.999073,57.3061,57.3061,1,690.105,595.151,0,197.159,79.8528,-545.653,-7.68088,2.82389,-0.133493,0.0492662,0.989824,57.0587,57.0587,1,676.901,556.957,1,0
292309705943300,740.02,511.643,0,136.357,76.8232,-547.386,-0.360032,1.58194,-0.00628131,0.0276065,0.999599,57.2981,57.2981,1,739.757,613.924,0,197.257,79.9346,-545.406,-6.77507,3.17345,-0.117791,0.0553589,0.991494,57.0335,57.0335,1,739.888,562.784,1,0
292309710943300,758.34,522.204,0,136.421,76.924,-547.099,-0.0219185,1.7769,-0.000382366,0.0310078,0.999519,57.2686,57.2686,1,739.508,593.669,0,197.271,79.9312,-545.376,-6.7817,2.79667,-0.117946,0.0487917,0.991821,57.0308,57.0308,1,748.924,557.937,1,0
292309715943300,728.305,537.657,0,136.402,77.0005,-546.904,-0.581873,2.06234,-0.0101489,0.0359869,0.999301,57.2483,57.2483,1,716.175,593.962,0,197.245,79.975,-545.23,-7.21233,2.79816,-0.125397,0.0488178,0.990905,57.0159,57.0159,1,722.24,565.809,1,0
292309720943300,716.251,550.039,0,136.386,77.0419,-546.806,-0.80615,2.28992,-0.0140583,0.039956,0.999103,57.238,57.238,1,709.988,598.523,0,197.241,79.9651,-545.274,-7.32655,2.8807,-0.127363,0.0502566,0.990582,57.0203,57.0203,1,713.119,574.281,1,0
292309725943300,699.942,553.273,0,136.361,77.0008,-546.954,-1.10959,2.35132,-0.0193484,0.0410268,0.998971,57.253,57.253,1,705.72,592.362,0,197.244,79.9642,-545.276,-7.40551,2.76661,-0.128741,0.0482677,0.990503,57.0204,57.0204,1,702.831,572.817,1,0
292309730943300,707.35,557.646,0,136.374,77.0125,-546.93,-0.971993,2.43258,-0.0169484,0.0424438,0.998955,57.2504,57.2504,1,702.965,593.154,0,197.256,79.972,-545.266,-7.45736,2.78181,-0.129635,0.0485327,0.990373,57.0193,57.0193,1,705.157,575.4,1,0
292309735943300,702.457,551.959,0,136.379,77.0108,-546.927,-1.06464,2.32518,-0.0185652,0.0405709,0.999004,57.2502,57.2502,1,689.664,586.429,0,197.268,79.9885,-545.22,-7.70421,2.65619,-0.133915,0.0463427,0.989909,57.0146,57.0146,1,696.06,569.194,1,0
292309740943300,695.336,544.989,0,136.384,77.0173,-546.879,-1.19814,2.19606,-0.0208947,0.038319,0.999047,57.2455,57.2455,1,679.144,590.618,0,197.282,79.9886,-545.259,-7.89967,2.73124,-0.137283,0.047651,0.989385,57.0183,57.0183,1,687.24,567.803,1,0
292309745943300,688.265,537.273,0,136.399,76.9946,-546.928,-1.33352,2.04909,-0.0232574,0.0357557,0.99909,57.2507,57.2507,1,702.374,593.816,0,197.314,80.0226,-545.168,-7.47457,2.7923,-0.129932,0.0487156,0.990325,57.0089,57.0089,1,695.319,565.544,1,0
292309750943300,687.456,538.782,0,136.407,77.003,-546.893,-1.34933,2.07753,-0.0235326,0.0362518,0.999066,57.2472,57.2472,1,694.994,600.026,0,197.32,80.0171,-545.236,-7.61107,2.90572,-0.132278,0.0506927,0.989916,57.0154,57.0154,1,691.225,569.404,1,0
292309755943300,694.089,539.411,0,136.428,77.0134,-546.853,-1.22637,2.0917,-0.0213883,0.0364989,0.999105,57.2432,57.2432,1,698.861,588.954,0,197.339,80.0324,-545.164,-7.54154,2.70238,-0.131099,0.047148,0.990248,57.0083,57.0083,1,696.475,564.183,1,0
292309760943300,696.453,526.16,0,136.438,76.9809,-546.897,-1.18351,1.84561,-0.0206439,0.0322064,0.999268,57.2481,57.2481,1,705.046,601.362,0,197.356,80.0391,-545.183,-7.42899,2.93227,-0.129128,0.0511554,0.990308,57.0099,57.0099,1,700.749,563.761,1,0
292309765943300,733.444,517.308,0,136.497,76.9895,-546.841,-0.496305,1.68058,-0.00865832,0.0293275,0.999532,57.2426,57.2426,1,721.985,607.801,0,197.382,80.0419,-545.207,-7.11847,3.05181,-0.123746,0.0532389,0.990885,57.0121,57.0121,1,727.714,562.554,1,0
292309770943300,736.942,517.68,0,136.521,77.0092,-546.772,-0.433137,1.68647,-0.00755632,0.0294301,0.999538,57.2357,57.2357,1,709.874,602.767,0,197.396,80.0538,-545.175,-7.34537,2.95276,-0.12768,0.0515126,0.990477,57.0087,57.0087,1,723.408,560.224,1,0
292309775943300,727.091,529.285,0,136.525,76.9797,-546.863,-0.618726,1.90356,-0.0107926,0.0332174,0.99939,57.245,57.245,1,709.675,599.562,0,197.417,80.0446,-545.209,-7.35201,2.89006,-0.127802,0.0504196,0.990517,57.0121,57.0121,1,718.383,564.423,1,0
292309780943300,715.8,534.643,0,136.545,76.9849,-546.841,-0.832906,2.00144,-0.0145276,0.0349246,0.999284,57.2427,57.2427,1,711.947,602.189,0,197.445,80.0356,-545.268,-7.31242,2.93868,-0.127112,0.0512672,0.990562,57.0179,57.0179,1,713.874,568.416,1,0
292309785943300,724.718,532.164,0,136.579,77.0101,-546.743,-0.66987,1.95105,-0.0116844,0.0340456,0.999352,57.2329,57.2329,1,697.227,588.892,0,197.467,80.0409,-545.235,-7.58471,2.69741,-0.131846,0.0470613,0.990153,57.0147,57.0147,1,710.972,560.528,1,0
292309790943300,724.779,531.453,0,136.605,77.0179,-546.707,-0.671382,1.93748,-0.0117109,0.033809,0.99936,57.2293,57.2293,1,695.069,590.998,0,197.516,80.0287,-545.292,-7.62884,2.73726,-0.132604,0.047756,0.990018,57.0204,57.0204,1,709.924,561.226,1,0
292309795943300,727.777,521.118,0,136.635,77.0127,-546.69,-0.618644,1.74366,-0.0107922,0.0304279,0.999479,57.2279,57.2279,1,689.459,583.86,0,197.539,80.0535,-545.228,-7.73479,2.60436,-0.134449,0.0454389,0.989878,57.0137,57.0137,1,708.618,552.489,1,0
292309800943300,721.658,511.242,0,136.664,77.0074,-546.688,-0.735765,1.56201,-0.0128364,0.0272589,0.999546,57.2278,57.2278,1,697.285,578.829,0,197.569,80.0424,-545.278,-7.59344,2.51018,-0.132016,0.0437969,0.990279,57.0187,57.0187,1,709.471,545.035,1,0
292309805943300,716.656,527.068,0,136.701,77.0233,-546.659,-0.831858,1.86262,-0.0145105,0.0325031,0.999366,57.2247,57.2247,1,704.923,579.999,0,197.602,80.0611,-545.276,-7.45586,2.53056,-0.129636,0.0441523,0.990578,57.018,57.018,1,710.79,553.534,1,0
292309810943300,716.125,522.535,0,136.732,76.9973,-546.695,-0.845336,1.77901,-0.0147463,0.0310446,0.999409,57.2288,57.2288,1,706.854,579.26,0,197.629,80.0318,-545.411,-7.42335,2.51217,-0.129075,0.0438317,0.990665,57.0315,57.0315,1,711.49,550.898,1,0
292309815943300,713.093,535.31,0,136.758,76.993,-546.705,-0.90591,2.01456,-0.0158007,0.0351534,0.999257,57.2298,57.2298,1,701.173,567.006,0,197.664,80.022,-545.457,-7.53259,2.28045,-0.130986,0.0397908,0.990585,57.036,57.036,1,707.133,551.158,1,0
292309820943300,720.88,533.913,0,136.793,76.9674,-546.744,-0.764312,1.98806,-0.0133313,0.0346913,0.999309,57.234,57.234,1,698.88,574.655,0,197.694,80.0642,-545.388,-7.576,2.4279,-0.131723,0.0423621,0.990381,57.0285,57.0285,1,709.88,554.284,1,0
292309825943300,727.983,532.979,0,136.821,76.9767,-546.684,-0.634099,1.97005,-0.0110603,0.0343771,0.999348,57.2282,57.2282,1,697.605,570.426,0,197.733,80.0192,-545.533,-7.60082,2.35564,-0.132159,0.0411022,0.990376,57.0433,57.0433,1,712.794,551.703,1,0
292309830943300,739.552,539.518,0,136.854,76.9712,-546.699,-0.421383,2.08952,-0.00734956,0.0364609,0.999308,57.2298,57.2298,1,702.526,580.209,0,197.778,80.0317,-545.521,-7.51543,2.53447,-0.130665,0.0442204,0.99044,57.0418,57.0418,1,721.039,559.864,1,0
292309835943300,727.711,541.917,0,136.889,76.974,-546.668,-0.647074,2.13451,-0.0112855,0.0372456,0.999242,57.2267,57.2267,1,694.844,590.279,0,197.805,80.0715,-545.454,-7.66162,2.71488,-0.133173,0.0473659,0.98996,57.0346,57.0346,1,711.277,566.098,1,0
292309840943300,701.802,547.708,0,136.914,76.9719,-546.645,-1.13383,2.24934,-0.0197725,0.0392482,0.999034,57.2247,57.2247,1,714.571,605.614,0,197.845,80.0689,-545.521,-7.30007,3.00301,-0.126891,0.0523884,0.990532,57.0409,57.0409,1,708.187,576.661,1,0
292309845943300,693.5,540.866,0,136.941,76.9581,-546.65,-1.29125,2.12634,-0.0225191,0.0371031,0.999058,57.2255,57.2255,1,708.091,602.356,0,197.867,80.0922,-545.488,-7.42289,2.93857,-0.129022,0.0512653,0.990316,57.0372,57.0372,1,700.796,571.611,1,0
292309850943300,696.786,544.998,0,136.975,76.9535,-546.634,-1.23485,2.19861,-0.0215347,0.0383636,0.999032,57.2241,57.2241,1,698.053,588.513,0,197.901,80.0444,-545.63,-7.61149,2.67953,-0.13231,0.0467496,0.990105,57.0517,57.0517,1,697.42,566.755,1,0
292309855943300,704.316,543.357,0,137.014,76.9643,-546.558,-1.09761,2.16793,-0.0191421,0.0378284,0.999101,57.2167,57.2167,1,692.356,581.795,0,197.933,80.0356,-545.672,-7.71815,2.55833,-0.134166,0.0446365,0.989953,57.0559,57.0559,1,698.336,562.576,1,0
292309860943300,711.658,545.294,0,137.035,76.9437,-546.603,-0.96223,2.20574,-0.0167809,0.0384879,0.999118,57.2214,57.2214,1,702.902,579.416,0,197.974,80.0112,-545.744,-7.52658,2.51792,-0.13086,0.0439318,0.990427,57.0634,57.0634,1,707.28,562.355,1,0
292309865943300,722.163,536.497,0,137.066,76.9344,-546.577,-0.768136,2.04387,-0.0133976,0.0356646,0.999274,57.2192,57.2192,1,696.684,577.198,0,197.994,80.0128,-545.752,-7.64359,2.47501,-0.132886,0.0431837,0.99019,57.064,57.064,1,709.424,556.847,1,0
292309870943300,708.703,551.204,0,137.086,76.9366,-546.55,-1.02386,2.31454,-0.0178541,0.0403853,0.999025,57.2166,57.2166,1,699.25,584.171,0,198.029,80.0222,-545.752,-7.6006,2.60134,-0.132131,0.0453863,0.990193,57.0638,57.0638,1,703.977,567.687,1,0
292309875943300,705.386,560.698,0,137.113,76.9265,-546.559,-1.08905,2.49253,-0.0189883,0.0434891,0.998873,57.2177,57.2177,1,703.522,585.733,0,198.052,80.0467,-545.706,-7.5237,2.63175,-0.130798,0.0459166,0.990345,57.0588,57.0588,1,704.454,573.216,1,0
292309880943300,697.785,574.89,0,137.132,76.9173,-546.568,-1.2332,2.75962,-0.0214967,0.0481458,0.998609,57.2188,57.2188,1,707.727,584.405,0,198.081,80.0495,-545.715,-7.44929,2.60587,-0.129515,0.0454654,0.990535,57.0597,57.0597,1,702.756,579.647,1,0
292309885943300,705.154,574.496,0,137.169,76.934,-546.509,-1.09775,2.7554,-0.019136,0.0480724,0.998661,57.2129,57.2129,1,710.433,590.723,0,198.101,80.0532,-545.725,-7.4008,2.72455,-0.128664,0.0475345,0.990548,57.0605,57.0605,1,707.793,582.61,1,0
292309890943300,709.03,553.111,0,137.188,76.8958,-546.551,-1.02714,2.35854,-0.0179108,0.0411526,0.998992,57.2178,57.2178,1,714.497,596.633,0,198.132,80.0668,-545.69,-7.32864,2.83594,-0.127404,0.0494762,0.990616,57.0568,57.0568,1,711.764,574.872,1,0
292309895943300,711.688,540.968,0,137.226,76.9164,-546.406,-0.981007,2.13216,-0.0171091,0.0372046,0.999161,57.2036,57.2036,1,703.193,601.633,0,198.151,80.0488,-545.769,-7.53923,2.92615,-0.131034,0.0510488,0.990063,57.0647,57.0647,1,707.441,571.301,1,0
292309900943300,714.767,559.129,0,137.244,76.8269,-546.704,-0.927119,2.47074,-0.0161655,0.0431091,0.99894,57.2339,57.2339,1,694.479,595.465,0,198.174,80.0446,-545.752,-7.7023,2.812,-0.133865,0.0490589,0.989785,57.0633,57.0633,1,704.623,577.297,1,0
292309905943300,700.686,548.068,0,137.26,76.8696,-546.503,-1.19187,2.2652,-0.0207843,0.0395249,0.999002,57.2138,57.2138,1,701.203,575.484,0,198.209,79.9871,-545.865,-7.58053,2.44624,-0.131799,0.0426819,0.990357,57.0754,57.0754,1,700.944,561.776,1,0
292309910943300,719.548,554.44,0,137.291,76.8306,-546.608,-0.842848,2.382,-0.0146972,0.0415618,0.999028,57.2248,57.2248,1,699.408,578.701,0,198.223,80.0041,-545.824,-7.61527,2.50556,-0.132394,0.0437164,0.990233,57.0711,57.0711,1,709.478,566.57,1,0
292309915943300,721.969,532.787,0,137.328,76.8394,-546.482,-0.801644,1.97575,-0.0139826,0.0344764,0.999308,57.2126,57.2126,1,701.587,584.653,0,198.247,79.9749,-545.902,-7.57691,2.61771,-0.131719,0.0456717,0.990234,57.0791,57.0791,1,711.778,558.72,1,0
292309920943300,734.076,530.009,0,137.346,76.8139,-546.544,-0.576758,1.9243,-0.0100605,0.033579,0.999385,57.2191,57.2191,1,694.596,583.572,0,198.273,79.957,-545.961,-7.70905,2.59445,-0.134005,0.0452662,0.989946,57.0851,57.0851,1,714.336,556.791,1,0
292309925943300,730.845,532.304,0,137.366,76.8284,-546.474,-0.639091,1.96785,-0.0111474,0.0343387,0.999348,57.2122,57.2122,1,700.443,590.273,0,198.295,79.9807,-545.912,-7.6033,2.71963,-0.132165,0.0474487,0.990091,57.0799,57.0799,1,715.644,561.288,1,0
292309930943300,721.196,537.134,0,137.389,76.8264,-546.461,-0.821537,2.06229,-0.0143287,0.035986,0.99925,57.211,57.211,1,710.634,600.76,0,198.321,80.0029,-545.859,-7.41833,2.91404,-0.128946,0.0508376,0.990348,57.0743,57.0743,1,715.915,568.947,1,0
292309935943300,702.545,531.32,0,137.403,76.8045,-546.466,-1.17194,1.95909,-0.0204408,0.034186,0.999206,57.2121,57.2121,1,709.215,591.755,0,198.348,79.9919,-545.875,-7.44727,2.74743,-0.129465,0.0479334,0.990425,57.0762,57.0762,1,705.88,561.538,1,0
292309940943300,690.688,535.266,0,137.432,76.8106,-546.42,-1.39663,2.0349,-0.0243581,0.0355082,0.999073,57.2076,57.2076,1,708.766,599.603,0,198.376,79.9879,-545.904,-7.4568,2.89723,-0.129613,0.0505446,0.990276,57.079,57.079,1,699.727,567.435,1,0
292309945943300,699.187,545.643,0,137.464,76.7945,-546.439,-1.24138,2.22808,-0.0216481,0.0388775,0.999009,57.2097,57.2097,1,705.056,572.253,0,198.413,79.9158,-546.045,-7.52823,2.39228,-0.130901,0.0417411,0.990516,57.094,57.094,1,702.122,558.948,1,0
292309950943300,700.445,545.048,0,137.484,76.7676,-546.477,-1.22032,2.21774,-0.0212811,0.0386973,0.999024,57.2141,57.2141,1,692.919,580.102,0,198.429,79.9126,-546.064,-7.75401,2.53534,-0.134788,0.0442356,0.989887,57.096,57.096,1,696.682,562.575,1,0
292309955943300,720.052,532.764,0,137.522,76.7564,-546.47,-0.85616,1.99061,-0.0149332,0.0347356,0.999285,57.2136,57.2136,1,702.11,587.645,0,198.471,79.8875,-546.144,-7.58786,2.67831,-0.131902,0.0467283,0.990161,57.1041,57.1041,1,711.081,560.204,1,0
292309960943300,711.669,558.494,0,137.581,76.6962,-546.682,-1.02149,2.46912,-0.0178109,0.0430809,0.998913,57.2351,57.2351,1,708.694,596.51,0,198.566,79.8288,-546.396,-7.47338,2.84612,-0.129905,0.0496538,0.990282,57.1292,57.1292,1,710.182,577.502,1,0
292309965943300,744.906,547.08,0,137.748,76.6291,-546.854,-0.414674,2.26417,-0.00723171,0.039507,0.999193,57.2529,57.2529,1,774.573,595.439,0,198.783,79.7569,-546.691,-6.27369,2.83846,-0.109144,0.0495201,0.992792,57.1588,57.1588,1,759.739,571.26,1,0
292309970943300,847.853,554.61,0,138.028,76.5933,-546.98,1.48696,2.41116,0.0259264,0.0420703,0.998778,57.2657,57.2657,1,877.963,631.06,0,199.08,79.6842,-547.044,-4.38022,3.50477,-0.076232,0.0611317,0.995214,57.1939,57.1939,1,862.908,592.835,1,0
292309975943300,960.155,560.966,0,138.317,76.6064,-546.95,3.55841,2.51565,0.0620062,0.0438923,0.99711,57.2625,57.2625,1,1007.3,616.798,0,199.349,79.7372,-546.941,-1.98988,3.24066,-0.0346674,0.05653,0.997799,57.1828,57.1828,1,983.725,588.882,1,0
292309980943300,1038.95,556.989,0,138.569,76.6536,-546.798,5.00292,2.43996,0.0871274,0.0425725,0.995287,57.2471,57.2471,1,1074.52,616.208,0,199.574,79.8026,-546.748,-0.754493,3.23647,-0.013147,0.0564571,0.998318,57.163,57.163,1,1056.74,586.599,1,0
292309985943300,1069.23,566.158,0,138.764,76.7353,-546.513,5.54722,2.61217,0.0965656,0.0455752,0.994283,57.2182,57.2182,1,1142.95,594.558,0,199.729,79.8493,-546.615,0.514036,2.82171,0.00896062,0.0492282,0.998747,57.1494,57.1494,1,1106.09,580.358,1,0
292309990943300,1119.32,541.935,0,138.905,76.6649,-546.658,6.4616,2.15556,0.112458,0.0376128,0.992944,57.2336,57.2336,1,1130.41,585.967,0,199.847,79.8303,-546.692,0.265541,2.66655,0.00462952,0.0465233,0.998906,57.157,57.157,1,1124.86,563.951,1,0
292309995943300,1125.81,575.449,0,139.021,76.7277,-546.492,6.57238,2.77081,0.114325,0.0483409,0.992267,57.2164,57.2164,1,1168.16,600.501,0,199.946,79.8729,-546.632,0.96433,2.92996,0.0168079,0.0511152,0.998551,57.1503,57.1503,1,1146.99,587.975,1,0
292310000943300,1141.66,556.525,0,139.111,76.7795,-546.316,6.85664,2.42104,0.119279,0.0422426,0.991962,57.1986,57.1986,1,1192.08,611.783,0,200.001,79.8919,-546.637,1.40772,3.1367,0.02453,0.0547184,0.9982,57.1503,57.1503,1,1166.87,584.154,1,0
292310005943300,1136.25,557.93,0,139.145,76.7982,-546.274,6.75389,2.44506,0.117498,0.0426615,0.992156,57.1942,57.1942,1,1182.68,577.481,0,200.022,79.9063,-546.532,1.22744,2.50141,0.0214009,0.043644,0.998818,57.14,57.14,1,1159.46,567.705,1,202
292310010943300,1118.09,561.015,0,139.162,76.8128,-546.228,6.4164,2.50275,0.111647,0.0436674,0.992788,57.1894,57.1894,1,1134.99,584.86,0,200.045,79.8873,-546.662,0.330523,2.6413,0.00576256,0.0460831,0.998921,57.1527,57.1527,1,1126.54,572.938,1,0
292310015943300,1106.55,563.606,0,139.197,76.7959,-546.248,6.19911,2.55027,0.107877,0.0444958,0.993168,57.1917,57.1917,1,1116.31,593.023,0,200.085,79.8934,-546.696,-0.0230973,2.78744,-0.000402646,0.0486308,0.998817,57.1558,57.1558,1,1111.43,578.314,1,0
292310020943300,1125.19,569.991,0,139.255,76.8056,-546.253,6.53893,2.66572,0.113755,0.0465088,0.99242,57.192,57.192,1,1130.64,613.02,0,200.149,79.8755,-546.836,0.23961,3.15972,0.00417562,0.0551196,0.998471,57.1694,57.1694,1,1127.91,591.505,1,0
292310025943300,1126.46,564.086,0,139.317,76.797,-546.273,6.55485,2.56119,0.11404,0.0446863,0.992471,57.1941,57.1941,1,1153.14,621.216,0,200.217,79.857,-546.954,0.654737,3.31365,0.011408,0.0578019,0.998263,57.181,57.181,1,1139.8,592.651,1,0
292310030943300,1119.91,545.848,0,139.36,76.7828,-546.291,6.42916,2.22129,0.111891,0.038759,0.992964,57.1961,57.1961,1,1122.49,602.797,0,200.256,79.9041,-546.848,0.0746044,2.97056,0.00130034,0.0518228,0.998655,57.1699,57.1699,1,1121.2,574.323,1,0
292310035943300,1119.23,551.32,0,139.428,76.8008,-546.239,6.4105,2.31996,0.11156,0.0404798,0.992933,57.1908,57.1908,1,1143.43,607.998,0,200.325,79.9364,-546.857,0.460009,3.06558,0.00801709,0.0534789,0.998537,57.1699,57.1699,1,1131.33,579.659,1,0
292310040943300,1126.65,562.643,0,139.491,76.8274,-546.169,6.54238,2.52832,0.113827,0.0441132,0.992521,57.1835,57.1835,1,1152.17,608.234,0,200.388,79.9417,-546.902,0.61743,3.06804,0.0107605,0.0535219,0.998509,57.174,57.174,1,1139.41,585.438,1,0
292310045943300,1115.06,564.715,0,139.545,76.7954,-546.268,6.32003,2.57441,0.109971,0.0449169,0.992919,57.1937,57.1937,1,1159.91,600.372,0,200.448,79.904,-547.073,0.758363,2.9137,0.0132184,0.0508317,0.99862,57.1911,57.1911,1,1137.48,582.544,1,0
292310050943300,1120.23,544.561,0,139.596,76.7902,-546.252,6.4108,2.19915,0.111574,0.0383729,0.993015,57.1923,57.1923,1,1127.58,579.488,0,200.473,80.0055,-546.768,0.146044,2.53098,0.00254647,0.0441596,0.999021,57.1598,57.1598,1,1123.91,562.025,1,0
292310055943300,1114.32,559.539,0,139.655,76.7978,-546.228,6.29605,2.47418,0.109564,0.0431691,0.993042,57.1899,57.1899,1,1121.27,581.378,0,200.529,80.03,-546.752,0.02135,2.56686,0.000372254,0.0447851,0.998997,57.1577,57.1577,1,1117.79,570.459,1,0
292310060943300,1130.14,565.455,0,139.721,76.7872,-546.261,6.58239,2.58267,0.114515,0.0450609,0.992399,57.1932,57.1932,1,1136.99,581.033,0,200.603,80.0293,-546.829,0.310103,2.55126,0.00540692,0.0445132,0.998994,57.1649,57.1649,1,1133.56,573.244,1,0
292310065943300,1127.02,564.347,0,139.776,76.7767,-546.284,6.51759,2.56878,0.113394,0.0448186,0.992539,57.1957,57.1957,1,1132.02,588.551,0,200.645,79.9829,-547.079,0.213621,2.68934,0.00372428,0.0469206,0.998892,57.1896,57.1896,1,1129.52,576.449,1,0
292310070943300,1126.6,551.858,0,139.827,76.7508,-546.322,6.50485,2.33455,0.113193,0.0407344,0.992738,57.1998,57.1998,1,1109.38,578.659,0,200.691,80.008,-547.04,-0.218029,2.51488,-0.00380166,0.0438789,0.99903,57.1853,57.1853,1,1117.99,565.259,1,0
292310075943300,1117.02,567.019,0,139.889,76.7836,-546.203,6.32261,2.61315,0.110012,0.0455923,0.992884,57.1878,57.1878,1,1118.2,594.745,0,200.757,80.0113,-547.108,-0.058875,2.81128,-0.00102633,0.0490464,0.998796,57.1917,57.1917,1,1117.61,580.882,1,0
292310080943300,1119.47,563.053,0,139.937,76.7625,-546.259,6.36244,2.54135,0.110708,0.0443405,0.992863,57.1936,57.1936,1,1109.85,610.531,0,200.821,80.0009,-547.2,-0.220302,3.09765,-0.00383937,0.0540378,0.998531,57.2005,57.2005,1,1114.66,586.792,1,0
292310085943300,1127.09,559.131,0,140.009,76.7692,-546.235,6.49557,2.47167,0.113021,0.0431254,0.992656,57.1912,57.1912,1,1113.7,615.605,0,200.872,80.0171,-547.177,-0.153913,3.19313,-0.00268212,0.0557018,0.998444,57.198,57.198,1,1120.4,587.368,1,0
292310090943300,1116.23,572.142,0,140.048,76.7316,-546.333,6.29007,2.71375,0.109439,0.0473462,0.992865,57.2013,57.2013,1,1111.01,615.844,0,200.923,80.0215,-547.198,-0.21108,3.20462,-0.00367828,0.055902,0.99843,57.1998,57.1998,1,1113.62,593.993,1,0
292310095943300,1104.6,574.691,0,140.098,76.7461,-546.253,6.07054,2.75856,0.10563,0.0481273,0.99324,57.1935,57.1935,1,1116.79,618.652,0,200.981,80.0225,-547.26,-0.108275,3.25369,-0.00188671,0.0567571,0.998386,57.2056,57.2056,1,1110.7,596.671,1,0
292310100943300,1124.91,565.209,0,140.15,76.7474,-546.212,6.44202,2.58205,0.112084,0.04505,0.992677,57.1896,57.1896,1,1121.06,605.04,0,201.033,80.0219,-547.293,-0.0332142,2.99647,-0.000578904,0.0522744,0.998633,57.2087,57.2087,1,1122.98,585.125,1,0
292310105943300,1122.91,551.822,0,140.197,76.7315,-546.22,6.39923,2.33745,0.111363,0.0407849,0.992943,57.1907,57.1907,1,1141.26,603.431,0,201.082,80.0185,-547.315,0.339686,2.96971,0.00592064,0.0518081,0.99864,57.2109,57.2109,1,1132.08,577.627,1,0
292310110943300,1115.29,538.366,0,140.247,76.6806,-546.303,6.25152,2.09439,0.108821,0.0365458,0.993389,57.1998,57.1998,1,1134.69,614.992,0,201.126,80.0181,-547.345,0.212882,3.18111,0.00370976,0.0554923,0.998452,57.2137,57.2137,1,1124.99,576.679,1,0
292310115943300,1114.32,538.98,0,140.285,76.6628,-546.297,6.23006,2.1052,0.108448,0.0367345,0.993423,57.1997,57.1997,1,1109.08,624.543,0,201.159,80.0067,-547.382,-0.27137,3.36561,-0.00472812,0.0587072,0.998264,57.2175,57.2175,1,1111.7,581.761,1,0
292310120943300,1119.55,545.883,0,140.323,76.6366,-546.347,6.32321,2.23334,0.110053,0.0389693,0.993161,57.2051,57.2051,1,1110.34,613.796,0,201.195,80.0271,-547.344,-0.252093,3.16527,-0.00439313,0.0552163,0.998465,57.2134,57.2134,1,1114.95,579.839,1,0
292310125943300,1123.36,542.16,0,140.36,76.6021,-546.393,6.39085,2.15926,0.111231,0.0376773,0.99308,57.2103,57.2103,1,1111.57,602.998,0,201.239,80.0224,-547.351,-0.232706,2.9594,-0.00405606,0.0516282,0.998658,57.2142,57.2142,1,1117.46,572.579,1,0
292310130943300,1138.72,549.619,0,140.413,76.6653,-546.144,6.6717,2.29785,0.116087,0.0400943,0.99243,57.1853,57.1853,1,1122.45,608.506,0,201.277,80.0172,-547.384,-0.0325226,3.06025,-0.000566817,0.053386,0.998574,57.2174,57.2174,1,1130.58,579.063,1,0
292310135943300,1133.37,562.4,0,140.456,76.6883,-546.06,6.56819,2.53936,0.114273,0.0443057,0.992461,57.1768,57.1768,1,1137.06,611.026,0,201.319,79.994,-547.454,0.236698,3.11116,0.00412506,0.0542733,0.998518,57.2246,57.2246,1,1135.22,586.713,1,0
292310140943300,1117.11,569.038,0,140.475,76.6091,-546.24,6.26297,2.67081,0.108973,0.0465975,0.992952,57.1957,57.1957,1,1144.36,612.101,0,201.349,80.0114,-547.396,0.370409,3.12896,0.00645518,0.0545836,0.998488,57.2187,57.2187,1,1130.74,590.569,1,0
292310145943300,1114.05,563.671,0,140.51,76.635,-546.091,6.2028,2.57625,0.107939,0.0449489,0.993141,57.1811,57.1811,1,1133,607.687,0,201.37,80.0286,-547.331,0.154143,3.05082,0.00268648,0.0532217,0.998579,57.2122,57.2122,1,1123.52,585.679,1,0
292310150943300,1122.11,550.62,0,140.526,76.5789,-546.189,6.35042,2.33306,0.110517,0.0407083,0.99304,57.1917,57.1917,1,1112.47,612.986,0,201.385,80.0145,-547.371,-0.232257,3.15339,-0.00404751,0.0550092,0.998478,57.2162,57.2162,1,1117.29,581.803,1,0
292310155943300,1129.51,549.036,0,140.548,76.5793,-546.144,6.48546,2.30509,0.11286,0.0402205,0.992797,57.1874,57.1874,1,1111.05,608.348,0,201.415,79.9718,-547.464,-0.261374,3.0666,-0.00455529,0.0534967,0.998558,57.2261,57.2261,1,1120.28,578.692,1,0
292310160943300,1112.78,568.696,0,140.563,76.5583,-546.152,6.17493,2.6681,0.107448,0.0465502,0.99312,57.1888,57.1888,1,1114.5,618.57,0,201.43,79.9939,-547.389,-0.198741,3.25766,-0.00346306,0.0568262,0.998378,57.2185,57.2185,1,1113.64,593.633,1,0
292310165943300,1106.93,573.296,0,140.582,76.5576,-546.106,6.06484,2.75472,0.105532,0.0480604,0.993254,57.1844,57.1844,1,1121.93,609.353,0,201.45,79.9724,-547.394,-0.0613178,3.08696,-0.00106864,0.0538515,0.998548,57.2195,57.2195,1,1114.43,591.325,1,0
292310170943300,1108.34,565.799,0,140.587,76.5168,-546.163,6.09025,2.61692,0.105984,0.0456581,0.993319,57.1908,57.1908,1,1116.4,612.575,0,201.456,79.9675,-547.369,-0.165723,3.14782,-0.00288805,0.0549122,0.998487,57.2172,57.2172,1,1112.37,589.187,1,0
292310175943300,1114.25,565.782,0,140.599,76.4978,-546.175,6.1988,2.61712,0.107866,0.0456615,0.993116,57.1924,57.1924,1,1119.07,605.634,0,201.474,79.9229,-547.442,-0.116822,3.01938,-0.0020361,0.0526738,0.99861,57.2252,57.2252,1,1116.66,585.708,1,0
292310180943300,1137.07,540.091,0,140.631,76.4365,-546.237,6.61854,2.13945,0.115178,0.0373318,0.992643,57.1998,57.1998,1,1119.45,597.51,0,201.481,79.9431,-547.336,-0.110574,2.86603,-0.00192747,0.0500008,0.998747,57.2147,57.2147,1,1128.26,568.801,1,0
292310185943300,1139.18,551.83,0,140.642,76.4154,-546.279,6.6567,2.35658,0.115822,0.0411184,0.992419,57.2042,57.2042,1,1120.92,603.05,0,201.499,79.9258,-547.363,-0.0846316,2.96943,-0.00147512,0.0518031,0.998656,57.2177,57.2177,1,1130.05,577.44,1,0
292310190943300,1139.23,551.952,0,140.657,76.418,-546.203,6.65662,2.36099,0.11582,0.0411953,0.992416,57.1971,57.1971,1,1124.07,592.509,0,201.508,79.9435,-547.245,-0.0270695,2.77444,-0.000471899,0.0484041,0.998828,57.2062,57.2062,1,1131.65,572.231,1,0
292310195943300,1141.84,560.352,0,140.68,76.4406,-546.088,6.70305,2.51912,0.116611,0.0439527,0.992205,57.1857,57.1857,1,1125.76,595.427,0,201.528,79.8996,-547.353,0.00367931,2.82699,6.4138e-05,0.0493203,0.998783,57.2175,57.2175,1,1133.8,577.889,1,0
292310200943300,1137.91,563.398,0,140.687,76.4336,-546.07,6.62966,2.57754,0.115335,0.0449715,0.992308,57.1841,57.1841,1,1122.54,597.274,0,201.534,79.9109,-547.297,-0.0570991,2.85922,-0.000995327,0.0498821,0.998755,57.2119,57.2119,1,1130.22,580.336,1,0
292310205943300,1124.36,562.855,0,140.689,76.3774,-546.184,6.37725,2.57251,0.110962,0.0448836,0.992811,57.1963,57.1963,1,1131.48,599.142,0,201.546,79.9365,-547.201,0.109006,2.89333,0.00190008,0.0504767,0.998724,57.2023,57.2023,1,1127.92,580.998,1,0
292310210943300,1126.82,566.422,0,140.71,76.4077,-546.082,6.42084,2.64114,0.111712,0.0460802,0.992672,57.1859,57.1859,1,1128.62,600.922,0,201.556,79.9321,-547.198,0.054436,2.92618,0.000948848,0.0510492,0.998696,57.2021,57.2021,1,1127.72,583.672,1,0
292310215943300,1127.91,564.898,0,140.72,76.4082,-546.057,6.43998,2.61466,0.112046,0.0456185,0.992655,57.1836,57.1836,1,1123.41,592.583,0,201.563,79.8988,-547.276,-0.0434721,2.77112,-0.000757845,0.0483463,0.99883,57.2102,57.2102,1,1125.66,578.74,1,0
292310220943300,1119.69,562.007,0,140.722,76.3845,-546.104,6.2866,2.56457,0.109392,0.0447453,0.992991,57.1886,57.1886,1,1116.59,577.259,0,201.558,79.9314,-547.108,-0.172173,2.48903,-0.00300215,0.0434281,0.999052,57.1936,57.1936,1,1118.14,569.633,1,0
292310225943300,1120.91,567.91,0,140.735,76.4172,-546.018,6.30845,2.67364,0.109761,0.0466469,0.992863,57.1797,57.1797,1,1116.62,581.54,0,201.585,79.8643,-547.349,-0.173275,2.56854,-0.00302118,0.0448145,0.998991,57.2179,57.2179,1,1118.76,574.725,1,0
292310230943300,1115.47,564.777,0,140.735,76.3885,-546.089,6.20696,2.61667,0.108007,0.0456537,0.993101,57.1871,57.1871,1,1110.35,564.702,0,201.574,79.8947,-547.198,-0.290558,2.25633,-0.00506724,0.0393702,0.999212,57.203,57.203,1,1112.91,564.74,1,0
292310235943300,1120.75,564.305,0,140.748,76.3981,-546.046,6.30373,2.60846,0.109685,0.0455106,0.992924,57.1828,57.1828,1,1106.09,565.266,0,201.578,79.9146,-547.152,-0.371195,2.26699,-0.00647345,0.0395561,0.999196,57.1982,57.1982,1,1113.42,564.786,1,0
292310240943300,1119.7,564.014,0,140.753,76.4022,-546.031,6.28403,2.60274,0.109344,0.0454108,0.992966,57.1813,57.1813,1,1102.32,564.385,0,201.583,79.9203,-547.138,-0.4431,2.25362,-0.0077275,0.0393229,0.999197,57.1967,57.1967,1,1111.01,564.2,1,0
292310245943300,1119.99,559.317,0,140.756,76.3906,-546.042,6.28898,2.51607,0.109438,0.0438996,0.993024,57.1826,57.1826,1,1101.27,569.175,0,201.581,79.9474,-547.062,-0.462931,2.34334,-0.00807282,0.0408876,0.999131,57.1889,57.1889,1,1110.63,564.246,1,0
292310250943300,1126.33,562.979,0,140.769,76.3977,-546.023,6.40536,2.58307,0.111449,0.0450679,0.992748,57.1806,57.1806,1,1105.28,574.704,0,201.6,79.9284,-547.141,-0.389725,2.44798,-0.00679573,0.0427122,0.999064,57.1968,57.1968,1,1115.8,568.841,1,0
292310255943300,1133.77,559.256,0,140.782,76.4047,-545.995,6.54189,2.5142,0.11382,0.043867,0.992532,57.1778,57.1778,1,1100.48,579.587,0,201.601,79.9481,-547.098,-0.480128,2.53973,-0.00837148,0.0443121,0.998983,57.1923,57.1923,1,1117.12,569.421,1,0
292310260943300,1136.44,552.863,0,140.794,76.3947,-545.993,6.59024,2.39524,0.114668,0.0417926,0.992524,57.1779,57.1779,1,1095.44,574.086,0,201.61,79.9572,-547.076,-0.575882,2.43872,-0.0100418,0.0425508,0.999044,57.1899,57.1899,1,1115.94,563.474,1,0
292310265943300,1132.91,563.816,0,140.798,76.4003,-545.988,6.52495,2.59683,0.113519,0.0453078,0.992502,57.1773,57.1773,1,1101.2,574.574,0,201.624,79.9518,-547.094,-0.469413,2.44808,-0.00818524,0.042714,0.999054,57.1918,57.1918,1,1117.05,569.195,1,0
292310270943300,1126.74,565.18,0,140.8,76.3913,-545.999,6.41094,2.6205,0.111542,0.0457203,0.992707,57.1785,57.1785,1,1101.44,576.277,0,201.63,79.9439,-547.106,-0.465516,2.48059,-0.00811709,0.043281,0.99903,57.1931,57.1931,1,1114.09,570.728,1,0
292310275943300,1131.22,561.886,0,140.815,76.4184,-545.895,6.49341,2.55805,0.112976,0.0446316,0.992595,57.168,57.168,1,1094.34,576.984,0,201.632,79.9485,-547.081,-0.598828,2.49375,-0.0104414,0.0435104,0.998998,57.1907,57.1907,1,1112.78,569.435,1,0
292310280943300,1123.88,571.718,0,140.813,76.4043,-545.943,6.35725,2.74072,0.110601,0.0478164,0.992714,57.173,57.173,1,1100.52,591.897,0,201.638,79.9711,-547.045,-0.483877,2.77156,-0.00843527,0.0483539,0.998795,57.1867,57.1867,1,1112.2,581.808,1,0
292310285943300,1131.23,575.626,0,140.83,76.4244,-545.88,6.49237,2.81258,0.112935,0.049069,0.99239,57.1665,57.1665,1,1108.78,598.499,0,201.652,79.9618,-547.083,-0.330562,2.89553,-0.005762,0.0505151,0.998707,57.1905,57.1905,1,1120.01,587.063,1,0
292310290943300,1127.21,569.192,0,140.832,76.4121,-545.885,6.41755,2.69389,0.11165,0.0469999,0.992635,57.1673,57.1673,1,1105.68,590.308,0,201.652,79.9646,-547.044,-0.389038,2.74375,-0.00678216,0.0478692,0.998831,57.1868,57.1868,1,1116.44,579.75,1,0
292310295943300,1124.84,577.278,0,140.837,76.4046,-545.913,6.37288,2.84532,0.110862,0.0496397,0.992595,57.1701,57.1701,1,1106.48,586.364,0,201.666,79.9335,-547.151,-0.375032,2.67107,-0.00653839,0.0466021,0.998892,57.1976,57.1976,1,1115.66,581.821,1,0
292310300943300,1124.31,574.962,0,140.863,76.3568,-546.07,6.35846,2.80667,0.110616,0.048966,0.992656,57.1861,57.1861,1,1122.89,595.057,0,201.732,79.8596,-547.453,-0.0723439,2.82785,-0.0012611,0.0493353,0.998781,57.2279,57.2279,1,1123.6,585.01,1,0
292310305943300,1193.13,562.05,0,141.021,76.2263,-546.479,7.61159,2.56431,0.132324,0.0447407,0.990196,57.2279,57.2279,1,1158.74,593.807,0,201.909,79.7588,-547.837,0.58156,2.8086,0.0101378,0.0489997,0.998747,57.2665,57.2665,1,1175.94,577.929,1,0
292310310943300,1290.16,580.298,0,141.262,76.1631,-546.722,9.36625,2.8908,0.162538,0.0504325,0.985413,57.2523,57.2523,1,1284.71,614.11,0,202.158,79.6759,-548.161,2.91419,3.18016,0.050762,0.0554757,0.997169,57.2991,57.2991,1,1287.44,597.204,1,0
292310315943300,1388.01,559.601,0,141.519,76.17,-546.65,11.1181,2.49784,0.192649,0.0435817,0.980299,57.2454,57.2454,1,1375.27,597.076,0,202.407,79.6615,-548.18,4.57383,2.86378,0.0796441,0.0499616,0.99557,57.3013,57.3013,1,1381.64,578.338,1,0
292310320943300,1447.89,525.936,0,141.726,76.1789,-546.501,12.1739,1.87958,0.210766,0.0327991,0.976986,57.2311,57.2311,1,1465.76,549.083,0,202.585,79.6573,-548.031,6.23545,1.96591,0.108551,0.0343048,0.993499,57.2873,57.2873,1,1456.83,537.51,1,0
292310325943300,1519.19,531.013,0,141.924,76.1534,-546.481,13.431,1.95859,0.232138,0.0341772,0.972082,57.2299,57.2299,1,1511.22,518.784,0,202.724,79.7648,-547.588,7.05552,1.40792,0.122794,0.0245703,0.992128,57.2429,57.2429,1,1515.21,524.899,1,0
292310330943300,1573.81,496.954,0,142.067,76.2001,-546.248,14.385,1.33337,0.248369,0.0232697,0.968386,57.2068,57.2068,1,1576.24,506.146,0,202.831,79.7446,-547.585,8.24002,1.17154,0.14329,0.0204457,0.989469,57.2432,57.2432,1,1575.03,501.55,1,0
292310335943300,1603.07,484.692,0,142.163,76.3145,-545.855,14.8905,1.11122,0.256924,0.0193932,0.966237,57.1669,57.1669,1,1589.1,507.656,0,202.862,79.7795,-547.421,8.47436,1.19633,0.147335,0.0208784,0.988866,57.2269,57.2269,1,1596.08,496.174,1,0
292310340943300,1579.59,495.401,0,142.143,76.3239,-545.835,14.4806,1.30682,0.249987,0.0228063,0.967981,57.1648,57.1648,1,1605.93,482.994,0,202.88,79.7649,-547.316,8.78106,0.742449,0.152646,0.0129578,0.988196,57.2174,57.2174,1,1592.76,489.198,1,0
292310345943300,1563.74,485.736,0,142.107,76.2925,-545.893,14.2068,1.13048,0.245375,0.0197293,0.969228,57.1711,57.1711,1,1583.84,486.44,0,202.852,79.7639,-547.296,8.3785,0.809381,0.145697,0.0141259,0.989228,57.2155,57.2155,1,1573.79,486.088,1,0
292310350943300,1569.58,488.87,0,142.1,76.2975,-545.887,14.3117,1.18476,0.247144,0.0206765,0.968758,57.1703,57.1703,1,1577.25,473.414,0,202.85,79.7121,-547.413,8.25801,0.5707,0.143624,0.00996043,0.989582,57.2278,57.2278,1,1573.41,481.142,1,0
292310355943300,1575.52,483.595,0,142.098,76.3047,-545.853,14.4179,1.08682,0.248948,0.0189675,0.968331,57.167,57.167,1,1578.09,477.606,0,202.854,79.7132,-547.429,8.27306,0.647755,0.143882,0.0113052,0.98953,57.2293,57.2293,1,1576.81,480.601,1,0
292310360943300,1570.51,488.117,0,142.093,76.3098,-545.864,14.3303,1.16847,0.24746,0.0203923,0.968684,57.1679,57.1679,1,1572.09,476.962,0,202.849,79.7241,-547.384,8.16296,0.637014,0.14198,0.0111178,0.989807,57.2248,57.2248,1,1571.3,482.539,1,0
292310365943300,1566.33,485.903,0,142.097,76.3058,-545.883,14.2561,1.12839,0.246208,0.0196928,0.969017,57.1698,57.1698,1,1568.18,472.698,0,202.853,79.712,-547.423,8.09087,0.558167,0.140737,0.0097417,0.989999,57.2288,57.2288,1,1567.25,479.3,1,0
292310370943300,1571.2,484.464,0,142.11,76.3117,-545.853,14.34,1.10342,0.247629,0.0192571,0.968663,57.1668,57.1668,1,1569.84,462.468,0,202.862,79.7039,-547.428,8.1216,0.367312,0.141271,0.00641076,0.98995,57.2295,57.2295,1,1570.52,473.466,1,0
292310375943300,1574.21,474.416,0,142.113,76.2917,-545.886,14.3927,0.921271,0.248534,0.0160785,0.96849,57.1704,57.1704,1,1570.08,468.239,0,202.863,79.7058,-547.434,8.12615,0.473671,0.141348,0.00826703,0.989925,57.23,57.23,1,1572.15,471.327,1,0
292310380943300,1574.67,470.548,0,142.118,76.2969,-545.872,14.4002,0.851038,0.248666,0.0148529,0.968475,57.169,57.169,1,1570.22,458.725,0,202.872,79.6955,-547.438,8.12883,0.296561,0.141397,0.00517594,0.989939,57.2306,57.2306,1,1572.44,464.637,1,0
292310385943300,1581.63,474.116,0,142.128,76.3064,-545.859,14.5211,0.915867,0.250705,0.0159842,0.967932,57.1675,57.1675,1,1576.5,461.407,0,202.878,79.7141,-547.388,8.24287,0.346398,0.143367,0.00604575,0.989651,57.2254,57.2254,1,1579.07,467.762,1,0
292310390943300,1574.8,475.067,0,142.121,76.3094,-545.863,14.4021,0.932437,0.248692,0.0162734,0.968446,57.1678,57.1678,1,1579.73,464.559,0,202.887,79.7056,-547.43,8.30155,0.403963,0.144379,0.00705042,0.989497,57.2296,57.2296,1,1577.27,469.813,1,0
292310395943300,1569.56,476.786,0,142.114,76.2821,-545.959,14.3096,0.964033,0.247127,0.0168248,0.968837,57.1775,57.1775,1,1575.36,464.287,0,202.882,79.7144,-547.404,8.22189,0.398946,0.143004,0.00696286,0.989698,57.227,57.227,1,1572.46,470.536,1,0
292310400943300,1575.6,472.901,0,142.121,76.2876,-545.939,14.4158,0.89274,0.248927,0.0155806,0.968397,57.1755,57.1755,1,1566.3,458.18,0,202.885,79.7023,-547.434,8.057,0.283621,0.140156,0.0049501,0.990117,57.23,57.23,1,1570.95,465.54,1,0
292310405943300,1577.41,484.833,0,142.123,76.2977,-545.94,14.4478,1.10805,0.249451,0.0193379,0.968194,57.1754,57.1754,1,1563.74,456.854,0,202.888,79.7246,-547.379,8.009,0.25914,0.139327,0.00452282,0.990236,57.2244,57.2244,1,1570.58,470.844,1,0
292310410943300,1576.88,490.786,0,142.124,76.3133,-545.908,14.4389,1.21508,0.249292,0.0212056,0.968196,57.172,57.172,1,1567.61,455.83,0,202.9,79.6987,-547.456,8.08037,0.2385,0.140561,0.00416259,0.990063,57.2322,57.2322,1,1572.25,473.308,1,0
292310415943300,1581.59,480.12,0,142.127,76.3017,-545.909,14.5213,1.02232,0.2507,0.0178418,0.967901,57.1723,57.1723,1,1571.37,458.398,0,202.901,79.743,-547.319,8.1487,0.285608,0.141741,0.00498478,0.989891,57.2182,57.2182,1,1576.48,469.259,1,0
292310420943300,1579.04,479.99,0,142.129,76.3022,-545.9,14.4756,1.02139,0.249928,0.0178256,0.9681,57.1715,57.1715,1,1565.86,451.66,0,202.907,79.7061,-547.421,8.04871,0.159392,0.140014,0.00278192,0.990146,57.2287,57.2287,1,1572.45,465.825,1,0
292310425943300,1578.39,480.041,0,142.141,76.32,-545.841,14.4621,1.02437,0.249699,0.0178777,0.968158,57.1654,57.1654,1,1564.73,445.98,0,202.906,79.7132,-547.382,8.02813,0.0539557,0.139659,0.000941704,0.990199,57.2249,57.2249,1,1571.56,463.011,1,0
292310430943300,1571.12,481.497,0,142.14,76.311,-545.861,14.3356,1.04934,0.247559,0.0183134,0.9687,57.1676,57.1676,1,1575.54,447.597,0,202.92,79.7029,-547.414,8.22523,0.0839166,0.143065,0.00146462,0.989712,57.2282,57.2282,1,1573.33,464.547,1,0
292310435943300,1576.21,475.408,0,142.151,76.2995,-545.878,14.4241,0.938701,0.249064,0.0163827,0.968348,57.1695,57.1695,1,1571.35,444.579,0,202.924,79.6884,-547.457,8.1486,0.02749,0.141741,0.000479791,0.989904,57.2326,57.2326,1,1573.78,459.994,1,0
292310440943300,1576.99,481.611,0,142.16,76.32,-545.816,14.4362,1.05318,0.24926,0.0183803,0.968262,57.1631,57.1631,1,1578.89,444.769,0,202.935,79.6744,-547.5,8.28593,0.0311547,0.144113,0.000543752,0.989561,57.237,57.237,1,1577.94,463.19,1,0
292310445943300,1569.51,483.403,0,142.161,76.2983,-545.878,14.3043,1.08595,0.247027,0.0189523,0.968823,57.1695,57.1695,1,1578.13,436.673,0,202.941,79.6602,-547.512,8.27183,-0.118259,0.143869,-0.00206401,0.989595,57.2385,57.2385,1,1573.82,460.038,1,0
292310450943300,1576.14,477.558,0,142.176,76.2984,-545.865,14.4191,0.980405,0.248976,0.0171105,0.968358,57.1683,57.1683,1,1576.14,446.822,0,202.945,79.6747,-547.498,8.23467,0.069125,0.143228,0.00120646,0.989689,57.2368,57.2368,1,1576.14,462.19,1,0
292310455943300,1567.9,480.108,0,142.182,76.3162,-545.788,14.2741,1.02752,0.246521,0.0179326,0.968972,57.1606,57.1606,1,1568.4,441.43,0,202.943,79.7193,-547.365,8.08947,-0.0268492,0.140719,-0.000468606,0.990049,57.2231,57.2231,1,1568.15,460.769,1,0
292310460943300,1564.17,476.743,0,142.189,76.3026,-545.818,14.2094,0.963807,0.245432,0.0168208,0.969268,57.1637,57.1637,1,1569.81,439.168,0,202.959,79.6734,-547.491,8.11415,-0.0677085,0.141146,-0.00118174,0.989988,57.2361,57.2361,1,1566.99,457.956,1,0
292310465943300,1571.63,472.408,0,142.198,76.2963,-545.816,14.3402,0.885032,0.247648,0.0154461,0.968727,57.1637,57.1637,1,1570.41,441.412,0,202.962,79.7135,-547.39,8.12186,-0.02304,0.141279,-0.000402125,0.98997,57.2257,57.2257,1,1571.02,456.91,1,0
292310470943300,1574.22,476.952,0,142.205,76.2893,-545.848,14.3851,0.967176,0.248403,0.0168796,0.96851,57.1669,57.1669,1,1570.36,432.033,0,202.973,79.6899,-547.459,8.11896,-0.194465,0.141228,-0.00339405,0.989971,57.2327,57.2327,1,1572.29,454.493,1,0
292310475943300,1566.66,482.826,0,142.211,76.2949,-545.828,14.2508,1.07536,0.246124,0.0187675,0.969057,57.1649,57.1649,1,1575.31,436.928,0,202.983,79.718,-547.384,8.20632,-0.101086,0.142738,-0.00176429,0.989759,57.2249,57.2249,1,1570.99,459.877,1,0
292310480943300,1564.62,490.677,0,142.218,76.3065,-545.817,14.2138,1.21813,0.245486,0.0212588,0.969167,57.1636,57.1636,1,1572.78,432.449,0,203,79.6944,-547.477,8.1577,-0.183033,0.141897,-0.00319452,0.989876,57.2343,57.2343,1,1568.7,461.563,1,0
292310485943300,1577.89,483.181,0,142.236,76.2909,-545.836,14.4459,1.08154,0.249421,0.0188753,0.968211,57.1658,57.1658,1,1559.57,430.248,0,203.004,79.6354,-547.668,7.91457,-0.221958,0.137695,-0.0038739,0.990467,57.2538,57.2538,1,1568.73,456.714,1,0
292310490943300,1586.73,483.676,0,142.254,76.3205,-545.748,14.6009,1.08844,0.25204,0.0189956,0.96753,57.1567,57.1567,1,1574.63,428.877,0,203.015,79.708,-547.452,8.18885,-0.248069,0.142435,-0.0043296,0.989795,57.2316,57.2316,1,1580.68,456.276,1,0
292310495943300,1583.31,484.714,0,142.255,76.2843,-545.841,14.5406,1.10779,0.251019,0.0193333,0.967789,57.1664,57.1664,1,1559,433.244,0,203.024,79.6529,-547.637,7.90232,-0.167716,0.137484,-0.00292719,0.9905,57.2504,57.2504,1,1571.16,458.979,1,0
292310500943300,1593.74,483.399,0,142.263,76.2471,-545.954,14.7226,1.08295,0.254094,0.0188999,0.966995,57.178,57.178,1,1563.79,421.012,0,203.035,79.653,-547.606,7.99001,-0.395264,0.138997,-0.0068986,0.990269,57.2475,57.2475,1,1578.76,452.206,1,0
292310505943300,1593.14,484.182,0,142.273,76.2742,-545.864,14.7117,1.09733,0.253908,0.0191508,0.967039,57.1688,57.1688,1,1575.75,429.564,0,203.055,79.6699,-547.586,8.20779,-0.238558,0.142762,-0.0041636,0.989748,57.2452,57.2452,1,1584.44,456.873,1,0
292310510943300,1595.52,481.001,0,142.289,76.283,-545.831,14.7529,1.03841,0.254609,0.0181227,0.966874,57.1654,57.1654,1,1567.98,424.022,0,203.061,79.6523,-547.628,8.06456,-0.340502,0.140286,-0.00594284,0.990093,57.2495,57.2495,1,1581.75,452.512,1,0
292310515943300,1604.62,465.801,0,142.323,76.1916,-546.048,14.9052,0.768469,0.257198,0.0134119,0.966266,57.1882,57.1882,1,1595.07,426.586,0,203.14,79.5851,-547.824,8.55347,-0.291231,0.14873,-0.00508292,0.988865,57.2697,57.2697,1,1599.85,446.194,1,0
292310520943300,1641.7,471.908,0,142.435,76.0358,-546.325,15.5346,0.892459,0.267788,0.0155757,0.963352,57.2182,57.2182,1,1649.13,409.995,0,203.244,79.5493,-547.758,9.5332,-0.597155,0.16561,-0.0104221,0.986136,57.2644,57.2644,1,1645.41,440.951,1,0
292310525943300,1679.75,404.445,0,142.56,75.9064,-546.238,16.1881,-0.316604,0.278788,-0.00552575,0.960337,57.2132,57.2132,1,1685.78,369.123,0,203.334,79.4083,-547.736,10.1871,-1.32918,0.176815,-0.0231965,0.983971,57.2658,57.2658,1,1682.77,386.784,1,0
292310530943300,1699.61,288.584,0,142.641,75.6878,-546.203,16.5188,-2.36935,0.284087,-0.0413411,0.957907,57.2154,57.2154,1,1725.49,212.046,0,203.39,79.1253,-547.815,10.8942,-4.17008,0.188496,-0.0727173,0.979378,57.2804,57.2804,1,1712.55,250.315,1,0
292310535943300,1709.24,154.357,0,142.707,75.4401,-546.196,16.6746,-4.73961,0.285955,-0.0826275,0.954674,57.2211,57.2211,1,1726.46,105.322,0,203.385,78.9413,-547.676,10.9083,-6.08562,0.188171,-0.106014,0.976398,57.272,57.272,1,1717.85,129.84,1,0
292310540943300,1719.94,76.4406,0,142.788,75.2612,-546.231,16.8553,-6.11362,0.288307,-0.1065,0.951597,57.2289,57.2289,1,1776.94,-15.5685,0,203.444,78.677,-547.906,11.8094,-8.22311,0.202552,-0.143028,0.96877,57.3003,57.3003,1,1748.44,30.4361,1,0
292310545943300,1770.18,74.6886,0,142.9,75.2387,-546.107,17.7048,-6.11012,0.302386,-0.10644,0.947224,57.2178,57.2178,1,1820.24,-45.5959,0,203.498,78.5876,-547.979,12.5801,-8.73245,0.215279,-0.151821,0.964679,57.3094,57.3094,1,1795.21,14.5464,1,0
292310550943300,1799.89,81.3281,0,142.959,75.2965,-545.937,18.2031,-5.97355,0.31069,-0.104069,0.944797,57.2003,57.2003,1,1854.13,-53.1083,0,203.532,78.6473,-547.765,13.1743,-8.83934,0.225207,-0.153664,0.962117,57.2878,57.2878,1,1827.01,14.1099,1,0
292310555943300,1804.75,121.562,0,142.98,75.3627,-545.864,18.2842,-5.26549,0.312406,-0.0917708,0.945505,57.1918,57.1918,1,1829.79,-47.6682,0,203.54,78.6356,-547.901,12.7394,-8.7563,0.217948,-0.152232,0.964015,57.3008,57.3008,1,1817.27,36.9471,1,0
292310560943300,1806.61,98.476,0,142.984,75.3641,-545.88,18.3168,-5.67536,0.31273,-0.0988919,0.94468,57.1933,57.1933,1,1826.26,-33.4698,0,203.558,78.7045,-547.811,12.673,-8.50696,0.216973,-0.14793,0.964904,57.2906,57.2906,1,1816.44,32.5031,1,0
292310565943300,1807.35,91.4257,0,142.984,75.3457,-545.951,18.3262,-5.79565,0.31282,-0.100981,0.944429,57.2003,57.2003,1,1811.59,-32.3401,0,203.567,78.6887,-547.905,12.4119,-8.49774,0.212578,-0.14777,0.965906,57.2999,57.2999,1,1809.47,29.5428,1,0
292310570943300,1819.76,62.0123,0,143.002,75.3323,-545.946,18.5346,-6.3053,0.315954,-0.109826,0.942397,57.2002,57.2002,1,1811.07,-13.4813,0,203.582,78.7295,-547.845,12.4003,-8.16253,0.212564,-0.141982,0.966777,57.2932,57.2932,1,1815.41,24.2655,1,0
292310575943300,1814.73,85.4709,0,143.021,75.3617,-545.916,18.4466,-5.89508,0.314747,-0.102707,0.943603,57.1967,57.1967,1,1806.93,-12.1275,0,203.6,78.7427,-547.829,12.327,-8.14541,0.211337,-0.141686,0.967089,57.2914,57.2914,1,1810.83,36.6717,1,0
292310580943300,1810.3,87.3973,0,143.031,75.348,-545.928,18.3705,-5.86244,0.313512,-0.10214,0.944075,57.1982,57.1982,1,1793.33,-4.10516,0,203.613,78.7423,-547.834,12.0826,-8.0086,0.207281,-0.139322,0.96831,57.2919,57.2919,1,1801.82,41.6461,1,0
292310585943300,1809.52,74.9477,0,143.046,75.3278,-545.954,18.3546,-6.07942,0.313127,-0.105907,0.943788,57.2011,57.2011,1,1779.45,-3.17023,0,203.631,78.7279,-547.87,11.8343,-8.002,0.203085,-0.139208,0.969215,57.2957,57.2957,1,1794.48,35.8887,1,0
292310590943300,1800.1,81.9735,0,143.057,75.351,-545.877,18.1938,-5.95944,0.310545,-0.103824,0.944872,57.1933,57.1933,1,1788.01,-9.57745,0,203.654,78.7082,-547.928,11.984,-8.10928,0.205562,-0.141062,0.968425,57.3016,57.3016,1,1794.06,36.198,1,0
292310595943300,1797.23,85.9928,0,143.067,75.3403,-545.911,18.1463,-5.89396,0.309799,-0.102688,0.945241,57.1968,57.1968,1,1777.96,2.02716,0,203.666,78.7289,-547.884,11.8019,-7.90613,0.202585,-0.137551,0.969556,57.2969,57.2969,1,1787.59,44.01,1,0
292310600943300,1790.04,95.0726,0,143.081,75.3555,-545.878,18.0265,-5.74344,0.307904,-0.100074,0.94614,57.1933,57.1933,1,1788.92,14.1304,0,203.693,78.7476,-547.85,11.9952,-7.68398,0.205964,-0.133709,0.969382,57.2932,57.2932,1,1789.48,54.6015,1,0
292310605943300,1784.45,107.949,0,143.096,75.3797,-545.81,17.9342,-5.52505,0.306494,-0.0962809,0.946991,57.1862,57.1862,1,1782.29,-5.31445,0,203.706,78.7315,-547.873,11.8767,-8.03765,0.203784,-0.139824,0.96898,57.2959,57.2959,1,1783.37,51.3173,1,0
292310610943300,1780.91,97.5078,0,143.107,75.3748,-545.8,17.8744,-5.71292,0.305407,-0.0995442,0.947004,57.1854,57.1854,1,1779.16,1.77994,0,203.718,78.7776,-547.751,11.8196,-7.9143,0.202879,-0.137692,0.969474,57.2831,57.2831,1,1780.03,49.6439,1,0
292310615943300,1789.21,94.3266,0,143.122,75.3529,-545.849,18.0138,-5.7641,0.307682,-0.100433,0.946174,57.1906,57.1906,1,1792.56,0.40155,0,203.744,78.7686,-547.786,12.0572,-7.93277,0.206889,-0.138011,0.968581,57.2867,57.2867,1,1790.88,47.3641,1,0
292310620943300,1796.94,105.677,0,143.146,75.3643,-545.815,18.1458,-5.56397,0.309968,-0.0969571,0.94579,57.1871,57.1871,1,1793.95,-0.810353,0,203.758,78.7957,-547.708,12.0821,-7.95714,0.207298,-0.138432,0.968434,57.2787,57.2787,1,1795.45,52.4333,1,0
292310625943300,1807.03,102.673,0,143.16,75.3447,-545.856,18.3149,-5.61068,0.312734,-0.0977685,0.944796,57.1914,57.1914,1,1792.61,0.0803548,0,203.768,78.7921,-547.725,12.0584,-7.94414,0.206903,-0.138208,0.96855,57.2803,57.2803,1,1799.82,51.3766,1,0
292310630943300,1811.42,91.1165,0,143.176,75.3701,-545.758,18.386,-5.80824,0.313798,-0.101199,0.944081,57.1816,57.1816,1,1805.02,1.28813,0,203.798,78.7997,-547.713,12.2757,-7.91404,0.210591,-0.137687,0.967829,57.279,57.279,1,1808.22,46.2023,1,0
292310635943300,1813.5,90.3977,0,143.188,75.3565,-545.805,18.4189,-5.81843,0.314335,-0.101376,0.943884,57.1863,57.1863,1,1787.35,-4.36581,0,203.802,78.8206,-547.653,11.9577,-8.0226,0.205162,-0.139564,0.968726,57.2729,57.2729,1,1800.43,43.016,1,0
292310640943300,1802.29,100.059,0,143.192,75.3263,-545.878,18.2257,-5.64928,0.311242,-0.0984389,0.945219,57.194,57.194,1,1792.88,2.03522,0,203.823,78.8141,-547.696,12.0544,-7.9048,0.206856,-0.137527,0.968657,57.2771,57.2771,1,1797.59,51.0472,1,0
292310645943300,1808.22,99.1909,0,143.209,75.3502,-545.79,18.3244,-5.66007,0.312863,-0.0986263,0.944664,57.1851,57.1851,1,1796.85,2.40956,0,203.836,78.821,-547.688,12.1237,-7.89615,0.208032,-0.137378,0.968426,57.2761,57.2761,1,1802.54,50.8002,1,0
292310650943300,1807.98,105.289,0,143.223,75.3761,-545.728,18.3163,-5.54856,0.312791,-0.0966894,0.944888,57.1786,57.1786,1,1788.54,-4.48543,0,203.853,78.8105,-547.715,11.9734,-8.02351,0.205427,-0.139579,0.968668,57.2789,57.2789,1,1798.26,50.4017,1,0
292310655943300,1817.27,114.2,0,143.244,75.3826,-545.715,18.4713,-5.38649,0.31543,-0.0938736,0.944294,57.1773,57.1773,1,1792.91,-1.90019,0,203.868,78.8025,-547.757,12.0486,-7.9727,0.206724,-0.138701,0.968518,57.2832,57.2832,1,1805.09,56.1498,1,0
292310660943300,1812.14,118.03,0,143.251,75.3776,-545.711,18.3852,-5.32278,0.314043,-0.0927664,0.944866,57.177,57.177,1,1794.16,13.9473,0,203.892,78.8027,-547.788,12.0682,-7.68792,0.207196,-0.133777,0.96911,57.286,57.286,1,1803.15,65.9886,1,0
292310665943300,1822.92,122.816,0,143.271,75.342,-545.811,18.5668,-5.23542,0.317082,-0.0912483,0.943998,57.1873,57.1873,1,1791.47,14.1397,0,203.899,78.8115,-547.758,12.0203,-7.68737,0.206386,-0.133768,0.969284,57.2829,57.2829,1,1807.2,68.478,1,0
292310670943300,1817.68,117.294,0,143.277,75.3437,-545.78,18.4781,-5.33503,0.315569,-0.0929793,0.944336,57.1843,57.1843,1,1791.03,7.86371,0,203.913,78.776,-547.869,12.011,-7.79916,0.206174,-0.135701,0.96906,57.2943,57.2943,1,1804.36,62.5786,1,0
292310675943300,1824.01,114.617,0,143.299,75.3479,-545.737,18.5858,-5.38216,0.317319,-0.0937984,0.943669,57.1802,57.1802,1,1777.19,1.79103,0,203.92,78.7639,-547.909,11.7619,-7.91394,0.201904,-0.137685,0.969679,57.2984,57.2984,1,1800.6,58.2042,1,0
292310680943300,1814.45,113.093,0,143.298,75.3562,-545.689,18.4247,-5.41337,0.314649,-0.0943406,0.944508,57.1755,57.1755,1,1787.68,6.53325,0,203.933,78.7941,-547.822,11.9478,-7.82363,0.205093,-0.136124,0.96923,57.2894,57.2894,1,1801.07,59.8133,1,0
292310685943300,1811.71,110.502,0,143.31,75.3589,-545.661,18.3773,-5.45991,0.313842,-0.0951492,0.944695,57.1728,57.1728,1,1785.7,12.542,0,203.934,78.8025,-547.801,11.9132,-7.71858,0.204559,-0.134308,0.969596,57.2872,57.2872,1,1798.71,61.5218,1,0
292310690943300,1802.85,122.274,0,143.31,75.3352,-545.75,18.2275,-5.25791,0.311475,-0.0916391,0.945825,57.1817,57.1817,1,1785.12,13.4808,0,203.937,78.8099,-547.778,11.9017,-7.70086,0.204373,-0.134001,0.969678,57.2849,57.2849,1,1793.99,67.8775,1,0
292310695943300,1801.21,115.399,0,143.312,75.3528,-545.672,18.2011,-5.3815,0.310976,-0.0937869,0.945779,57.1739,57.1739,1,1787.04,7.68399,0,203.942,78.7933,-547.811,11.936,-7.80405,0.204903,-0.135786,0.969318,57.2884,57.2884,1,1794.12,61.5413,1,0
292310700943300,1803.39,116.608,0,143.314,75.3402,-545.715,18.2379,-5.35958,0.311595,-0.0934059,0.945613,57.1784,57.1784,1,1782.67,10.8412,0,203.95,78.7777,-547.879,11.8583,-7.75171,0.203614,-0.134881,0.969716,57.2952,57.2952,1,1793.03,63.7247,1,0
292310705943300,1797.88,117.909,0,143.31,75.3388,-545.73,18.1458,-5.34113,0.310083,-0.0930853,0.946141,57.1797,57.1797,1,1780.33,17.3578,0,203.95,78.7899,-547.855,11.8166,-7.63694,0.202963,-0.132895,0.970126,57.2927,57.2927,1,1789.1,67.6336,1,0
292310710943300,1799.15,118.018,0,143.313,75.3387,-545.724,18.1657,-5.33639,0.310415,-0.093003,0.946041,57.1792,57.1792,1,1783.61,14.6004,0,203.953,78.7798,-547.891,11.8745,-7.6835,0.203921,-0.133701,0.969814,57.2963,57.2963,1,1791.38,66.3092,1,0
292310715943300,1792.73,117.468,0,143.313,75.3566,-545.668,18.0581,-5.35101,0.30863,-0.0932571,0.946599,57.1735,57.1735,1,1785.41,11.5419,0,203.951,78.8058,-547.819,11.9069,-7.73846,0.204443,-0.134651,0.969573,57.2888,57.2888,1,1789.07,64.505,1,0
292310720943300,1806.58,114.961,0,143.316,75.3536,-545.672,18.2923,-5.38753,0.312479,-0.0938915,0.945273,57.174,57.174,1,1786.6,20.8084,0,203.958,78.8014,-547.869,11.9265,-7.57062,0.204856,-0.131748,0.969885,57.2937,57.2937,1,1796.59,67.8846,1,0
292310725943300,1803.49,117.879,0,143.312,75.3388,-545.731,18.2427,-5.34201,0.311683,-0.0931006,0.945614,57.1798,57.1798,1,1781.18,25.7493,0,203.948,78.82,-547.832,11.8306,-7.48556,0.203271,-0.130276,0.970417,57.2898,57.2898,1,1792.33,71.814,1,0
292310730943300,1800.98,120.173,0,143.309,75.3561,-545.699,18.1996,-5.30178,0.310991,-0.0924015,0.94591,57.1764,57.1764,1,1785.05,17.4927,0,203.948,78.8189,-547.83,11.9003,-7.63281,0.204383,-0.132824,0.969838,57.2896,57.2896,1,1793.01,68.8326,1,0
292310735943300,1814.48,116.975,0,143.312,75.3788,-545.629,18.426,-5.34822,0.314704,-0.0932086,0.944602,57.1693,57.1693,1,1785.2,26.2362,0,203.95,78.8011,-547.907,11.9033,-7.47625,0.204506,-0.130115,0.970179,57.2972,57.2972,1,1799.84,71.6055,1,0
292310740943300,1808.25,117.571,0,143.3,75.3698,-545.664,18.3217,-5.34116,0.312988,-0.0930859,0.945184,57.1728,57.1728,1,1787.66,27.8055,0,203.946,78.8148,-547.876,11.9474,-7.44694,0.205268,-0.129608,0.970086,57.294,57.294,1,1797.96,72.6885,1,0
292310745943300,1820.38,119.944,0,143.3,75.3807,-545.655,18.5268,-5.29362,0.316393,-0.0922597,0.944131,57.1716,57.1716,1,1789.33,25.5348,0,203.943,78.8269,-547.844,11.9786,-7.48896,0.205776,-0.130335,0.969881,57.2906,57.2906,1,1804.86,72.7395,1,0
292310750943300,1821.33,108.586,0,143.292,75.3787,-545.644,18.5436,-5.49293,0.316565,-0.0957229,0.943729,57.1707,57.1707,1,1783.61,29.7642,0,203.939,78.8177,-547.883,11.8768,-7.41612,0.204087,-0.129075,0.970406,57.2946,57.2946,1,1802.47,69.1753,1,0
292310755943300,1818.4,113.565,0,143.28,75.384,-545.65,18.4938,-5.40518,0.315792,-0.0941982,0.944141,57.1711,57.1711,1,1784.38,23.0567,0,203.926,78.8391,-547.81,11.8916,-7.53626,0.204281,-0.131154,0.970087,57.2872,57.2872,1,1801.39,68.3109,1,0
292310760943300,1823.38,111.773,0,143.286,75.4285,-545.517,18.578,-5.43445,0.317163,-0.0947069,0.94363,57.1575,57.1575,1,1786.99,27.9135,0,203.925,78.8134,-547.885,11.9376,-7.44555,0.205102,-0.129584,0.970124,57.2949,57.2949,1,1805.18,69.8433,1,0
292310765943300,1823.51,108.321,0,143.276,75.4163,-545.562,18.58,-5.4939,0.317165,-0.0957398,0.943525,57.162,57.162,1,1787.56,27.2078,0,203.916,78.8399,-547.796,11.9484,-7.45794,0.205279,-0.129798,0.970058,57.2858,57.2858,1,1805.54,67.7644,1,0
292310770943300,1835.6,99.484,0,143.265,75.4014,-545.619,18.7832,-5.64153,0.320429,-0.0983042,0.942158,57.1677,57.1677,1,1785.53,34.4744,0,203.906,78.8316,-547.837,11.9138,-7.32969,0.204754,-0.127579,0.970464,57.2899,57.2899,1,1810.56,66.9792,1,0
292310775943300,1814.92,109.834,0,143.231,75.3852,-545.697,18.4372,-5.471,0.314824,-0.0953419,0.94435,57.1755,57.1755,1,1787.55,35.7075,0,203.894,78.8523,-547.781,11.9526,-7.30958,0.205419,-0.12723,0.970369,57.2841,57.2841,1,1801.23,72.7705,1,0
292310780943300,1822.31,103.176,0,143.227,75.4105,-545.614,18.5654,-5.5883,0.316874,-0.0973796,0.943456,57.167,57.167,1,1788.67,35.2993,0,203.891,78.8134,-547.892,11.974,-7.31688,0.205779,-0.127357,0.970276,57.2955,57.2955,1,1805.49,69.2377,1,0
292310785943300,1818.95,103.518,0,143.212,75.4124,-545.635,18.5104,-5.58554,0.315969,-0.0973318,0.943764,57.169,57.169,1,1787.06,38.6076,0,203.875,78.8491,-547.794,11.9464,-7.25877,0.205338,-0.126351,0.970501,57.2854,57.2854,1,1803,71.063,1,0
292310790943300,1813.25,98.9966,0,143.194,75.3974,-545.689,18.418,-5.67232,0.3144,-0.0988391,0.944131,57.1744,57.1744,1,1789.02,33.2683,0,203.865,78.8385,-547.816,11.9807,-7.35043,0.205877,-0.127938,0.970179,57.2878,57.2878,1,1801.14,66.1325,1,0
292310795943300,1814.66,88.7075,0,143.188,75.3942,-545.691,18.4412,-5.85114,0.314683,-0.101944,0.943706,57.1747,57.1747,1,1788.85,42.1139,0,203.858,78.847,-547.815,11.9783,-7.19206,0.205908,-0.125196,0.97053,57.2875,57.2875,1,1801.75,65.4107,1,0
292310800943300,1813.43,87.0564,0,143.182,75.3837,-545.769,18.421,-5.88294,0.314333,-0.102496,0.943763,57.1823,57.1823,1,1792.1,49.0993,0,203.861,78.8232,-547.931,12.0375,-7.06728,0.206967,-0.123035,0.970581,57.299,57.299,1,1802.76,68.0779,1,0
292310805943300,1830.61,88.2186,0,143.21,75.4055,-545.775,18.7065,-5.85235,0.319048,-0.101965,0.942237,57.1823,57.1823,1,1814.46,40.9773,0,203.886,78.8033,-548.039,12.4316,-7.19893,0.213577,-0.125315,0.968856,57.3096,57.3096,1,1822.53,64.5979,1,0
292310810943300,1851.82,85.4215,0,143.231,75.404,-545.829,19.0605,-5.8902,0.324843,-0.102622,0.940184,57.1874,57.1874,1,1827.45,53.961,0,203.889,78.8517,-547.976,12.6626,-6.96253,0.217593,-0.12122,0.968483,57.3024,57.3024,1,1839.64,69.6912,1,0
292310815943300,1845.9,118.449,0,143.231,75.524,-545.576,18.9645,-5.31961,0.323583,-0.0927115,0.941647,57.1606,57.1606,1,1834.45,56.9145,0,203.882,78.8642,-547.979,12.7863,-6.9052,0.21971,-0.120227,0.968129,57.3024,57.3024,1,1840.17,87.682,1,0
292310820943300,1826.56,119.193,0,143.202,75.515,-545.601,18.6431,-5.31891,0.318296,-0.0926992,0.943448,57.1632,57.1632,1,1831.66,64.2043,0,203.867,78.8691,-547.972,12.7374,-6.77462,0.218944,-0.117964,0.96858,57.3017,57.3017,1,1829.11,91.6987,1,0
292310825943300,1820.06,123.773,0,143.171,75.4664,-545.752,18.5358,-5.24176,0.316567,-0.0913584,0.94416,57.1787,57.1787,1,1833.83,61.6679,0,203.849,78.8764,-547.932,12.7765,-6.8168,0.219586,-0.118695,0.968346,57.2977,57.2977,1,1826.95,92.7202,1,0
292310830943300,1812.86,117.729,0,143.154,75.4852,-545.713,18.4144,-5.35011,0.314511,-0.0932413,0.944664,57.1744,57.1744,1,1833.19,56.9683,0,203.835,78.8862,-547.898,12.765,-6.8994,0.219352,-0.120126,0.968222,57.2943,57.2943,1,1823.03,87.3487,1,0
292310835943300,1816.04,106.692,0,143.143,75.502,-545.667,18.4694,-5.54354,0.315316,-0.0966021,0.944057,57.1698,57.1698,1,1829.43,53.2997,0,203.812,78.9183,-547.771,12.7003,-6.96689,0.218228,-0.121296,0.968331,57.2815,57.2815,1,1822.74,79.9959,1,0
292310840943300,1809.17,105.913,0,143.131,75.5108,-545.656,18.3536,-5.56021,0.313398,-0.0968917,0.944666,57.1685,57.1685,1,1827.14,54.2425,0,203.798,78.9129,-547.786,12.6622,-6.9531,0.21759,-0.121057,0.968504,57.2831,57.2831,1,1818.15,80.0777,1,0
292310845943300,1814.82,109.614,0,143.127,75.519,-545.647,18.4494,-5.49216,0.315014,-0.0957096,0.944249,57.1674,57.1674,1,1831.42,62.2887,0,203.797,78.8949,-547.854,12.7414,-6.81087,0.218994,-0.118592,0.968492,57.2899,57.2899,1,1823.12,85.9512,1,0
292310850943300,1819.3,98.8744,0,143.117,75.512,-545.652,18.5249,-5.67685,0.316159,-0.0989176,0.943535,57.168,57.168,1,1828.47,45.771,0,203.778,78.919,-547.737,12.6909,-7.10869,0.218002,-0.123752,0.968071,57.2783,57.2783,1,1823.89,72.3227,1,0
292310855943300,1820.7,103.011,0,143.098,75.5003,-545.721,18.55,-5.60421,0.316611,-0.097656,0.943515,57.1749,57.1749,1,1844.45,51.5566,0,203.784,78.8891,-547.828,12.9743,-6.99614,0.222843,-0.121802,0.967215,57.2876,57.2876,1,1832.58,77.2839,1,0
292310860943300,1838.52,90.7914,0,143.085,75.5241,-545.64,18.8515,-5.80863,0.321458,-0.101206,0.9415,57.1666,57.1666,1,1826.22,48.9243,0,203.758,78.8993,-547.784,12.654,-7.05405,0.217405,-0.122806,0.968325,57.2832,57.2832,1,1832.37,69.8578,1,0
292310865943300,1832.23,85.7638,0,143.069,75.5275,-545.642,18.7478,-5.90205,0.3197,-0.102828,0.941923,57.1667,57.1667,1,1823.2,59.8389,0,203.749,78.8905,-547.833,12.6005,-6.85866,0.21659,-0.119421,0.968931,57.288,57.288,1,1827.71,72.8014,1,0
292310870943300,1837.76,79.0952,0,143.061,75.5349,-545.619,18.8411,-6.01511,0.321167,-0.104791,0.941207,57.1644,57.1644,1,1824.18,49.7445,0,203.733,78.9031,-547.768,12.6212,-7.04188,0.216857,-0.122595,0.968475,57.2816,57.2816,1,1830.97,64.4199,1,0
292310875943300,1842.28,76.9193,0,143.049,75.5357,-545.623,18.9188,-6.05163,0.322421,-0.105425,0.940708,57.1647,57.1647,1,1813.96,57.0406,0,203.718,78.9113,-547.758,12.4424,-6.91879,0.21389,-0.120462,0.969402,57.2805,57.2805,1,1828.12,66.9799,1,0
292310880943300,1836.09,97.1551,0,143.034,75.5464,-545.627,18.8166,-5.70111,0.320944,-0.099339,0.941874,57.1649,57.1649,1,1814.88,59.1278,0,203.71,78.8987,-547.805,12.4607,-6.88248,0.214216,-0.119833,0.969408,57.2852,57.2852,1,1825.49,78.1415,1,0
292310885943300,1826.64,98.6076,0,143.018,75.5466,-545.627,18.659,-5.6812,0.318364,-0.0989933,0.942786,57.1649,57.1649,1,1806.89,67.0841,0,203.695,78.8905,-547.832,12.3192,-6.74204,0.211883,-0.117399,0.970218,57.288,57.288,1,1816.76,82.8458,1,0
292310890943300,1836.22,90.4536,0,143.019,75.5739,-545.534,18.8224,-5.82143,0.320972,-0.101428,0.941642,57.1554,57.1554,1,1814.35,58.0086,0,203.684,78.8659,-547.897,12.4538,-6.90158,0.21409,-0.120164,0.969395,57.2947,57.2947,1,1825.29,74.2311,1,0
292310895943300,1831.61,87.2661,0,142.999,75.567,-545.566,18.745,-5.87838,0.319668,-0.102417,0.941978,57.1586,57.1586,1,1814.54,49.9337,0,203.673,78.8609,-547.905,12.4582,-7.04619,0.214098,-0.122669,0.969079,57.2955,57.2955,1,1823.07,68.5999,1,0
292310900943300,1829.84,82.7702,0,142.977,75.5191,-545.717,18.716,-5.95771,0.319145,-0.103794,0.942005,57.174,57.174,1,1818.42,56.7325,0,203.665,78.8718,-547.89,12.5268,-6.92069,0.215316,-0.120495,0.969082,57.2938,57.2938,1,1824.13,69.7513,1,0
292310905943300,1825.99,87.9867,0,142.958,75.5266,-545.721,18.6535,-5.86975,0.318167,-0.102267,0.942503,57.1742,57.1742,1,1819.31,52.8409,0,203.648,78.8656,-547.891,12.5438,-6.98884,0.215573,-0.121676,0.968877,57.2942,57.2942,1,1822.65,70.4138,1,0
292310910943300,1834.4,89.2216,0,142.937,75.5484,-545.682,18.7971,-5.84368,0.320543,-0.101815,0.941746,57.17,57.17,1,1816.79,73.0179,0,203.617,78.8974,-547.811,12.5017,-6.62777,0.215022,-0.115419,0.969765,57.2858,57.2858,1,1825.6,81.1197,1,0
292310915943300,1807.48,102.66,0,142.859,75.6889,-545.29,18.3604,-5.63599,0.313471,-0.098208,0.944506,57.1295,57.1295,1,1823.94,76.0342,0,203.528,79.0017,-547.451,12.6412,-6.57733,0.217404,-0.114544,0.969337,57.2493,57.2493,1,1815.71,89.3473,1,0
292310920943300,1708.62,100.377,0,142.647,75.9034,-544.628,16.6977,-5.73301,0.285885,-0.099893,0.953043,57.0618,57.0618,1,1726.31,82.3278,0,203.315,79.0685,-547.246,10.9219,-6.52244,0.188245,-0.113592,0.975531,57.2284,57.2284,1,1717.46,91.3522,1,0
292310925943300,1556.54,123.064,0,142.288,75.8884,-544.732,14.0773,-5.40069,0.242151,-0.0941203,0.965663,57.072,57.072,1,1608.08,88.808,0,202.991,79.1788,-546.906,8.80705,-6.44989,0.152138,-0.112334,0.981955,57.1935,57.1935,1,1582.31,105.936,1,0
292310930943300,1392.19,136.343,0,141.881,75.8887,-544.777,11.1781,-5.22384,0.193053,-0.0910469,0.976955,57.0762,57.0762,1,1471.39,87.9701,0,202.619,79.2529,-546.671,6.33175,-6.50777,0.109574,-0.113338,0.987496,57.1696,57.1696,1,1431.79,112.156,1,0
292310935943300,1287.5,130.312,0,141.535,75.8648,-544.911,9.30608,-5.36446,0.161,-0.0934907,0.982516,57.0895,57.0895,1,1317.21,118.779,0,202.223,79.2632,-546.692,3.50686,-5.96679,0.0608367,-0.103952,0.99272,57.1713,57.1713,1,1302.36,124.546,1,0
292310940943300,1174.77,129.699,0,141.182,75.8824,-544.963,7.26631,-5.40041,0.12592,-0.0941154,0.987566,57.0939,57.0939,1,1171.53,130.325,0,201.829,79.2451,-546.78,0.824354,-5.76624,0.0143144,-0.10047,0.994837,57.1801,57.1801,1,1173.15,130.012,1,0
292310945943300,1046.46,116.856,0,140.825,75.8275,-545.254,4.91824,-5.67066,0.0853145,-0.0988103,0.991442,57.1226,57.1226,1,1018.37,139.825,0,201.417,79.3338,-546.555,-2.00205,-5.59004,-0.034769,-0.0974098,0.994637,57.1567,57.1567,1,1032.41,128.34,1,0
292310950943300,892.672,131.533,0,140.509,75.9071,-545.13,2.07282,-5.42184,0.0360077,-0.0944878,0.994875,57.109,57.109,1,907.723,165.536,0,201.089,79.3138,-546.713,-4.03386,-5.10007,-0.0700675,-0.0888954,0.993573,57.1721,57.1721,1,900.198,148.534,1,0
292310955943300,818.813,160.164,0,140.241,75.8485,-545.426,0.712833,-4.88582,0.0123958,-0.0851704,0.996289,57.1383,57.1383,1,800.772,189.519,0,200.818,79.241,-547.049,-5.991,-4.63686,-0.104031,-0.0808401,0.991283,57.2055,57.2055,1,809.793,174.842,1,0
292310960943300,751.618,177.345,0,140.015,75.8847,-545.44,-0.525691,-4.5674,-0.00914578,-0.0796317,0.996782,57.1387,57.1387,1,723.652,234.313,0,200.567,79.308,-547.027,-7.39144,-3.81078,-0.128363,-0.0664616,0.989498,57.2018,57.2018,1,737.635,205.829,1,0
292310965943300,673.459,216.323,0,139.795,75.9346,-545.483,-1.96979,-3.84171,-0.0342953,-0.0670003,0.997163,57.1415,57.1415,1,651.973,247.945,0,200.327,79.3344,-547.083,-8.68185,-3.54657,-0.150659,-0.0618599,0.986648,57.2063,57.2063,1,662.716,232.134,1,0
292310970943300,592.193,238.074,0,139.565,76.008,-545.466,-3.46741,-3.43386,-0.0603722,-0.0598962,0.996377,57.1381,57.1381,1,560.134,256.195,0,200.099,79.3576,-547.135,-10.3276,-3.37069,-0.178967,-0.0587958,0.982097,57.2107,57.2107,1,576.164,247.135,1,0
292310975943300,497.664,263.02,0,139.34,75.8855,-546.052,-5.20806,-2.95696,-0.0906519,-0.0515857,0.994546,57.1963,57.1963,1,500.533,283.19,0,199.953,79.3037,-547.52,-11.3895,-2.87687,-0.197228,-0.0501898,0.979072,57.2481,57.2481,1,499.099,273.105,1,0
292310980943300,495.431,286.525,0,139.277,75.9064,-546.191,-5.24105,-2.51881,-0.0912577,-0.0439473,0.994857,57.2088,57.2088,1,490.491,291.453,0,199.883,79.3377,-547.572,-11.5597,-2.72168,-0.200162,-0.0474844,0.978611,57.2522,57.2522,1,492.961,288.989,1,0
292310985943300,514.628,304.106,0,139.266,75.9718,-546.186,-4.88309,-2.20079,-0.0850601,-0.0384016,0.995636,57.2067,57.2067,1,485.144,305.213,0,199.866,79.3044,-547.791,-11.653,-2.47286,-0.201796,-0.0431462,0.978477,57.2736,57.2736,1,499.886,304.659,1,0
292310990943300,527.453,325.303,0,139.251,75.9865,-546.279,-4.64222,-1.80856,-0.0808932,-0.0315601,0.996223,57.2151,57.2151,1,490.689,333.459,0,199.845,79.3663,-547.727,-11.5518,-1.96106,-0.200136,-0.0342202,0.97917,57.2661,57.2661,1,509.071,329.381,1,0
292310995943300,523.125,338.673,0,139.228,76.0218,-546.252,-4.72013,-1.56113,-0.082258,-0.0272435,0.996239,57.2116,57.2116,1,500.8,348.344,0,199.843,79.3763,-547.756,-11.3682,-1.68842,-0.197028,-0.0294643,0.979955,57.2685,57.2685,1,511.962,343.508,1,0
292311000943300,515.293,361.465,0,139.197,76.0831,-546.121,-4.86317,-1.14005,-0.0847596,-0.0198964,0.996203,57.1978,57.1978,1,510.666,339.965,0,199.832,79.3582,-547.797,-11.1886,-1.84112,-0.193939,-0.032128,0.980487,57.2729,57.2729,1,512.979,350.715,1,0
292311005943300,523.676,351.848,0,139.156,76.0864,-546.11,-4.70314,-1.32129,-0.0819713,-0.0230588,0.996368,57.1966,57.1966,1,508.907,345.373,0,199.802,79.3737,-547.735,-11.2174,-1.74101,-0.194443,-0.0303816,0.980443,57.2667,57.2667,1,516.292,348.611,1,0
292311010943300,529.127,349.651,0,139.11,76.0635,-546.192,-4.59629,-1.36046,-0.0801117,-0.0237423,0.996503,57.2049,57.2049,1,511.211,332.968,0,199.77,79.379,-547.659,-11.1751,-1.97135,-0.193693,-0.0343998,0.980459,57.2593,57.2593,1,520.169,341.31,1,0
292311015943300,539.137,353.294,0,139.066,76.0674,-546.212,-4.40469,-1.29285,-0.076781,-0.0225626,0.996793,57.2067,57.2067,1,504.991,315.095,0,199.72,79.4125,-547.466,-11.2866,-2.30414,-0.195559,-0.040204,0.979867,57.2404,57.2404,1,522.064,334.195,1,0
292311020943300,536.662,354.486,0,139.011,76.0359,-546.317,-4.44545,-1.27001,-0.0774909,-0.0221641,0.996747,57.2174,57.2174,1,517.051,321.02,0,199.67,79.4198,-547.395,-11.0646,-2.19574,-0.191774,-0.0383136,0.980691,57.2335,57.2335,1,526.856,337.753,1,0
292311025943300,529.061,351.561,0,138.958,76.0766,-546.218,-4.58207,-1.32756,-0.0798656,-0.0231682,0.996536,57.2071,57.2071,1,504.543,326.252,0,199.625,79.4055,-547.437,-11.2846,-2.09643,-0.195552,-0.0365815,0.980011,57.2379,57.2379,1,516.802,338.906,1,0
292311030943300,531.521,352.021,0,138.903,76.0763,-546.256,-4.5293,-1.31679,-0.0789481,-0.0229803,0.996614,57.2106,57.2106,1,491.294,320.581,0,199.581,79.3897,-547.465,-11.5167,-2.19374,-0.199508,-0.0382787,0.979148,57.2408,57.2408,1,511.407,336.301,1,0
292311035943300,533.988,362.864,0,138.855,76.0548,-546.361,-4.47694,-1.11068,-0.0780431,-0.0193837,0.996762,57.221,57.221,1,499.743,322.539,0,199.538,79.3885,-547.434,-11.3613,-2.15965,-0.196856,-0.037684,0.979708,57.2379,57.2379,1,516.865,342.702,1,0
292311040943300,533.93,366.114,0,138.798,76.0576,-546.377,-4.47433,-1.05621,-0.0779992,-0.0184333,0.996783,57.2225,57.2225,1,514.344,323.197,0,199.492,79.3907,-547.406,-11.0968,-2.15632,-0.192331,-0.037626,0.980609,57.2352,57.2352,1,524.137,344.655,1,0
292311045943300,537.262,352.822,0,138.741,76.0542,-546.403,-4.40784,-1.30876,-0.0768353,-0.0228402,0.996782,57.225,57.225,1,518.772,315.9,0,199.452,79.3927,-547.335,-11.0147,-2.29228,-0.190907,-0.0399971,0.980793,57.2286,57.2286,1,528.017,334.361,1,0
292311050943300,531.906,348.413,0,138.682,76.0968,-546.322,-4.50001,-1.38989,-0.0784361,-0.0242558,0.996624,57.2164,57.2164,1,509.04,330.12,0,199.394,79.4226,-547.274,-11.183,-2.02724,-0.193823,-0.0353747,0.980399,57.2221,57.2221,1,520.473,339.267,1,0
292311055943300,522.695,363.715,0,138.625,76.0887,-546.388,-4.66401,-1.09971,-0.0812975,-0.0191923,0.996505,57.2228,57.2228,1,499.484,339.157,0,199.343,79.4092,-547.325,-11.3475,-1.85516,-0.196656,-0.0323731,0.979938,57.2272,57.2272,1,511.089,351.436,1,0
292311060943300,534.762,357.735,0,138.573,76.0968,-546.409,-4.43454,-1.21525,-0.0773027,-0.0212086,0.996782,57.2245,57.2245,1,511.417,341.57,0,199.289,79.3835,-547.369,-11.13,-1.81853,-0.192939,-0.031734,0.980698,57.232,57.232,1,523.09,349.653,1,0
292311065943300,551.983,350.263,0,138.518,76.0994,-546.444,-4.10901,-1.36042,-0.071634,-0.0237417,0.997148,57.2278,57.2278,1,504.292,352.361,0,199.227,79.4261,-547.237,-11.2547,-1.62399,-0.195092,-0.0283401,0.980375,57.2185,57.2185,1,528.137,351.312,1,0
292311070943300,532.484,348.072,0,138.45,76.1361,-546.366,-4.465,-1.40103,-0.0778269,-0.0244501,0.996667,57.2195,57.2195,1,501.946,328.86,0,199.175,79.4306,-547.171,-11.293,-2.05551,-0.1957,-0.0358678,0.980008,57.2122,57.2122,1,517.215,338.466,1,0
292311075943300,525.292,347.859,0,138.404,76.164,-546.336,-4.59162,-1.40025,-0.0800292,-0.0244365,0.996493,57.216,57.216,1,497.327,348.997,0,199.126,79.4559,-547.13,-11.3676,-1.67798,-0.197018,-0.0292821,0.979962,57.2077,57.2077,1,511.309,348.428,1,0
292311080943300,539.017,344.159,0,138.34,76.1568,-546.424,-4.3303,-1.47385,-0.075481,-0.0257206,0.996815,57.2244,57.2244,1,499.719,346.942,0,199.069,79.3955,-547.3,-11.3182,-1.71582,-0.19617,-0.0299422,0.980113,57.2252,57.2252,1,519.368,345.55,1,0
292311085943300,538.977,335.837,0,138.273,76.1423,-546.494,-4.32671,-1.63599,-0.0754128,-0.0285494,0.996744,57.2314,57.2314,1,507.831,348.337,0,199.009,79.4168,-547.23,-11.1687,-1.69656,-0.193614,-0.0296062,0.980631,57.218,57.218,1,523.404,342.087,1,0
292311090943300,527.615,350.284,0,138.208,76.2228,-546.354,-4.529,-1.36431,-0.0789412,-0.0238095,0.996595,57.2161,57.2161,1,511.151,339.778,0,198.967,79.4336,-547.144,-11.1064,-1.85638,-0.19253,-0.0323942,0.980756,57.2096,57.2096,1,519.383,345.031,1,0
292311095943300,533.508,335.557,0,138.15,76.2047,-546.428,-4.41156,-1.63503,-0.0768889,-0.0285328,0.996631,57.2236,57.2236,1,496.68,352.885,0,198.905,79.4616,-547.106,-11.3588,-1.61008,-0.196875,-0.0280975,0.980026,57.2053,57.2053,1,515.094,344.221,1,0
292311100943300,527.432,351.521,0,138.076,76.1701,-546.617,-4.51936,-1.34214,-0.0787744,-0.0234226,0.996617,57.2422,57.2422,1,495.083,354.248,0,198.84,79.4315,-547.192,-11.38,-1.58334,-0.197239,-0.0276309,0.979966,57.2141,57.2141,1,511.257,352.885,1,0
292311105943300,527.717,352.892,0,138.024,76.2004,-546.576,-4.50825,-1.31811,-0.0785818,-0.0230033,0.996642,57.2377,57.2377,1,513.461,353.432,0,198.789,79.4435,-547.15,-11.0466,-1.60682,-0.191533,-0.0280406,0.981086,57.2099,57.2099,1,520.589,353.162,1,0
292311110943300,527.751,360.307,0,137.953,76.2479,-546.535,-4.49945,-1.18193,-0.0784329,-0.0206271,0.996706,57.2325,57.2325,1,509.257,352.57,0,198.734,79.4603,-547.087,-11.1183,-1.62449,-0.192758,-0.0283489,0.980837,57.2035,57.2035,1,518.504,356.438,1,0
292311115943300,521.741,367.176,0,137.896,76.2278,-546.661,-4.60426,-1.05054,-0.0802596,-0.0183343,0.996605,57.2449,57.2449,1,492.758,354.248,0,198.677,79.4517,-547.098,-11.4087,-1.58862,-0.197731,-0.0277232,0.979864,57.2048,57.2048,1,507.249,360.712,1,0
292311120943300,532.978,360.885,0,137.834,76.2199,-546.73,-4.38939,-1.17129,-0.0765183,-0.0204415,0.996859,57.2516,57.2516,1,508.928,367.575,0,198.622,79.5018,-546.961,-11.1125,-1.34634,-0.192682,-0.023496,0.98098,57.1906,57.1906,1,520.953,364.23,1,0
292311125943300,549.747,353.776,0,137.77,76.223,-546.788,-4.07045,-1.30714,-0.0709646,-0.0228119,0.997218,57.257,57.257,1,520.851,359.781,0,198.558,79.5199,-546.894,-10.8915,-1.49153,-0.188886,-0.0260292,0.981654,57.1839,57.1839,1,535.299,356.779,1,0
292311130943300,529.356,345.559,0,137.708,76.2528,-546.77,-4.44513,-1.46476,-0.0774791,-0.0255622,0.996666,57.2546,57.2546,1,519.157,356.103,0,198.505,79.4914,-546.955,-10.9183,-1.56246,-0.189339,-0.0272667,0.981533,57.1903,57.1903,1,524.256,350.831,1,0
292311135943300,526.696,350.722,0,137.655,76.2968,-546.722,-4.48454,-1.36027,-0.078168,-0.0237389,0.996657,57.2489,57.2489,1,495.351,359.606,0,198.436,79.5224,-546.853,-11.3394,-1.49087,-0.196554,-0.0260176,0.980148,57.18,57.18,1,511.023,355.164,1,0
292311140943300,529.529,336.736,0,137.582,76.2805,-546.824,-4.42707,-1.62874,-0.077159,-0.028423,0.996614,57.2589,57.2589,1,502.407,368.016,0,198.385,79.5164,-546.898,-11.2074,-1.33917,-0.194308,-0.0233708,0.980662,57.1843,57.1843,1,515.968,352.376,1,0
292311145943300,531.538,341.169,0,137.529,76.2953,-546.817,-4.38436,-1.54815,-0.076419,-0.027017,0.99671,57.2579,57.2579,1,511.829,357.637,0,198.325,79.5369,-546.817,-11.0307,-1.52788,-0.191267,-0.0266635,0.981176,57.1762,57.1762,1,521.683,349.403,1,0
292311150943300,523.702,359.097,0,137.461,76.3313,-546.805,-4.52173,-1.2128,-0.0788195,-0.0211657,0.996664,57.2559,57.2559,1,504.542,351.771,0,198.274,79.5166,-546.862,-11.1582,-1.63741,-0.193439,-0.0285743,0.980696,57.1809,57.1809,1,514.122,355.434,1,0
292311155943300,520.914,345.934,0,137.407,76.3318,-546.838,-4.56693,-1.45633,-0.0795978,-0.025415,0.996503,57.2589,57.2589,1,500.411,350.939,0,198.229,79.4934,-546.908,-11.2283,-1.65233,-0.194639,-0.0288346,0.980451,57.1859,57.1859,1,510.663,348.437,1,0
292311160943300,524.751,355.56,0,137.359,76.3115,-546.932,-4.49158,-1.27911,-0.078293,-0.0223228,0.99668,57.2683,57.2683,1,503.076,361.667,0,198.179,79.5098,-546.87,-11.1754,-1.45571,-0.19375,-0.0254041,0.980722,57.1818,57.1818,1,513.914,358.613,1,0
292311165943300,527.183,364.685,0,137.302,76.3043,-547.009,-4.4394,-1.10745,-0.0773902,-0.0193274,0.996813,57.2757,57.2757,1,505.52,362.749,0,198.128,79.5307,-546.785,-11.1264,-1.4353,-0.192914,-0.0250481,0.980896,57.1733,57.1733,1,516.352,363.717,1,0
292311170943300,534.621,351.508,0,137.257,76.3186,-546.99,-4.29614,-1.35455,-0.0748905,-0.0236392,0.996911,57.2736,57.2736,1,517.313,357.746,0,198.078,79.5076,-546.847,-10.9089,-1.52982,-0.189181,-0.0266972,0.981579,57.1798,57.1798,1,525.967,354.627,1,0
292311175943300,535.391,365.753,0,137.206,76.3381,-546.992,-4.27594,-1.08966,-0.0745465,-0.019017,0.997036,57.2733,57.2733,1,505.902,356.635,0,198.037,79.4965,-546.864,-11.111,-1.54927,-0.19264,-0.0270365,0.980897,57.1816,57.1816,1,520.646,361.194,1,0
292311180943300,512.907,369.361,0,137.15,76.309,-547.109,-4.68875,-1.02022,-0.0817298,-0.0178052,0.996495,57.285,57.285,1,501.891,352.574,0,197.995,79.4867,-546.853,-11.1785,-1.62033,-0.193788,-0.0282763,0.980636,57.1809,57.1809,1,507.399,360.968,1,0
292311185943300,524.002,360.439,0,137.114,76.2967,-547.169,-4.47731,-1.1842,-0.0780476,-0.0206667,0.996735,57.2909,57.2909,1,489.88,341.868,0,197.949,79.4858,-546.831,-11.3899,-1.81369,-0.197386,-0.0316495,0.979815,57.1788,57.1788,1,506.941,351.153,1,0
292311190943300,533.52,358.92,0,137.074,76.2851,-547.204,-4.29638,-1.2135,-0.0748989,-0.021178,0.996966,57.2945,57.2945,1,499.845,345.958,0,197.904,79.4992,-546.78,-11.2079,-1.74373,-0.19428,-0.0304291,0.980474,57.1736,57.1736,1,516.682,352.439,1,0
292311195943300,536.891,351.431,0,137.04,76.283,-547.216,-4.23082,-1.35523,-0.073754,-0.023651,0.996996,57.2957,57.2957,1,497.65,352.473,0,197.87,79.4781,-546.826,-11.244,-1.62341,-0.194909,-0.0283301,0.980412,57.1785,57.1785,1,517.271,351.952,1,0
292311200943300,540.655,361.428,0,136.996,76.2824,-547.255,-4.15563,-1.16824,-0.0724507,-0.0203882,0.997164,57.2994,57.2994,1,501.033,355.043,0,197.827,79.4737,-546.814,-11.1787,-1.57591,-0.193797,-0.0275014,0.980656,57.1775,57.1775,1,520.844,358.235,1,0
292311205943300,529.6,361.584,0,136.952,76.2764,-547.279,-4.35696,-1.16461,-0.0759543,-0.0203249,0.996904,57.3018,57.3018,1,510.169,351.715,0,197.805,79.4322,-546.886,-11.0109,-1.63539,-0.190919,-0.028539,0.981191,57.1854,57.1854,1,519.885,356.65,1,0
292311210943300,525.886,350.978,0,136.928,76.2893,-547.237,-4.42277,-1.36079,-0.0770936,-0.0237481,0.996741,57.2976,57.2976,1,499.689,350.1,0,197.775,79.4204,-546.894,-11.1981,-1.66533,-0.194119,-0.0290613,0.980547,57.1864,57.1864,1,512.788,350.539,1,0
292311215943300,522.106,349.79,0,136.882,76.2634,-547.323,-4.48679,-1.37755,-0.0782066,-0.0240404,0.996647,57.3062,57.3062,1,500.546,348.258,0,197.741,79.4158,-546.864,-11.1763,-1.69087,-0.193745,-0.0295069,0.980608,57.1837,57.1837,1,511.326,349.024,1,0
292311220943300,528.86,342.777,0,136.836,76.2816,-547.279,-4.35755,-1.51286,-0.0759538,-0.0264013,0.996762,57.3017,57.3017,1,508.592,355.989,0,197.684,79.4436,-546.75,-11.0285,-1.55489,-0.191228,-0.0271347,0.981171,57.1722,57.1722,1,518.726,349.383,1,0
292311225943300,509.775,365.048,0,136.732,76.4027,-546.947,-4.7031,-1.10616,-0.0819771,-0.0193049,0.996447,57.2674,57.2674,1,470.229,349.217,0,197.528,79.5029,-546.443,-11.7066,-1.67407,-0.202813,-0.0292138,0.978782,57.1419,57.1419,1,490.002,357.132,1,0
292311230943300,408.153,361.224,0,136.535,76.3742,-546.976,-6.56392,-1.1619,-0.114288,-0.0202777,0.993241,57.2708,57.2708,1,391.841,314.976,0,197.326,79.4246,-546.463,-13.0889,-2.28301,-0.226283,-0.0398355,0.973247,57.1457,57.1457,1,399.997,338.1,1,0
292311235943300,327.231,317.79,0,136.302,76.2243,-547.214,-8.03224,-1.95371,-0.139649,-0.034092,0.989614,57.297,57.297,1,325.309,286.713,0,197.131,79.2528,-546.74,-14.2445,-2.7724,-0.245772,-0.0483686,0.96812,57.1761,57.1761,1,326.27,302.251,1,0
292311240943300,266.79,272.987,0,136.131,76.1439,-547.222,-9.12053,-2.76449,-0.158327,-0.0482307,0.986208,57.2998,57.2998,1,293.376,221.667,0,196.966,79.1058,-546.847,-14.7856,-3.92282,-0.254604,-0.0684126,0.964622,57.1899,57.1899,1,280.083,247.327,1,0
292311245943300,242.199,193.141,0,135.995,75.9767,-547.416,-9.55147,-4.20939,-0.165486,-0.0734017,0.983477,57.3222,57.3222,1,228.05,198.688,0,196.795,79.0322,-546.802,-15.91,-4.30844,-0.273352,-0.0751257,0.958976,57.1875,57.1875,1,235.124,195.914,1,0
292311250943300,197.198,178.208,0,135.879,75.8792,-547.578,-10.3568,-4.46541,-0.179232,-0.0778572,0.980721,57.3399,57.3399,1,202.722,209.1,0,196.682,78.9105,-547.037,-16.326,-4.09147,-0.280386,-0.071349,0.957232,57.2126,57.2126,1,199.96,193.654,1,0
292311255943300,179.192,170.985,0,135.817,75.7803,-547.793,-10.6771,-4.58869,-0.18468,-0.0800022,0.979537,57.3627,57.3627,1,182.148,173.921,0,196.631,78.7989,-547.215,-16.6743,-4.70538,-0.285964,-0.082032,0.954723,57.2322,57.2322,1,180.67,172.453,1,0
292311260943300,180.766,169.998,0,135.783,75.7091,-547.933,-10.6456,-4.60364,-0.184137,-0.0802622,0.979618,57.3776,57.3776,1,196.428,181.834,0,196.641,78.714,-547.423,-16.4293,-4.56952,-0.281933,-0.0796686,0.956121,57.2539,57.2539,1,188.597,175.916,1,0
292311265943300,201.836,172.034,0,135.786,75.6922,-547.935,-10.2636,-4.56889,-0.177611,-0.0796576,0.980872,57.3783,57.3783,1,209.95,183.103,0,196.641,78.7088,-547.408,-16.1948,-4.54932,-0.278025,-0.0793172,0.957293,57.2527,57.2527,1,205.893,177.568,1,0
292311270943300,204.884,169.919,0,135.785,75.7155,-547.843,-10.2077,-4.60758,-0.176644,-0.0803307,0.980991,57.369,57.369,1,216.431,187.14,0,196.645,78.7115,-547.379,-16.0855,-4.48264,-0.276223,-0.078157,0.95791,57.2498,57.2498,1,210.657,178.529,1,0
292311275943300,207.118,178.911,0,135.764,75.6924,-547.909,-10.1642,-4.44147,-0.17594,-0.0774407,0.98135,57.3758,57.3758,1,203.934,182.04,0,196.623,78.6884,-547.423,-16.2997,-4.56886,-0.279769,-0.0796572,0.956757,57.2546,57.2546,1,205.526,180.476,1,0
292311280943300,208.555,178.654,0,135.753,75.6835,-547.911,-10.137,-4.44563,-0.175472,-0.0775131,0.981428,57.3762,57.3762,1,215.653,180.217,0,196.621,78.6983,-547.375,-16.0964,-4.6044,-0.276359,-0.0802755,0.957696,57.2498,57.2498,1,212.104,179.435,1,0
292311285943300,201.731,181.419,0,135.741,75.7107,-547.816,-10.2567,-4.38948,-0.177536,-0.0765359,0.981134,57.3666,57.3666,1,216.912,173.645,0,196.607,78.7119,-547.3,-16.0736,-4.7214,-0.275933,-0.0823107,0.957646,57.2424,57.2424,1,209.321,177.532,1,0
292311290943300,197.299,184.966,0,135.723,75.6889,-547.849,-10.3338,-4.31989,-0.178873,-0.0753248,0.980985,57.3702,57.3702,1,201.375,168.041,0,196.589,78.6933,-547.313,-16.3419,-4.81632,-0.280375,-0.0839617,0.956211,57.2441,57.2441,1,199.337,176.504,1,0
292311295943300,204.764,182.975,0,135.72,75.6753,-547.856,-10.1968,-4.35438,-0.176518,-0.0759251,0.981365,57.3712,57.3712,1,207.649,168.281,0,196.59,78.6536,-547.416,-16.2342,-4.81573,-0.278578,-0.0839514,0.956738,57.2548,57.2548,1,206.207,175.628,1,0
292311300943300,208.683,189.96,0,135.71,75.6514,-547.921,-10.127,-4.2304,-0.175352,-0.0737674,0.981738,57.378,57.378,1,198.938,159.782,0,196.577,78.6762,-547.291,-16.3848,-4.96347,-0.281029,-0.0865205,0.955791,57.2424,57.2424,1,203.81,174.871,1,0
292311305943300,199.031,183.638,0,135.704,75.6686,-547.86,-10.3012,-4.3439,-0.178309,-0.0757428,0.981055,57.3718,57.3718,1,192.875,167.665,0,196.569,78.6799,-547.288,-16.4879,-4.81934,-0.282809,-0.0840142,0.95549,57.2421,57.2421,1,195.953,175.652,1,0
292311310943300,202.635,191.153,0,135.701,75.6883,-547.812,-10.2348,-4.20684,-0.177203,-0.0733573,0.981437,57.3667,57.3667,1,197.748,163.859,0,196.577,78.6441,-547.376,-16.4039,-4.88793,-0.281379,-0.085207,0.955806,57.2513,57.2513,1,200.192,177.506,1,0
292311315943300,208.278,189.483,0,135.693,75.648,-547.909,-10.134,-4.24084,-0.17547,-0.0739491,0.981704,57.3769,57.3769,1,205.188,160.079,0,196.581,78.6615,-547.303,-16.2764,-4.95834,-0.279223,-0.0864313,0.956328,57.2439,57.2439,1,206.733,174.781,1,0
292311320943300,204.181,193.064,0,135.691,75.6599,-547.878,-10.2085,-4.17545,-0.17676,-0.0728108,0.981557,57.3737,57.3737,1,198.457,162.084,0,196.575,78.6496,-547.34,-16.3924,-4.92055,-0.281173,-0.0857742,0.955816,57.2478,57.2478,1,201.319,177.574,1,0
292311325943300,198.512,188.724,0,135.678,75.6373,-547.941,-10.3101,-4.25296,-0.178483,-0.0741601,0.981144,57.3802,57.3802,1,203.7,159.599,0,196.577,78.6792,-547.239,-16.3023,-4.96644,-0.279651,-0.0865723,0.956191,57.2375,57.2375,1,201.106,174.162,1,0
292311330943300,201.768,192.719,0,135.681,75.6538,-547.904,-10.2513,-4.18124,-0.177492,-0.0729117,0.981418,57.3763,57.3763,1,207.943,165.747,0,196.585,78.668,-547.294,-16.2294,-4.85901,-0.27848,-0.0847041,0.9567,57.243,57.243,1,204.856,179.233,1,0
292311335943300,196.666,193.986,0,135.678,75.6395,-547.952,-10.3429,-4.15571,-0.179067,-0.0724673,0.981164,57.3812,57.3812,1,201.924,158.447,0,196.583,78.6625,-547.3,-16.3332,-4.98634,-0.280159,-0.0869183,0.956011,57.2436,57.2436,1,199.295,176.217,1,0
292311340943300,199.821,205.957,0,135.681,75.6534,-547.946,-10.2867,-3.93956,-0.178152,-0.0687042,0.981602,57.3802,57.3802,1,202.087,165.466,0,196.586,78.697,-547.23,-16.3307,-4.86201,-0.280169,-0.0847563,0.956202,57.2362,57.2362,1,200.954,185.711,1,0
292311345943300,199.949,196.311,0,135.688,75.6753,-547.864,-10.2844,-4.11551,-0.178073,-0.0717675,0.981397,57.372,57.372,1,213.353,172.85,0,196.601,78.6892,-547.272,-16.1376,-4.73593,-0.276997,-0.0825635,0.957317,57.2404,57.2404,1,206.651,184.58,1,0
292311350943300,200.058,201.362,0,135.69,75.6794,-547.879,-10.2823,-4.02333,-0.178059,-0.0701626,0.981515,57.3733,57.3733,1,207.227,177.429,0,196.606,78.6979,-547.28,-16.2429,-4.65082,-0.278789,-0.081083,0.956923,57.2409,57.2409,1,203.643,189.396,1,0
292311355943300,191.114,199.29,0,135.69,75.6832,-547.873,-10.4441,-4.05914,-0.180821,-0.0707861,0.980965,57.3727,57.3727,1,202.343,173.123,0,196.61,78.6607,-547.394,-16.3276,-4.72646,-0.280173,-0.0823987,0.956407,57.2526,57.2526,1,196.728,186.206,1,0
292311360943300,195.768,191.697,0,135.702,75.7289,-547.741,-10.358,-4.19573,-0.179316,-0.0731639,0.981067,57.3591,57.3591,1,205.918,183.162,0,196.623,78.6813,-547.381,-16.2676,-4.5509,-0.279241,-0.0793447,0.956937,57.2508,57.2508,1,200.843,187.429,1,0
292311365943300,193.827,188.128,0,135.698,75.7038,-547.83,-10.3931,-4.26072,-0.179903,-0.074295,0.980875,57.3681,57.3681,1,204.462,189.004,0,196.628,78.7063,-547.343,-16.2917,-4.44443,-0.279685,-0.0774921,0.95696,57.2466,57.2466,1,199.145,188.566,1,0
292311370943300,194.025,189.258,0,135.701,75.7141,-547.843,-10.3909,-4.24316,-0.179869,-0.0739894,0.980904,57.3691,57.3691,1,198.458,181.845,0,196.63,78.7117,-547.339,-16.396,-4.57104,-0.281376,-0.0796951,0.956283,57.2461,57.2461,1,196.242,185.551,1,0
292311375943300,190.053,174.11,0,135.708,75.709,-547.869,-10.4619,-4.51637,-0.181017,-0.0787439,0.980322,57.3716,57.3716,1,211.855,186.239,0,196.656,78.7045,-547.392,-16.1659,-4.49709,-0.277563,-0.0784084,0.957502,57.2513,57.2513,1,200.954,180.174,1,0
292311380943300,186.792,179.78,0,135.711,75.7128,-547.903,-10.5233,-4.41663,-0.182093,-0.0770084,0.980261,57.3747,57.3747,1,207.765,187.688,0,196.663,78.7253,-547.393,-16.236,-4.46963,-0.278744,-0.0779306,0.957198,57.2508,57.2508,1,197.278,183.734,1,0
292311385943300,187.793,172.176,0,135.722,75.7358,-547.841,-10.5075,-4.55851,-0.181787,-0.079477,0.980121,57.3683,57.3683,1,205.836,189.847,0,196.663,78.7594,-547.338,-16.2695,-4.43176,-0.279317,-0.0772716,0.957085,57.2448,57.2448,1,196.814,181.012,1,0
292311390943300,194.031,172.597,0,135.738,75.7589,-547.795,-10.3964,-4.55415,-0.179888,-0.0794012,0.980477,57.3634,57.3634,1,209.008,176.639,0,196.677,78.7901,-547.265,-16.2166,-4.6701,-0.278342,-0.0814184,0.957025,57.2371,57.2371,1,201.519,174.618,1,0
292311395943300,186.357,165.948,0,135.742,75.771,-547.777,-10.5366,-4.6758,-0.182254,-0.0815175,0.979866,57.3614,57.3614,1,209.465,185.135,0,196.693,78.7781,-547.381,-16.2063,-4.51541,-0.278231,-0.0787272,0.957282,57.2484,57.2484,1,197.911,175.542,1,0
292311400943300,190.977,156.969,0,135.759,75.7766,-547.759,-10.4567,-4.8443,-0.180844,-0.0844483,0.97988,57.3595,57.3595,1,212.719,192.731,0,196.707,78.8341,-547.252,-16.1511,-4.38085,-0.277359,-0.0763857,0.957725,57.2348,57.2348,1,201.848,174.85,1,0
292311405943300,179.02,156.624,0,135.763,75.7913,-547.757,-10.6749,-4.85117,-0.184572,-0.0845678,0.979174,57.359,57.359,1,208.602,198.546,0,196.722,78.8281,-547.326,-16.2246,-4.27904,-0.278624,-0.0746139,0.957497,57.2419,57.2419,1,193.811,177.585,1,0
292311410943300,181.701,149.564,0,135.781,75.7916,-547.784,-10.6273,-4.9799,-0.183724,-0.0868062,0.979138,57.3615,57.3615,1,199.756,186.382,0,196.728,78.8814,-547.198,-16.3797,-4.49645,-0.281133,-0.0783974,0.956461,57.2285,57.2285,1,190.728,167.973,1,0
292311415943300,181.505,161.547,0,135.794,75.7566,-547.936,-10.6345,-4.76478,-0.183905,-0.0830652,0.979428,57.3767,57.3767,1,201.016,174.473,0,196.743,78.8866,-547.225,-16.3606,-4.71292,-0.280729,-0.0821632,0.956264,57.231,57.231,1,191.261,168.01,1,0
292311420943300,184.004,161.056,0,135.811,75.7735,-547.9,-10.5891,-4.77211,-0.183127,-0.0831927,0.979563,57.3729,57.3729,1,196.125,165.589,0,196.765,78.8765,-547.284,-16.4491,-4.87401,-0.282139,-0.084965,0.955604,57.2368,57.2368,1,190.065,163.323,1,0
292311425943300,179.768,145.186,0,135.824,75.7661,-547.914,-10.6658,-5.05798,-0.18436,-0.0881638,0.978897,57.3744,57.3744,1,200.343,167.2,0,196.786,78.8841,-547.315,-16.3798,-4.85139,-0.280994,-0.0845716,0.955976,57.2395,57.2395,1,190.055,156.193,1,0
292311430943300,186.5,151.215,0,135.846,75.7861,-547.862,-10.5465,-4.95122,-0.18235,-0.0863076,0.979438,57.369,57.369,1,197.413,162.543,0,196.802,78.9116,-547.276,-16.4309,-4.93276,-0.281812,-0.0859865,0.955609,57.2351,57.2351,1,191.956,156.879,1,0
292311435943300,196.877,175.43,0,135.88,75.837,-547.773,-10.363,-4.51664,-0.179325,-0.0787487,0.980633,57.3593,57.3593,1,207.341,173.538,0,196.834,78.9012,-547.359,-16.2602,-4.73867,-0.279043,-0.0826111,0.956719,57.2432,57.2432,1,202.109,174.484,1,0
292311440943300,189.067,169.544,0,135.897,75.8191,-547.833,-10.5053,-4.62028,-0.181735,-0.0805517,0.980043,57.3654,57.3654,1,216.5,183.425,0,196.859,78.9124,-547.375,-16.1028,-4.5649,-0.276481,-0.0795882,0.957718,57.2444,57.2444,1,202.784,176.485,1,0
292311445943300,185.067,167.447,0,135.92,75.839,-547.79,-10.5788,-4.65655,-0.182982,-0.0811827,0.979759,57.3609,57.3609,1,198.107,187.598,0,196.871,78.8894,-547.509,-16.4206,-4.48445,-0.28182,-0.0781885,0.956276,57.2576,57.2576,1,191.587,177.522,1,0
292311450943300,190.705,163.304,0,135.941,75.8466,-547.762,-10.4771,-4.73087,-0.181223,-0.0824755,0.979978,57.3581,57.3581,1,200.372,180.981,0,196.898,78.8957,-547.502,-16.3821,-4.60039,-0.281133,-0.0802057,0.956311,57.2568,57.2568,1,195.538,172.143,1,0
292311455943300,188.801,161.257,0,135.956,75.8341,-547.81,-10.5153,-4.7711,-0.181865,-0.0831751,0.979799,57.3629,57.3629,1,204.974,166.341,0,196.914,78.9274,-547.428,-16.304,-4.8632,-0.279722,-0.084777,0.956331,57.2491,57.2491,1,196.887,163.799,1,0
292311460943300,180.417,162.711,0,135.979,75.8455,-547.779,-10.6686,-4.74158,-0.184494,-0.0826618,0.979351,57.3597,57.3597,1,204.429,178.721,0,196.961,78.9077,-547.583,-16.3148,-4.64102,-0.279993,-0.0809125,0.956586,57.2641,57.2641,1,192.423,170.716,1,0
292311465943300,173.527,150.556,0,136.043,75.7599,-548,-10.7973,-4.95409,-0.186636,-0.0863575,0.978626,57.3826,57.3826,1,222.275,176.847,0,197.094,78.818,-547.935,-16.0144,-4.67789,-0.274961,-0.0815539,0.95799,57.2994,57.2994,1,197.901,163.702,1,0
292311470943300,249.431,143.653,0,136.234,75.6336,-548.413,-9.43928,-5.09509,-0.163354,-0.0888089,0.982562,57.4246,57.4246,1,291.027,202.684,0,197.313,78.8297,-548.121,-14.8344,-4.23856,-0.255326,-0.0739093,0.964026,57.3166,57.3166,1,270.229,173.169,1,0
292311475943300,352.689,154.037,0,136.539,75.6273,-548.487,-7.58096,-4.92873,-0.131439,-0.0859165,0.987594,57.4318,57.4318,1,428.467,217.295,0,197.661,78.8208,-548.317,-12.4395,-4.02198,-0.214878,-0.0701392,0.974119,57.3353,57.3353,1,390.578,185.666,1,0
292311480943300,496.795,185.314,0,136.913,75.6883,-548.427,-4.95747,-4.38244,-0.0861636,-0.0764134,0.993346,57.4246,57.4246,1,552.252,250.733,0,198.008,78.9033,-548.221,-10.2485,-3.44514,-0.177596,-0.0600928,0.982267,57.3242,57.3242,1,524.524,218.024,1,0
292311485943300,601.695,187.722,0,137.25,75.6812,-548.475,-3.04024,-4.34915,-0.0528847,-0.075834,0.995717,57.4293,57.4293,1,678.512,271.519,0,198.346,78.9144,-548.321,-7.98037,-3.08965,-0.138632,-0.0538985,0.988876,57.3333,57.3333,1,640.104,229.621,1,0
292311490943300,718.955,196.321,0,137.591,75.7039,-548.441,-0.885908,-4.20125,-0.0154199,-0.0732599,0.997194,57.4255,57.4255,1,788.698,283.113,0,198.647,78.9767,-548.217,-5.98207,-2.89756,-0.104084,-0.0505504,0.993283,57.322,57.322,1,753.827,239.717,1,0
292311495943300,863.51,206.712,0,137.936,75.8094,-548.19,1.78289,-4.02135,0.0310356,-0.0701282,0.997055,57.3993,57.3993,1,903.443,267.008,0,198.885,79.063,-548.051,-3.87646,-3.21099,-0.0674992,-0.0560131,0.996146,57.3042,57.3042,1,883.477,236.86,1,0
292311500943300,923.812,247.164,0,138.133,75.9695,-547.837,2.89174,-3.26888,0.0503669,-0.0570217,0.997102,57.362,57.362,1,981.5,289.569,0,199.017,79.1969,-547.801,-2.43517,-2.81099,-0.0424378,-0.0490414,0.997895,57.2773,57.2773,1,952.656,268.367,1,0
292311505943300,926.61,279.946,0,138.21,76.1186,-547.525,2.93795,-2.6685,0.0511988,-0.0465573,0.997603,57.3289,57.3289,1,978.331,311.664,0,199.031,79.2989,-547.591,-2.49688,-2.40451,-0.0435267,-0.0419544,0.998171,57.255,57.255,1,952.47,295.805,1,0
292311510943300,908.577,281.126,0,138.209,76.1468,-547.447,2.60169,-2.64836,0.045344,-0.0462062,0.997902,57.3208,57.3208,1,937.856,315.401,0,199.002,79.3223,-547.558,-3.24995,-2.33547,-0.0566449,-0.0407503,0.997562,57.2513,57.2513,1,923.216,298.264,1,0
292311515943300,901.629,276.921,0,138.2,76.1377,-547.443,2.47271,-2.7285,0.0430947,-0.0476033,0.997936,57.3207,57.3207,1,926.427,305.66,0,199.009,79.2887,-547.642,-3.46357,-2.51712,-0.0603557,-0.0439179,0.99721,57.2601,57.2601,1,914.028,291.291,1,0
292311520943300,899.903,272.776,0,138.194,76.1275,-547.455,2.44096,-2.80411,0.0425389,-0.0489214,0.997896,57.3222,57.3222,1,918.722,300.842,0,199.024,79.2972,-547.619,-3.60877,-2.60214,-0.0628784,-0.0454003,0.996988,57.2577,57.2577,1,909.313,286.809,1,0
292311525943300,889.372,273.343,0,138.192,76.0994,-547.517,2.24399,-2.79179,0.0391086,-0.0487067,0.998047,57.3286,57.3286,1,913.266,297.097,0,199.043,79.2825,-547.678,-3.71186,-2.66567,-0.0646688,-0.0465079,0.996822,57.2636,57.2636,1,901.319,285.22,1,0
292311530943300,876.936,271.877,0,138.202,76.0975,-547.502,2.01046,-2.81969,0.0350395,-0.049193,0.998174,57.3273,57.3273,1,888.756,311.132,0,199.041,79.2781,-547.772,-4.16741,-2.40126,-0.0726071,-0.0418977,0.99648,57.2726,57.2726,1,882.846,291.504,1,0
292311535943300,877.377,270.205,0,138.221,76.1073,-547.456,2.01676,-2.85376,0.0351482,-0.0497869,0.998141,57.3228,57.3228,1,905.352,315.517,0,199.074,79.2509,-547.865,-3.86141,-2.32079,-0.0672881,-0.0404944,0.996911,57.2819,57.2819,1,891.364,292.861,1,0
292311540943300,887.768,262.454,0,138.244,76.08,-547.5,2.20842,-2.99748,0.0384819,-0.052292,0.99789,57.3276,57.3276,1,894.717,314.589,0,199.082,79.2562,-547.849,-4.06053,-2.33922,-0.0707513,-0.0408157,0.996659,57.2803,57.2803,1,891.242,288.521,1,0
292311545943300,895.978,260.988,0,138.262,76.033,-547.609,2.35942,-3.02159,0.0411108,-0.0527123,0.997763,57.339,57.339,1,898.783,307.933,0,199.107,79.2285,-547.936,-3.98696,-2.46295,-0.0694652,-0.0429734,0.996658,57.2893,57.2893,1,897.381,284.46,1,0
292311550943300,898.161,256.201,0,138.275,76.0128,-547.648,2.39862,-3.11071,0.0417899,-0.0542654,0.997652,57.3432,57.3432,1,891.858,302.622,0,199.122,79.2232,-547.959,-4.11741,-2.56282,-0.0717288,-0.0447148,0.996421,57.2915,57.2915,1,895.009,279.412,1,0
292311555943300,895.418,251.412,0,138.297,76.0512,-547.509,2.34595,-3.1978,0.0408694,-0.0557832,0.997606,57.3292,57.3292,1,900.807,322.885,0,199.144,79.2403,-547.983,-3.95306,-2.19158,-0.0688888,-0.038241,0.996891,57.2934,57.2934,1,898.112,287.149,1,0
292311560943300,893.754,244.549,0,138.31,76.021,-547.594,2.31295,-3.32389,0.0402898,-0.0579803,0.997504,57.3378,57.3378,1,903.141,313.806,0,199.162,79.2524,-547.946,-3.91161,-2.3605,-0.0681595,-0.0411868,0.996824,57.2896,57.2896,1,898.447,279.178,1,0
292311565943300,899.751,239.979,0,138.331,76.0294,-547.556,2.4231,-3.40845,0.0422036,-0.0594536,0.997339,57.3341,57.3341,1,900.201,309.215,0,199.175,79.2653,-547.923,-3.96761,-2.44216,-0.0691297,-0.0426109,0.996697,57.2871,57.2871,1,899.976,274.597,1,0
292311570943300,892.92,243.167,0,138.339,76.0221,-547.559,2.29454,-3.34888,0.0399683,-0.0584158,0.997492,57.3346,57.3346,1,904.126,313.241,0,199.199,79.2887,-547.889,-3.89716,-2.36963,-0.0679078,-0.0413461,0.996835,57.2833,57.2833,1,898.523,278.204,1,0
292311575943300,896.956,234.016,0,138.359,76.0362,-547.499,2.36821,-3.51839,0.0412433,-0.0613688,0.997263,57.3285,57.3285,1,887.773,303.932,0,199.208,79.2901,-547.894,-4.20243,-2.53993,-0.0732085,-0.0443156,0.996332,57.2837,57.2837,1,892.364,268.974,1,0
292311580943300,892.063,232.718,0,138.369,76.0173,-547.548,2.27531,-3.54367,0.0396253,-0.0618093,0.997301,57.3336,57.3336,1,898.718,304.755,0,199.246,79.2711,-547.952,-4.00232,-2.52438,-0.0697291,-0.0440445,0.996593,57.2897,57.2897,1,895.391,268.736,1,0
292311585943300,897.475,240.076,0,138.407,76.0826,-547.353,2.37395,-3.40439,0.0413483,-0.0593828,0.997379,57.3136,57.3136,1,892.639,309.803,0,199.262,79.2545,-548.032,-4.11673,-2.43087,-0.071724,-0.0424139,0.996522,57.2976,57.2976,1,895.057,274.939,1,0
292311590943300,894.329,247.415,0,138.411,76.0281,-547.525,2.31368,-3.26924,0.0403046,-0.057028,0.997559,57.3312,57.3312,1,900.521,309.216,0,199.279,79.2719,-547.978,-3.97188,-2.43979,-0.0692041,-0.0425695,0.996694,57.2921,57.2921,1,897.425,278.315,1,0
292311595943300,889.901,252.756,0,138.422,76.0437,-547.494,2.22981,-3.17206,0.0388481,-0.0553346,0.997712,57.3279,57.3279,1,910.508,307.215,0,199.301,79.2745,-547.987,-3.78808,-2.47604,-0.0660045,-0.0432016,0.996884,57.2929,57.2929,1,900.205,279.985,1,0
292311600943300,891.732,249.582,0,138.437,76.0391,-547.49,2.26257,-3.22976,0.0394163,-0.05634,0.997633,57.3276,57.3276,1,911.852,305.089,0,199.313,79.2724,-547.997,-3.76433,-2.51805,-0.0655894,-0.0439342,0.996879,57.2938,57.2938,1,901.792,277.335,1,0
292311605943300,889.199,253.96,0,138.441,76.0345,-547.499,2.21471,-3.14867,0.0385861,-0.054927,0.997745,57.3286,57.3286,1,916.539,311.979,0,199.326,79.2872,-547.976,-3.67848,-2.39135,-0.0641015,-0.0417249,0.997071,57.2915,57.2915,1,902.869,282.97,1,0
292311610943300,893.119,252.641,0,138.458,76.0391,-547.466,2.28645,-3.17223,0.0398344,-0.0553376,0.997673,57.3254,57.3254,1,908.649,306.047,0,199.335,79.2755,-548.005,-3.82617,-2.50066,-0.0666661,-0.0436309,0.996821,57.2945,57.2945,1,900.884,279.344,1,0
292311615943300,892.186,253.184,0,138.463,76.0101,-547.543,2.26794,-3.16343,0.0395123,-0.0551842,0.997694,57.3334,57.3334,1,909.812,303.5,0,199.349,79.2738,-548.001,-3.80598,-2.54795,-0.0663124,-0.0444555,0.996808,57.2942,57.2942,1,900.999,278.342,1,0
292311620943300,892.807,249.018,0,138.471,76.0223,-547.498,2.27894,-3.24035,0.039701,-0.0565246,0.997612,57.3288,57.3288,1,906.547,308.785,0,199.354,79.2692,-548.019,-3.86723,-2.44904,-0.067383,-0.0427308,0.996812,57.296,57.296,1,899.677,278.901,1,0
292311625943300,896.848,247.534,0,138.48,75.9976,-547.558,2.35312,-3.26749,0.0409913,-0.0569975,0.997532,57.3351,57.3351,1,897.64,309.863,0,199.36,79.2772,-548.01,-4.03401,-2.43202,-0.0702852,-0.042434,0.996624,57.2949,57.2949,1,897.244,278.699,1,0
292311630943300,890.168,244.547,0,138.483,76.0023,-547.54,2.22796,-3.32491,0.03881,-0.0579981,0.997562,57.3332,57.3332,1,900.983,322.824,0,199.369,79.287,-548.027,-3.97257,-2.19293,-0.0692281,-0.0382645,0.996867,57.2963,57.2963,1,895.576,283.685,1,0
292311635943300,892.457,246.651,0,138.493,76.0133,-547.516,2.26985,-3.28594,0.0395408,-0.057319,0.997573,57.3307,57.3307,1,901.882,325.644,0,199.374,79.2728,-548.091,-3.95591,-2.13936,-0.0689408,-0.0373303,0.996922,57.3027,57.3027,1,897.169,286.148,1,0
292311640943300,891.892,248.235,0,138.503,76.0379,-547.46,2.25869,-3.25657,0.0393478,-0.0568072,0.997609,57.3248,57.3248,1,902.147,327.45,0,199.376,79.278,-548.1,-3.95118,-2.10647,-0.0688599,-0.0367566,0.996949,57.3034,57.3034,1,897.02,287.842,1,0
292311645943300,889.443,244.772,0,138.502,76.0191,-547.515,2.21267,-3.31958,0.038544,-0.0579052,0.997578,57.3305,57.3305,1,908.965,331.395,0,199.392,79.2487,-548.201,-3.82531,-2.03392,-0.0666727,-0.0354911,0.997143,57.3136,57.3136,1,899.204,288.083,1,0
292311650943300,890.308,251.965,0,138.513,76.0494,-547.448,2.22813,-3.18791,0.0388182,-0.0556107,0.997698,57.3235,57.3235,1,904.586,333.789,0,199.381,79.309,-548.018,-3.90659,-1.98799,-0.068089,-0.03469,0.997076,57.2949,57.2949,1,897.447,292.877,1,0
292311655943300,892.452,235.527,0,138.516,76.025,-547.46,2.26777,-3.4913,0.0394963,-0.060897,0.997362,57.3251,57.3251,1,898.042,319.527,0,199.378,79.2677,-548.08,-4.02757,-2.24796,-0.0701824,-0.0392243,0.996763,57.3018,57.3018,1,895.247,277.527,1,0
292311660943300,892.221,204.922,0,138.524,75.9805,-547.422,2.26254,-4.05703,0.0393795,-0.0707493,0.996717,57.3227,57.3227,1,893.926,302.461,0,199.382,79.1853,-548.23,-4.10397,-2.56301,-0.071495,-0.0447181,0.996438,57.3179,57.3179,1,893.073,253.691,1,0
292311665943300,896.629,173.904,0,138.527,75.9385,-547.429,2.34447,-4.62973,0.0407739,-0.0807161,0.995903,57.3244,57.3244,1,900.291,257.73,0,199.38,79.1422,-548.174,-3.98565,-3.38999,-0.069385,-0.059132,0.995836,57.3138,57.3138,1,898.46,215.817,1,0
292311670943300,898.211,165.775,0,138.527,75.9025,-547.48,2.3736,-4.78033,0.0412712,-0.0833357,0.995667,57.3302,57.3302,1,895.245,239.319,0,199.369,79.1318,-548.134,-4.07858,-3.72852,-0.0709741,-0.0650291,0.995356,57.3103,57.3103,1,896.728,202.547,1,0
292311675943300,900.783,174.756,0,138.527,75.9071,-547.487,2.42164,-4.61343,0.0421161,-0.0804326,0.99587,57.3307,57.3307,1,900.521,247.075,0,199.374,79.0934,-548.239,-3.98034,-3.58336,-0.0692784,-0.0625007,0.995638,57.3211,57.3211,1,900.652,210.916,1,0
292311680943300,894.352,184.676,0,138.517,75.9285,-547.468,2.30266,-4.42993,0.0400581,-0.0772399,0.996208,57.3284,57.3284,1,896.242,248.431,0,199.371,79.0893,-548.26,-4.0596,-3.55825,-0.0706577,-0.0620633,0.995568,57.3232,57.3232,1,895.297,216.554,1,0
292311685943300,898.944,176.976,0,138.514,75.9226,-547.471,2.38877,-4.57277,0.0415472,-0.0797252,0.995951,57.3288,57.3288,1,893.169,247.122,0,199.365,79.0993,-548.243,-4.11621,-3.58234,-0.0716395,-0.0624828,0.995472,57.3213,57.3213,1,896.057,212.049,1,0
292311690943300,893.831,186.515,0,138.507,75.9366,-547.472,2.29404,-4.39587,0.0399101,-0.0766471,0.996259,57.3286,57.3286,1,892.363,252.215,0,199.363,79.1135,-548.219,-4.13121,-3.48952,-0.0719072,-0.060866,0.995552,57.3187,57.3187,1,893.097,219.365,1,0
292311695943300,888.604,185.272,0,138.499,75.9328,-547.484,2.19712,-4.41849,0.0382236,-0.0770408,0.996295,57.3297,57.3297,1,905.251,259.634,0,199.365,79.1239,-548.222,-3.89148,-3.35346,-0.0677507,-0.0584955,0.995986,57.3188,57.3188,1,896.928,222.453,1,0
292311700943300,883.368,183.91,0,138.488,75.9335,-547.486,2.10032,-4.44401,0.0365391,-0.0774848,0.996324,57.3299,57.3299,1,904.349,261.875,0,199.362,79.1032,-548.29,-3.90744,-3.30862,-0.0680312,-0.0577142,0.996012,57.3257,57.3257,1,893.858,222.893,1,0
292311705943300,895.518,187.017,0,138.488,75.9335,-547.514,2.3274,-4.38561,0.0404906,-0.0764686,0.996249,57.3325,57.3325,1,899.851,255.386,0,199.346,79.1422,-548.149,-3.99021,-3.42871,-0.0694615,-0.0598065,0.99579,57.3114,57.3114,1,897.684,221.202,1,0
292311710943300,890.078,190.354,0,138.47,75.9174,-547.58,2.22726,-4.32361,0.0387527,-0.0753896,0.996401,57.3392,57.3392,1,901.812,258.262,0,199.346,79.1208,-548.23,-3.95326,-3.37488,-0.0688232,-0.0588687,0.99589,57.3196,57.3196,1,895.945,224.308,1,0
292311715943300,885.95,187.84,0,138.465,75.9477,-547.483,2.15107,-4.37117,0.0374253,-0.0762174,0.996389,57.3293,57.3293,1,896.523,255.59,0,199.334,79.1181,-548.231,-4.05047,-3.42463,-0.070509,-0.0597355,0.995721,57.3197,57.3197,1,891.236,221.715,1,0
292311720943300,884.193,186.234,0,138.451,75.9192,-547.565,2.11918,-4.40068,0.0368693,-0.0767309,0.99637,57.3377,57.3377,1,903.233,253.667,0,199.326,79.127,-548.206,-3.92482,-3.46023,-0.0683226,-0.0603558,0.995836,57.3172,57.3172,1,893.713,219.95,1,0
292311725943300,892.193,185.369,0,138.444,75.923,-547.581,2.26955,-4.41466,0.0394833,-0.0769742,0.996251,57.3391,57.3391,1,904.973,256.143,0,199.317,79.1309,-548.208,-3.89139,-3.41253,-0.067745,-0.0595247,0.995925,57.3173,57.3173,1,898.583,220.756,1,0
292311730943300,889.509,191.136,0,138.431,75.9184,-547.615,2.22063,-4.30715,0.0386382,-0.0751032,0.996427,57.3424,57.3424,1,901.011,252.755,0,199.305,79.1132,-548.268,-3.96363,-3.47722,-0.0689959,-0.0606516,0.995771,57.3233,57.3233,1,895.26,221.945,1,0
292311735943300,892.013,180.906,0,138.419,75.9172,-547.611,2.26868,-4.49498,0.0394638,-0.0783718,0.996143,57.3421,57.3421,1,901.611,264.347,0,199.297,79.1279,-548.256,-3.95174,-3.2625,-0.0688045,-0.0569105,0.996006,57.3218,57.3218,1,896.812,222.627,1,0
292311740943300,890.881,178.239,0,138.413,75.9234,-547.583,2.24845,-4.54198,0.0391095,-0.0791895,0.996092,57.3393,57.3393,1,888.589,254.122,0,199.278,79.1154,-548.278,-4.19174,-3.44851,-0.0729621,-0.0601516,0.995519,57.3243,57.3243,1,889.735,216.181,1,0
292311745943300,882.725,178.918,0,138.389,75.9033,-547.651,2.098,-4.53036,0.0364945,-0.0789873,0.996207,57.3462,57.3462,1,897.198,250.302,0,199.268,79.1053,-548.284,-4.03045,-3.51776,-0.0701541,-0.0613579,0.995647,57.3251,57.3251,1,889.961,214.61,1,0
292311750943300,892.116,161.97,0,138.389,75.91,-547.574,2.27383,-4.84509,0.0395336,-0.084462,0.995642,57.3388,57.3388,1,901.818,257.03,0,199.257,79.1185,-548.242,-3.94334,-3.39047,-0.0686496,-0.0591404,0.995886,57.3208,57.3208,1,896.967,209.5,1,0
292311755943300,893.485,167.269,0,138.376,75.9041,-547.593,2.30083,-4.74428,0.0400087,-0.0827088,0.99577,57.3407,57.3407,1,897.287,251.429,0,199.248,79.0923,-548.298,-4.02644,-3.49215,-0.0700864,-0.0609118,0.995679,57.3267,57.3267,1,895.386,209.349,1,0
292311760943300,885.324,158.814,0,138.356,75.8949,-547.595,2.15029,-4.90011,0.0373837,-0.0854189,0.995644,57.3412,57.3412,1,893.036,249.459,0,199.235,79.0876,-548.287,-4.10406,-3.52528,-0.0714327,-0.0614889,0.995548,57.3258,57.3258,1,889.18,204.136,1,0
292311765943300,880.438,157.561,0,138.343,75.904,-547.536,2.06069,-4.9219,0.0358254,-0.0857977,0.995668,57.3354,57.3354,1,895.351,250.865,0,199.231,79.0579,-548.357,-4.06036,-3.50088,-0.0706752,-0.0610638,0.995629,57.3331,57.3331,1,887.894,204.213,1,0
292311770943300,878.279,156.495,0,138.336,75.889,-547.569,2.0208,-4.94302,0.0351312,-0.086165,0.995661,57.3389,57.3389,1,896.114,262.158,0,199.223,79.0842,-548.259,-4.04594,-3.29229,-0.0704399,-0.0574296,0.995861,57.3232,57.3232,1,887.196,209.326,1,0
292311775943300,886.985,163.796,0,138.338,75.9072,-547.517,2.18365,-4.80917,0.0379684,-0.0838373,0.995756,57.3335,57.3335,1,885.393,259.518,0,199.208,79.0685,-548.285,-4.2438,-3.34177,-0.0738747,-0.0582918,0.995562,57.3261,57.3261,1,886.189,211.657,1,0
292311780943300,884.442,167.847,0,138.318,75.8792,-547.601,2.13772,-4.73274,0.0371744,-0.0825079,0.995897,57.3421,57.3421,1,884.503,254.462,0,199.204,79.0361,-548.35,-4.2598,-3.43707,-0.0741455,-0.0599522,0.995444,57.333,57.333,1,884.472,211.154,1,0
292311785943300,885.289,167.016,0,138.308,75.8804,-547.588,2.15458,-4.75008,0.0374665,-0.0828097,0.995861,57.3409,57.3409,1,890.107,248.577,0,199.192,79.0423,-548.299,-4.15487,-3.54977,-0.0723136,-0.0619155,0.995458,57.328,57.328,1,887.698,207.797,1,0
292311790943300,884.574,173.091,0,138.295,75.8712,-547.626,2.1424,-4.63635,0.0372609,-0.0808314,0.996031,57.3447,57.3447,1,888.841,235.969,0,199.185,79.0227,-548.304,-4.1777,-3.78215,-0.0726913,-0.065963,0.995171,57.329,57.329,1,886.708,204.53,1,0
292311795943300,890.058,172.446,0,138.287,75.8466,-547.683,2.24537,-4.64932,0.0390501,-0.0810568,0.995944,57.3506,57.3506,1,888.158,237.527,0,199.174,79.0423,-548.234,-4.18984,-3.75647,-0.0729044,-0.0655158,0.995185,57.3219,57.3219,1,889.108,204.986,1,0
292311800943300,887.98,176.759,0,138.283,75.8893,-547.561,2.20757,-4.57131,0.0383973,-0.0796998,0.996079,57.3381,57.3381,1,895.824,227.944,0,199.174,79.0143,-548.295,-4.04681,-3.93332,-0.0704051,-0.0685955,0.995157,57.3283,57.3283,1,891.902,202.352,1,0
292311805943300,887.944,179.359,0,138.275,75.8773,-547.585,2.20763,-4.52286,0.0384009,-0.0788569,0.996146,57.3407,57.3407,1,889.587,233.288,0,199.163,79.0055,-548.32,-4.16167,-3.83429,-0.0724086,-0.066871,0.995131,57.3309,57.3309,1,888.765,206.324,1,0
292311810943300,886.617,176.428,0,138.274,75.8906,-547.536,2.18313,-4.57767,0.037972,-0.0798105,0.996087,57.3357,57.3357,1,898.412,237.549,0,199.162,79.0266,-548.246,-3.99791,-3.75943,-0.06957,-0.0655674,0.99542,57.3234,57.3234,1,892.514,206.989,1,0
292311815943300,893.634,179.968,0,138.273,75.8947,-547.519,2.31458,-4.51292,0.0402608,-0.0786838,0.996086,57.334,57.334,1,896.024,239.723,0,199.157,79.0266,-548.246,-4.04179,-3.71846,-0.0703357,-0.0648538,0.995413,57.3235,57.3235,1,894.829,209.845,1,0
292311820943300,892.933,180.668,0,138.26,75.8608,-547.615,2.30212,-4.50014,0.0400449,-0.0784616,0.996113,57.3439,57.3439,1,892.988,239.977,0,199.154,79.0109,-548.297,-4.09775,-3.7127,-0.0713083,-0.0647535,0.99535,57.3287,57.3287,1,892.96,210.323,1,0
292311825943300,894.62,174.924,0,138.26,75.8717,-547.567,2.33402,-4.60562,0.0405935,-0.0802966,0.995944,57.3391,57.3391,1,898.31,235.817,0,199.147,79.0369,-548.204,-3.9983,-3.78894,-0.0695745,-0.0660813,0.995386,57.3193,57.3193,1,896.465,205.37,1,0
292311830943300,897.408,176.315,0,138.259,75.8731,-547.572,2.38619,-4.57967,0.041502,-0.0798452,0.995943,57.3395,57.3395,1,897.107,233.733,0,199.141,79.0584,-548.141,-4.02041,-3.82844,-0.0699554,-0.0667692,0.995313,57.3128,57.3128,1,897.258,205.024,1,0
292311835943300,895.785,178.622,0,138.254,75.8641,-547.61,2.35616,-4.53672,0.0409823,-0.079098,0.996024,57.3434,57.3434,1,893.26,231.142,0,199.141,79.0553,-548.147,-4.09224,-3.87884,-0.071199,-0.0676467,0.995166,57.3134,57.3134,1,894.522,204.882,1,0
292311840943300,894.206,185.84,0,138.253,75.8926,-547.545,2.32711,-4.40492,0.0404846,-0.0768046,0.996224,57.3365,57.3365,1,893.389,234.963,0,199.14,79.0525,-548.179,-4.08971,-3.81057,-0.0711606,-0.0664579,0.995248,57.3165,57.3165,1,893.797,210.401,1,0
292311845943300,879.796,180.176,0,138.229,75.9503,-547.439,2.06086,-4.51196,0.0358496,-0.0786672,0.996256,57.3251,57.3251,1,898.677,243.354,0,199.115,79.1188,-548.041,-3.9889,-3.65106,-0.069422,-0.0636799,0.995553,57.3019,57.3019,1,889.236,211.765,1,0
292311850943300,864.422,216.947,0,138.177,75.9869,-547.53,1.77854,-3.83236,0.0309669,-0.0668374,0.997283,57.3327,57.3327,1,887.538,260.104,0,199.068,79.1859,-548.006,-4.19137,-3.34168,-0.0729637,-0.0582902,0.99563,57.2969,57.2969,1,875.98,238.525,1,0
292311855943300,849.231,261.538,0,138.146,76.0366,-547.623,1.49769,-3.00472,0.0261006,-0.0524182,0.998284,57.3402,57.3402,1,871.364,302.606,0,199.035,79.2372,-548.12,-4.48802,-2.55676,-0.0781728,-0.0446091,0.995941,57.3063,57.3063,1,860.297,282.072,1,0
292311860943300,816.496,295.031,0,138.102,76.1828,-547.509,0.890759,-2.3898,0.0155325,-0.0416977,0.999009,57.3258,57.3258,1,855.82,370.778,0,198.99,79.3599,-548.095,-4.77241,-1.30016,-0.0831766,-0.0226902,0.996276,57.3009,57.3009,1,836.158,332.905,1,0
292311865943300,817.697,321.514,0,138.077,76.2767,-547.512,0.915497,-1.90958,0.0159689,-0.0333223,0.999317,57.3237,57.3237,1,854.446,382.681,0,198.909,79.4691,-548.103,-4.78995,-1.09406,-0.0834878,-0.0190938,0.996326,57.2989,57.2989,1,836.072,352.097,1,0
292311870943300,789.6,386.325,0,138.01,76.3992,-547.504,0.397179,-0.708801,0.00693149,-0.0123706,0.999899,57.3199,57.3199,1,811.37,457.679,0,198.83,79.5825,-548.131,-5.58148,0.287351,-0.0972601,0.0050152,0.995246,57.2987,57.2987,1,800.485,422.002,1,0
292311875943300,774.801,475.503,0,137.965,76.5137,-547.517,0.125207,0.946903,0.00218498,0.0165258,0.999861,57.3182,57.3182,1,791.554,521.324,0,198.747,79.7937,-547.855,-5.93989,1.46595,-0.103451,0.0255828,0.994306,57.2674,57.2674,1,783.177,498.413,1,0
292311880943300,753.753,500.198,0,137.918,76.5665,-547.622,-0.265594,1.39439,-0.0046341,0.0243343,0.999693,57.3268,57.3268,1,765.775,574.944,0,198.708,79.7935,-548.202,-6.41023,2.45155,-0.111544,0.0427745,0.992838,57.2999,57.2999,1,759.764,537.571,1,0
292311885943300,737.239,515.102,0,137.893,76.597,-547.757,-0.572663,1.66731,-0.00999046,0.0290959,0.999527,57.3387,57.3387,1,752.358,588.769,0,198.69,79.8768,-548.211,-6.65579,2.69845,-0.115776,0.0470794,0.992159,57.2987,57.2987,1,744.799,551.935,1,0
292311890943300,738.435,534.015,0,137.927,76.6618,-547.782,-0.552214,2.01994,-0.00963181,0.0352473,0.999332,57.3394,57.3394,1,765.114,630.774,0,198.716,79.9013,-548.398,-6.42263,3.46703,-0.111657,0.0604742,0.991905,57.3157,57.3157,1,751.775,582.394,1,0
292311895943300,774.51,556.266,0,137.993,76.7345,-547.748,0.116443,2.42883,0.00203048,0.0423784,0.9991,57.3344,57.3344,1,794.954,661.776,0,198.763,79.9743,-548.382,-5.87562,4.03823,-0.102115,0.070422,0.992277,57.3123,57.3123,1,784.732,609.021,1,0
292311900943300,787.775,599.148,0,138.022,76.8273,-547.66,0.363073,3.2251,0.00632675,0.0562589,0.998396,57.3237,57.3237,1,809.948,680.514,0,198.785,80.0889,-548.193,-5.60093,4.38254,-0.0973136,0.0764152,0.992316,57.2917,57.2917,1,798.862,639.831,1,0
292311905943300,797.267,637.168,0,138.046,76.8983,-547.617,0.538492,3.92679,0.00937625,0.0684817,0.997608,57.3179,57.3179,1,828.445,715.943,0,198.798,80.1645,-548.174,-5.25951,5.03257,-0.0913136,0.0877221,0.991951,57.288,57.288,1,812.856,676.555,1,0
292311910943300,801.435,653.978,0,138.045,76.9273,-547.68,0.615833,4.23188,0.0107188,0.0737931,0.997216,57.3231,57.3231,1,818.688,720.964,0,198.785,80.1944,-548.177,-5.43901,5.12112,-0.0944077,0.0892614,0.991524,57.2875,57.2875,1,810.061,687.471,1,0
292311915943300,792.167,663.812,0,138.036,76.9903,-547.602,0.443393,4.40905,0.00771569,0.0768766,0.997011,57.3142,57.3142,1,808.461,724.977,0,198.778,80.2036,-548.261,-5.62788,5.18757,-0.0976655,0.0904166,0.991104,57.2952,57.2952,1,800.314,694.394,1,0
292311920943300,809.348,664.668,0,138.028,76.9979,-547.637,0.765164,4.41984,0.0133145,0.0770642,0.996937,57.3173,57.3173,1,806.132,721.487,0,198.777,80.2125,-548.28,-5.67074,5.12153,-0.098417,0.0892686,0.991133,57.2967,57.2967,1,807.74,693.077,1,0
292311925943300,813.723,670.151,0,137.995,76.9659,-547.785,0.849346,4.51877,0.0147773,0.0787857,0.996782,57.332,57.332,1,811.68,707.94,0,198.777,80.2424,-548.175,-5.56838,4.87332,-0.0966829,0.084953,0.991683,57.2861,57.2861,1,812.701,689.045,1,0
292311930943300,801.145,644.935,0,137.976,77.0023,-547.642,0.616409,4.0499,0.0107313,0.0706253,0.997445,57.3177,57.3177,1,811.962,712.277,0,198.775,80.249,-548.174,-5.56311,4.95199,-0.0965803,0.0863209,0.991575,57.2859,57.2859,1,806.553,678.606,1,0
292311935943300,811.029,655.436,0,137.973,76.9851,-547.763,0.800911,4.24187,0.0139398,0.073967,0.997163,57.3295,57.3295,1,794.993,716.992,0,198.752,80.3054,-548.033,-5.87572,5.03503,-0.101976,0.0877648,0.990908,57.2712,57.2712,1,803.011,686.214,1,0
292311940943300,799.568,644.141,0,137.965,77.0264,-547.624,0.587989,4.03266,0.0102368,0.070325,0.997472,57.3154,57.3154,1,801.57,718.526,0,198.763,80.2785,-548.163,-5.7544,5.06314,-0.0998732,0.0882536,0.991078,57.2841,57.2841,1,800.569,681.334,1,0
292311945943300,795.669,637.03,0,137.957,77.0352,-547.608,0.51616,3.90124,0.00898769,0.0680369,0.997642,57.3136,57.3136,1,794.756,719.359,0,198.753,80.3065,-548.09,-5.88013,5.0759,-0.102046,0.0884754,0.990837,57.2765,57.2765,1,795.213,678.194,1,0
292311950943300,797.843,638.329,0,137.953,77.0369,-547.639,0.557146,3.92467,0.00970108,0.0684449,0.997608,57.3165,57.3165,1,797.967,710.604,0,198.752,80.312,-548.063,-5.82063,4.9155,-0.101042,0.0856865,0.991185,57.2739,57.2739,1,797.905,674.466,1,0
292311955943300,794.265,641.462,0,137.948,77.0573,-547.6,0.490877,3.98197,0.00854663,0.0694426,0.997549,57.3123,57.3123,1,800.101,714.888,0,198.75,80.2998,-548.134,-5.78038,4.99487,-0.100333,0.0870666,0.991137,57.2808,57.2808,1,797.183,678.175,1,0
292311960943300,792.21,640.782,0,137.943,77.0675,-547.584,0.453169,3.96956,0.00789023,0.0692265,0.99757,57.3106,57.3106,1,799.544,713.807,0,198.745,80.3098,-548.103,-5.79042,4.97412,-0.10051,0.0867058,0.991151,57.2777,57.2777,1,795.877,677.295,1,0
292311965943300,785.733,641.05,0,137.93,77.0938,-547.542,0.333534,3.97316,0.00580724,0.0692892,0.99758,57.306,57.306,1,796.466,724.498,0,198.74,80.3181,-548.119,-5.84696,5.16909,-0.101457,0.0900953,0.990752,57.2789,57.2789,1,791.1,682.774,1,0
292311970943300,787.576,633.908,0,137.927,77.098,-547.511,0.368511,3.84119,0.00641724,0.0669911,0.997733,57.3029,57.3029,1,807.221,719.362,0,198.746,80.3227,-548.096,-5.64836,5.07678,-0.0980367,0.0884906,0.991241,57.2767,57.2767,1,797.398,676.635,1,0
292311975943300,788.622,635.302,0,137.925,77.103,-547.5,0.388448,3.86716,0.00676421,0.0674435,0.9977,57.3018,57.3018,1,808.82,716.719,0,198.746,80.3128,-548.119,-5.61878,5.02819,-0.0975323,0.0876458,0.991365,57.2791,57.2791,1,798.721,676.011,1,0
292311980943300,787.683,634.285,0,137.917,77.1038,-547.499,0.372206,3.85028,0.00648151,0.0671494,0.997722,57.3016,57.3016,1,802.496,721.006,0,198.736,80.3273,-548.092,-5.73488,5.10625,-0.0995289,0.089003,0.991046,57.2762,57.2762,1,795.089,677.645,1,0
292311985943300,789.468,638.805,0,137.919,77.1301,-547.454,0.405665,3.93321,0.00706346,0.0685936,0.99762,57.2967,57.2967,1,813.411,717.337,0,198.746,80.3315,-548.062,-5.53389,5.04035,-0.0960617,0.0878573,0.99149,57.2733,57.2733,1,801.439,678.071,1,0
292311990943300,790.875,628.308,0,137.916,77.0997,-547.518,0.431899,3.73854,0.00752195,0.0652036,0.997844,57.3036,57.3036,1,811.27,718.646,0,198.748,80.32,-548.109,-5.57329,5.06487,-0.0967398,0.0882835,0.991387,57.278,57.278,1,801.072,673.477,1,0
292311995943300,785.246,631.699,0,137.91,77.1165,-547.467,0.327522,3.80223,0.00570373,0.0663128,0.997783,57.2983,57.2983,1,803.408,722.892,0,198.742,80.3122,-548.136,-5.71811,5.14248,-0.0992333,0.0896327,0.991019,57.2807,57.2807,1,794.327,677.296,1,0
292312000943300,775.734,640.738,0,137.889,77.0685,-547.639,0.150592,3.96981,0.00262201,0.0692309,0.997597,57.3157,57.3157,1,804.957,712.311,0,198.744,80.296,-548.144,-5.68963,4.94838,-0.0987701,0.0862582,0.991365,57.2819,57.2819,1,790.346,676.524,1,0
292312005943300,784.707,643.581,0,137.891,77.0697,-547.624,0.318836,4.02462,0.00555099,0.070185,0.997518,57.3143,57.3143,1,804.522,719.934,0,198.746,80.28,-548.197,-5.69758,5.08946,-0.0988863,0.0887111,0.991137,57.2873,57.2873,1,794.615,681.757,1,0
292312010943300,779.831,635.161,0,137.884,77.0613,-547.617,0.228429,3.86961,0.00397773,0.067486,0.997712,57.3138,57.3138,1,798.218,707.665,0,198.744,80.2491,-548.24,-5.81381,4.86377,-0.100931,0.0847868,0.991274,57.2921,57.2921,1,789.024,671.413,1,0
292312015943300,779.295,632.462,0,137.885,77.0623,-547.607,0.218436,3.82003,0.00380395,0.0666227,0.997771,57.3129,57.3129,1,786.986,707.578,0,198.736,80.2454,-548.232,-6.0208,4.86133,-0.104512,0.0847445,0.990906,57.2914,57.2914,1,783.141,670.02,1,0
292312020943300,780.627,633.583,0,137.882,77.0566,-547.591,0.243691,3.84153,0.00424363,0.0669971,0.997744,57.3115,57.3115,1,793.325,699.098,0,198.751,80.1875,-548.362,-5.90436,4.708,-0.102521,0.0820777,0.991339,57.3051,57.3051,1,786.976,666.341,1,0
292312025943300,781.184,640.705,0,137.882,77.0534,-547.592,0.254382,3.97537,0.00442911,0.0693277,0.997584,57.3116,57.3116,1,789.344,706.037,0,198.736,80.2409,-548.16,-5.97745,4.83648,-0.103766,0.0843123,0.991022,57.2848,57.2848,1,785.264,673.371,1,0
292312030943300,776.024,634.134,0,137.87,77.0069,-547.696,0.158614,3.85564,0.00276207,0.0672429,0.997733,57.3226,57.3226,1,798.225,708.608,0,198.753,80.1936,-548.267,-5.814,4.88803,-0.100931,0.0852087,0.991238,57.2961,57.2961,1,787.125,671.371,1,0
292312035943300,782.375,632.796,0,137.881,77.0051,-547.65,0.276687,3.8328,0.00481827,0.0668452,0.997752,57.3183,57.3183,1,805.162,709.759,0,198.764,80.1781,-548.271,-5.6869,4.91081,-0.0987284,0.0856049,0.991426,57.2968,57.2968,1,793.768,671.277,1,0
292312040943300,785.829,646.865,0,137.885,77.0008,-547.671,0.340921,4.09448,0.00593498,0.0714014,0.99743,57.3205,57.3205,1,799.196,708.101,0,198.762,80.1317,-548.38,-5.79677,4.88016,-0.100634,0.0850718,0.99128,57.3083,57.3083,1,792.513,677.483,1,0
292312045943300,788.812,648.812,0,137.89,76.9968,-547.668,0.396145,4.13105,0.00689601,0.072038,0.997378,57.3202,57.3202,1,801.594,721.866,0,198.769,80.1309,-548.373,-5.75289,5.13582,-0.0998359,0.089517,0.990969,57.3076,57.3076,1,795.203,685.339,1,0
292312050943300,776.512,647.707,0,137.882,77.0008,-547.637,0.166791,4.11023,0.00290356,0.0716755,0.997424,57.3172,57.3172,1,808.995,717.389,0,198.775,80.1315,-548.321,-5.61658,5.05641,-0.0974901,0.0881365,0.991326,57.3027,57.3027,1,792.754,682.548,1,0
292312055943300,806.444,646.754,0,137.899,76.8971,-547.919,0.723427,4.09332,0.0125936,0.0713811,0.99737,57.3464,57.3464,1,813.242,716.883,0,198.783,80.1036,-548.39,-5.53845,5.04831,-0.0961394,0.0879958,0.991471,57.3098,57.3098,1,809.843,681.819,1,0
292312060943300,803.262,647.325,0,137.909,76.9079,-547.875,0.662724,4.10245,0.0115368,0.07154,0.997371,57.342,57.342,1,823.027,713.149,0,198.797,80.0988,-548.372,-5.35845,4.98259,-0.0930334,0.086853,0.991868,57.3083,57.3083,1,813.144,680.237,1,0
292312065943300,800.322,644.174,0,137.914,76.9111,-547.842,0.607297,4.04396,0.0105727,0.0705219,0.997454,57.3388,57.3388,1,814.789,713.476,0,198.795,80.0983,-548.346,-5.51114,4.98824,-0.0956756,0.0869513,0.991608,57.3059,57.3059,1,807.556,678.825,1,0
292312070943300,798.964,651.331,0,137.933,76.9386,-547.719,0.580612,4.17826,0.0101065,0.0728598,0.997291,57.3265,57.3265,1,816.095,715.483,0,198.804,80.0911,-548.367,-5.48801,5.02434,-0.09527,0.087579,0.991591,57.308,57.308,1,807.53,683.407,1,0
292312075943300,806.645,650.794,0,137.955,76.9636,-547.618,0.722538,4.16815,0.012577,0.0726838,0.997276,57.3164,57.3164,1,809.853,719.784,0,198.811,80.0712,-548.412,-5.60426,5.1028,-0.0972698,0.0889429,0.991276,57.3128,57.3128,1,808.249,685.289,1,0
292312080943300,797.291,652.757,0,137.951,76.947,-547.631,0.547693,4.20539,0.00953317,0.0733319,0.997262,57.318,57.318,1,811.577,718.975,0,198.812,80.0979,-548.309,-5.573,5.08851,-0.0967311,0.0886945,0.991351,57.3024,57.3024,1,804.434,685.866,1,0
292312085943300,799.303,654.399,0,137.962,76.9474,-547.611,0.584508,4.23735,0.0101735,0.0738883,0.997215,57.3161,57.3161,1,811.456,723.322,0,198.819,80.0742,-548.369,-5.57595,5.16802,-0.0967702,0.0900767,0.991222,57.3086,57.3086,1,805.38,688.86,1,0
292312090943300,797.097,652.209,0,137.959,76.927,-547.635,0.543317,4.1977,0.0094571,0.0731982,0.997273,57.3189,57.3189,1,802.69,727.401,0,198.821,80.0694,-548.373,-5.73879,5.2411,-0.0995753,0.0913469,0.990828,57.3092,57.3092,1,799.894,689.805,1,0
292312095943300,798.543,657.526,0,137.966,76.9277,-547.632,0.569602,4.29614,0.00991333,0.0749116,0.997141,57.3186,57.3186,1,803.772,732.853,0,198.827,80.0708,-548.368,-5.71935,5.34209,-0.099223,0.0931021,0.9907,57.3086,57.3086,1,801.157,695.19,1,0
292312100943300,795.501,661.078,0,137.964,76.9312,-547.622,0.513003,4.36275,0.00892753,0.0760707,0.997063,57.3176,57.3176,1,806.211,721.566,0,198.832,80.0563,-548.368,-5.67477,5.13521,-0.0984848,0.0895065,0.991105,57.309,57.309,1,800.856,691.322,1,0
292312105943300,803.281,658.825,0,137.973,76.927,-547.623,0.657706,4.32122,0.0114463,0.0753481,0.997092,57.3178,57.3178,1,808.872,724.241,0,198.837,80.0722,-548.32,-5.62612,5.18543,-0.0976353,0.0903793,0.99111,57.3041,57.3041,1,806.076,691.533,1,0
292312110943300,802.733,664.947,0,137.977,76.926,-547.613,0.647014,4.43479,0.0112585,0.0773244,0.996942,57.3169,57.3169,1,804.952,732.638,0,198.837,80.0763,-548.335,-5.69881,5.338,-0.0988685,0.0930309,0.990742,57.3054,57.3054,1,803.842,698.792,1,0
292312115943300,798.521,665.294,0,137.975,76.9354,-547.565,0.568414,4.44061,0.00989075,0.0774257,0.996949,57.3121,57.3121,1,807.467,727.184,0,198.836,80.0683,-548.332,-5.65208,5.23891,-0.0980761,0.0913088,0.990981,57.3053,57.3053,1,802.994,696.239,1,0
292312120943300,799.169,662.884,0,137.971,76.913,-547.617,0.580661,4.39686,0.0101045,0.0766643,0.997006,57.3176,57.3176,1,807.912,729.773,0,198.841,80.0562,-548.373,-5.64427,5.28652,-0.0979335,0.0921363,0.990919,57.3095,57.3095,1,803.541,696.328,1,0
292312125943300,804.248,663.583,0,137.976,76.9176,-547.59,0.675263,4.40934,0.0117504,0.0768816,0.996971,57.3149,57.3149,1,807.824,728.747,0,198.843,80.0417,-548.405,-5.64591,5.26789,-0.0979648,0.0918126,0.990946,57.3128,57.3128,1,806.036,696.165,1,0
292312130943300,805.426,655.332,0,137.975,76.9104,-547.575,0.697406,4.25667,0.0121381,0.0742246,0.997168,57.3137,57.3137,1,801.401,724.195,0,198.827,80.0825,-548.26,-5.76399,5.18324,-0.10002,0.0903412,0.990876,57.2981,57.2981,1,803.414,689.764,1,0
292312135943300,802.617,661.662,0,137.962,76.9219,-547.556,0.646279,4.3739,0.0112466,0.0762648,0.997024,57.3116,57.3116,1,802.48,727.804,0,198.818,80.0722,-548.272,-5.7434,5.24923,-0.0996537,0.0914882,0.990807,57.2996,57.2996,1,802.549,694.733,1,0
292312140943300,801.214,658.99,0,137.917,76.9934,-547.375,0.625565,4.32161,0.0108869,0.0753548,0.997097,57.2928,57.2928,1,787.667,717.865,0,198.748,80.188,-547.911,-6.01297,5.05995,-0.104345,0.088198,0.990623,57.2627,57.2627,1,794.441,688.427,1,0
292312145943300,751.499,686.483,0,137.767,77.0987,-547.215,-0.289596,4.82431,-0.00503648,0.0841006,0.996445,57.275,57.275,1,759.808,737.688,0,198.592,80.2859,-547.707,-6.51389,5.41458,-0.112938,0.0943616,0.989111,57.241,57.241,1,755.654,712.085,1,0
292312150943300,633.957,699.469,0,137.536,77.1579,-547.224,-2.46487,5.05696,-0.0428394,0.0881461,0.995186,57.2745,57.2745,1,659.424,739.138,0,198.366,80.2843,-547.807,-8.3364,5.41967,-0.144337,0.0944501,0.985011,57.2504,57.2504,1,646.691,719.303,1,0
292312155943300,517.316,741.171,0,137.302,77.1475,-547.48,-4.61451,5.81454,-0.0800374,0.101309,0.99163,57.2988,57.2988,1,581.739,764.06,0,198.163,80.3689,-547.77,-9.73639,5.84264,-0.168237,0.101797,0.980476,57.2449,57.2449,1,549.527,752.615,1,0
292312160943300,504.894,748.855,0,137.174,77.1473,-547.575,-4.83673,5.94544,-0.083863,0.103581,0.991079,57.3077,57.3077,1,536.26,779.545,0,198.021,80.3866,-547.901,-10.5415,6.11171,-0.181908,0.106467,0.977535,57.2568,57.2568,1,520.577,764.2,1,0
292312165943300,455.006,747.725,0,137.078,77.1566,-547.641,-5.75059,5.91689,-0.0996646,0.103086,0.989667,57.3137,57.3137,1,486.901,803.348,0,197.895,80.4576,-547.891,-11.417,6.5209,-0.196668,0.113566,0.973871,57.254,57.254,1,470.954,775.536,1,0
292312170943300,420.567,776.861,0,136.99,77.1946,-547.655,-6.37486,6.44642,-0.110331,0.112274,0.987533,57.314,57.314,1,452.634,807.464,0,197.757,80.501,-547.867,-12.0182,6.57733,-0.206853,0.114544,0.971644,57.2507,57.2507,1,436.601,792.163,1,0
292312175943300,380.134,798.193,0,136.91,77.2117,-547.725,-7.11234,6.82425,-0.122938,0.118824,0.985275,57.3202,57.3202,1,386.126,809.015,0,197.672,80.4119,-548.191,-13.1936,6.57413,-0.226741,0.114489,0.967203,57.2834,57.2834,1,383.13,803.604,1,0
292312180943300,355.366,798.922,0,136.844,77.117,-548.032,-7.56264,6.83116,-0.130676,0.118944,0.984264,57.3515,57.3515,1,387.649,826.22,0,197.658,80.4264,-548.205,-13.1649,6.88228,-0.226113,0.11983,0.966702,57.2843,57.2843,1,371.508,812.571,1,0
292312185943300,374.38,804.906,0,136.859,77.1518,-547.981,-7.21329,6.94477,-0.124642,0.120912,0.984807,57.3458,57.3458,1,405.673,842.551,0,197.668,80.4313,-548.239,-12.8448,7.18362,-0.220565,0.12505,0.967323,57.2874,57.2874,1,390.027,823.729,1,0
292312190943300,366.402,814.21,0,136.846,77.2259,-547.824,-7.35927,7.10864,-0.127106,0.123751,0.984139,57.3291,57.3291,1,396.725,833.643,0,197.636,80.487,-548.038,-13.0004,7.02133,-0.223271,0.122239,0.967061,57.2671,57.2671,1,381.564,823.927,1,0
292312195943300,370.742,811.262,0,136.837,77.2278,-547.823,-7.27696,7.05741,-0.125706,0.122864,0.98443,57.329,57.329,1,383.044,828.109,0,197.612,80.4939,-548.009,-13.2405,6.91605,-0.227372,0.120415,0.966334,57.2642,57.2642,1,376.893,819.685,1,0
292312200943300,378.985,816.188,0,136.829,77.2431,-547.799,-7.12604,7.147,-0.123089,0.124415,0.984566,57.3264,57.3264,1,391.824,826.915,0,197.61,80.5049,-547.973,-13.0847,6.89891,-0.224752,0.120118,0.966984,57.2605,57.2605,1,385.404,821.552,1,0
292312205943300,381.911,812.37,0,136.822,77.2639,-547.719,-7.07245,7.07693,-0.122186,0.123202,0.984831,57.3183,57.3183,1,399.15,830.943,0,197.608,80.4804,-548.036,-12.9541,6.97535,-0.222511,0.121442,0.967337,57.267,57.267,1,390.531,821.657,1,0
292312210943300,380.359,826.363,0,136.804,77.2637,-547.752,-7.10127,7.32919,-0.122613,0.12757,0.984221,57.3214,57.3214,1,396.724,830.772,0,197.603,80.4771,-548.052,-12.9963,6.97121,-0.223226,0.121371,0.967181,57.2687,57.2687,1,388.541,828.568,1,0
292312215943300,379.769,817.2,0,136.794,77.2864,-547.675,-7.1129,7.15946,-0.122859,0.124631,0.984567,57.3136,57.3136,1,389.331,823.153,0,197.592,80.4648,-548.079,-13.1264,6.83121,-0.225488,0.118945,0.966958,57.2715,57.2715,1,384.55,820.176,1,0
292312220943300,382.735,809.065,0,136.779,77.2597,-547.746,-7.05619,7.01294,-0.121924,0.122093,0.985001,57.321,57.321,1,392.797,825.308,0,197.587,80.4993,-547.985,-13.0638,6.87213,-0.224412,0.119654,0.967121,57.2618,57.2618,1,387.766,817.187,1,0
292312225943300,381.374,819.66,0,136.776,77.2889,-547.694,-7.08133,7.20424,-0.122305,0.125407,0.984538,57.3154,57.3154,1,398.166,849.762,0,197.588,80.5237,-547.989,-12.9688,7.31075,-0.222595,0.127251,0.96657,57.2616,57.2616,1,389.77,834.711,1,0
292312230943300,381.676,814.225,0,136.756,77.2953,-547.685,-7.07239,7.10601,-0.122178,0.123706,0.984769,57.3144,57.3144,1,384.1,843.908,0,197.567,80.5139,-548.011,-13.2159,7.19927,-0.226819,0.125321,0.965841,57.2639,57.2639,1,382.888,829.066,1,0
292312235943300,383.998,812.798,0,136.742,77.2985,-547.705,-7.0274,7.08057,-0.121411,0.123265,0.984919,57.3161,57.3161,1,391.426,830.884,0,197.568,80.5008,-548.015,-13.0873,6.96932,-0.224762,0.121338,0.966829,57.2646,57.2646,1,387.712,821.841,1,0
292312240943300,395.824,821.164,0,136.742,77.3111,-547.7,-6.80891,7.23596,-0.117614,0.125956,0.985039,57.3154,57.3154,1,397.397,838.352,0,197.566,80.5371,-547.924,-12.9814,7.10568,-0.222909,0.1237,0.966959,57.2551,57.2551,1,396.61,829.758,1,0
292312245943300,397.406,821.922,0,136.725,77.3028,-547.749,-6.77647,7.25138,-0.117053,0.126223,0.985072,57.3202,57.3202,1,396.868,834.621,0,197.563,80.5082,-548.003,-12.9906,7.03834,-0.223098,0.122534,0.967064,57.2633,57.2633,1,397.137,828.272,1,0
292312250943300,387.932,816.611,0,136.707,77.31,-547.727,-6.94934,7.15171,-0.12005,0.124497,0.984931,57.3179,57.3179,1,400.921,837.58,0,197.557,80.504,-548.022,-12.918,7.09318,-0.221846,0.123483,0.967231,57.2652,57.2652,1,394.426,827.096,1,0
292312255943300,395.226,815.316,0,136.71,77.3196,-547.708,-6.8163,7.12824,-0.117769,0.124091,0.985257,57.3159,57.3159,1,407.666,826.275,0,197.555,80.5216,-547.943,-12.7997,6.89254,-0.219943,0.120008,0.968103,57.2573,57.2573,1,401.446,820.796,1,0
292312260943300,380.937,814.484,0,136.691,77.3139,-547.72,-7.07758,7.10967,-0.122266,0.123769,0.98475,57.3171,57.3171,1,409.502,825.493,0,197.543,80.5303,-547.911,-12.7657,6.87981,-0.219373,0.119787,0.968259,57.2541,57.2541,1,395.22,819.988,1,0
292312265943300,381.124,819.11,0,136.679,77.2963,-547.786,-7.07313,7.19412,-0.122167,0.125231,0.984577,57.3238,57.3238,1,412.615,829.119,0,197.542,80.5017,-547.997,-12.7104,6.94601,-0.218408,0.120934,0.968335,57.2629,57.2629,1,396.87,824.114,1,0
292312270943300,384.941,818,0,136.683,77.3193,-547.715,-7.00255,7.17513,-0.120959,0.124902,0.984768,57.3165,57.3165,1,411.355,828.469,0,197.527,80.5102,-547.969,-12.7326,6.93255,-0.218791,0.120701,0.968278,57.26,57.26,1,398.148,823.234,1,0
292312275943300,385.243,814.987,0,136.672,77.3248,-547.679,-6.99497,7.12141,-0.120843,0.123972,0.9849,57.313,57.313,1,413.071,823.092,0,197.524,80.4982,-547.975,-12.7004,6.83914,-0.218289,0.119082,0.968591,57.2609,57.2609,1,399.157,819.04,1,0
292312280943300,380.07,819.583,0,136.657,77.2907,-547.791,-7.08952,7.20382,-0.122446,0.125399,0.984521,57.3244,57.3244,1,410.006,821.502,0,197.515,80.5082,-547.939,-12.755,6.80838,-0.219226,0.118549,0.968445,57.2572,57.2572,1,395.038,820.543,1,0
292312285943300,385.036,818.102,0,136.653,77.3024,-547.743,-6.99628,7.17953,-0.12085,0.124979,0.984772,57.3196,57.3196,1,419.533,827.334,0,197.514,80.5235,-547.892,-12.585,6.91815,-0.216302,0.120451,0.968868,57.2525,57.2525,1,402.284,822.718,1,0
292312290943300,381.654,821.264,0,136.647,77.3305,-547.664,-7.05887,7.23466,-0.121911,0.125933,0.98452,57.3115,57.3115,1,414.268,821.403,0,197.505,80.508,-547.919,-12.6785,6.80903,-0.217931,0.11856,0.968736,57.2553,57.2553,1,397.961,821.334,1,0
292312295943300,386.958,824.445,0,136.64,77.3249,-547.678,-6.96162,7.29313,-0.120224,0.126946,0.984597,57.3129,57.3129,1,409.864,816.548,0,197.49,80.5309,-547.812,-12.7569,6.71967,-0.219297,0.117012,0.968616,57.2447,57.2447,1,398.411,820.497,1,0
292312300943300,391.209,823.781,0,136.626,77.2985,-547.75,-6.88293,7.28184,-0.118875,0.12675,0.984786,57.3204,57.3204,1,413.008,819.22,0,197.493,80.4962,-547.92,-12.7002,6.76983,-0.218316,0.117881,0.968732,57.2557,57.2557,1,402.108,821.5,1,0
292312305943300,396.335,825.626,0,136.622,77.3037,-547.72,-6.78731,7.31788,-0.117221,0.127374,0.984904,57.3174,57.3174,1,417.866,819.533,0,197.49,80.4714,-547.973,-12.613,6.7787,-0.216838,0.118035,0.969046,57.2613,57.2613,1,407.1,822.58,1,0
292312310943300,392.732,823.809,0,136.609,77.2961,-547.734,-6.85332,7.28315,-0.118365,0.126773,0.984844,57.3189,57.3189,1,406.268,812.806,0,197.482,80.44,-548.05,-12.818,6.65329,-0.220361,0.115861,0.968513,57.2694,57.2694,1,399.5,818.308,1,0
292312315943300,395.682,828.412,0,136.612,77.319,-547.669,-6.79859,7.36814,-0.117402,0.128244,0.984769,57.3122,57.3122,1,408.723,808.236,0,197.47,80.4704,-547.932,-12.7739,6.57261,-0.219651,0.114462,0.96884,57.2575,57.2575,1,402.202,818.324,1,0
292312320943300,392.558,823.714,0,136.593,77.2818,-547.764,-6.85572,7.28114,-0.118407,0.126738,0.984844,57.3221,57.3221,1,405.949,811.654,0,197.46,80.4769,-547.917,-12.8228,6.63229,-0.220451,0.115497,0.968536,57.2559,57.2559,1,399.254,817.684,1,0
292312325943300,389.516,824.992,0,136.589,77.3061,-547.696,-6.91144,7.303,-0.119359,0.127117,0.98468,57.3151,57.3151,1,403.773,804.142,0,197.455,80.4527,-547.96,-12.8613,6.49659,-0.221163,0.113144,0.968651,57.2606,57.2606,1,396.644,814.567,1,0
292312330943300,390.72,812.676,0,136.581,77.2951,-547.702,-6.88826,7.07926,-0.119019,0.123242,0.985214,57.3159,57.3159,1,405.425,806.988,0,197.452,80.4498,-547.958,-12.8318,6.54873,-0.220641,0.114048,0.968664,57.2605,57.2605,1,398.073,809.832,1,0
292312335943300,382.048,810.167,0,136.563,77.287,-547.718,-7.04703,7.03076,-0.121762,0.122402,0.984983,57.3176,57.3176,1,396.968,806.145,0,197.438,80.4566,-547.939,-12.9815,6.52894,-0.22318,0.113705,0.968123,57.2586,57.2586,1,389.508,808.156,1,0
292312340943300,385.838,822.175,0,136.557,77.2778,-547.769,-6.97641,7.25111,-0.120489,0.126218,0.984658,57.3227,57.3227,1,407.851,813.936,0,197.446,80.482,-547.869,-12.7893,6.67347,-0.219867,0.116211,0.968583,57.2513,57.2513,1,396.845,818.056,1,0
292312345943300,385.973,816.992,0,136.55,77.2772,-547.761,-6.97341,7.1565,-0.120463,0.12458,0.98487,57.3219,57.3219,1,390.248,801.473,0,197.42,80.4472,-547.923,-13.0992,6.44327,-0.225205,0.112219,0.967827,57.2573,57.2573,1,388.11,809.233,1,0
292312350943300,387.772,808.031,0,136.543,77.2884,-547.7,-6.93843,6.99464,-0.119904,0.121777,0.985289,57.3159,57.3159,1,396.431,819.864,0,197.416,80.46,-547.923,-12.9887,6.77584,-0.223189,0.117985,0.967609,57.257,57.257,1,392.102,813.948,1,0
292312355943300,380.124,808.657,0,136.531,77.271,-547.76,-7.07836,7.00406,-0.122307,0.12194,0.984973,57.322,57.322,1,392.96,809.173,0,197.403,80.4647,-547.859,-13.0481,6.58504,-0.224279,0.114678,0.967754,57.2508,57.2508,1,386.542,808.915,1,0
292312360943300,378.211,812.285,0,136.521,77.3253,-547.627,-7.11022,7.07045,-0.122837,0.12309,0.984764,57.3081,57.3081,1,392.973,821.18,0,197.394,80.4644,-547.877,-13.0455,6.80179,-0.224136,0.118435,0.967335,57.2525,57.2525,1,385.592,816.732,1,0
292312365943300,379.802,819.211,0,136.5,77.2921,-547.751,-7.07915,7.19721,-0.122269,0.125285,0.984558,57.3206,57.3206,1,402.883,827.868,0,197.386,80.4469,-547.906,-12.8671,6.92909,-0.221064,0.120641,0.967769,57.2557,57.2557,1,391.342,823.539,1,0
292312370943300,383.759,827.113,0,136.49,77.3212,-547.694,-7.00471,7.34173,-0.120951,0.127787,0.984399,57.3145,57.3145,1,402.174,836.285,0,197.374,80.4418,-547.927,-12.8778,7.08047,-0.221173,0.123263,0.967413,57.2578,57.2578,1,392.966,831.699,1,0
292312375943300,392.15,824.208,0,136.476,77.297,-547.755,-6.84795,7.29244,-0.11827,0.126934,0.984835,57.3208,57.3208,1,398.846,832.46,0,197.362,80.4581,-547.842,-12.9362,7.0112,-0.222191,0.122063,0.967332,57.2494,57.2494,1,395.498,828.334,1,0
292312380943300,377.142,823.032,0,136.449,77.272,-547.835,-7.12239,7.26668,-0.122993,0.126488,0.984314,57.329,57.329,1,388.686,845.565,0,197.344,80.4621,-547.864,-13.116,7.23887,-0.225115,0.126006,0.96615,57.2514,57.2514,1,382.914,834.299,1,0
292312385943300,375.31,820.963,0,136.436,77.2831,-547.791,-7.15446,7.22884,-0.123555,0.125833,0.984327,57.3246,57.3246,1,391.169,851.751,0,197.336,80.4604,-547.851,-13.0716,7.35119,-0.22431,0.127951,0.966082,57.2502,57.2502,1,383.239,836.357,1,0
292312390943300,378.437,818.878,0,136.425,77.2955,-547.739,-7.09557,7.19188,-0.122553,0.125193,0.984534,57.3194,57.3194,1,391.525,854.066,0,197.32,80.4667,-547.836,-13.0656,7.39089,-0.224188,0.128638,0.966019,57.2486,57.2486,1,384.981,836.472,1,0
292312395943300,389.515,826.639,0,136.408,77.2659,-547.83,-6.88942,7.33763,-0.118971,0.127716,0.984649,57.3287,57.3287,1,397.443,850.638,0,197.31,80.4404,-547.871,-12.9612,7.33209,-0.222457,0.12762,0.966554,57.2525,57.2525,1,393.479,838.639,1,0
292312400943300,394.928,833.674,0,136.394,77.2868,-547.767,-6.78699,7.46831,-0.117176,0.129978,0.984569,57.3223,57.3223,1,394.048,845.406,0,197.285,80.4632,-547.776,-13.0204,7.23636,-0.223503,0.125963,0.96653,57.243,57.243,1,394.488,839.54,1,0
292312405943300,394.982,837.66,0,136.379,77.2975,-547.745,-6.78579,7.53913,-0.117136,0.131203,0.984411,57.3199,57.3199,1,411.096,833.89,0,197.279,80.463,-547.711,-12.7179,7.03889,-0.218491,0.122543,0.968114,57.237,57.237,1,403.039,835.775,1,0
292312410943300,390.515,825.044,0,136.359,77.2709,-547.792,-6.86768,7.30742,-0.118606,0.127193,0.984761,57.325,57.325,1,408.23,834.058,0,197.248,80.4651,-547.661,-12.766,7.04205,-0.219303,0.122598,0.967924,57.2322,57.2322,1,399.373,829.551,1,0
292312415943300,392.066,823.621,0,136.345,77.2789,-547.771,-6.8377,7.28159,-0.118097,0.126746,0.98488,57.3229,57.3229,1,412.029,832.854,0,197.239,80.4109,-547.807,-12.6948,7.02519,-0.218108,0.122306,0.96823,57.2473,57.2473,1,402.047,828.237,1,0
292312420943300,388.361,826.033,0,136.346,77.2278,-547.943,-6.90423,7.32731,-0.119229,0.127537,0.984641,57.3402,57.3402,1,405.327,833.603,0,197.266,80.364,-547.966,-12.8118,7.03976,-0.220077,0.122558,0.967753,57.2634,57.2634,1,396.844,829.818,1,0
292312425943300,421.723,826.352,0,136.431,77.1083,-548.371,-6.29334,7.34717,-0.108719,0.127881,0.985813,57.3836,57.3836,1,440.634,840.23,0,197.408,80.3351,-548.165,-12.193,7.17484,-0.209551,0.124898,0.969788,57.2829,57.2829,1,431.179,833.291,1,0
292312430943300,532.497,827.93,0,136.682,77.0801,-548.537,-4.26859,7.39409,-0.0738132,0.128693,0.988934,57.3999,57.3999,1,538.799,873.558,0,197.644,80.2779,-548.621,-10.4513,7.80912,-0.179718,0.135873,0.974289,57.3272,57.3272,1,535.648,850.744,1,0
292312435943300,659.06,857.03,0,136.995,77.0797,-548.717,-1.94,7.94135,-0.0335283,0.138159,0.989842,57.4168,57.4168,1,705.817,905.231,0,197.99,80.2989,-548.717,-7.43796,8.44337,-0.12805,0.146832,0.980838,57.3357,57.3357,1,682.438,881.131,1,0
292312440943300,778.137,874.122,0,137.338,77.0709,-548.857,0.249816,8.25491,0.00431492,0.143577,0.98963,57.4302,57.4302,1,847.037,926.944,0,198.345,80.2649,-548.965,-4.86238,8.87714,-0.0837473,0.154316,0.984466,57.3599,57.3599,1,812.587,900.533,1,0
292312445943300,907.623,925.421,0,137.711,77.1724,-548.765,2.63211,9.17639,0.0453351,0.159474,0.986161,57.419,57.419,1,976.395,951.391,0,198.671,80.2983,-549.017,-2.48831,9.3394,-0.0428401,0.162282,0.985814,57.3639,57.3639,1,942.009,938.406,1,0
292312450943300,1038.37,955.987,0,138.056,77.213,-548.777,5.03,9.7031,0.086423,0.168543,0.981898,57.4191,57.4191,1,1110.3,961.984,0,198.969,80.3385,-548.924,-0.0166245,9.53242,-0.000286146,0.165606,0.986192,57.3542,57.3542,1,1074.34,958.986,1,0
292312455943300,1168.91,940.461,0,138.349,77.3654,-548.306,7.41755,9.37276,0.127376,0.162857,0.978393,57.371,57.371,1,1200.08,976.701,0,199.192,80.4664,-548.687,1.63695,9.7911,0.0281502,0.170056,0.985032,57.3287,57.3287,1,1184.49,958.581,1,0
292312460943300,1195.37,956.53,0,138.527,77.4373,-548.162,7.88745,9.64833,0.135286,0.1676,0.976528,57.3556,57.3556,1,1265.54,996.462,0,199.316,80.5225,-548.606,2.84725,10.1355,0.0488983,0.175977,0.983179,57.3196,57.3196,1,1230.46,976.496,1,0
292312465943300,1236.85,975.684,0,138.612,77.5875,-547.758,8.64049,9.97379,0.147964,0.173198,0.973709,57.3138,57.3138,1,1269.13,1014.61,0,199.33,80.6455,-548.235,2.91226,10.4608,0.0499622,0.181563,0.982109,57.2816,57.2816,1,1252.99,995.146,1,0
292312470943300,1230.29,967.909,0,138.608,77.6124,-547.659,8.52188,9.83745,0.146008,0.170854,0.974418,57.3039,57.3039,1,1255.39,1017.88,0,199.313,80.6662,-548.099,2.6577,10.5235,0.0455891,0.182639,0.982122,57.2683,57.2683,1,1242.84,992.895,1,0
292312475943300,1216.58,958.536,0,138.578,77.6148,-547.61,8.27587,9.67344,0.141893,0.168032,0.975516,57.2992,57.2992,1,1239.01,1013.9,0,199.293,80.6304,-548.17,2.3548,10.4545,0.0404054,0.181455,0.982569,57.2759,57.2759,1,1227.79,986.219,1,0
292312480943300,1197.97,963.533,0,138.534,77.5804,-547.721,7.93987,9.76834,0.136131,0.169665,0.976054,57.3105,57.3105,1,1228.07,1008.38,0,199.276,80.6403,-548.105,2.15214,10.357,0.0369412,0.17978,0.983013,57.2695,57.2695,1,1213.02,985.959,1,0
292312485943300,1205.53,967.65,0,138.513,77.5634,-547.794,8.08162,9.83627,0.138517,0.170833,0.975515,57.3178,57.3178,1,1232.73,1008.3,0,199.281,80.6313,-548.135,2.23887,10.3546,0.0384295,0.17974,0.982963,57.2726,57.2726,1,1219.13,987.976,1,0
292312490943300,1206.42,967.513,0,138.51,77.5923,-547.725,8.09877,9.83281,0.13881,0.170774,0.975483,57.3106,57.3106,1,1230.21,1013.07,0,199.278,80.6293,-548.152,2.19211,10.4409,0.0376169,0.181221,0.982723,57.2742,57.2742,1,1218.32,990.291,1,0
292312495943300,1194.91,964.601,0,138.495,77.5763,-547.769,7.88885,9.785,0.135255,0.169951,0.976126,57.3151,57.3151,1,1221.38,1002.06,0,199.275,80.6245,-548.15,2.0273,10.2436,0.0348118,0.177834,0.983444,57.2742,57.2742,1,1208.15,983.33,1,0
292312500943300,1200.5,961.125,0,138.509,77.5967,-547.698,7.98999,9.72099,0.137004,0.16885,0.976073,57.3079,57.3079,1,1223.58,997.904,0,199.287,80.6036,-548.214,2.06689,10.1689,0.0354997,0.176551,0.983651,57.2807,57.2807,1,1212.04,979.515,1,0
292312505943300,1209.39,955.746,0,138.519,77.5862,-547.713,8.15231,9.62055,0.139811,0.167122,0.975973,57.3096,57.3096,1,1229.49,1004.51,0,199.299,80.623,-548.175,2.17608,10.287,0.0373602,0.178579,0.983216,57.2765,57.2765,1,1219.44,980.129,1,0
292312510943300,1215.6,955.707,0,138.539,77.62,-547.604,8.26515,9.61697,0.141734,0.167061,0.975706,57.2985,57.2985,1,1236.46,1007.61,0,199.309,80.6452,-548.12,2.30487,10.3419,0.0395633,0.179521,0.982958,57.2708,57.2708,1,1226.03,981.66,1,0
292312515943300,1216.79,954.393,0,138.547,77.6307,-547.565,8.28605,9.59343,0.1421,0.166656,0.975722,57.2946,57.2946,1,1234.65,1001,0,199.319,80.6506,-548.119,2.27018,10.2215,0.0389831,0.177455,0.983357,57.2706,57.2706,1,1225.72,977.697,1,0
292312520943300,1217.38,957.943,0,138.551,77.6249,-547.596,8.29619,9.65682,0.142246,0.167746,0.975514,57.2977,57.2977,1,1230.6,1000.43,0,199.335,80.6419,-548.177,2.19404,10.2095,0.0376777,0.177248,0.983445,57.2762,57.2762,1,1223.99,979.186,1,0
292312525943300,1220.26,953.442,0,138.564,77.6344,-547.551,8.34714,9.57633,0.143147,0.166361,0.975619,57.2932,57.2932,1,1222.15,974.806,0,199.345,80.6161,-548.224,2.03527,9.74669,0.035002,0.169293,0.984944,57.2813,57.2813,1,1221.2,964.124,1,0
292312530943300,1222.51,949.782,0,138.58,77.6015,-547.656,8.38503,9.51152,0.14382,0.165246,0.97571,57.3039,57.3039,1,1221.24,970.725,0,199.362,80.5978,-548.282,2.01629,9.67346,0.0346834,0.168033,0.985171,57.2873,57.2873,1,1221.88,960.254,1,0
292312535943300,1207.74,952.967,0,138.581,77.6293,-547.591,8.11371,9.57568,0.139172,0.16635,0.976196,57.2971,57.2971,1,1204.85,967.958,0,199.375,80.6224,-548.238,1.70834,9.62398,0.0293922,0.167181,0.985488,57.2825,57.2825,1,1206.3,960.463,1,0
292312540943300,1210.71,945.623,0,138.598,77.6142,-547.608,8.16645,9.44303,0.140125,0.164067,0.976446,57.2991,57.2991,1,1215.59,968.572,0,199.4,80.6195,-548.255,1.90637,9.63436,0.032797,0.16736,0.98535,57.2842,57.2842,1,1213.15,957.098,1,0
292312545943300,1217.72,941.414,0,138.622,77.6295,-547.532,8.29288,9.36521,0.142311,0.162727,0.976354,57.2915,57.2915,1,1216.98,966.691,0,199.414,80.6299,-548.22,1.92937,9.60232,0.0331957,0.166809,0.98543,57.2806,57.2806,1,1217.35,954.052,1,0
292312550943300,1214.25,965.696,0,138.632,77.6654,-547.487,8.22855,9.80194,0.141033,0.170243,0.975257,57.2863,57.2863,1,1224.15,979.478,0,199.44,80.6296,-548.25,2.05974,9.83459,0.0354133,0.170804,0.984668,57.2834,57.2834,1,1219.2,972.587,1,0
292312555943300,1216.75,961.637,0,138.646,77.6518,-547.512,8.27257,9.72894,0.141813,0.168987,0.975363,57.2891,57.2891,1,1216.23,974.347,0,199.453,80.647,-548.188,1.91058,9.74178,0.0328589,0.169208,0.985032,57.2772,57.2772,1,1216.49,967.992,1,0
292312560943300,1208.07,960.704,0,138.664,77.6524,-547.47,8.11275,9.71559,0.139098,0.168758,0.975793,57.2851,57.2851,1,1217.2,982.587,0,199.465,80.657,-548.191,1.9282,9.88877,0.0331472,0.171736,0.984585,57.2772,57.2772,1,1212.63,971.646,1,0
292312565943300,1199.22,966.055,0,138.691,77.6907,-547.337,7.95081,9.81171,0.1363,0.170411,0.975901,57.2717,57.2717,1,1218.08,979.64,0,199.492,80.6449,-548.222,1.94237,9.83478,0.0333962,0.170808,0.984738,57.2804,57.2804,1,1208.65,972.847,1,0
292312570943300,1208.38,963.872,0,138.728,77.7197,-547.221,8.11745,9.76658,0.139156,0.169635,0.975633,57.26,57.26,1,1225.5,973.952,0,199.52,80.6557,-548.166,2.07889,9.72968,0.0357537,0.169,0.984967,57.2749,57.2749,1,1216.94,968.912,1,0
292312575943300,1217.54,958.918,0,138.756,77.6423,-547.404,8.28227,9.67428,0.142001,0.168047,0.975498,57.2792,57.2792,1,1221.88,980.136,0,199.543,80.6444,-548.209,2.00906,9.84215,0.0345416,0.170934,0.984677,57.2792,57.2792,1,1219.71,969.527,1,0
292312580943300,1220.6,966.677,0,138.775,77.6517,-547.358,8.33635,9.81396,0.142862,0.17045,0.974955,57.2746,57.2746,1,1217.07,986.352,0,199.575,80.634,-548.242,1.91651,9.95468,0.0329396,0.172869,0.984394,57.2825,57.2825,1,1218.84,976.515,1,0
292312585943300,1229.52,963.984,0,138.805,77.6681,-547.28,8.49653,9.76372,0.145609,0.169585,0.974699,57.2669,57.2669,1,1214.16,969.795,0,199.61,80.6245,-548.25,1.85803,9.65586,0.0319638,0.16773,0.985315,57.2835,57.2835,1,1221.84,966.889,1,0
292312590943300,1218.11,953.407,0,138.821,77.6243,-547.372,8.2837,9.58197,0.142065,0.166459,0.975761,57.2766,57.2766,1,1208.67,980.537,0,199.629,80.6478,-548.219,1.75232,9.85164,0.030128,0.171098,0.984793,57.2801,57.2801,1,1213.39,966.972,1,0
292312595943300,1202.15,945.81,0,138.841,77.6286,-547.313,7.98798,9.45527,0.137077,0.164278,0.976843,57.271,57.271,1,1218.59,974.384,0,199.664,80.6615,-548.198,1.93239,9.74097,0.033234,0.169194,0.985022,57.2777,57.2777,1,1210.37,960.097,1,0
292312600943300,1203.15,969.905,0,138.895,77.6868,-547.157,8.00286,9.88646,0.137155,0.171696,0.975556,57.2548,57.2548,1,1216.51,968.669,0,199.692,80.6786,-548.158,1.89137,9.63528,0.032539,0.167376,0.985356,57.2736,57.2736,1,1209.83,969.287,1,0
292312605943300,1209.23,962.635,0,138.937,77.7173,-547.026,8.11181,9.75275,0.139066,0.169397,0.975687,57.2417,57.2417,1,1220.11,959.298,0,199.717,80.722,-548.049,1.9566,9.46186,0.0336779,0.164391,0.98582,57.2622,57.2622,1,1214.67,960.967,1,0
292312610943300,1206.63,956.827,0,138.974,77.7343,-546.942,8.06215,9.64766,0.138264,0.167589,0.976113,57.2333,57.2333,1,1232.41,971.302,0,199.754,80.7237,-548.064,2.18375,9.67605,0.0375622,0.168077,0.985058,57.2635,57.2635,1,1219.52,964.064,1,0
292312615943300,1203.39,961.094,0,139.001,77.7305,-546.963,8.00004,9.7254,0.137174,0.168926,0.976037,57.2355,57.2355,1,1232.08,964.048,0,199.792,80.7206,-548.084,2.17292,9.54517,0.0373906,0.165825,0.985446,57.2655,57.2655,1,1217.73,962.571,1,0
292312620943300,1216.91,949.568,0,139.025,77.6306,-547.225,8.24332,9.51522,0.141405,0.16531,0.976052,57.2626,57.2626,1,1219.41,972.646,0,199.834,80.6873,-548.206,1.93329,9.70116,0.0332534,0.168509,0.985139,57.2779,57.2779,1,1218.16,961.107,1,0
292312625943300,1214.41,939.341,0,139.052,77.6002,-547.24,8.19466,9.33419,0.140649,0.162193,0.976684,57.2648,57.2648,1,1214.55,972.43,0,199.869,80.6834,-548.228,1.83672,9.70121,0.0315931,0.16851,0.985193,57.28,57.28,1,1214.48,955.886,1,0
292312630943300,1204.43,942.441,0,139.079,77.554,-547.352,8.00769,9.39609,0.137437,0.163259,0.976964,57.2765,57.2765,1,1216.31,959.062,0,199.912,80.711,-548.138,1.86514,9.45724,0.0321047,0.164311,0.985886,57.2708,57.2708,1,1210.37,950.752,1,0
292312635943300,1218.65,960.937,0,139.152,77.6342,-547.1,8.26396,9.72167,0.14167,0.168862,0.975405,57.2507,57.2507,1,1215.41,955.631,0,199.95,80.716,-548.138,1.84545,9.39259,0.0317719,0.163198,0.986082,57.2707,57.2707,1,1217.03,958.284,1,0
292312640943300,1224.06,956.033,0,139.176,77.638,-547.056,8.35991,9.63391,0.14334,0.167352,0.975421,57.2465,57.2465,1,1228.48,973.77,0,199.97,80.7646,-548.065,2.08779,9.71741,0.0359081,0.168789,0.984998,57.2626,57.2626,1,1226.27,964.902,1,0
292312645943300,1227.02,950.75,0,139.214,77.6392,-547.023,8.41083,9.53795,0.144248,0.165701,0.975569,57.2434,57.2434,1,1247.05,976.432,0,200.02,80.7773,-548.042,2.42933,9.7631,0.0417732,0.169575,0.984632,57.2602,57.2602,1,1237.04,963.591,1,0
292312650943300,1225.17,964.626,0,139.236,77.5727,-547.212,8.37464,9.78741,0.143525,0.169993,0.974937,57.2629,57.2629,1,1236.2,975.062,0,200.048,80.727,-548.21,2.22305,9.74185,0.0382305,0.169209,0.984838,57.2772,57.2772,1,1230.68,969.844,1,0
292312655943300,1221.37,972.101,0,139.26,77.5616,-547.25,8.30331,9.92201,0.142253,0.172308,0.974717,57.2667,57.2667,1,1207.49,979.746,0,200.083,80.7346,-548.218,1.68249,9.82991,0.0289297,0.170724,0.984894,57.2778,57.2778,1,1214.43,975.924,1,0
292312660943300,1201.94,958.94,0,139.299,77.5339,-547.314,7.93969,9.69844,0.136156,0.168462,0.976259,57.2734,57.2734,1,1206.35,966.085,0,200.145,80.7329,-548.226,1.65483,9.58145,0.0284754,0.166449,0.985639,57.2786,57.2786,1,1204.15,962.513,1,0
292312665943300,1233.8,924.885,0,139.41,77.4569,-547.471,8.51087,9.07512,0.146144,0.157729,0.976608,57.2901,57.2901,1,1263.88,974.886,0,200.279,80.6952,-548.468,2.71578,9.73188,0.0466997,0.169038,0.984503,57.3023,57.3023,1,1248.84,949.885,1,0
292312670943300,1299.4,950.422,0,139.631,77.4311,-547.672,9.68434,9.50265,0.165912,0.165093,0.972223,57.3097,57.3097,1,1306.27,996.711,0,200.483,80.6613,-548.731,3.4833,10.1188,0.0598125,0.175691,0.982627,57.3279,57.3279,1,1302.83,973.567,1,0
292312675943300,1419.44,996.311,0,139.913,77.5062,-547.656,11.8253,10.2467,0.20166,0.177887,0.963166,57.3063,57.3063,1,1390.08,1038.09,0,200.721,80.699,-548.81,5.01641,10.8381,0.0858813,0.188035,0.9784,57.3344,57.3344,1,1404.76,1017.2,1,0
292312680943300,1496.17,1035.15,0,140.171,77.5675,-547.627,13.1696,10.8741,0.223743,0.188651,0.956216,57.302,57.302,1,1492.3,1039.43,0,200.964,80.7499,-548.859,6.88058,10.8195,0.117671,0.187715,0.97515,57.3377,57.3377,1,1494.24,1037.29,1,0
292312685943300,1546.78,1051.53,0,140.397,77.6411,-547.472,14.0424,11.1201,0.238085,0.192866,0.951903,57.2856,57.2856,1,1538.22,993.599,0,201.181,80.7184,-548.958,7.70012,9.98081,0.13196,0.173318,0.975985,57.3478,57.3478,1,1542.5,1022.56,1,0
292312690943300,1625.55,1045.68,0,140.594,77.6003,-547.628,15.4005,10.951,0.260728,0.189969,0.946537,57.3013,57.3013,1,1639.56,985.974,0,201.412,80.7133,-549.026,9.53535,9.7897,0.163244,0.170032,0.971823,57.3543,57.3543,1,1632.55,1015.83,1,0
292312695943300,1684.79,1041.47,0,140.785,77.6093,-547.608,16.4121,10.8219,0.277519,0.187757,0.942194,57.2992,57.2992,1,1745.35,974.785,0,201.628,80.7395,-548.999,11.4188,9.53341,0.195244,0.165623,0.966669,57.3511,57.3511,1,1715.07,1008.13,1,0
292312700943300,1777.44,1053.1,0,140.979,77.692,-547.412,17.9783,10.9309,0.303057,0.189625,0.933916,57.2786,57.2786,1,1827.57,1004.52,0,201.777,80.8799,-548.7,12.8748,10.0012,0.219435,0.173669,0.960046,57.3195,57.3195,1,1802.5,1028.81,1,0
292312705943300,1799.5,1052.89,0,141.098,77.7727,-547.174,18.3434,10.9038,0.30903,0.189161,0.932051,57.2543,57.2543,1,1821.7,1056.18,0,201.85,80.8788,-548.888,12.7659,10.9097,0.216975,0.189262,0.957654,57.3371,57.3371,1,1810.6,1054.54,1,0
292312710943300,1805.86,1072.55,0,141.163,77.8032,-547.161,18.4428,11.2322,0.310298,0.194786,0.93047,57.2523,57.2523,1,1850.92,1046.1,0,201.924,80.9426,-548.705,13.2698,10.713,0.225536,0.185889,0.956336,57.3183,57.3183,1,1828.39,1059.33,1,0
292312715943300,1834.21,1080.74,0,141.211,77.7628,-547.333,18.9141,11.3399,0.317823,0.196629,0.927537,57.2694,57.2694,1,1870.63,1032.93,0,201.986,80.9791,-548.628,13.6162,10.4634,0.231501,0.181607,0.955733,57.3102,57.3102,1,1852.42,1056.84,1,0
292312720943300,1864.94,1072.68,0,141.267,77.7722,-547.299,19.4235,11.1687,0.32625,0.193698,0.925225,57.266,57.266,1,1877.76,1021.19,0,202.024,80.9129,-548.839,13.738,10.2524,0.233691,0.177985,0.955882,57.3317,57.3317,1,1871.35,1046.94,1,0
292312725943300,1866.28,1062.46,0,141.304,77.8334,-547.116,19.4478,10.9912,0.326841,0.190659,0.925648,57.2472,57.2472,1,1887.46,1028.07,0,202.029,80.9578,-548.738,13.9073,10.3647,0.236429,0.179913,0.954847,57.3211,57.3211,1,1876.87,1045.26,1,0
292312730943300,1844.77,1060.15,0,141.286,77.8432,-547.127,19.0911,10.9735,0.321091,0.190356,0.927721,57.248,57.248,1,1867.6,1035.41,0,202.011,81.0127,-548.622,13.5595,10.5066,0.230524,0.182349,0.955828,57.3088,57.3088,1,1856.19,1047.78,1,0
292312735943300,1840.97,1058.53,0,141.289,77.8377,-547.135,19.0261,10.9508,0.320062,0.189965,0.928156,57.2489,57.2489,1,1853.95,1032.52,0,202.011,81.0246,-548.604,13.3195,10.465,0.226549,0.181635,0.956914,57.3068,57.3068,1,1847.46,1045.52,1,0
292312740943300,1847.26,1060.41,0,141.299,77.8083,-547.233,19.1305,10.9757,0.321726,0.190393,0.927493,57.2589,57.2589,1,1842.72,1006.02,0,202.026,81.0131,-548.626,13.1207,10.0062,0.22355,0.173754,0.95908,57.3091,57.3091,1,1844.99,1033.22,1,0
292312745943300,1846.33,1063.49,0,141.332,77.8301,-547.204,19.1128,11.0278,0.321382,0.191286,0.927428,57.2556,57.2556,1,1851.09,1009.5,0,202.052,81.044,-548.593,13.2685,10.0585,0.225987,0.174654,0.958345,57.3052,57.3052,1,1848.71,1036.5,1,0
292312750943300,1820.14,1069.52,0,141.363,77.7637,-547.426,18.667,11.1601,0.314014,0.193551,0.92948,57.2782,57.2782,1,1880.19,1018.7,0,202.13,80.9945,-548.815,13.7713,10.1994,0.234286,0.177074,0.955905,57.3274,57.3274,1,1850.17,1044.11,1,0
292312755943300,1841.26,1069.78,0,141.412,77.7043,-547.615,19.0123,11.1435,0.31963,0.193267,0.927623,57.2974,57.2974,1,1886.17,1003.02,0,202.189,80.9909,-548.814,13.8614,9.92438,0.23599,0.172348,0.95635,57.3273,57.3273,1,1863.72,1036.4,1,0
292312760943300,1878.93,1047.81,0,141.468,77.775,-547.319,19.6352,10.7316,0.330153,0.186208,0.925379,57.2678,57.2678,1,1896.29,991.641,0,202.224,80.9874,-548.784,14.037,9.71744,0.239069,0.168789,0.95622,57.3247,57.3247,1,1887.61,1019.72,1,0
292312765943300,1863.5,1046.61,0,141.477,77.8233,-547.154,19.3811,10.727,0.326051,0.186129,0.926848,57.2511,57.2511,1,1875.81,988.642,0,202.228,81.0105,-548.7,13.6809,9.67713,0.233149,0.168096,0.957802,57.3162,57.3162,1,1869.66,1017.63,1,0
292312770943300,1852.5,1038.38,0,141.474,77.8325,-547.099,19.1995,10.5983,0.323248,0.183923,0.928269,57.2456,57.2456,1,1866.28,982.965,0,202.228,81.023,-548.661,13.5142,9.58285,0.230425,0.166474,0.958744,57.3122,57.3122,1,1859.39,1010.67,1,0
292312775943300,1862.62,1025.94,0,141.498,77.8496,-547.031,19.3669,10.3754,0.326193,0.180097,0.927989,57.2388,57.2388,1,1880.93,991.872,0,202.261,80.9897,-548.822,13.7713,9.72737,0.234625,0.16896,0.95729,57.3281,57.3281,1,1871.77,1008.91,1,0
292312780943300,1873.84,1028.75,0,141.525,77.8471,-547.055,19.5537,10.4102,0.32918,0.180693,0.926817,57.2411,57.2411,1,1875.1,987.76,0,202.263,81.0369,-548.685,13.6709,9.65705,0.232996,0.16775,0.9579,57.3141,57.3141,1,1874.47,1008.26,1,0
292312785943300,1879.48,1021.09,0,141.546,77.8913,-546.934,19.6474,10.2722,0.330842,0.178325,0.926684,57.2287,57.2287,1,1883.44,991.354,0,202.281,81.0832,-548.582,13.8161,9.71289,0.235383,0.168711,0.957148,57.3032,57.3032,1,1881.46,1006.22,1,0
292312790943300,1866.4,1018.36,0,141.547,77.8791,-546.98,19.4303,10.2385,0.327363,0.177746,0.92803,57.2333,57.2333,1,1880.87,992.153,0,202.298,81.1018,-548.54,13.7697,9.72802,0.234597,0.168971,0.957294,57.2988,57.2988,1,1873.63,1005.26,1,0
292312795943300,1879.11,1009.4,0,141.581,77.8983,-546.908,19.6422,10.0711,0.330966,0.17487,0.927298,57.2261,57.2261,1,1879.94,991.341,0,202.309,81.1071,-548.549,13.7523,9.71357,0.234317,0.168723,0.957407,57.2995,57.2995,1,1879.52,1000.37,1,0
292312800943300,1876.26,1021.36,0,141.604,77.8772,-546.999,19.5966,10.2757,0.330016,0.178385,0.926967,57.2351,57.2351,1,1891.88,988.598,0,202.336,81.112,-548.562,13.958,9.65676,0.237793,0.167745,0.956721,57.3006,57.3006,1,1884.07,1004.98,1,0
292312805943300,1874.48,1022.86,0,141.628,77.879,-546.993,19.567,10.3022,0.329509,0.17884,0.92706,57.2345,57.2345,1,1886.67,982.828,0,202.354,81.1137,-548.555,13.8633,9.5595,0.23628,0.166072,0.957388,57.3,57.3,1,1880.58,1002.84,1,0
292312810943300,1862.01,1039.52,0,141.623,77.8427,-547.124,19.3584,10.5999,0.32582,0.18395,0.927364,57.2478,57.2478,1,1891.5,984.932,0,202.388,81.0992,-548.617,13.9372,9.59693,0.237488,0.166716,0.956977,57.3061,57.3061,1,1876.75,1012.23,1,0
292312815943300,1871.3,1044.74,0,141.652,77.8646,-547.058,19.5072,10.681,0.32814,0.18534,0.926268,57.241,57.241,1,1878.65,982.585,0,202.396,81.0891,-548.644,13.7071,9.56663,0.233663,0.166194,0.958009,57.309,57.309,1,1874.98,1013.66,1,0
292312820943300,1866.13,1046.24,0,141.665,77.879,-547.021,19.4174,10.7133,0.326654,0.185894,0.926683,57.2371,57.2371,1,1879.68,986.054,0,202.419,81.1123,-548.575,13.7236,9.62657,0.233897,0.167226,0.957772,57.3019,57.3019,1,1872.91,1016.15,1,0
292312825943300,1866.96,1047.12,0,141.681,77.8306,-547.123,19.4243,10.7313,0.326745,0.186204,0.926588,57.2479,57.2479,1,1867.23,976.719,0,202.439,81.0582,-548.7,13.5066,9.46994,0.230374,0.16453,0.959092,57.315,57.315,1,1867.1,1011.92,1,0
292312830943300,1883.13,1055.19,0,141.723,77.8904,-546.921,19.6886,10.8528,0.330882,0.188286,0.924698,57.2275,57.2275,1,1861.83,973.232,0,202.461,81.0228,-548.781,13.4144,9.4104,0.22887,0.163505,0.959627,57.3234,57.3234,1,1872.48,1014.21,1,0
292312835943300,1884.49,1052.11,0,141.737,77.8671,-546.966,19.711,10.7992,0.331302,0.187367,0.924734,57.2323,57.2323,1,1858.19,993.959,0,202.467,81.0764,-548.644,13.3495,9.77794,0.227537,0.16983,0.958845,57.3092,57.3092,1,1871.34,1023.03,1,0
292312840943300,1874.68,1049.49,0,141.756,77.9242,-546.754,19.5474,10.7662,0.328697,0.186803,0.925777,57.2109,57.2109,1,1863.13,989.462,0,202.489,81.1016,-548.557,13.4391,9.69279,0.229093,0.168365,0.958733,57.3004,57.3004,1,1868.9,1019.48,1,0
292312845943300,1877.12,1049.38,0,141.779,77.927,-546.729,19.5898,10.7606,0.329388,0.186706,0.925551,57.2085,57.2085,1,1862.55,1000.7,0,202.504,81.1348,-548.468,13.4274,9.89107,0.228762,0.171775,0.958207,57.2912,57.2912,1,1869.84,1025.04,1,0
292312850943300,1866.86,1051.99,0,141.787,77.9252,-546.715,19.4216,10.8153,0.32661,0.187643,0.926346,57.2072,57.2072,1,1865.72,987.802,0,202.522,81.0967,-548.542,13.4826,9.66221,0.229843,0.167839,0.958646,57.2992,57.2992,1,1866.29,1019.9,1,0
292312855943300,1857.63,1048.63,0,141.809,77.9546,-546.58,19.2694,10.7677,0.3242,0.186828,0.927356,57.1938,57.1938,1,1883.78,993.803,0,202.551,81.0943,-548.542,13.7986,9.75542,0.23506,0.169443,0.957098,57.2992,57.2992,1,1870.7,1021.22,1,0
292312860943300,1852.98,1044.32,0,141.828,77.9295,-546.613,19.1911,10.7,0.323004,0.185666,0.928007,57.1976,57.1976,1,1887.03,998.487,0,202.576,81.0984,-548.521,13.8517,9.83684,0.23589,0.170843,0.956644,57.2972,57.2972,1,1870.01,1021.4,1,0
292312865943300,1845.39,1030.3,0,141.841,77.9288,-546.546,19.0641,10.4698,0.321187,0.181717,0.929418,57.1912,57.1912,1,1874.65,992.435,0,202.6,81.042,-548.676,13.6271,9.74238,0.232204,0.169219,0.957834,57.3131,57.3131,1,1860.02,1011.37,1,0
292312870943300,1839.98,1034.77,0,141.843,77.8966,-546.652,18.9717,10.5523,0.319603,0.183132,0.929686,57.2021,57.2021,1,1877.24,998.508,0,202.624,81.0697,-548.576,13.6625,9.85177,0.232719,0.1711,0.957375,57.303,57.303,1,1858.61,1016.64,1,0
292312875943300,1854.64,1052.21,0,141.87,77.8607,-546.802,19.2138,10.834,0.323229,0.187964,0.927466,57.2171,57.2171,1,1856.59,997.862,0,202.64,81.0544,-548.611,13.2959,9.85602,0.226585,0.171173,0.958832,57.3066,57.3066,1,1855.61,1025.03,1,0
292312880943300,1859.93,1051.03,0,141.894,77.8727,-546.742,19.3015,10.8084,0.324675,0.187526,0.927049,57.2111,57.2111,1,1857.76,993.49,0,202.663,81.0265,-548.661,13.3174,9.77785,0.226999,0.169829,0.958973,57.3121,57.3121,1,1858.85,1022.26,1,0
292312885943300,1866.78,1047.26,0,141.92,77.8778,-546.694,19.4134,10.7381,0.326561,0.18632,0.92663,57.2064,57.2064,1,1853.71,1002.19,0,202.682,81.0088,-548.716,13.2464,9.93325,0.225705,0.172501,0.958802,57.3177,57.3177,1,1860.25,1024.73,1,0
292312890943300,1858.03,1039.91,0,141.934,77.896,-546.588,19.2677,10.6228,0.324327,0.184343,0.927809,57.196,57.196,1,1851.2,989.146,0,202.692,80.9907,-548.733,13.2033,9.70473,0.225139,0.168571,0.959633,57.3198,57.3198,1,1854.61,1014.53,1,0
292312895943300,1854.94,1042.9,0,141.946,77.9003,-546.566,19.2167,10.6767,0.323444,0.185267,0.927933,57.1939,57.1939,1,1859.04,1007.42,0,202.705,81.0341,-548.65,13.3417,10.0196,0.227239,0.173985,0.958171,57.3108,57.3108,1,1856.99,1025.16,1,0
292312900943300,1859.22,1034.75,0,141.965,77.9056,-546.502,19.2832,10.5362,0.32467,0.182856,0.927983,57.1877,57.1877,1,1858,1013.6,0,202.717,81.03,-548.653,13.3229,10.1291,0.226847,0.175867,0.95792,57.3113,57.3113,1,1858.61,1024.18,1,0
292312905943300,1854.74,1029.93,0,141.981,77.9239,-546.403,19.2061,10.4602,0.323501,0.181553,0.928647,57.1779,57.1779,1,1849.88,1018.54,0,202.723,81.0672,-548.538,13.1798,10.2213,0.224389,0.17745,0.958207,57.2995,57.2995,1,1852.31,1024.23,1,0
292312910943300,1848.43,1028.03,0,141.983,77.8938,-546.445,19.1003,10.4359,0.32181,0.181135,0.929316,57.1826,57.1826,1,1856.92,1000.31,0,202.738,81.0437,-548.546,13.3034,9.89647,0.226684,0.171868,0.958684,57.3009,57.3009,1,1852.68,1014.17,1,0
292312915943300,1866.36,991.161,0,142.001,77.7661,-546.693,19.3971,9.79016,0.327277,0.17004,0.929503,57.2091,57.2091,1,1867.21,1010.44,0,202.754,81.0483,-548.533,13.4842,10.0675,0.229587,0.174808,0.957461,57.2995,57.2995,1,1866.79,1000.8,1,0
292312920943300,1867.96,998.071,0,142.02,77.7793,-546.644,19.4225,9.90736,0.327572,0.172056,0.929028,57.2042,57.2042,1,1851.55,1000.97,0,202.75,81.0292,-548.539,13.2078,9.91336,0.225072,0.172159,0.959012,57.3006,57.3006,1,1859.76,999.521,1,0
292312925943300,1863.95,1012.63,0,142.021,77.7833,-546.589,19.3576,10.1614,0.326264,0.176421,0.92867,57.1989,57.1989,1,1862.69,1010.01,0,202.759,81.0733,-548.387,13.4053,10.0642,0.228271,0.174752,0.957786,57.2851,57.2851,1,1863.32,1011.32,1,0
292312930943300,1846.1,1023.36,0,141.999,77.7385,-546.534,19.0627,10.3687,0.321269,0.179982,0.929727,57.195,57.195,1,1863.73,1012.57,0,202.769,80.9931,-548.427,13.424,10.1149,0.228546,0.175622,0.957561,57.2909,57.2909,1,1854.91,1017.97,1,0
292312935943300,1817.3,945.795,0,141.997,77.6382,-546.26,18.5802,9.07717,0.314641,0.157765,0.936008,57.1717,57.1717,1,1868.68,946.964,0,202.753,80.8639,-548.216,13.513,8.96988,0.230808,0.155915,0.960426,57.2743,57.2743,1,1842.99,946.38,1,0
292312940943300,1792.17,803.152,0,141.946,77.2958,-546.419,18.1597,6.63389,0.30958,0.115525,0.94383,57.1952,57.1952,1,1880.19,806.44,0,202.72,80.5947,-548.161,13.7181,6.48497,0.235628,0.112943,0.965258,57.276,57.276,1,1836.18,804.796,1,0
292312945943300,1753.74,666.878,0,141.899,76.9719,-546.456,17.5108,4.27405,0.300049,0.0745271,0.951008,57.2069,57.2069,1,1861.64,611.859,0,202.661,80.2197,-548.132,13.3949,3.01959,0.231339,0.0526773,0.971446,57.2827,57.2827,1,1807.69,639.368,1,0
292312950943300,1759.59,526.506,0,141.893,76.6534,-546.533,17.6078,1.80233,0.302349,0.0314515,0.952678,57.2221,57.2221,1,1837.03,476.697,0,202.619,79.9115,-548.169,12.9604,0.597831,0.224266,0.0104339,0.974472,57.2939,57.2939,1,1798.31,501.601,1,0
292312955943300,1773.49,400.421,0,141.916,76.4781,-546.396,17.8423,-0.427677,0.30639,-0.00746431,0.951877,57.2137,57.2137,1,1869.69,325.478,0,202.596,79.6902,-548.084,13.5385,-2.12323,0.233938,-0.0370489,0.971545,57.2915,57.2915,1,1821.59,362.949,1,0
292312960943300,1783.03,367.23,0,141.926,76.3594,-546.407,18.0021,-1.00632,0.309005,-0.0175627,0.950898,57.2178,57.2178,1,1862.16,287.732,0,202.577,79.5649,-548.094,13.4153,-2.80758,0.23173,-0.0489818,0.971546,57.2956,57.2956,1,1822.59,327.481,1,0
292312965943300,1774.62,371.517,0,141.921,76.3322,-546.408,17.8634,-0.932583,0.306709,-0.0162759,0.951664,57.2185,57.2185,1,1855.22,294.804,0,202.571,79.477,-548.259,13.289,-2.67054,0.229612,-0.0465928,0.972166,57.3133,57.3133,1,1814.92,333.161,1,0
292312970943300,1785.82,378.846,0,141.919,76.3446,-546.377,18.055,-0.802776,0.309899,-0.0140106,0.950666,57.2152,57.2152,1,1847.06,303.491,0,202.561,79.5592,-548.032,13.1429,-2.51367,0.227163,-0.0438578,0.972869,57.2899,57.2899,1,1816.44,341.169,1,0
292312975943300,1790.68,377.769,0,141.921,76.3957,-546.277,18.1389,-0.824955,0.311289,-0.0143977,0.950206,57.2045,57.2045,1,1849.69,319.844,0,202.581,79.5789,-548.048,13.1884,-2.21966,0.227983,-0.0387308,0.972894,57.2909,57.2909,1,1820.18,348.806,1,0
292312980943300,1806.2,371.511,0,141.925,76.4297,-546.191,18.4008,-0.934657,0.31562,-0.0163121,0.948745,57.1956,57.1956,1,1856.66,320.247,0,202.593,79.6269,-547.951,13.3112,-2.21415,0.230069,-0.0386346,0.972407,57.2806,57.2806,1,1831.43,345.879,1,0
292312985943300,1814.21,364.296,0,141.927,76.4457,-546.153,18.536,-1.06284,0.317846,-0.018549,0.947961,57.1917,57.1917,1,1828.97,327.443,0,202.568,79.6638,-547.87,12.824,-2.09104,0.221809,-0.0364875,0.974407,57.2721,57.2721,1,1821.59,345.87,1,0
292312990943300,1788.2,383.731,0,141.888,76.4098,-546.316,18.0998,-0.721532,0.310648,-0.0125928,0.950442,57.2079,57.2079,1,1811.26,313.074,0,202.564,79.5788,-548.095,12.5102,-2.35379,0.216431,-0.0410699,0.975434,57.2953,57.2953,1,1799.73,348.403,1,0
292312995943300,1790.81,392.693,0,141.875,76.3831,-546.412,18.1458,-0.563303,0.311421,-0.00983133,0.950221,57.2176,57.2176,1,1809.93,325.157,0,202.56,79.6111,-547.998,12.4857,-2.13326,0.216046,-0.0372238,0.975673,57.2854,57.2854,1,1800.37,358.925,1,0
292313000943300,1802.63,387.303,0,141.878,76.398,-546.348,18.3462,-0.658647,0.314738,-0.0114953,0.949109,57.2112,57.2112,1,1798.49,323.97,0,202.561,79.5977,-548.005,12.2838,-2.15826,0.212603,-0.0376598,0.976413,57.2864,57.2864,1,1800.56,355.637,1,0
292313005943300,1805.36,389.733,0,141.878,76.4278,-546.267,18.3945,-0.617587,0.315539,-0.0107787,0.948851,57.2028,57.2028,1,1827.62,326.058,0,202.582,79.6517,-547.831,12.7998,-2.11579,0.221394,-0.0369191,0.974485,57.2686,57.2686,1,1816.49,357.895,1,0
292313010943300,1797.48,379.544,0,141.862,76.4078,-546.308,18.2623,-0.798648,0.313337,-0.0139386,0.94954,57.2072,57.2072,1,1812.85,317.324,0,202.579,79.5855,-548.006,12.5396,-2.2781,0.216943,-0.0397498,0.975375,57.2868,57.2868,1,1805.16,348.434,1,0
292313015943300,1801.69,400.838,0,141.86,76.429,-546.286,18.3358,-0.42294,0.314576,-0.00738163,0.949203,57.2045,57.2045,1,1820.28,330.361,0,202.583,79.6415,-547.873,12.6708,-2.04062,0.219209,-0.035608,0.975028,57.2729,57.2729,1,1810.99,365.599,1,0
292313020943300,1810.46,395.363,0,141.862,76.4531,-546.22,18.4823,-0.517983,0.316999,-0.00904039,0.948383,57.1978,57.1978,1,1819.86,333.563,0,202.572,79.6855,-547.738,12.6647,-1.98391,0.219113,-0.0346188,0.975085,57.2591,57.2591,1,1815.16,364.463,1,0
292313025943300,1803.57,394.186,0,141.848,76.4351,-546.271,18.3676,-0.540094,0.315099,-0.00942627,0.949012,57.203,57.203,1,1820.68,322.33,0,202.583,79.6426,-547.86,12.6788,-2.18788,0.219326,-0.0381765,0.974904,57.2716,57.2716,1,1812.12,358.258,1,0
292313030943300,1802.94,406.688,0,141.842,76.4628,-546.231,18.3581,-0.319401,0.314951,-0.00557457,0.949092,57.1985,57.1985,1,1833.07,334.094,0,202.595,79.6551,-547.86,12.8983,-1.97354,0.223089,-0.034438,0.97419,57.2713,57.2713,1,1818,370.391,1,0
292313035943300,1807.82,395.32,0,141.839,76.4442,-546.262,18.4412,-0.521363,0.316318,-0.00909937,0.948609,57.202,57.202,1,1816.94,320.579,0,202.574,79.6938,-547.692,12.6118,-2.21979,0.218181,-0.0387329,0.975139,57.2545,57.2545,1,1812.38,357.949,1,0
292313040943300,1806.39,403.322,0,141.838,76.4862,-546.167,18.4178,-0.380247,0.315937,-0.00663651,0.948757,57.1919,57.1919,1,1817.91,334.684,0,202.573,79.6976,-547.702,12.6303,-1.96458,0.218531,-0.0342817,0.975228,57.2554,57.2554,1,1812.15,369.003,1,0
292313045943300,1803.84,403.933,0,141.83,76.4936,-546.168,18.3763,-0.37133,0.315249,-0.00648089,0.948987,57.1918,57.1918,1,1813.78,327.868,0,202.57,79.7097,-547.644,12.5556,-2.08737,0.217243,-0.0364233,0.975438,57.2496,57.2496,1,1808.81,365.9,1,0
292313050943300,1810.32,386.467,0,141.837,76.504,-546.109,18.4849,-0.680377,0.317033,-0.0118745,0.94834,57.1861,57.1861,1,1830.47,323.102,0,202.586,79.6825,-547.72,12.8529,-2.17314,0.222289,-0.0379194,0.974243,57.2574,57.2574,1,1820.4,354.784,1,0
292313055943300,1810.51,393.724,0,141.825,76.4866,-546.18,18.4889,-0.551848,0.317105,-0.00963142,0.948341,57.1931,57.1931,1,1823.95,326.794,0,202.592,79.6634,-547.797,12.7352,-2.10561,0.220297,-0.0367416,0.974741,57.2651,57.2651,1,1817.23,360.259,1,0
292313060943300,1816.68,389.965,0,141.83,76.5081,-546.108,18.5938,-0.619387,0.318838,-0.0108101,0.947748,57.1858,57.1858,1,1828.53,326.521,0,202.589,79.6824,-547.742,12.8183,-2.11201,0.221709,-0.0368531,0.974416,57.2595,57.2595,1,1822.61,358.243,1,0
292313065943300,1814.18,401.262,0,141.82,76.4933,-546.189,18.552,-0.419411,0.318157,-0.00732003,0.94801,57.1938,57.1938,1,1825.49,327.278,0,202.581,79.7261,-547.603,12.7635,-2.09758,0.22078,-0.0366015,0.974637,57.2453,57.2453,1,1819.84,364.27,1,0
292313070943300,1819.19,386.972,0,141.828,76.5289,-546.046,18.6379,-0.674066,0.319564,-0.0117644,0.947492,57.1795,57.1795,1,1811.65,325.434,0,202.57,79.7164,-547.625,12.5187,-2.13346,0.216607,-0.0372272,0.975549,57.2476,57.2476,1,1815.42,356.203,1,0
292313075943300,1811.21,396.581,0,141.818,76.52,-546.101,18.5034,-0.503822,0.317349,-0.00879325,0.948268,57.1849,57.1849,1,1825.46,323.38,0,202.591,79.691,-547.708,12.7621,-2.16782,0.220745,-0.0378265,0.974598,57.2561,57.2561,1,1818.34,359.981,1,0
292313080943300,1818.95,389.558,0,141.829,76.5342,-546.039,18.6346,-0.629522,0.319513,-0.010987,0.947518,57.1787,57.1787,1,1820.29,329.978,0,202.583,79.7217,-547.621,12.67,-2.04806,0.219195,-0.0357377,0.975026,57.2472,57.2472,1,1819.62,359.768,1,0
292313085943300,1811.63,397.361,0,141.828,76.5489,-546.019,18.5133,-0.49429,0.317513,-0.00862688,0.948215,57.1764,57.1764,1,1817.32,323.819,0,202.578,79.7364,-547.563,12.6168,-2.15975,0.218275,-0.0376858,0.97516,57.2414,57.2414,1,1814.48,360.59,1,0
292313090943300,1809.01,389.93,0,141.826,76.5335,-546.041,18.4694,-0.626074,0.316779,-0.0109268,0.948436,57.1789,57.1789,1,1827.95,329.179,0,202.593,79.7264,-547.615,12.8053,-2.06201,0.221496,-0.0359811,0.974497,57.2465,57.2465,1,1818.48,359.555,1,0
292313095943300,1815.74,389.837,0,141.837,76.5548,-545.978,18.5825,-0.627696,0.31865,-0.0109551,0.947809,57.1724,57.1724,1,1825.84,330.983,0,202.589,79.7433,-547.572,12.7679,-2.02971,0.220864,-0.0354178,0.974661,57.242,57.242,1,1820.79,360.41,1,0
292313100943300,1825.04,390.685,0,141.834,76.545,-546.014,18.7369,-0.609353,0.321204,-0.010635,0.94695,57.1761,57.1761,1,1819.56,325.703,0,202.577,79.7786,-547.452,12.6568,-2.12667,0.21896,-0.0371089,0.975028,57.2298,57.2298,1,1822.3,358.194,1,0
292313105943300,1814.43,397.961,0,141.832,76.5535,-546.01,18.5621,-0.485989,0.31832,-0.008482,0.947945,57.1755,57.1755,1,1814.7,329.373,0,202.577,79.7731,-547.495,12.5714,-2.06243,0.217514,-0.0359884,0.975393,57.234,57.234,1,1814.56,363.667,1,0
292313110943300,1815.34,395.635,0,141.83,76.553,-546.009,18.5767,-0.526019,0.318561,-0.00918064,0.947858,57.1754,57.1754,1,1813.03,336.433,0,202.572,79.7726,-547.521,12.5412,-1.93327,0.217019,-0.0337355,0.975584,57.2365,57.2365,1,1814.19,366.034,1,0
292313115943300,1817.54,383.884,0,141.831,76.5714,-545.934,18.6131,-0.733293,0.31915,-0.012798,0.947618,57.1679,57.1679,1,1814.01,333.52,0,202.585,79.7427,-547.626,12.5589,-1.98803,0.217313,-0.0346908,0.975485,57.2471,57.2471,1,1815.77,358.702,1,0
292313120943300,1814.57,385.559,0,141.829,76.563,-545.961,18.5638,-0.704583,0.318337,-0.012297,0.947898,57.1707,57.1707,1,1817.98,330.521,0,202.581,79.7973,-547.458,12.6298,-2.04296,0.218512,-0.0356488,0.975183,57.2299,57.2299,1,1816.28,358.04,1,0
292313125943300,1813.83,386.661,0,141.83,76.5677,-545.95,18.5509,-0.684635,0.318125,-0.0119489,0.947974,57.1695,57.1695,1,1821.36,325.79,0,202.589,79.7627,-547.557,12.6898,-2.12859,0.219521,-0.0371423,0.9749,57.2401,57.2401,1,1817.6,356.226,1,0
292313130943300,1814.76,390.576,0,141.83,76.5783,-545.917,18.569,-0.61766,0.318429,-0.01078,0.947886,57.1661,57.1661,1,1815.94,333.23,0,202.579,79.7968,-547.467,12.5936,-1.9941,0.217902,-0.0347966,0.97535,57.2308,57.2308,1,1815.35,361.903,1,0
292313135943300,1808.8,395.573,0,141.826,76.5859,-545.907,18.4693,-0.530289,0.316784,-0.00925515,0.948453,57.165,57.165,1,1816.96,338.774,0,202.58,79.7867,-547.501,12.6111,-1.89197,0.218213,-0.0330151,0.975342,57.2342,57.2342,1,1812.88,367.174,1,0
292313140943300,1812.1,385.349,0,141.827,76.5774,-545.905,18.5246,-0.710637,0.317687,-0.0124026,0.948115,57.165,57.165,1,1815.22,333.219,0,202.584,79.7594,-547.569,12.5807,-1.9938,0.217683,-0.0347913,0.975399,57.2413,57.2413,1,1813.66,359.284,1,0
292313145943300,1809.46,391.149,0,141.82,76.5588,-545.966,18.4804,-0.607657,0.316963,-0.0106054,0.948379,57.1712,57.1712,1,1805.87,334.218,0,202.572,79.7684,-547.531,12.416,-1.97772,0.21488,-0.0345108,0.976031,57.2375,57.2375,1,1807.67,362.683,1,0
292313150943300,1816.29,385.332,0,141.827,76.584,-545.844,18.5974,-0.711519,0.318892,-0.012418,0.94771,57.1591,57.1591,1,1806.26,331.449,0,202.571,79.7769,-547.492,12.4227,-2.02758,0.214987,-0.0353805,0.975976,57.2336,57.2336,1,1811.28,358.391,1,0
292313155943300,1816.87,386.158,0,141.825,76.5826,-545.848,18.605,-0.693783,0.319019,-0.0121085,0.947671,57.1596,57.1596,1,1812.17,334.334,0,202.571,79.8025,-547.41,12.5293,-1.97624,0.21681,-0.0344851,0.975604,57.2253,57.2253,1,1814.52,360.246,1,0
292313160943300,1810.81,388.055,0,141.817,76.5581,-545.904,18.5055,-0.66271,0.317375,-0.0115662,0.94823,57.1654,57.1654,1,1817.01,344.293,0,202.579,79.7673,-547.538,12.6147,-1.79361,0.218287,-0.0312993,0.975383,57.2382,57.2382,1,1813.91,366.174,1,0
292313165943300,1822.03,373.334,0,141.82,76.5624,-545.861,18.6914,-0.918712,0.320429,-0.0160339,0.947137,57.1612,57.1612,1,1816.95,341.251,0,202.573,79.7681,-547.509,12.6145,-1.84877,0.218277,-0.0322615,0.975353,57.2354,57.2354,1,1819.49,357.292,1,0
292313170943300,1820.17,372.527,0,141.813,76.5425,-545.905,18.6613,-0.93367,0.319931,-0.0162949,0.947301,57.1658,57.1658,1,1810.25,348.936,0,202.568,79.7658,-547.513,12.4953,-1.7089,0.216264,-0.0298216,0.975879,57.2359,57.2359,1,1815.21,360.732,1,0
292313175943300,1819.35,371.289,0,141.811,76.5479,-545.885,18.6473,-0.955085,0.319697,-0.0166686,0.947373,57.1639,57.1639,1,1819.86,350.268,0,202.582,79.7114,-547.675,12.6655,-1.68269,0.219165,-0.0293643,0.975246,57.2525,57.2525,1,1819.6,360.779,1,0
292313180943300,1817.39,373.676,0,141.81,76.5687,-545.815,18.6151,-0.913221,0.319168,-0.015938,0.947564,57.1568,57.1568,1,1816.84,349.645,0,202.574,79.7182,-547.648,12.6123,-1.69414,0.218257,-0.029564,0.975443,57.2498,57.2498,1,1817.11,361.661,1,0
292313185943300,1819.01,377.226,0,141.811,76.5738,-545.793,18.6427,-0.850065,0.31963,-0.0148359,0.947426,57.1545,57.1545,1,1814.86,349.291,0,202.571,79.7244,-547.61,12.5769,-1.69987,0.217654,-0.029664,0.975575,57.246,57.246,1,1816.93,363.258,1,0
292313190943300,1817.43,367.135,0,141.801,76.553,-545.836,18.6161,-1.02801,0.319174,-0.0179412,0.947526,57.1591,57.1591,1,1824.46,326.525,0,202.575,79.7068,-547.611,12.7485,-2.11325,0.220521,-0.0368748,0.974685,57.2466,57.2466,1,1820.95,346.83,1,0
292313195943300,1811.15,369.837,0,141.79,76.5333,-545.905,18.5104,-0.98038,0.31743,-0.01711,0.948127,57.1661,57.1661,1,1822.56,332.833,0,202.565,79.7414,-547.517,12.7159,-2.00013,0.219983,-0.0349018,0.974879,57.2369,57.2369,1,1816.85,351.335,1,0
292313200943300,1809.86,369.853,0,141.79,76.5523,-545.851,18.489,-0.980554,0.317077,-0.0171131,0.948246,57.1606,57.1606,1,1809.37,324.864,0,202.55,79.7513,-547.468,12.482,-2.14635,0.215982,-0.0374521,0.975679,57.232,57.232,1,1809.61,347.359,1,0
292313205943300,1813.68,367.767,0,141.792,76.5461,-545.859,18.5539,-1.01759,0.318147,-0.0177594,0.947875,57.1614,57.1614,1,1822.89,320.234,0,202.555,79.7473,-547.477,12.723,-2.22934,0.220071,-0.0388995,0.974708,57.233,57.233,1,1818.29,344.001,1,0
292313210943300,1804.28,374.53,0,141.781,76.5416,-545.889,18.396,-0.898732,0.315544,-0.0156852,0.948781,57.1644,57.1644,1,1815.57,330.496,0,202.549,79.7529,-547.469,12.5951,-2.04618,0.217921,-0.0357051,0.975313,57.2321,57.2321,1,1809.92,352.513,1,0
292313215943300,1800.92,386.819,0,141.779,76.5698,-545.848,18.3402,-0.682213,0.314636,-0.0119066,0.949138,57.1599,57.1599,1,1817.21,324.672,0,202.547,79.7255,-547.528,12.6258,-2.15265,0.218428,-0.0375621,0.97513,57.2383,57.2383,1,1809.06,355.746,1,0
292313220943300,1799.52,375.775,0,141.775,76.5591,-545.846,18.3172,-0.878309,0.31424,-0.0153288,0.94922,57.16,57.16,1,1823.05,322.178,0,202.548,79.7269,-547.523,12.7299,-2.19734,0.220193,-0.0383413,0.974703,57.2378,57.2378,1,1811.29,348.977,1,0
292313225943300,1797.86,380.11,0,141.769,76.5601,-545.869,18.2904,-0.803154,0.313803,-0.0140172,0.949385,57.162,57.162,1,1819.06,331.8,0,202.54,79.7436,-547.483,12.66,-2.02369,0.219028,-0.0353127,0.975079,57.2336,57.2336,1,1808.46,355.955,1,0
292313230943300,1801.45,372.786,0,141.767,76.5354,-545.925,18.3514,-0.933223,0.314803,-0.0162871,0.949017,57.168,57.168,1,1827.77,335.469,0,202.545,79.7277,-547.523,12.8155,-1.9562,0.221683,-0.0341354,0.974521,57.2378,57.2378,1,1814.61,354.127,1,0
292313235943300,1801.3,379.704,0,141.766,76.5628,-545.848,18.3494,-0.810295,0.31478,-0.0141418,0.949059,57.16,57.16,1,1827.81,337.98,0,202.53,79.7338,-547.486,12.8214,-1.91479,0.221788,-0.0334131,0.974522,57.2342,57.2342,1,1814.56,358.842,1,0
292313240943300,1792.84,380.515,0,141.751,76.5586,-545.86,18.207,-0.795949,0.312421,-0.0138915,0.949842,57.1613,57.1613,1,1830.24,350.92,0,202.525,79.7443,-547.467,12.8649,-1.67893,0.222558,-0.0292987,0.974479,57.2321,57.2321,1,1811.54,365.718,1,0
292313245943300,1793.71,386.213,0,141.745,76.5599,-545.883,18.2239,-0.697204,0.312708,-0.0121682,0.949771,57.1633,57.1633,1,1831.98,353.378,0,202.516,79.7567,-547.437,12.8979,-1.6358,0.223123,-0.0285462,0.974372,57.2289,57.2289,1,1812.84,369.796,1,0
292313250943300,1794.6,390.527,0,141.731,76.5474,-545.915,18.2397,-0.61935,0.312975,-0.0108095,0.9497,57.1667,57.1667,1,1832.61,352.113,0,202.513,79.7476,-547.462,12.9094,-1.6587,0.223317,-0.0289457,0.974316,57.2315,57.2315,1,1813.6,371.32,1,0
292313255943300,1801.61,393.466,0,141.729,76.5401,-545.957,18.3585,-0.567414,0.314947,-0.00990309,0.949058,57.1708,57.1708,1,1837.54,344.155,0,202.507,79.7479,-547.443,12.9986,-1.8038,0.224816,-0.0314771,0.973893,57.2297,57.2297,1,1819.58,368.811,1,0
292313260943300,1800.16,390.166,0,141.715,76.5547,-545.909,18.3346,-0.624954,0.314546,-0.0109073,0.949179,57.166,57.166,1,1838.16,338.449,0,202.5,79.7319,-547.474,13.0106,-1.90709,0.225006,-0.0332788,0.973789,57.2331,57.2331,1,1819.16,364.308,1,0
292313265943300,1802.72,392.734,0,141.7,76.5465,-545.971,18.3775,-0.578501,0.315261,-0.0100966,0.948951,57.172,57.172,1,1841.56,346.12,0,202.492,79.7281,-547.514,13.0722,-1.76807,0.226071,-0.0308537,0.973622,57.237,57.237,1,1822.14,369.427,1,0
292313270943300,1797.46,394.622,0,141.681,76.5707,-545.918,18.2912,-0.546425,0.313832,-0.00953678,0.94943,57.1664,57.1664,1,1846.34,345.717,0,202.478,79.7581,-547.443,13.1598,-1.7778,0.227557,-0.0310234,0.97327,57.2295,57.2295,1,1821.9,370.17,1,0
292313275943300,1816.32,404.063,0,141.668,76.652,-545.75,18.6136,-0.382438,0.319178,-0.00667476,0.947671,57.1486,57.1486,1,1843.55,331.609,0,202.47,79.7446,-547.499,13.1123,-2.03669,0.226717,-0.0355395,0.973312,57.2351,57.2351,1,1829.93,367.836,1,0
292313280943300,1794.51,393.496,0,141.598,76.8148,-545.391,18.2549,-0.577911,0.313228,-0.0100863,0.949624,57.1106,57.1106,1,1832.46,349.417,0,202.404,79.8581,-547.33,12.9149,-1.71233,0.223404,-0.0298814,0.974268,57.2163,57.2163,1,1813.49,371.457,1,0
292313285943300,1722.23,431.737,0,141.482,76.8254,-545.621,17.0335,0.0943201,0.292931,0.0016462,0.956132,57.132,57.132,1,1789.35,364.064,0,202.273,80.0243,-547.014,12.1575,-1.45598,0.210531,-0.0254089,0.977257,57.1824,57.1824,1,1755.79,397.901,1,0
292313290943300,1685.19,491.145,0,141.39,76.9648,-545.549,16.4055,1.15187,0.282377,0.0201026,0.959093,57.1217,57.1217,1,1733.52,435.497,0,202.163,80.0565,-547.236,11.1738,-0.16832,0.193785,-0.00293774,0.98104,57.2025,57.2025,1,1709.36,463.321,1,0
292313295943300,1659.74,569.017,0,141.287,77.0215,-545.776,15.9776,2.54072,0.274991,0.0443294,0.960424,57.1417,57.1417,1,1706.85,515.803,0,202.087,80.1277,-547.414,10.7021,1.29436,0.185656,0.0225889,0.982355,57.2174,57.2174,1,1683.29,542.41,1,0
292313300943300,1635.94,589.001,0,141.216,77.2145,-545.562,15.5682,2.89835,0.268043,0.0505642,0.962079,57.1167,57.1167,1,1672.56,567.746,0,201.96,80.3244,-547.213,10.0906,2.24273,0.175072,0.039133,0.983778,57.1936,57.1936,1,1654.25,578.373,1,0
292313305943300,1589,669.869,0,141.134,77.3445,-545.599,14.7551,4.35758,0.253952,0.0759808,0.964228,57.1169,57.1169,1,1640.01,625.936,0,201.829,80.4738,-547.13,9.51581,3.30147,0.165045,0.0575897,0.984603,57.1821,57.1821,1,1614.51,647.902,1,0
292313310943300,1531.23,734.891,0,141.034,77.4045,-545.774,13.742,5.54585,0.236438,0.0966422,0.966829,57.1319,57.1319,1,1582.56,707.974,0,201.733,80.5639,-547.267,8.47441,4.81237,0.146848,0.083893,0.985595,57.1927,57.1927,1,1556.89,721.432,1,0
292313315943300,1548.99,751.161,0,141.013,77.5742,-545.552,14.062,5.81904,0.24172,0.101387,0.965035,57.1067,57.1067,1,1554.3,752.466,0,201.664,80.6666,-547.245,7.96067,5.63009,0.137825,0.0981056,0.985586,57.188,57.188,1,1551.65,751.814,1,0
292313320943300,1548.68,773.888,0,140.963,77.5838,-545.778,14.0616,6.21886,0.241534,0.108327,0.964327,57.1277,57.1277,1,1537.97,772.577,0,201.612,80.7234,-547.369,7.66794,5.9921,0.132703,0.104391,0.985643,57.1982,57.1982,1,1543.33,773.233,1,0
292313325943300,1520.89,839.209,0,140.916,77.6933,-545.771,13.5707,7.40048,0.23269,0.128804,0.963984,57.1243,57.1243,1,1531.01,817.556,0,201.553,80.8341,-547.292,7.54788,6.80708,0.130429,0.118527,0.984347,57.1881,57.1881,1,1525.95,828.382,1,0
292313330943300,1500.09,879.825,0,140.877,77.7504,-545.833,13.2029,8.13462,0.226101,0.141499,0.963772,57.1287,57.1287,1,1505.56,851.971,0,201.494,80.9309,-547.242,7.08636,7.43411,0.122328,0.129386,0.98402,57.1811,57.1811,1,1502.83,865.898,1,0
292313335943300,1523.35,896.514,0,140.895,77.8791,-545.626,13.6158,8.41244,0.232877,0.146298,0.961439,57.106,57.106,1,1496.76,900.46,0,201.468,80.9824,-547.352,6.92512,8.31501,0.119305,0.144615,0.982269,57.1901,57.1901,1,1510.06,898.487,1,0
292313340943300,1517.06,927.999,0,140.861,77.9066,-545.747,13.5086,8.96969,0.230735,0.155912,0.960444,57.1166,57.1166,1,1482.09,926.903,0,201.427,81.0834,-547.205,6.65802,8.79486,0.11458,0.152897,0.981577,57.1737,57.1737,1,1499.58,927.451,1,0
292313345943300,1481.49,963.975,0,140.81,77.9475,-545.822,12.8786,9.62837,0.219747,0.167257,0.961112,57.1227,57.1227,1,1462.79,950.794,0,201.392,81.1271,-547.253,6.30545,9.22855,0.108407,0.160373,0.981085,57.1771,57.1771,1,1472.14,957.384,1,0
292313350943300,1464.77,986.863,0,140.778,78.0025,-545.85,12.5842,10.0392,0.214538,0.174322,0.961033,57.1239,57.1239,1,1443.89,981.809,0,201.364,81.107,-547.513,5.95814,9.79198,0.10229,0.170071,0.980108,57.2021,57.2021,1,1454.33,984.336,1,0
292313355943300,1470.55,979.316,0,140.768,78.0186,-545.912,12.6881,9.89762,0.216375,0.171888,0.96106,57.1293,57.1293,1,1451.46,982.389,0,201.348,81.1561,-547.452,6.09698,9.79938,0.104662,0.170199,0.979836,57.1951,57.1951,1,1461.01,980.853,1,0
292313360943300,1478.22,991.437,0,140.758,78.0252,-545.981,12.8255,10.1048,0.218539,0.17545,0.959926,57.1357,57.1357,1,1449.43,999.645,0,201.346,81.1639,-547.507,6.06016,10.1091,0.103934,0.175523,0.978974,57.2001,57.2001,1,1463.83,995.541,1,0
292313365943300,1478.65,1003.7,0,140.747,78.0305,-546.027,12.8344,10.3196,0.218541,0.179138,0.959244,57.1398,57.1398,1,1449.71,1011.98,0,201.338,81.1918,-547.489,6.06612,10.329,0.103964,0.1793,0.978286,57.1977,57.1977,1,1464.18,1007.84,1,0
292313370943300,1459.55,1023.53,0,140.732,78.1247,-545.807,12.4969,10.6812,0.212638,0.185345,0.959392,57.1168,57.1168,1,1448.6,1011.39,0,201.322,81.2356,-547.361,6.04609,10.3187,0.103625,0.179123,0.978354,57.1845,57.1845,1,1454.07,1017.46,1,0
292313375943300,1457.69,1016.6,0,140.711,78.1112,-545.84,12.4662,10.5595,0.212208,0.183256,0.959888,57.1203,57.1203,1,1446.66,1017.59,0,201.312,81.2638,-547.288,6.01106,10.4305,0.10299,0.181044,0.978068,57.1769,57.1769,1,1452.18,1017.1,1,0
292313380943300,1466.7,1011.92,0,140.695,78.1009,-545.85,12.6283,10.4712,0.214984,0.181741,0.959558,57.1214,57.1214,1,1452.87,1007.68,0,201.32,81.2315,-547.36,6.12584,10.2504,0.105009,0.17795,0.978421,57.1846,57.1846,1,1459.78,1009.8,1,0
292313385943300,1456.7,1020.5,0,140.684,78.1294,-545.789,12.4506,10.6295,0.211898,0.184458,0.959726,57.1149,57.1149,1,1457.57,1017.12,0,201.324,81.2384,-547.367,6.21389,10.4169,0.106456,0.18081,0.97774,57.1851,57.1851,1,1457.13,1018.81,1,0
292313390943300,1465.55,1014.98,0,140.682,78.1392,-545.754,12.6107,10.5246,0.214653,0.182657,0.959458,57.1115,57.1115,1,1452.67,1010.74,0,201.315,81.2771,-547.233,6.12352,10.304,0.104952,0.178871,0.978259,57.1715,57.1715,1,1459.11,1012.86,1,0
292313395943300,1468.87,1019.9,0,140.676,78.1561,-545.734,12.6699,10.6088,0.215584,0.184102,0.958973,57.1092,57.1092,1,1449.23,1015.3,0,201.318,81.2684,-547.285,6.05942,10.3867,0.10383,0.180291,0.978118,57.1766,57.1766,1,1459.05,1017.6,1,0
292313400943300,1468.68,1021.96,0,140.68,78.2036,-545.613,12.6684,10.6434,0.215535,0.184696,0.95887,57.0965,57.0965,1,1450.76,1011.45,0,201.327,81.2301,-547.39,6.08725,10.3175,0.104328,0.179103,0.978283,57.1874,57.1874,1,1459.72,1016.71,1,0
292313405943300,1480.99,1013.96,0,140.683,78.1971,-545.629,12.8877,10.4931,0.21931,0.182118,0.958507,57.0982,57.0982,1,1449.64,1006.89,0,201.325,81.2539,-547.322,6.0664,10.2353,0.103999,0.177691,0.978575,57.1804,57.1804,1,1465.31,1010.42,1,0
292313410943300,1478.62,1030.79,0,140.672,78.2121,-545.637,12.8461,10.7909,0.218402,0.187225,0.95773,57.0986,57.0986,1,1451.88,1002.37,0,201.326,81.2527,-547.32,6.10785,10.1532,0.104734,0.17628,0.978752,57.1803,57.1803,1,1465.25,1016.58,1,0
292313415943300,1485.28,1020.58,0,140.669,78.1876,-545.699,12.9635,10.607,0.220497,0.184072,0.957861,57.1051,57.1051,1,1450.28,991.756,0,201.324,81.2599,-547.282,6.07791,9.96282,0.104284,0.173009,0.979384,57.1765,57.1765,1,1467.78,1006.17,1,0
292313420943300,1475.98,1026.19,0,140.667,78.2256,-545.599,12.7999,10.7112,0.217687,0.18586,0.958159,57.0946,57.0946,1,1456.02,1002.37,0,201.335,81.2671,-547.285,6.18319,10.1516,0.106022,0.176253,0.978619,57.1766,57.1766,1,1466,1014.28,1,0
292313425943300,1483.06,1032.91,0,140.673,78.2462,-545.568,12.9256,10.8239,0.219706,0.187791,0.957321,57.0912,57.0912,1,1458.05,995.477,0,201.338,81.2561,-547.305,6.22053,10.0269,0.106701,0.174111,0.978928,57.1788,57.1788,1,1470.56,1014.19,1,0
292313430943300,1493.32,1012.95,0,140.683,78.2333,-545.554,13.1071,10.4656,0.223,0.181645,0.957745,57.0903,57.0903,1,1461.65,992.925,0,201.343,81.2758,-547.229,6.287,9.97932,0.107852,0.173293,0.978947,57.1712,57.1712,1,1477.48,1002.94,1,0
292313435943300,1478.11,1015.56,0,140.663,78.2172,-545.624,12.8385,10.5215,0.218467,0.182604,0.958607,57.0973,57.0973,1,1461.31,996.516,0,201.349,81.27,-547.262,6.28074,10.0436,0.107724,0.174397,0.978765,57.1744,57.1744,1,1469.71,1006.04,1,0
292313440943300,1486.82,1022.56,0,140.678,78.2364,-545.569,12.992,10.6393,0.22095,0.184626,0.95765,57.0916,57.0916,1,1456.46,993.175,0,201.36,81.2451,-547.32,6.19069,9.98509,0.106204,0.173392,0.97911,57.1805,57.1805,1,1471.64,1007.87,1,0
292313445943300,1485.78,1007.02,0,140.674,78.1905,-545.675,12.9731,10.3663,0.220829,0.179941,0.95857,57.1027,57.1027,1,1455.55,989.158,0,201.37,81.2619,-547.267,6.17343,9.91206,0.105933,0.172136,0.979361,57.1751,57.1751,1,1470.66,998.087,1,0
292313450943300,1477.21,1009.94,0,140.669,78.2128,-545.646,12.8209,10.423,0.218243,0.180913,0.958979,57.0994,57.0994,1,1447.12,999.612,0,201.371,81.2692,-547.274,6.01663,10.1034,0.103192,0.175425,0.97907,57.1755,57.1755,1,1462.16,1004.78,1,0
292313455943300,1484.79,1008.59,0,140.679,78.2334,-545.579,12.9548,10.3943,0.220504,0.180421,0.958554,57.0926,57.0926,1,1446.65,997.932,0,201.37,81.3224,-547.114,6.00879,10.0715,0.103068,0.174878,0.979181,57.1591,57.1591,1,1465.72,1003.26,1,0
292313460943300,1491.09,1005.59,0,140.688,78.2199,-545.598,13.0668,10.3369,0.222417,0.179436,0.958297,57.0948,57.0948,1,1445.48,997.733,0,201.384,81.2994,-547.186,5.9878,10.0669,0.102711,0.174798,0.979232,57.1665,57.1665,1,1468.29,1001.66,1,0
292313465943300,1478.81,1004.78,0,140.681,78.202,-545.645,12.8483,10.3316,0.218765,0.179345,0.959154,57.0996,57.0996,1,1456.36,993.07,0,201.404,81.2966,-547.197,6.18856,9.9778,0.10617,0.173267,0.979136,57.1676,57.1676,1,1467.59,998.923,1,0
292313470943300,1481.94,1008.75,0,140.684,78.2024,-545.652,12.9038,10.3994,0.219646,0.180508,0.958735,57.1003,57.1003,1,1449.45,998.881,0,201.401,81.3474,-547.063,6.06121,10.0834,0.10396,0.175081,0.97905,57.1537,57.1537,1,1465.69,1003.81,1,0
292313475943300,1478.47,1007.19,0,140.688,78.2152,-545.602,12.8421,10.3743,0.218631,0.180078,0.959048,57.0952,57.0952,1,1455.62,997.676,0,201.417,81.3295,-547.128,6.1749,10.0586,0.10591,0.174655,0.978917,57.1603,57.1603,1,1467.04,1002.43,1,0
292313480943300,1479.98,1007.25,0,140.697,78.1854,-545.687,12.8684,10.3741,0.219072,0.180074,0.958948,57.104,57.104,1,1441.49,998.621,0,201.404,81.4023,-546.942,5.91497,10.0777,0.101462,0.174984,0.979329,57.1409,57.1409,1,1460.74,1002.93,1,0
292313485943300,1474.72,1009.17,0,140.704,78.218,-545.583,12.7755,10.4111,0.217491,0.180709,0.959188,57.0934,57.0934,1,1445.3,984.592,0,201.414,81.386,-546.955,5.98462,9.82398,0.102733,0.170622,0.979966,57.1425,57.1425,1,1460.01,996.882,1,0
292313490943300,1468.64,1010.07,0,140.711,78.195,-545.641,12.6667,10.431,0.215656,0.18105,0.959538,57.0994,57.0994,1,1450.75,985.892,0,201.433,81.3677,-547.028,6.08391,9.84539,0.104424,0.17099,0.979723,57.1499,57.1499,1,1459.7,997.978,1,0
292313495943300,1459.79,1012.93,0,140.712,78.2007,-545.624,12.5079,10.4885,0.212956,0.182038,0.959954,57.0977,57.0977,1,1448.13,993.714,0,201.439,81.3809,-547.014,6.03459,9.98686,0.103536,0.173422,0.97939,57.1483,57.1483,1,1453.96,1003.32,1,0
292313500943300,1464.22,1012.72,0,140.723,78.1819,-545.675,12.5851,10.4824,0.214253,0.181933,0.959685,57.1029,57.1029,1,1449.3,985.387,0,201.446,81.3795,-547.025,6.05499,9.83615,0.103932,0.170831,0.979803,57.1493,57.1493,1,1456.76,999.055,1,0
292313505943300,1460.01,1013.47,0,140.728,78.1454,-545.786,12.5082,10.4991,0.212953,0.18222,0.95992,57.1143,57.1143,1,1453.72,983.321,0,201.454,81.4041,-546.946,6.13488,9.79809,0.105311,0.170177,0.97977,57.1413,57.1413,1,1456.86,998.393,1,0
292313510943300,1455.32,1009.12,0,140.738,78.1547,-545.729,12.4227,10.4269,0.21157,0.180981,0.96046,57.1087,57.1087,1,1466.32,987.741,0,201.478,81.4097,-546.953,6.36389,9.87453,0.1092,0.171491,0.979115,57.1418,57.1418,1,1460.82,998.433,1,0
292313515943300,1450.76,1008.51,0,140.745,78.1536,-545.746,12.3396,10.4195,0.210181,0.180855,0.960789,57.1103,57.1103,1,1463.19,995.878,0,201.483,81.4468,-546.876,6.30432,10.0221,0.108134,0.174028,0.978786,57.1336,57.1336,1,1456.98,1002.2,1,0
292313520943300,1455.76,1011.97,0,140.758,78.1461,-545.782,12.4279,10.4766,0.211624,0.181833,0.960287,57.1139,57.1139,1,1460.49,988.625,0,201.497,81.4272,-546.933,6.25174,9.89332,0.107278,0.171814,0.979271,57.1395,57.1395,1,1458.12,1000.3,1,0
292313525943300,1453.27,998.303,0,140.766,78.1482,-545.762,12.3832,10.2358,0.211036,0.1777,0.96119,57.1119,57.1119,1,1464.15,1002.01,0,201.516,81.4247,-546.984,6.31819,10.1323,0.108334,0.175922,0.978425,57.1443,57.1443,1,1458.71,1000.16,1,0
292313530943300,1453.79,1001.89,0,140.77,78.1616,-545.746,12.392,10.2984,0.211142,0.178775,0.960968,57.1102,57.1102,1,1457.01,990.811,0,201.517,81.4149,-547.006,6.18485,9.93381,0.106121,0.17251,0.979275,57.1466,57.1466,1,1455.4,996.348,1,0
292313535943300,1457.58,998.962,0,140.779,78.1572,-545.763,12.4594,10.2435,0.212308,0.177832,0.960886,57.1119,57.1119,1,1458.23,1002.38,0,201.528,81.4207,-547.023,6.20555,10.1419,0.106407,0.176087,0.978607,57.1481,57.1481,1,1457.91,1000.67,1,0
292313540943300,1459.07,1007.1,0,140.788,78.1727,-545.747,12.4851,10.386,0.212644,0.180278,0.960355,57.1099,57.1099,1,1452.33,1005.37,0,201.522,81.4493,-546.952,6.09656,10.1973,0.104527,0.177038,0.978638,57.1407,57.1407,1,1455.7,1006.23,1,0
292313545943300,1466.63,994.585,0,140.798,78.1713,-545.74,12.619,10.1594,0.215041,0.176387,0.960544,57.1093,57.1093,1,1437.89,1025.64,0,201.529,81.3992,-547.199,5.82893,10.5655,0.0998368,0.183359,0.977963,57.1652,57.1652,1,1452.26,1010.11,1,0
292313550943300,1462.77,990.08,0,140.796,78.1503,-545.819,12.5497,10.0817,0.213931,0.175052,0.961036,57.1172,57.1172,1,1429.73,1028.38,0,201.527,81.3901,-547.247,5.67825,10.6169,0.0972482,0.184241,0.978058,57.1699,57.1699,1,1446.25,1009.23,1,0
292313555943300,1452.99,1005.39,0,140.791,78.2076,-545.709,12.375,10.3586,0.210816,0.179809,0.960846,57.1055,57.1055,1,1431.7,1024.95,0,201.531,81.4164,-547.175,5.7148,10.5533,0.0978924,0.18315,0.978199,57.1625,57.1625,1,1442.34,1015.17,1,0
292313560943300,1469.53,998.774,0,140.807,78.1775,-545.802,12.6681,10.2305,0.215817,0.177608,0.960145,57.115,57.115,1,1430.53,1017.7,0,201.536,81.4026,-547.22,5.69406,10.422,0.0975796,0.180897,0.978649,57.1671,57.1671,1,1450.03,1008.24,1,0
292313565943300,1460.8,997.609,0,140.801,78.2065,-545.746,12.5131,10.2145,0.213229,0.177334,0.960774,57.109,57.109,1,1422.07,1026.95,0,201.526,81.4406,-547.15,5.53805,10.5896,0.0948632,0.183773,0.978381,57.1596,57.1596,1,1441.43,1012.28,1,0
292313570943300,1472.82,990.957,0,140.808,78.1941,-545.789,12.7265,10.0885,0.216892,0.175169,0.960351,57.1134,57.1134,1,1428.11,1025.57,0,201.532,81.4333,-547.19,5.6494,10.5627,0.0967728,0.183311,0.97828,57.1635,57.1635,1,1450.47,1008.27,1,0
292313575943300,1463.75,987.058,0,140.796,78.2749,-545.545,12.5687,10.0236,0.214288,0.174054,0.961138,57.0883,57.0883,1,1433.31,1026.32,0,201.517,81.4539,-547.138,5.74871,10.5726,0.0984652,0.183482,0.978079,57.1581,57.1581,1,1448.53,1006.69,1,0
292313580943300,1442.03,1007.14,0,140.713,78.3772,-545.258,12.1988,10.3856,0.207842,0.180272,0.961407,57.0588,57.0588,1,1445.03,1023.78,0,201.445,81.5394,-546.807,5.97585,10.5211,0.102359,0.182597,0.977845,57.1248,57.1248,1,1443.53,1015.46,1,0
292313585943300,1364.45,977.555,0,140.558,78.4257,-544.896,10.8113,9.91808,0.184773,0.17224,0.96757,57.0235,57.0235,1,1360.48,977.5,0,201.273,81.4599,-546.796,4.42051,9.71834,0.0759698,0.168805,0.982717,57.1257,57.1257,1,1362.47,977.528,1,0
292313590943300,1253.31,918.865,0,140.315,78.1627,-545.303,8.80651,8.92887,0.151243,0.155208,0.976236,57.0684,57.0684,1,1335.89,932.86,0,201.104,81.3313,-546.767,3.98166,8.92197,0.068597,0.155089,0.985516,57.1263,57.1263,1,1294.6,925.863,1,0
292313595943300,1231.18,835.59,0,140.172,77.9592,-545.357,8.41354,7.44115,0.145085,0.129508,0.980907,57.0786,57.0786,1,1287.96,824.141,0,200.957,81.1147,-546.844,3.09912,6.95833,0.0536652,0.121147,0.991183,57.139,57.139,1,1259.57,829.866,1,0
292313600943300,1163.3,743.371,0,140.012,77.6627,-545.793,7.173,5.78757,0.124229,0.10084,0.987116,57.1271,57.1271,1,1233.57,752.849,0,200.814,80.9853,-546.778,2.09542,5.66228,0.0363853,0.0986647,0.994455,57.136,57.136,1,1198.43,748.11,1,0
292313605943300,1158.9,719.356,0,139.976,77.6684,-545.528,7.09675,5.35375,0.123006,0.0933047,0.98801,57.102,57.102,1,1219.59,718.089,0,200.723,80.8066,-546.98,1.84596,5.02447,0.0320887,0.0875811,0.99564,57.1595,57.1595,1,1189.25,718.722,1,0
292313610943300,1144.6,674.134,0,139.919,77.5387,-545.693,6.83565,4.53179,0.11865,0.0790122,0.989788,57.1208,57.1208,1,1196.13,702.996,0,200.657,80.7395,-547.011,1.41185,4.75601,0.0245542,0.0829127,0.996254,57.1641,57.1641,1,1170.37,688.565,1,0
292313615943300,1142.82,629.143,0,139.9,77.438,-545.825,6.80318,3.70501,0.118211,0.0646197,0.990884,57.1358,57.1358,1,1164.36,670.709,0,200.61,80.6728,-547.028,0.820235,4.16659,0.0142775,0.0726567,0.997255,57.1674,57.1674,1,1153.59,649.926,1,0
292313620943300,1144.47,620.615,0,139.896,77.4206,-545.848,6.83394,3.54744,0.118764,0.061875,0.990993,57.1384,57.1384,1,1173.56,661.273,0,200.615,80.6418,-547.08,0.992895,3.99012,0.0172864,0.0695845,0.997426,57.1731,57.1731,1,1159.02,640.944,1,0
292313625943300,1156.79,629.638,0,139.887,77.4401,-545.841,7.06258,3.71289,0.122695,0.0647569,0.990329,57.1373,57.1373,1,1189.12,657.451,0,200.62,80.693,-546.903,1.2831,3.918,0.0223402,0.0683287,0.997413,57.1552,57.1552,1,1172.95,643.545,1,0
292313630943300,1170.01,636.791,0,139.879,77.4652,-545.791,7.30927,3.83872,0.12694,0.0669482,0.989649,57.1319,57.1319,1,1181.75,646.905,0,200.617,80.6451,-547.023,1.14609,3.72227,0.0199595,0.0649201,0.997691,57.1676,57.1676,1,1175.88,641.848,1,0
292313635943300,1176.15,642.504,0,139.867,77.4519,-545.852,7.42378,3.94249,0.128901,0.0687551,0.989271,57.138,57.138,1,1176.41,657.086,0,200.61,80.6597,-547.011,1.04666,3.91113,0.0182241,0.0682091,0.997505,57.1661,57.1661,1,1176.28,649.795,1,0
292313640943300,1182.71,648.172,0,139.859,77.4663,-545.824,7.54577,4.0463,0.130991,0.0705626,0.988869,57.135,57.135,1,1176.03,650.108,0,200.601,80.671,-546.953,1.04059,3.78022,0.0181212,0.0659294,0.99766,57.1604,57.1604,1,1179.37,649.14,1,0
292313645943300,1186.18,656.207,0,139.853,77.5093,-545.72,7.61163,4.19202,0.132103,0.0730994,0.988537,57.1241,57.1241,1,1183.62,657.329,0,200.603,80.6645,-546.97,1.18257,3.91582,0.0205901,0.0682908,0.997453,57.1622,57.1622,1,1184.9,656.768,1,0
292313650943300,1184.54,647.226,0,139.835,77.4804,-545.771,7.58227,4.02868,0.131624,0.0702559,0.988807,57.1296,57.1296,1,1180.18,651.831,0,200.595,80.6267,-547.058,1.11952,3.81324,0.0194948,0.0665045,0.997596,57.1714,57.1714,1,1182.36,649.529,1,0
292313655943300,1188.8,644.457,0,139.825,77.4489,-545.848,7.66138,3.978,0.132997,0.0693734,0.988686,57.1377,57.1377,1,1188.91,662.56,0,200.606,80.5985,-547.159,1.28232,4.0136,0.022324,0.0699933,0.997298,57.1817,57.1817,1,1188.86,653.508,1,0
292313660943300,1185.92,649.015,0,139.811,77.4437,-545.889,7.60904,4.0632,0.13208,0.0708568,0.988703,57.1417,57.1417,1,1171.99,664.688,0,200.581,80.601,-547.126,0.967669,4.05517,0.0168459,0.070717,0.997354,57.1785,57.1785,1,1178.96,656.851,1,0
292313665943300,1187.77,648.77,0,139.805,77.4447,-545.892,7.64406,4.0575,0.132685,0.0707576,0.988629,57.1419,57.1419,1,1178.43,673.385,0,200.579,80.6179,-547.077,1.08801,4.21759,0.0189368,0.0735444,0.997112,57.1734,57.1734,1,1183.1,661.078,1,0
292313670943300,1185.68,648.226,0,139.796,77.4461,-545.89,7.60601,4.04864,0.13203,0.0706033,0.988728,57.1417,57.1417,1,1189.3,678.654,0,200.586,80.5982,-547.147,1.29095,4.31672,0.0224656,0.0752697,0.99691,57.1805,57.1805,1,1187.49,663.44,1,0
292313675943300,1191.63,639.102,0,139.796,77.4397,-545.881,7.71615,3.87868,0.133958,0.067644,0.988676,57.141,57.141,1,1193.74,683.174,0,200.586,80.5981,-547.139,1.37362,4.40226,0.0239012,0.0767583,0.996763,57.1797,57.1797,1,1192.69,661.138,1,0
292313680943300,1185.03,653.027,0,139.781,77.4388,-545.918,7.59596,4.13588,0.131842,0.0721221,0.988644,57.1445,57.1445,1,1180.16,675.663,0,200.57,80.5785,-547.163,1.12092,4.26478,0.0195083,0.0743658,0.99704,57.1825,57.1825,1,1182.6,664.345,1,0
292313685943300,1188.54,648.801,0,139.782,77.4458,-545.876,7.66093,4.05731,0.132976,0.0707543,0.988591,57.1404,57.1404,1,1189.77,677.074,0,200.581,80.5797,-547.157,1.29964,4.29104,0.0226174,0.0748228,0.99694,57.1819,57.1819,1,1189.16,662.938,1,0
292313690943300,1183.03,650.705,0,139.779,77.4659,-545.818,7.55983,4.09331,0.131226,0.071381,0.988779,57.1344,57.1344,1,1191.65,673.398,0,200.585,80.5561,-547.217,1.33439,4.2239,0.0232241,0.0736543,0.997013,57.1882,57.1882,1,1187.34,662.052,1,0
292313695943300,1184.72,651.496,0,139.778,77.4689,-545.801,7.59098,4.10896,0.131761,0.0716534,0.988688,57.1328,57.1328,1,1184.74,667.771,0,200.582,80.5435,-547.239,1.20552,4.11974,0.0209843,0.071841,0.997195,57.1905,57.1905,1,1184.73,659.634,1,0
292313700943300,1190.65,643.836,0,139.783,77.453,-545.817,7.69981,3.96736,0.133662,0.0691882,0.988609,57.1347,57.1347,1,1183.52,676.646,0,200.582,80.5568,-547.225,1.18275,4.28356,0.0205837,0.0746925,0.996994,57.1889,57.1889,1,1187.09,660.241,1,0
292313705943300,1186.52,636.535,0,139.782,77.4408,-545.833,7.6235,3.83337,0.132366,0.0668551,0.988944,57.1365,57.1365,1,1192.3,668.474,0,200.591,80.5523,-547.198,1.3461,4.13242,0.0234307,0.0720617,0.997125,57.1865,57.1865,1,1189.41,652.504,1,0
292313710943300,1191.69,644.939,0,139.786,77.4465,-545.832,7.71827,3.98842,0.133977,0.0695548,0.988541,57.1362,57.1362,1,1191.58,674.645,0,200.594,80.5491,-547.224,1.33248,4.24705,0.0231902,0.0740571,0.996984,57.189,57.189,1,1191.64,659.792,1,0
292313715943300,1187.34,646.041,0,139.787,77.4629,-545.771,7.63841,4.00983,0.132596,0.0699276,0.9887,57.1301,57.1301,1,1189.41,672.384,0,200.592,80.569,-547.147,1.29155,4.2057,0.0224792,0.0733375,0.997054,57.1813,57.1813,1,1188.38,659.212,1,0
292313720943300,1187.87,648.018,0,139.79,77.4319,-545.859,7.64716,4.04719,0.13274,0.070578,0.988635,57.1392,57.1392,1,1190.33,679.003,0,200.607,80.5393,-547.261,1.30795,4.32772,0.022761,0.0754612,0.996889,57.1927,57.1927,1,1189.1,663.51,1,0
292313725943300,1185.78,651.406,0,139.794,77.4332,-545.84,7.60876,4.10936,0.132067,0.0716604,0.988647,57.1374,57.1374,1,1188.2,671.77,0,200.61,80.5223,-547.282,1.26811,4.19321,0.0220716,0.0731199,0.997079,57.1951,57.1951,1,1186.99,661.588,1,0
292313730943300,1177.4,649.675,0,139.792,77.437,-545.806,7.45461,4.07919,0.129412,0.0711352,0.989036,57.1341,57.1341,1,1184.7,669.389,0,200.615,80.5266,-547.249,1.20185,4.14961,0.0209197,0.072361,0.997159,57.1918,57.1918,1,1181.05,659.532,1,0
292313735943300,1185.27,644.416,0,139.805,77.426,-545.813,7.5984,3.98173,0.13191,0.0694383,0.988827,57.135,57.135,1,1183,664.875,0,200.625,80.5004,-547.313,1.16946,4.06521,0.0203582,0.0708918,0.997276,57.1986,57.1986,1,1184.14,654.645,1,0
292313740943300,1189.51,642.658,0,139.827,77.3935,-545.896,7.67407,3.94801,0.133221,0.0688512,0.988692,57.1436,57.1436,1,1187.1,655.052,0,200.669,80.4509,-547.451,1.24249,3.88226,0.0216341,0.0677064,0.997471,57.2128,57.2128,1,1188.3,648.855,1,0
292313745943300,1187.6,640.41,0,139.908,77.22,-546.362,7.62372,3.9228,0.132356,0.0684123,0.988838,57.1918,57.1918,1,1192.79,656.847,0,200.781,80.3915,-547.665,1.33606,3.92265,0.023262,0.0684097,0.997386,57.2344,57.2344,1,1190.19,648.629,1,0
292313750943300,1256.41,649.976,0,140.074,77.1857,-546.4,8.87442,4.08088,0.153878,0.0711646,0.985524,57.1963,57.1963,1,1294.77,693.481,0,200.977,80.3556,-547.792,3.22163,4.60111,0.0560173,0.0802183,0.995202,57.2472,57.2472,1,1275.59,671.729,1,0
292313755943300,1322.73,633.941,0,140.278,77.131,-546.374,10.0618,3.78567,0.174329,0.0660244,0.982471,57.1952,57.1952,1,1357.26,633.984,0,201.166,80.2817,-547.805,4.37021,3.49019,0.0760593,0.0608777,0.995243,57.2503,57.2503,1,1339.99,633.963,1,0
292313760943300,1386.99,586.462,0,140.452,77.0913,-546.284,11.2115,2.90375,0.194182,0.0506584,0.979657,57.1877,57.1877,1,1392.91,580.249,0,201.289,80.205,-547.77,5.01564,2.50523,0.0873441,0.0437107,0.995219,57.249,57.249,1,1389.95,583.356,1,0
292313765943300,1446.53,567.088,0,140.599,77.0854,-546.172,12.2692,2.54159,0.212297,0.0443445,0.976199,57.1773,57.1773,1,1479.43,552.516,0,201.429,80.1497,-547.753,6.60756,1.98309,0.114999,0.0346045,0.992763,57.2488,57.2488,1,1462.98,559.802,1,0
292313770943300,1459.42,542.137,0,140.692,77.0794,-546.021,12.4941,2.08401,0.216196,0.0363647,0.975672,57.1633,57.1633,1,1523.64,556.224,0,201.503,80.1695,-547.593,7.41745,2.04681,0.129015,0.035716,0.990999,57.2332,57.2332,1,1491.53,549.18,1,0
292313775943300,1474.02,542.489,0,140.738,77.1611,-545.696,12.7521,2.0908,0.220587,0.0364832,0.974685,57.1307,57.1307,1,1531.33,545.365,0,201.508,80.1872,-547.441,7.55813,1.84744,0.131464,0.0322383,0.990797,57.2185,57.2185,1,1502.68,543.927,1,0
292313780943300,1454.29,528.912,0,140.72,77.1553,-545.633,12.4012,1.84788,0.214645,0.032246,0.97616,57.1248,57.1248,1,1509.72,528.983,0,201.483,80.188,-547.322,7.16067,1.55076,0.124607,0.0270625,0.991837,57.2073,57.2073,1,1482,528.947,1,0
292313785943300,1439.24,510.403,0,140.689,77.0915,-545.757,12.1345,1.51135,0.210134,0.0263749,0.977317,57.1381,57.1381,1,1485.32,531.142,0,201.47,80.1536,-547.415,6.71105,1.59507,0.116817,0.0278356,0.992763,57.2169,57.2169,1,1462.28,520.773,1,0
292313790943300,1453.11,508.948,0,140.7,77.0644,-545.84,12.3817,1.4835,0.214351,0.0258891,0.976413,57.1466,57.1466,1,1494.38,538.647,0,201.484,80.1509,-547.452,6.87669,1.73362,0.119678,0.0302528,0.992352,57.2204,57.2204,1,1473.75,523.798,1,0
292313795943300,1462.88,505.609,0,140.725,77.1061,-545.722,12.5546,1.42116,0.217304,0.0248014,0.975789,57.1344,57.1344,1,1485.61,537.198,0,201.492,80.1811,-547.363,6.71452,1.70528,0.116871,0.0297583,0.992701,57.2113,57.2113,1,1474.25,521.403,1,0
292313800943300,1446.29,509.282,0,140.716,77.1107,-545.705,12.2597,1.48792,0.212272,0.0259661,0.976866,57.1327,57.1327,1,1471.13,525.749,0,201.497,80.2101,-547.258,6.44538,1.4948,0.112218,0.0260862,0.993341,57.2007,57.2007,1,1458.71,517.515,1,0
292313805943300,1445.36,508.22,0,140.721,77.1009,-545.736,12.243,1.46726,0.211988,0.0256057,0.976937,57.1359,57.1359,1,1447.91,510.007,0,201.5,80.2156,-547.236,6.01633,1.20109,0.104789,0.0209615,0.994274,57.1985,57.1985,1,1446.64,509.114,1,0
292313810943300,1449.09,504.03,0,140.73,77.1057,-545.714,12.3091,1.39014,0.213124,0.0242602,0.976724,57.1337,57.1337,1,1459.7,524.637,0,201.528,80.2085,-547.313,6.23208,1.47108,0.10852,0.0256723,0.993763,57.2059,57.2059,1,1454.4,514.333,1,0
292313815943300,1444.26,506.531,0,140.729,77.1112,-545.712,12.2231,1.43514,0.211653,0.0250452,0.977024,57.1334,57.1334,1,1453.03,515.578,0,201.532,80.2259,-547.252,6.10645,1.30561,0.106348,0.0227852,0.994068,57.1998,57.1998,1,1448.65,511.054,1,0
292313820943300,1449.96,509.017,0,140.74,77.1414,-545.631,12.3249,1.47933,0.213384,0.0258163,0.976627,57.125,57.125,1,1456.3,503.555,0,201.539,80.2302,-547.236,6.16581,1.0825,0.107387,0.0188921,0.994038,57.1981,57.1981,1,1453.13,506.286,1,0
292313825943300,1451.39,515.628,0,140.739,77.1602,-545.604,12.3514,1.59842,0.213823,0.0278941,0.976474,57.122,57.122,1,1457.81,504.31,0,201.541,80.2558,-547.197,6.1931,1.09544,0.10786,0.0191179,0.993982,57.1939,57.1939,1,1454.6,509.969,1,0
292313830943300,1452.79,515.959,0,140.741,77.1805,-545.574,12.3767,1.60257,0.214255,0.0279665,0.976377,57.1187,57.1187,1,1461.97,501.838,0,201.548,80.2625,-547.196,6.2692,1.04887,0.109182,0.0183053,0.993853,57.1936,57.1936,1,1457.38,508.898,1,0
292313835943300,1441.3,513.176,0,140.734,77.1883,-545.562,12.1734,1.54875,0.210793,0.0270275,0.977157,57.1173,57.1173,1,1460.55,495.225,0,201.546,80.2682,-547.169,6.24297,0.926418,0.108731,0.0161683,0.99394,57.1909,57.1909,1,1450.93,504.201,1,0
292313840943300,1454.8,501.999,0,140.739,77.2049,-545.514,12.4134,1.34536,0.214905,0.0234788,0.976353,57.1125,57.1125,1,1463.11,502.106,0,201.551,80.2872,-547.147,6.29032,1.05172,0.109548,0.018355,0.993812,57.1883,57.1883,1,1458.95,502.053,1,0
292313845943300,1456.97,508.15,0,140.743,77.2067,-545.52,12.4522,1.4572,0.215555,0.0254302,0.976161,57.1129,57.1129,1,1463.34,498.176,0,201.556,80.271,-547.211,6.29472,0.977732,0.109627,0.0170638,0.993826,57.1947,57.1947,1,1460.15,503.163,1,0
292313850943300,1451.69,515.891,0,140.731,77.2069,-545.542,12.3597,1.59695,0.213966,0.0278684,0.976444,57.115,57.115,1,1466.43,494.225,0,201.551,80.2959,-547.136,6.35181,0.904214,0.110619,0.0157808,0.993738,57.1871,57.1871,1,1459.06,505.058,1,0
292313855943300,1449.27,519.298,0,140.73,77.2444,-545.446,12.3165,1.65977,0.213222,0.0289644,0.976574,57.105,57.105,1,1463.87,494.024,0,201.545,80.3075,-547.116,6.30539,0.899173,0.109814,0.0156929,0.993828,57.1849,57.1849,1,1456.57,506.661,1,0
292313860943300,1445.12,521.416,0,140.726,77.2568,-545.41,12.2425,1.69941,0.211957,0.029656,0.976829,57.1013,57.1013,1,1462.82,498.077,0,201.537,80.3191,-547.092,6.28716,0.973234,0.109496,0.0169853,0.993842,57.1824,57.1824,1,1453.97,509.746,1,0
292313865943300,1442.66,531.279,0,140.716,77.2372,-545.497,12.1997,1.87842,0.211206,0.0327787,0.976892,57.11,57.11,1,1466.91,494.064,0,201.543,80.31,-547.131,6.36268,0.897892,0.110808,0.0156705,0.993718,57.1863,57.1863,1,1454.79,512.672,1,0
292313870943300,1450.71,529.821,0,140.714,77.2186,-545.553,12.3452,1.84855,0.213689,0.0322576,0.976369,57.1157,57.1157,1,1465.55,499.273,0,201.535,80.3227,-547.094,6.33905,0.993079,0.110395,0.0173316,0.993737,57.1825,57.1825,1,1458.13,514.547,1,0
292313875943300,1438.8,534.741,0,140.702,77.2379,-545.51,12.1331,1.93948,0.210062,0.0338438,0.977102,57.1112,57.1112,1,1468.01,496.567,0,201.535,80.3266,-547.1,6.38502,0.941166,0.111194,0.0164257,0.993663,57.1829,57.1829,1,1453.41,515.654,1,0
292313880943300,1440.58,534.784,0,140.702,77.2529,-545.469,12.1646,1.94092,0.2106,0.0338689,0.976986,57.107,57.107,1,1468.61,498.483,0,201.527,80.3385,-547.057,6.39795,0.974672,0.111417,0.0170104,0.993628,57.1786,57.1786,1,1454.59,516.633,1,0
292313885943300,1441.44,533.268,0,140.694,77.259,-545.454,12.1828,1.90925,0.210914,0.0333165,0.976937,57.1054,57.1054,1,1474.41,497.711,0,201.526,80.3473,-547.023,6.50622,0.958461,0.113295,0.0167275,0.993421,57.1751,57.1751,1,1457.93,515.49,1,0
292313890943300,1441.39,532.991,0,140.684,77.249,-545.485,12.1827,1.90431,0.210912,0.0332304,0.97694,57.1086,57.1086,1,1463.61,497.96,0,201.518,80.3362,-547.058,6.307,0.96401,0.10984,0.0168244,0.993807,57.1787,57.1787,1,1452.5,515.475,1,0
292313895943300,1444.43,533.737,0,140.684,77.2361,-545.525,12.237,1.91795,0.211837,0.0334683,0.976732,57.1127,57.1127,1,1475.23,499.302,0,201.508,80.3885,-546.886,6.52475,0.984012,0.113616,0.0171734,0.993376,57.1613,57.1613,1,1459.83,516.519,1,0
292313900943300,1443.87,534.156,0,140.681,77.2444,-545.493,12.2271,1.92644,0.211667,0.0336165,0.976764,57.1095,57.1095,1,1469.03,501.614,0,201.503,80.3675,-546.964,6.41063,1.02741,0.111635,0.0179307,0.993587,57.1691,57.1691,1,1456.45,517.885,1,0
292313905943300,1439.95,535.267,0,140.677,77.2601,-545.442,12.1574,1.94718,0.210477,0.0339782,0.977008,57.1042,57.1042,1,1477.52,502.898,0,201.503,80.3932,-546.867,6.56894,1.04859,0.114379,0.0183004,0.993269,57.1594,57.1594,1,1458.74,519.083,1,0
292313910943300,1439.7,548.604,0,140.669,77.2706,-545.443,12.1552,2.18837,0.210406,0.0381849,0.976868,57.1041,57.1041,1,1468.1,499.72,0,201.494,80.361,-546.956,6.39602,0.990174,0.111383,0.0172809,0.993627,57.1685,57.1685,1,1453.9,524.162,1,0
292313915943300,1447.75,543.233,0,140.664,77.2306,-545.544,12.2986,2.09105,0.212864,0.0364876,0.9764,57.1146,57.1146,1,1472.53,495.221,0,201.485,80.4016,-546.802,6.47866,0.906088,0.112819,0.0158136,0.99349,57.153,57.153,1,1460.14,519.227,1,0
292313920943300,1448.05,537.922,0,140.666,77.2629,-545.429,12.3045,1.99399,0.212978,0.0347946,0.976437,57.103,57.103,1,1477.97,506.154,0,201.493,80.3858,-546.872,6.57921,1.10808,0.114555,0.0193384,0.993229,57.16,57.16,1,1463.01,522.038,1,0
292313925943300,1445.97,532.183,0,140.661,77.2452,-545.456,12.2677,1.88966,0.212364,0.0329749,0.976634,57.1059,57.1059,1,1473.23,504.111,0,201.485,80.3919,-546.855,6.49192,1.07085,0.113043,0.0186887,0.993414,57.1582,57.1582,1,1459.6,518.147,1,0
292313930943300,1440.63,541.033,0,140.655,77.2511,-545.455,12.173,2.05113,0.21073,0.0357913,0.976889,57.1057,57.1057,1,1477.7,509.28,0,201.485,80.3762,-546.906,6.57697,1.16291,0.114514,0.0202953,0.993214,57.1634,57.1634,1,1459.17,525.157,1,0
292313935943300,1440.11,543.454,0,140.652,77.2621,-545.412,12.1639,2.09656,0.210568,0.0365837,0.976894,57.1014,57.1014,1,1487.3,506.879,0,201.484,80.3966,-546.834,6.75506,1.11654,0.117603,0.0194861,0.992869,57.1561,57.1561,1,1463.7,525.166,1,0
292313940943300,1446.62,540.564,0,140.641,77.2451,-545.454,12.2815,2.0431,0.212579,0.0356513,0.976493,57.1057,57.1057,1,1487.14,511.693,0,201.476,80.4266,-546.74,6.75269,1.20568,0.117558,0.0210415,0.992843,57.1466,57.1466,1,1466.88,526.128,1,0
292313945943300,1455.72,546.199,0,140.643,77.2411,-545.48,12.4438,2.14605,0.21533,0.0374469,0.975823,57.1083,57.1083,1,1481.13,506.505,0,201.468,80.4173,-546.746,6.64254,1.11001,0.115653,0.0193721,0.993101,57.1473,57.1473,1,1468.43,526.352,1,0
292313950943300,1459.63,532.349,0,140.639,77.2332,-545.469,12.5136,1.89384,0.216553,0.0330476,0.975711,57.1074,57.1074,1,1484.72,513.015,0,201.471,80.3945,-546.819,6.70885,1.23116,0.116797,0.0214861,0.992923,57.1548,57.1548,1,1472.17,522.682,1,0
292313955943300,1456.76,540.251,0,140.635,77.2411,-545.457,12.4629,2.03832,0.215671,0.0355679,0.975818,57.1061,57.1061,1,1482.89,506.299,0,201.466,80.3992,-546.782,6.67557,1.1068,0.116226,0.0193161,0.993035,57.1512,57.1512,1,1469.83,523.275,1,0
292313960943300,1458.74,529.958,0,140.632,77.2315,-545.441,12.4991,1.85019,0.216312,0.0322863,0.97579,57.1049,57.1049,1,1478.33,514.328,0,201.463,80.3873,-546.835,6.59209,1.2553,0.114772,0.0219074,0.99315,57.1565,57.1565,1,1468.54,522.143,1,0
292313965943300,1447.6,535.811,0,140.617,77.2496,-545.393,12.3019,1.95728,0.212939,0.0341543,0.976468,57.0999,57.0999,1,1474.1,512.173,0,201.454,80.389,-546.82,6.51505,1.21493,0.113439,0.0212029,0.993319,57.155,57.155,1,1460.85,523.992,1,0
292313970943300,1456.4,531.426,0,140.624,77.2615,-545.351,12.4601,1.87431,0.215644,0.0327071,0.975924,57.0957,57.0957,1,1472.89,513.024,0,201.452,80.3728,-546.866,6.49284,1.23136,0.113053,0.0214897,0.993356,57.1597,57.1597,1,1464.64,522.225,1,0
292313975943300,1457.08,537.746,0,140.62,77.2858,-545.296,12.4723,1.99096,0.215836,0.0347418,0.975811,57.0899,57.0899,1,1465.71,509.633,0,201.443,80.3959,-546.771,6.36114,1.1681,0.110772,0.0203858,0.993637,57.1503,57.1503,1,1461.4,523.69,1,0
292313980943300,1448.92,531.385,0,140.611,77.2745,-545.314,12.327,1.87533,0.213377,0.0327249,0.976422,57.0918,57.0918,1,1465.56,513.398,0,201.439,80.3764,-546.831,6.35791,1.24034,0.110713,0.0216463,0.993617,57.1563,57.1563,1,1457.24,522.391,1,0
292313985943300,1450.88,538.774,0,140.603,77.261,-545.353,12.363,2.0101,0.213972,0.0350757,0.97621,57.0959,57.0959,1,1467.1,509.489,0,201.44,80.3574,-546.861,6.38705,1.16763,0.111221,0.0203776,0.993587,57.1596,57.1596,1,1458.99,524.131,1,0
292313990943300,1456.34,532.801,0,140.61,77.2763,-545.294,12.4602,1.90093,0.215642,0.0331714,0.975909,57.0899,57.0899,1,1460.56,510.258,0,201.435,80.3616,-546.826,6.26536,1.18444,0.10911,0.0206709,0.993815,57.1563,57.1563,1,1458.45,521.529,1,0
292313995943300,1440.21,531.569,0,140.587,77.2499,-545.364,12.1726,1.88098,0.210744,0.0328234,0.97699,57.0972,57.0972,1,1462.97,520.123,0,201.435,80.3766,-546.799,6.3102,1.36683,0.10988,0.0238534,0.993659,57.1534,57.1534,1,1451.59,525.846,1,0
292314000943300,1453.4,527.215,0,140.599,77.2572,-545.325,12.4083,1.79997,0.21477,0.0314102,0.976159,57.0934,57.0934,1,1466.69,518.733,0,201.433,80.378,-546.796,6.37884,1.34127,0.111072,0.0234074,0.993537,57.153,57.153,1,1460.04,522.974,1,0
292314005943300,1452,526.07,0,140.592,77.2857,-545.24,12.385,1.7778,0.214376,0.0310235,0.976258,57.0846,57.0846,1,1457.73,518.436,0,201.416,80.3839,-546.786,6.21383,1.33734,0.10821,0.0233388,0.993854,57.152,57.152,1,1454.86,522.253,1,0
292314010943300,1443.17,521.987,0,140.539,77.3396,-545.116,12.234,1.69988,0.211811,0.0296641,0.97686,57.0716,57.0716,1,1445.63,529.695,0,201.35,80.4672,-546.56,5.99476,1.5473,0.1044,0.0270022,0.994169,57.1286,57.1286,1,1444.4,525.841,1,0
292314015943300,1380.28,564.678,0,140.392,77.486,-544.807,11.1198,2.48194,0.192681,0.0433045,0.980306,57.0388,57.0388,1,1422.24,542.682,0,201.204,80.5688,-546.322,5.5828,1.77201,0.0972376,0.0309225,0.994781,57.1036,57.1036,1,1401.26,553.68,1,0
292314020943300,1251.97,600.949,0,140.121,77.5282,-544.858,8.80401,3.17209,0.152821,0.0553352,0.986704,57.0426,57.0426,1,1294.09,552.127,0,200.967,80.6432,-546.273,3.21401,1.95582,0.056033,0.0341289,0.997845,57.0971,57.0971,1,1273.03,576.538,1,0
292314025943300,1168.4,630.848,0,139.914,77.654,-544.696,7.2878,3.72565,0.126585,0.064979,0.989825,57.0241,57.0241,1,1230.55,604.815,0,200.717,80.7869,-546.091,2.05078,2.93171,0.0357383,0.0511456,0.998052,57.0764,57.0764,1,1199.48,617.831,1,0
292314030943300,1087.15,657.869,0,139.672,77.6591,-544.86,5.80378,4.23299,0.100846,0.0738124,0.99216,57.0394,57.0394,1,1139.49,655.673,0,200.489,80.8173,-546.266,0.367109,3.87799,0.00639255,0.067632,0.99769,57.0921,57.0921,1,1113.32,656.771,1,0
292314035943300,986.151,673.726,0,139.436,77.6789,-544.942,3.94182,4.53892,0.0685279,0.0791362,0.994506,57.0466,57.0466,1,1044.19,673.348,0,200.244,80.8511,-546.264,-1.39505,4.20398,-0.0242804,0.0733075,0.997014,57.0911,57.0911,1,1015.17,673.537,1,0
292314040943300,910.342,681.66,0,139.251,77.7433,-544.898,2.54045,4.68975,0.0441763,0.0817601,0.995673,57.0409,57.0409,1,961.102,690.729,0,200.029,80.8768,-546.326,-2.9292,4.5197,-0.0509429,0.0788019,0.995588,57.0962,57.0962,1,935.722,686.195,1,0
292314045943300,840.071,697.706,0,139.053,77.6782,-545.212,1.23877,4.98438,0.0215373,0.0868842,0.995986,57.0721,57.0721,1,895.442,718.613,0,199.835,80.9547,-546.259,-4.13653,5.02812,-0.0718558,0.0876446,0.993557,57.0879,57.0879,1,867.757,708.159,1,0
292314050943300,800.663,735.874,0,138.932,77.7543,-545.178,0.512355,5.69643,0.008898,0.0992577,0.995022,57.067,57.067,1,823.227,740.94,0,199.674,80.944,-546.469,-5.46363,5.42921,-0.0947867,0.0946158,0.990991,57.108,57.108,1,811.945,738.407,1,0
292314055943300,742.074,760.697,0,138.819,77.7768,-545.227,-0.576813,6.15582,-0.0100091,0.107233,0.994183,57.071,57.071,1,780.076,764.429,0,199.549,80.9291,-546.644,-6.25141,5.84976,-0.108324,0.10192,0.988877,57.1248,57.1248,1,761.075,762.563,1,0
292314060943300,717.904,772.383,0,138.711,77.7627,-545.395,-1.02247,6.36314,-0.0177346,0.11083,0.993681,57.0872,57.0872,1,755.4,754.449,0,199.453,80.9605,-546.583,-6.69684,5.66593,-0.116046,0.098728,0.988325,57.1183,57.1183,1,736.652,763.416,1,0
292314065943300,679.534,768.857,0,138.621,77.8627,-545.172,-1.73086,6.2976,-0.0300224,0.109693,0.993512,57.0637,57.0637,1,712.979,783.92,0,199.366,80.9702,-546.703,-7.47001,6.19573,-0.129248,0.107925,0.985722,57.1293,57.1293,1,696.257,776.389,1,0
292314070943300,646.801,771.506,0,138.559,77.863,-545.282,-2.33962,6.34046,-0.040573,0.110436,0.993055,57.074,57.074,1,693.322,787.79,0,199.286,81.0982,-546.426,-7.82698,6.25364,-0.135372,0.10893,0.984789,57.1001,57.1001,1,670.061,779.648,1,0
292314075943300,635.434,786.75,0,138.529,77.8398,-545.443,-2.5509,6.61863,-0.0442102,0.11526,0.992351,57.0897,57.0897,1,687.062,792.218,0,199.26,81.0481,-546.694,-7.93719,6.332,-0.137245,0.110289,0.984378,57.1265,57.1265,1,661.248,789.484,1,0
292314080943300,645.367,799.693,0,138.534,77.8356,-545.53,-2.36514,6.85729,-0.0409726,0.119397,0.992001,57.098,57.098,1,701.94,804.361,0,199.276,81.0685,-546.703,-7.66448,6.55743,-0.132499,0.114199,0.984582,57.1269,57.1269,1,673.654,802.027,1,0
292314085943300,650.578,803.779,0,138.536,77.8344,-545.569,-2.26789,6.93192,-0.0392826,0.12069,0.991913,57.1017,57.1017,1,702.288,807.142,0,199.288,81.0519,-546.791,-7.65921,6.6066,-0.132396,0.115052,0.984497,57.1356,57.1356,1,676.433,805.461,1,0
292314090943300,640.849,812.341,0,138.534,77.8943,-545.419,-2.44947,7.0879,-0.0424117,0.123392,0.991451,57.0861,57.0861,1,692.004,800.506,0,199.276,81.0701,-546.725,-7.84793,6.48164,-0.135672,0.112885,0.984302,57.1289,57.1289,1,666.426,806.423,1,0
292314095943300,631.448,803.473,0,138.516,77.8799,-545.46,-2.6242,6.92319,-0.0454512,0.120539,0.991668,57.0903,57.0903,1,694.153,800.371,0,199.278,81.0664,-546.751,-7.80857,6.47895,-0.134996,0.112838,0.9844,57.1315,57.1315,1,662.801,801.922,1,0
292314100943300,637.164,795.722,0,138.508,77.8666,-545.499,-2.51628,6.78072,-0.0435962,0.11807,0.992048,57.0943,57.0943,1,700.464,788.308,0,199.277,81.0892,-546.68,-7.69245,6.25963,-0.133057,0.109034,0.985093,57.1242,57.1242,1,668.814,792.015,1,0
292314105943300,641.806,799.646,0,138.502,77.8869,-545.496,-2.42751,6.85376,-0.0420527,0.119336,0.991963,57.0936,57.0936,1,701.56,803.1,0,199.274,81.1093,-546.667,-7.67193,6.53011,-0.132635,0.113725,0.984619,57.1224,57.1224,1,671.683,801.373,1,0
292314110943300,640.748,795.502,0,138.495,77.8946,-545.492,-2.44667,6.77631,-0.0423912,0.117993,0.992109,57.0929,57.0929,1,705.213,795.844,0,199.274,81.0759,-546.775,-7.60357,6.399,-0.131494,0.111452,0.985032,57.1334,57.1334,1,672.98,795.673,1,0
292314115943300,652.051,791.345,0,138.494,77.9484,-545.375,-2.2331,6.70004,-0.0386989,0.116671,0.992416,57.0806,57.0806,1,705.843,789.534,0,199.268,81.085,-546.755,-7.59126,6.28351,-0.131312,0.109448,0.985281,57.1314,57.1314,1,678.947,790.44,1,0
292314120943300,641.141,778.447,0,138.455,77.8547,-545.645,-2.43499,6.46175,-0.042216,0.11254,0.99275,57.1084,57.1084,1,708.346,783.373,0,199.264,81.0938,-546.743,-7.54502,6.17003,-0.130545,0.107479,0.985599,57.13,57.13,1,674.744,780.91,1,0
292314125943300,635.391,773.491,0,138.44,77.8501,-545.692,-2.5415,6.36846,-0.0440694,0.110922,0.992852,57.1129,57.1129,1,711.359,787.89,0,199.262,81.11,-546.719,-7.48977,6.25191,-0.129574,0.1089,0.985572,57.1274,57.1274,1,673.375,780.691,1,0
292314130943300,645.352,777.88,0,138.443,77.8754,-545.657,-2.35498,6.44873,-0.0408305,0.112314,0.992833,57.109,57.109,1,701.669,789.091,0,199.247,81.1271,-546.678,-7.66762,6.26963,-0.132628,0.109208,0.985131,57.1231,57.1231,1,673.511,783.485,1,0
292314135943300,641.862,780.818,0,138.43,77.8679,-545.701,-2.42007,6.50075,-0.0419541,0.113216,0.992684,57.1133,57.1133,1,701.98,789.453,0,199.247,81.1234,-546.698,-7.66106,6.27782,-0.132513,0.10935,0.985131,57.125,57.125,1,671.921,785.135,1,0
292314140943300,645.406,796.289,0,138.434,77.9098,-545.626,-2.35402,6.78456,-0.0407861,0.118136,0.992159,57.1052,57.1052,1,699.228,793.788,0,199.243,81.123,-546.714,-7.71138,6.35588,-0.133358,0.110704,0.984866,57.1265,57.1265,1,672.317,795.039,1,0
292314145943300,630.707,799.345,0,138.419,77.9987,-545.368,-2.62789,6.83671,-0.0455233,0.11904,0.991845,57.0787,57.0787,1,700.601,794.023,0,199.243,81.1146,-546.741,-7.68583,6.36094,-0.132918,0.110791,0.984915,57.1293,57.1293,1,665.654,796.684,1,0
292314150943300,623.478,802.032,0,138.401,77.9684,-545.465,-2.76231,6.88542,-0.0478451,0.119884,0.991634,57.0886,57.0886,1,688.591,794.656,0,199.224,81.1271,-546.721,-7.90511,6.36847,-0.136684,0.110922,0.984385,57.1271,57.1271,1,656.035,798.344,1,0
292314155943300,632.487,806.77,0,138.397,78.003,-545.392,-2.59323,6.97134,-0.0449104,0.121373,0.99159,57.0808,57.0808,1,689.351,792.959,0,199.223,81.0981,-546.813,-7.8909,6.33689,-0.136448,0.110374,0.984479,57.1365,57.1365,1,660.919,799.865,1,0
292314160943300,639.139,800.248,0,138.389,77.9938,-545.416,-2.46759,6.85162,-0.0427468,0.119299,0.991938,57.0833,57.0833,1,686.687,791.895,0,199.209,81.1247,-546.732,-7.93879,6.31679,-0.137277,0.110026,0.984403,57.1282,57.1282,1,662.913,796.072,1,0
292314165943300,642.119,792.369,0,138.376,78.0089,-545.376,-2.40885,6.70846,-0.0417422,0.116817,0.992276,57.0792,57.0792,1,685.991,795.33,0,199.202,81.1018,-546.797,-7.95075,6.37943,-0.137465,0.111112,0.984255,57.1349,57.1349,1,664.055,793.849,1,0
292314170943300,650.211,786.462,0,138.373,77.994,-545.441,-2.25684,6.59966,-0.0391182,0.114931,0.992603,57.0856,57.0856,1,687.715,789.839,0,199.201,81.0977,-546.798,-7.91918,6.27892,-0.13695,0.109369,0.984522,57.1351,57.1351,1,668.963,788.15,1,0
292314175943300,646.928,781.855,0,138.35,77.9839,-545.48,-2.31536,6.51579,-0.0401387,0.113477,0.99273,57.0896,57.0896,1,683.486,793.48,0,199.191,81.0835,-546.842,-7.99611,6.34374,-0.138254,0.110493,0.984214,57.1396,57.1396,1,665.207,787.667,1,0
292314180943300,646.47,783.163,0,138.339,77.9837,-545.501,-2.32267,6.53986,-0.0402634,0.113894,0.992677,57.0915,57.0915,1,682.764,790.005,0,199.179,81.0984,-546.765,-8.00863,6.28057,-0.138486,0.109397,0.984304,57.132,57.132,1,664.617,786.584,1,0
292314185943300,644.577,784.706,0,138.323,77.9722,-545.521,-2.35738,6.56712,-0.0408625,0.114367,0.992598,57.0937,57.0937,1,673.907,791.658,0,199.171,81.0706,-546.855,-8.17045,6.30795,-0.141258,0.109872,0.983857,57.1411,57.1411,1,659.242,788.182,1,0
292314190943300,648.079,785.692,0,138.313,77.976,-545.518,-2.29065,6.58524,-0.039705,0.114681,0.992609,57.0934,57.0934,1,672.377,788.836,0,199.157,81.0807,-546.79,-8.19738,6.25686,-0.141734,0.108986,0.983887,57.1348,57.1348,1,660.228,787.264,1,0
292314195943300,642.922,785.504,0,138.295,77.9642,-545.531,-2.38479,6.58384,-0.041336,0.114657,0.992545,57.0949,57.0949,1,669.412,785.139,0,199.148,81.0441,-546.886,-8.25075,6.18839,-0.142669,0.107798,0.983883,57.1447,57.1447,1,656.167,785.322,1,0
292314200943300,643.48,780.996,0,138.283,77.9492,-545.547,-2.37321,6.50133,-0.0411422,0.113226,0.992717,57.0968,57.0968,1,662.663,784.703,0,199.13,81.059,-546.816,-8.37285,6.18004,-0.144768,0.107653,0.983592,57.1377,57.1377,1,653.072,782.85,1,0
292314205943300,648.037,791.176,0,138.273,77.9605,-545.517,-2.2861,6.69076,-0.0396177,0.11651,0.992399,57.0937,57.0937,1,671.878,787.768,0,199.116,81.0812,-546.721,-8.20156,6.24189,-0.14181,0.108726,0.983905,57.1282,57.1282,1,659.957,789.472,1,0
292314210943300,643.042,789.018,0,138.251,77.9368,-545.557,-2.37639,6.65429,-0.0411846,0.115878,0.992409,57.0981,57.0981,1,678.376,776.858,0,199.114,81.0406,-546.79,-8.08099,6.04677,-0.139791,0.10534,0.984562,57.1357,57.1357,1,660.709,782.938,1,0
292314215943300,644.058,789.618,0,138.239,77.9256,-545.593,-2.35689,6.66434,-0.0408459,0.116053,0.992403,57.1017,57.1017,1,672.835,781.731,0,199.102,81.0498,-546.762,-8.18143,6.13532,-0.141493,0.106877,0.984153,57.1329,57.1329,1,658.446,785.675,1,0
292314220943300,644.369,783.506,0,138.228,77.9151,-545.594,-2.35003,6.5521,-0.0407364,0.114107,0.992633,57.1021,57.1021,1,669.914,783.486,0,199.087,81.0558,-546.73,-8.23326,6.16806,-0.142374,0.107445,0.983964,57.1297,57.1297,1,657.141,783.496,1,0
292314225943300,635.036,778.095,0,138.211,77.9004,-545.623,-2.5239,6.45064,-0.0437573,0.112347,0.992705,57.1052,57.1052,1,663.033,780.642,0,199.074,81.01,-546.836,-8.35712,6.11655,-0.144515,0.106551,0.983749,57.1409,57.1409,1,649.035,779.368,1,0
292314230943300,642.798,782.343,0,138.199,77.8343,-545.842,-2.37904,6.52844,-0.041241,0.113696,0.992659,57.1274,57.1274,1,668.414,783.482,0,199.058,81.0445,-546.723,-8.25834,6.16799,-0.142805,0.107444,0.983902,57.1293,57.1293,1,655.606,782.913,1,0
292314235943300,632.141,798.773,0,138.185,77.8926,-545.696,-2.57658,6.83009,-0.0446355,0.118925,0.991899,57.1122,57.1122,1,665.266,785.593,0,199.043,81.0226,-546.782,-8.31526,6.2043,-0.143773,0.108074,0.983692,57.1355,57.1355,1,648.703,792.183,1,0
292314240943300,632.919,791.29,0,138.178,77.9052,-545.652,-2.56113,6.69169,-0.0443809,0.116527,0.992195,57.1077,57.1077,1,664.961,772.521,0,199.025,81.0392,-546.701,-8.31896,5.96614,-0.1439,0.103941,0.984118,57.1274,57.1274,1,648.94,781.905,1,0
292314245943300,648.25,794.421,0,138.166,77.9697,-545.467,-2.27281,6.74706,-0.039383,0.117486,0.992293,57.0887,57.0887,1,689.715,778.414,0,199.015,81.0313,-546.724,-7.86424,6.07769,-0.136057,0.105877,0.985027,57.1298,57.1298,1,668.983,786.417,1,0
292314250943300,632.268,779.456,0,138.078,78.0136,-545.358,-2.56303,6.46729,-0.0444339,0.112636,0.992642,57.0774,57.0774,1,673.891,769.371,0,198.92,81.1788,-546.256,-8.14888,5.90542,-0.140994,0.102887,0.98465,57.082,57.082,1,653.079,774.414,1,0
292314255943300,552.802,816.003,0,137.894,78.1273,-545.158,-4.03035,7.12971,-0.0697414,0.124116,0.989814,57.0557,57.0557,1,621.1,757.441,0,198.707,81.2839,-545.878,-9.09976,5.66872,-0.15738,0.0987764,0.982586,57.0439,57.0439,1,586.951,786.722,1,0
292314260943300,440.071,802.714,0,137.626,78.1245,-545.202,-6.10395,6.8626,-0.105571,0.119489,0.987207,57.0599,57.0599,1,479.074,740.688,0,198.415,81.2783,-545.862,-11.644,5.32739,-0.200958,0.0928466,0.97519,57.0425,57.0425,1,459.572,771.701,1,0
292314265943300,330.837,804.697,0,137.364,78.062,-545.39,-8.09927,6.86992,-0.139877,0.119616,0.982917,57.0792,57.0792,1,395.898,725.196,0,198.158,81.1999,-546.019,-13.1077,5.01858,-0.225913,0.0874789,0.970212,57.0593,57.0593,1,363.367,764.947,1,0
292314270943300,251.642,778.101,0,137.148,77.9628,-545.594,-9.52781,6.36467,-0.164506,0.110856,0.980127,57.1008,57.1008,1,311.005,749.205,0,197.967,81.112,-546.249,-14.5866,5.4242,-0.250715,0.0945289,0.963435,57.0831,57.0831,1,281.323,763.653,1,0
292314275943300,198.063,780.902,0,137.009,77.9589,-545.562,-10.4865,6.40116,-0.18087,0.111489,0.977168,57.098,57.098,1,273.016,718.245,0,197.81,81.0134,-546.395,-15.2385,4.85501,-0.261895,0.0846346,0.961378,57.0993,57.0993,1,235.539,749.573,1,0
292314280943300,144.154,769.44,0,136.844,77.8514,-545.793,-11.4429,6.1792,-0.197239,0.107638,0.974428,57.1224,57.1224,1,189.844,680.738,0,197.634,80.9159,-546.545,-16.6552,4.16463,-0.285855,0.0726225,0.955517,57.1159,57.1159,1,166.999,725.089,1,0
292314285943300,104.673,748.078,0,136.725,77.7408,-546.035,-12.1397,5.78185,-0.209226,0.100741,0.972664,57.1479,57.1479,1,129.308,668.622,0,197.527,80.813,-546.772,-17.679,3.93097,-0.30297,0.0685545,0.950531,57.1398,57.1398,1,116.99,708.35,1,0
292314290943300,92.6677,706.968,0,136.676,77.629,-546.196,-12.352,5.03578,-0.213092,0.0877778,0.973081,57.1659,57.1659,1,125.097,659.074,0,197.501,80.7216,-546.971,-17.7439,3.76606,-0.304104,0.0656828,0.950372,57.1608,57.1608,1,108.882,683.021,1,0
292314295943300,108.678,695.022,0,136.689,77.5765,-546.259,-12.0666,4.82687,-0.208307,0.0841452,0.974437,57.1731,57.1731,1,142.98,640.176,0,197.519,80.7376,-546.826,-17.4407,3.4395,-0.299179,0.0599946,0.952309,57.1468,57.1468,1,125.829,667.599,1,0
292314300943300,126.881,682.431,0,136.724,77.5912,-546.167,-11.7427,4.60406,-0.202861,0.0802696,0.975912,57.1641,57.1641,1,160.116,637.554,0,197.559,80.6847,-546.972,-17.1491,3.40079,-0.294339,0.0593201,0.953858,57.1618,57.1618,1,143.499,659.992,1,0
292314305943300,134.09,672.08,0,136.742,77.6094,-546.082,-11.6155,4.41687,-0.200745,0.0770126,0.976612,57.1556,57.1556,1,154.052,630.95,0,197.572,80.6738,-546.992,-17.2566,3.27889,-0.296165,0.0571963,0.953423,57.164,57.164,1,144.071,651.515,1,0
292314310943300,131.498,671.172,0,136.749,77.6451,-545.978,-11.6627,4.39899,-0.201554,0.0767014,0.97647,57.145,57.145,1,155.33,626.223,0,197.582,80.681,-546.991,-17.236,3.19378,-0.295849,0.0557131,0.953609,57.1637,57.1637,1,143.414,648.697,1,0
292314315943300,128.512,676.445,0,136.735,77.6208,-546.086,-11.7145,4.4944,-0.202411,0.0783617,0.976161,57.1558,57.1558,1,146.835,629.588,0,197.575,80.7198,-546.914,-17.38,3.25075,-0.298227,0.0567059,0.952809,57.1555,57.1555,1,137.673,653.016,1,0
292314320943300,128.121,686.368,0,136.734,77.6246,-546.124,-11.7219,4.6736,-0.202486,0.0814794,0.97589,57.1592,57.1592,1,150.065,631.022,0,197.576,80.6951,-547.016,-17.3264,3.27469,-0.297328,0.0571231,0.953065,57.1657,57.1657,1,139.093,658.695,1,0
292314325943300,135.651,684.675,0,136.733,77.6307,-546.117,-11.5841,4.64652,-0.200146,0.0810081,0.976411,57.1584,57.1584,1,160.861,630.269,0,197.58,80.709,-546.995,-17.1417,3.2643,-0.294257,0.0569419,0.954028,57.1634,57.1634,1,148.256,657.472,1,0
292314330943300,134.414,689.244,0,136.726,77.6423,-546.125,-11.6071,4.72678,-0.200515,0.0824043,0.976219,57.1589,57.1589,1,158.881,623.598,0,197.578,80.7321,-546.916,-17.1752,3.14526,-0.29485,0.0548676,0.953967,57.1554,57.1554,1,146.648,656.421,1,0
292314335943300,137.239,692.704,0,136.732,77.6756,-546.065,-11.5579,4.78806,-0.19966,0.0834702,0.976304,57.1524,57.1524,1,155.879,631.818,0,197.576,80.7303,-546.966,-17.2267,3.28921,-0.295666,0.0573761,0.953567,57.1601,57.1601,1,146.559,662.261,1,0
292314340943300,138.669,691.071,0,136.723,77.6693,-546.104,-11.5321,4.75753,-0.199228,0.0829392,0.976437,57.1562,57.1562,1,152.719,626.334,0,197.579,80.6999,-547.088,-17.2814,3.18866,-0.296605,0.0556239,0.953379,57.1723,57.1723,1,145.694,658.702,1,0
292314345943300,135.029,702.858,0,136.722,77.6907,-546.082,-11.5971,4.97042,-0.200272,0.0866415,0.975902,57.1536,57.1536,1,159.526,632.412,0,197.58,80.7282,-547.041,-17.1648,3.29822,-0.294632,0.057533,0.953877,57.1672,57.1672,1,147.278,667.635,1,0
292314350943300,142.653,703.594,0,136.719,77.6967,-546.089,-11.4591,4.98563,-0.197917,0.086906,0.976359,57.1541,57.1541,1,156.903,656.949,0,197.579,80.7466,-547.071,-17.2094,3.73241,-0.295237,0.0650968,0.953204,57.1696,57.1696,1,149.778,680.271,1,0
292314355943300,134.271,703.15,0,136.706,77.6819,-546.158,-11.6091,4.97432,-0.200475,0.0867092,0.975854,57.1609,57.1609,1,155.31,657.115,0,197.569,80.7664,-547.035,-17.2373,3.73258,-0.295701,0.0650997,0.95306,57.1658,57.1658,1,144.79,680.132,1,0
292314360943300,139.749,706.43,0,136.705,77.7132,-546.105,-11.5103,5.0342,-0.198774,0.0877504,0.976109,57.1552,57.1552,1,154.88,669.003,0,197.57,80.7749,-547.062,-17.2441,3.94311,-0.295742,0.068766,0.95279,57.1681,57.1681,1,147.314,687.716,1,0
292314365943300,135.435,705.149,0,136.698,77.718,-546.137,-11.5852,5.00998,-0.200058,0.0873292,0.975884,57.1581,57.1581,1,166.441,669.247,0,197.577,80.7809,-547.077,-17.049,3.94838,-0.292493,0.0688578,0.953785,57.1693,57.1693,1,150.938,687.198,1,0
292314370943300,126.028,687.799,0,136.686,77.7445,-546.065,-11.7515,4.69157,-0.202986,0.0817918,0.97576,57.1506,57.1506,1,162.021,667.34,0,197.561,80.8339,-546.92,-17.1248,3.91154,-0.293769,0.0682162,0.953439,57.1532,57.1532,1,144.024,677.569,1,0
292314375943300,121.104,689.959,0,136.672,77.7469,-546.111,-11.8388,4.72785,-0.204461,0.0824229,0.975398,57.1549,57.1549,1,157.344,666.575,0,197.553,80.8158,-546.984,-17.2047,3.89512,-0.295104,0.0679303,0.953047,57.1597,57.1597,1,139.224,678.267,1,0
292314380943300,116.431,693.595,0,136.661,77.7354,-546.206,-11.9231,4.78997,-0.205878,0.0835035,0.975009,57.1641,57.1641,1,163.572,662.203,0,197.542,80.8288,-546.951,-17.0993,3.81697,-0.293377,0.0665695,0.953676,57.1562,57.1562,1,140.001,677.899,1,0
292314385943300,126.686,690.249,0,136.652,77.7599,-546.168,-11.7373,4.73116,-0.202731,0.0824805,0.975755,57.16,57.16,1,177.776,668.047,0,197.54,80.8689,-546.872,-16.8547,3.92585,-0.289265,0.0684653,0.954798,57.1478,57.1478,1,152.231,679.148,1,0
292314390943300,125.226,693.255,0,136.638,77.7773,-546.153,-11.7613,4.78496,-0.203124,0.0834162,0.975593,57.1581,57.1581,1,174.262,643.102,0,197.526,80.8433,-546.926,-16.9133,3.47999,-0.290389,0.0607,0.954982,57.1535,57.1535,1,149.744,668.178,1,0
292314395943300,130.726,695.174,0,136.63,77.7902,-546.15,-11.6603,4.82161,-0.201393,0.0840536,0.975897,57.1575,57.1575,1,165.615,649.158,0,197.502,80.8825,-546.849,-17.0591,3.58453,-0.292784,0.0625211,0.954132,57.1453,57.1453,1,148.171,672.166,1,0
292314400943300,122.022,688.177,0,136.61,77.7913,-546.161,-11.8153,4.69055,-0.204072,0.0817741,0.975535,57.1585,57.1585,1,164.424,634.462,0,197.492,80.8896,-546.842,-17.0773,3.32263,-0.293168,0.0579584,0.954303,57.1444,57.1444,1,143.223,661.319,1,0
292314405943300,135.666,689.469,0,136.61,77.8368,-546.066,-11.5708,4.71518,-0.199901,0.0822026,0.976362,57.1484,57.1484,1,159.273,627.569,0,197.482,80.865,-546.914,-17.1641,3.19842,-0.294649,0.055794,0.953975,57.1518,57.1518,1,147.469,658.519,1,0
292314410943300,133.07,685.626,0,136.59,77.8309,-546.104,-11.6194,4.64037,-0.200749,0.0809012,0.976297,57.1522,57.1522,1,162.945,630.066,0,197.466,80.89,-546.864,-17.0998,3.2432,-0.293566,0.0565742,0.954263,57.1465,57.1465,1,148.008,657.846,1,0
292314415943300,139.018,683.996,0,136.576,77.8548,-546.061,-11.5151,4.60708,-0.198981,0.0803221,0.976706,57.1475,57.1475,1,159.024,623.205,0,197.456,80.877,-546.901,-17.1657,3.11986,-0.294699,0.0544249,0.954039,57.1504,57.1504,1,149.021,653.6,1,0
292314420943300,143.117,681.829,0,136.552,77.8372,-546.137,-11.4403,4.56697,-0.197717,0.0796243,0.97702,57.155,57.155,1,156.968,616.153,0,197.443,80.8872,-546.889,-17.1991,2.99332,-0.29529,0.0522196,0.953979,57.149,57.149,1,150.043,648.991,1,0
292314425943300,137.224,685.399,0,136.537,77.871,-546.076,-11.5426,4.63102,-0.199444,0.0807385,0.976577,57.1485,57.1485,1,151.588,617.45,0,197.419,80.9136,-546.813,-17.289,3.01493,-0.29678,0.0525962,0.953496,57.1411,57.1411,1,144.406,651.424,1,0
292314430943300,138.663,689.836,0,136.519,77.8722,-546.1,-11.5134,4.71316,-0.198922,0.0821675,0.976565,57.1507,57.1507,1,152.964,617.509,0,197.414,80.9127,-546.839,-17.2629,3.01767,-0.296345,0.052644,0.953629,57.1436,57.1436,1,145.813,653.672,1,0
292314435943300,145.1,676.98,0,136.507,77.8619,-546.109,-11.3939,4.48299,-0.196949,0.0781631,0.977293,57.1518,57.1518,1,154.153,622.213,0,197.411,80.8691,-546.987,-17.2407,3.10274,-0.295952,0.0541266,0.953668,57.1587,57.1587,1,149.627,649.597,1,0
292314440943300,143.664,687.863,0,136.489,77.8644,-546.151,-11.4171,4.68089,-0.19729,0.0816061,0.976943,57.1557,57.1557,1,144.71,609.346,0,197.383,80.898,-546.871,-17.4006,2.87055,-0.298675,0.0500796,0.95304,57.147,57.147,1,144.187,648.604,1,0
292314445943300,139.313,684.187,0,136.473,77.8599,-546.155,-11.4952,4.61174,-0.19864,0.0804032,0.976769,57.1562,57.1562,1,150.945,617.78,0,197.376,80.8912,-546.918,-17.2952,3.01999,-0.296881,0.0526844,0.95346,57.1515,57.1515,1,145.129,650.983,1,0
292314450943300,141.28,689.853,0,136.457,77.863,-546.179,-11.4565,4.71639,-0.197951,0.0822236,0.976757,57.1584,57.1584,1,144.97,628.036,0,197.345,80.9267,-546.821,-17.3958,3.19971,-0.298505,0.0558164,0.952775,57.1415,57.1415,1,143.125,658.944,1,0
292314455943300,132.304,695.917,0,136.439,77.8674,-546.185,-11.6153,4.82481,-0.200626,0.0841093,0.976051,57.1588,57.1588,1,151.663,629.226,0,197.335,80.909,-546.882,-17.2842,3.21878,-0.296643,0.0561487,0.953337,57.1477,57.1477,1,141.984,662.572,1,0
292314460943300,143.108,702.521,0,136.428,77.8421,-546.263,-11.4211,4.94758,-0.197281,0.0862444,0.976546,57.1668,57.1668,1,139.18,638.852,0,197.309,80.932,-546.806,-17.4955,3.38658,-0.300106,0.0590726,0.952075,57.14,57.14,1,141.144,670.686,1,0
292314465943300,135.972,686.205,0,136.407,77.8359,-546.25,-11.5466,4.64958,-0.199506,0.0810614,0.976538,57.1657,57.1657,1,148.906,639.456,0,197.304,80.8948,-546.88,-17.3294,3.40089,-0.297341,0.059322,0.952927,57.1479,57.1479,1,142.439,662.83,1,0
292314470943300,131.559,690.14,0,136.396,77.8522,-546.206,-11.6221,4.72221,-0.200773,0.0823248,0.976173,57.1612,57.1612,1,159.549,646.927,0,197.299,80.8966,-546.839,-17.148,3.53763,-0.29428,0.0617041,0.953725,57.144,57.144,1,145.554,668.533,1,0
292314475943300,124.819,673.449,0,136.371,77.8501,-546.178,-11.7408,4.41681,-0.20288,0.0770116,0.976171,57.1586,57.1586,1,163.819,654.426,0,197.278,80.8956,-546.791,-17.0731,3.67448,-0.292988,0.0640878,0.953966,57.1396,57.1396,1,144.319,663.938,1,0
292314480943300,120.462,669.35,0,136.319,77.8367,-546.12,-11.8192,4.33885,-0.204237,0.0756549,0.975994,57.1535,57.1535,1,147.901,653.419,0,197.228,80.896,-546.646,-17.3394,3.6579,-0.297424,0.063799,0.952611,57.1258,57.1258,1,134.182,661.384,1,0
292314485943300,84.5082,649.904,0,136.249,77.7048,-546.195,-12.4546,3.98797,-0.215144,0.069547,0.974103,57.1639,57.1639,1,125.544,620.285,0,197.167,80.7874,-546.691,-17.7106,3.07416,-0.303771,0.0536286,0.951234,57.1328,57.1328,1,105.026,635.094,1,0
292314490943300,68.2847,540.341,0,136.216,77.4509,-546.341,-12.7374,2.0106,-0.220347,0.0350844,0.97479,57.184,57.184,1,120.899,516.766,0,197.154,80.4824,-546.9,-17.7852,1.2539,-0.305376,0.0218829,0.95198,57.1602,57.1602,1,94.5917,528.554,1,0
292314495943300,85.4769,435.332,0,136.244,77.1921,-546.421,-12.4312,0.117325,-0.215267,0.0020477,0.976553,57.198,57.198,1,143.587,403.696,0,197.167,80.2283,-547.007,-17.3965,-0.739989,-0.298957,-0.0129149,0.954179,57.1766,57.1766,1,114.532,419.514,1,0
292314500943300,112.835,349.548,0,136.289,76.9879,-546.425,-11.9406,-1.42862,-0.206834,-0.0249316,0.978058,57.2036,57.2036,1,169.98,356.455,0,197.195,80.0752,-546.939,-16.9478,-1.57087,-0.29139,-0.0274135,0.956211,57.1741,57.1741,1,141.407,353.002,1,0
292314505943300,135.834,263.407,0,136.356,76.8095,-546.521,-11.536,-2.99706,-0.19971,-0.0522847,0.978459,57.2171,57.2171,1,182.307,273.876,0,197.222,79.8601,-547.115,-16.7377,-3.03582,-0.287586,-0.0529603,0.956289,57.1961,57.1961,1,159.07,268.642,1,0
292314510943300,154.296,242.426,0,136.405,76.7949,-546.374,-11.2102,-3.38304,-0.19407,-0.059011,0.979211,57.2037,57.2037,1,206.598,227.099,0,197.242,79.8235,-546.935,-16.3232,-3.87338,-0.280413,-0.0675518,0.9575,57.1801,57.1801,1,180.447,234.763,1,0
292314515943300,159.88,260.207,0,136.416,76.773,-546.342,-11.1122,-3.05773,-0.192456,-0.0533421,0.979855,57.2011,57.2011,1,204.495,204.913,0,197.233,79.7866,-546.929,-16.3599,-4.26759,-0.280889,-0.0744146,0.956851,57.1805,57.1805,1,182.188,232.56,1,0
292314520943300,158.727,276.331,0,136.419,76.7821,-546.348,-11.1346,-2.76466,-0.192889,-0.0482336,0.980034,57.2016,57.2016,1,183.754,203.958,0,197.214,79.7913,-546.896,-16.7167,-4.27808,-0.286839,-0.0745971,0.95507,57.1772,57.1772,1,171.24,240.145,1,0
292314525943300,162.077,277.832,0,136.41,76.7789,-546.361,-11.0717,-2.73556,-0.191819,-0.0477264,0.980269,57.2028,57.2028,1,191.477,208.05,0,197.212,79.7848,-546.926,-16.5822,-4.2062,-0.284622,-0.0733462,0.95583,57.1802,57.1802,1,176.777,242.941,1,0
292314530943300,161.437,280.687,0,136.4,76.7926,-546.324,-11.0793,-2.67932,-0.191957,-0.0467458,0.980289,57.199,57.199,1,185.005,209.241,0,197.208,79.7927,-546.912,-16.6934,-4.18308,-0.286485,-0.0729437,0.955304,57.1787,57.1787,1,173.221,244.964,1,0
292314535943300,158.128,271.377,0,136.394,76.7863,-546.318,-11.1371,-2.84672,-0.192918,-0.0496641,0.979957,57.1985,57.1985,1,176.278,199.815,0,197.208,79.8033,-546.843,-16.8447,-4.34837,-0.288944,-0.0758205,0.954339,57.172,57.172,1,167.203,235.596,1,0
292314540943300,154.561,280.111,0,136.389,76.7761,-546.334,-11.2022,-2.68703,-0.194058,-0.0468803,0.979869,57.2003,57.2003,1,175.407,207.805,0,197.211,79.7864,-546.883,-16.8606,-4.20639,-0.289263,-0.0733494,0.954435,57.1761,57.1761,1,164.984,243.958,1,0
292314545943300,160.868,274.241,0,136.388,76.7758,-546.301,-11.0871,-2.79343,-0.192072,-0.0487353,0.98017,57.1973,57.1973,1,182.893,210.781,0,197.216,79.7898,-546.862,-16.7324,-4.1554,-0.287145,-0.0724619,0.955143,57.1741,57.1741,1,171.881,242.511,1,0
292314550943300,156.108,286.088,0,136.389,76.7763,-546.284,-11.1736,-2.57543,-0.193587,-0.0449347,0.980054,57.1956,57.1956,1,179.198,211.54,0,197.218,79.7798,-546.872,-16.7956,-4.13901,-0.288204,-0.0721766,0.954845,57.1753,57.1753,1,167.653,248.814,1,0
292314555943300,160.94,300.92,0,136.39,76.77,-546.311,-11.0869,-2.30454,-0.192141,-0.040211,0.980543,57.1983,57.1983,1,198.017,205.514,0,197.234,79.8248,-546.69,-16.4738,-4.2522,-0.282796,-0.0741467,0.95631,57.157,57.157,1,179.478,253.217,1,0
292314560943300,157.901,294.715,0,136.388,76.7523,-546.326,-11.1423,-2.41758,-0.193074,-0.0421823,0.980277,57.2002,57.2002,1,188.694,208.165,0,197.234,79.8174,-546.696,-16.6336,-4.19945,-0.285481,-0.0732287,0.955583,57.1578,57.1578,1,173.298,251.44,1,0
292314565943300,160.368,291.609,0,136.399,76.7625,-546.274,-11.0992,-2.47531,-0.192328,-0.0431888,0.98038,57.1951,57.1951,1,199.567,209.63,0,197.247,79.8193,-546.691,-16.448,-4.17814,-0.282392,-0.0728577,0.956528,57.1572,57.1572,1,179.967,250.619,1,0
292314570943300,161.071,296.04,0,136.405,76.7537,-546.285,-11.0872,-2.39368,-0.192136,-0.0417654,0.980479,57.1963,57.1963,1,196.017,207.388,0,197.254,79.8222,-546.666,-16.5109,-4.21794,-0.283428,-0.0735504,0.956169,57.1548,57.1548,1,178.544,251.714,1,0
292314575943300,156.378,288.449,0,136.409,76.7427,-546.278,-11.1743,-2.53357,-0.193604,-0.0442047,0.980083,57.1959,57.1959,1,191.997,206.241,0,197.264,79.8147,-546.687,-16.5828,-4.23962,-0.284619,-0.0739278,0.955786,57.157,57.157,1,174.188,247.345,1,0
292314580943300,157.95,282.916,0,136.417,76.7356,-546.268,-11.1475,-2.6357,-0.193132,-0.0459853,0.980095,57.1952,57.1952,1,188.074,210.938,0,197.267,79.832,-546.646,-16.6512,-4.15513,-0.285791,-0.0724571,0.955549,57.1526,57.1526,1,173.012,246.927,1,0
292314585943300,153.54,292.621,0,136.424,76.7465,-546.254,-11.2296,-2.45999,-0.194561,-0.0429217,0.979951,57.1936,57.1936,1,178.037,202.901,0,197.28,79.8178,-546.679,-16.8243,-4.29353,-0.288626,-0.0748662,0.95451,57.1561,57.1561,1,165.789,247.761,1,0
292314590943300,155.908,288.04,0,136.435,76.7512,-546.215,-11.1885,-2.54489,-0.193846,-0.044402,0.980027,57.1898,57.1898,1,177.638,204.618,0,197.298,79.8141,-546.723,-16.8312,-4.26136,-0.288752,-0.0743062,0.954516,57.1604,57.1604,1,166.773,246.329,1,0
292314595943300,161.625,279.96,0,136.447,76.741,-546.23,-11.0859,-2.69263,-0.192068,-0.046978,0.980257,57.1915,57.1915,1,169.088,197.591,0,197.307,79.8101,-546.739,-16.9794,-4.38439,-0.291174,-0.0764474,0.953611,57.162,57.162,1,165.356,238.776,1,0
292314600943300,154.995,266.06,0,136.454,76.7462,-546.194,-11.2058,-2.94545,-0.194078,-0.0513852,0.979639,57.1879,57.1879,1,174.909,209.307,0,197.322,79.8374,-546.692,-16.8813,-4.17915,-0.289617,-0.0728752,0.954364,57.1568,57.1568,1,164.952,237.684,1,0
292314605943300,161.44,272.648,0,136.463,76.7391,-546.244,-11.0901,-2.82591,-0.192119,-0.0493014,0.980132,57.1928,57.1928,1,165.518,216.827,0,197.335,79.7987,-546.846,-17.0435,-4.04337,-0.292369,-0.0705115,0.953703,57.1723,57.1723,1,163.479,244.737,1,0
292314610943300,162.937,263.822,0,136.481,76.7487,-546.206,-11.064,-2.98694,-0.191645,-0.0521084,0.98008,57.189,57.189,1,160.766,213.489,0,197.346,79.78,-546.908,-17.1263,-4.10192,-0.293724,-0.0715309,0.95321,57.1787,57.1787,1,161.852,238.655,1,0
292314615943300,158.601,265.694,0,136.493,76.7587,-546.168,-11.1439,-2.95241,-0.193017,-0.0515065,0.979843,57.1852,57.1852,1,157.542,212.837,0,197.352,79.7975,-546.881,-17.1822,-4.1132,-0.29465,-0.0717272,0.95291,57.1756,57.1756,1,158.072,239.266,1,0
292314620943300,158.445,265.645,0,136.516,76.7899,-546.091,-11.149,-2.95463,-0.193104,-0.0515451,0.979823,57.1771,57.1771,1,160.19,215.865,0,197.374,79.7936,-546.92,-17.1384,-4.06046,-0.293941,-0.0708091,0.953197,57.1794,57.1794,1,159.318,240.755,1,0
292314625943300,165.707,284.838,0,136.536,76.7672,-546.22,-11.0192,-2.60348,-0.190941,-0.0454237,0.98055,57.1898,57.1898,1,152.255,211.691,0,197.382,79.8011,-546.911,-17.2745,-4.13156,-0.296178,-0.0720469,0.952411,57.1784,57.1784,1,158.981,248.264,1,0
292314630943300,170.466,279.756,0,136.55,76.7751,-546.183,-10.9335,-2.69591,-0.18946,-0.0470351,0.980761,57.1861,57.1861,1,161.439,222.593,0,197.406,79.8076,-546.935,-17.1178,-3.93945,-0.293642,-0.0687021,0.953444,57.1804,57.1804,1,165.952,251.174,1,0
292314635943300,170.555,291.201,0,136.555,76.7761,-546.224,-10.9314,-2.48539,-0.189455,-0.0433646,0.980931,57.19,57.19,1,162.707,212.102,0,197.422,79.783,-546.99,-17.0946,-4.12203,-0.29319,-0.0718809,0.953348,57.1862,57.1862,1,166.631,251.652,1,0
292314640943300,172.933,295.044,0,136.566,76.7914,-546.197,-10.8891,-2.41539,-0.188741,-0.0421439,0.981122,57.1871,57.1871,1,163.42,210.451,0,197.435,79.7687,-547.059,-17.0826,-4.15128,-0.292979,-0.0723901,0.953375,57.1931,57.1931,1,168.176,252.747,1,0
292314645943300,170.71,296.468,0,136.577,76.7804,-546.249,-10.9278,-2.38528,-0.189408,-0.041619,0.981016,57.1922,57.1922,1,166.483,214.223,0,197.445,79.8132,-546.947,-17.0318,-4.08639,-0.292157,-0.0712606,0.953712,57.1814,57.1814,1,168.597,255.346,1,0
292314650943300,171.79,292.068,0,136.592,76.8023,-546.199,-10.9086,-2.4656,-0.189068,-0.0430195,0.981021,57.187,57.187,1,174.61,213.303,0,197.462,79.8075,-546.992,-16.8941,-4.10712,-0.289858,-0.0716214,0.954386,57.1859,57.1859,1,173.2,252.685,1,0
292314655943300,166.141,281.569,0,136.604,76.8097,-546.176,-11.0123,-2.65827,-0.190815,-0.0463789,0.98053,57.1847,57.1847,1,179.727,218.485,0,197.474,79.8318,-546.952,-16.8077,-4.01777,-0.28845,-0.0700659,0.954928,57.1814,57.1814,1,172.934,250.027,1,0
292314660943300,165.34,284.255,0,136.614,76.8091,-546.199,-11.0287,-2.61055,-0.191102,-0.0455469,0.980513,57.1869,57.1869,1,186.528,223.604,0,197.491,79.8474,-546.959,-16.6935,-3.93229,-0.286575,-0.0685776,0.9556,57.1817,57.1817,1,175.934,253.93,1,0
292314665943300,155.192,271.526,0,136.615,76.8092,-546.199,-11.2115,-2.84151,-0.194192,-0.0495734,0.97971,57.1868,57.1868,1,203.828,229.706,0,197.512,79.8352,-547.012,-16.3971,-3.82942,-0.281663,-0.0667862,0.957186,57.187,57.187,1,179.51,250.616,1,0
292314670943300,154.86,267.133,0,136.626,76.8062,-546.21,-11.2201,-2.92414,-0.194325,-0.0510137,0.97961,57.1879,57.1879,1,200.277,221.329,0,197.517,79.8427,-546.995,-16.4592,-3.97871,-0.282649,-0.0693858,0.956711,57.1852,57.1852,1,177.569,244.231,1,0
292314675943300,149.786,258.408,0,136.626,76.8007,-546.238,-11.3116,-3.08309,-0.19586,-0.0537841,0.979156,57.1907,57.1907,1,202.284,220.894,0,197.529,79.8352,-547.053,-16.4254,-3.98815,-0.282082,-0.0695502,0.956866,57.1908,57.1908,1,176.035,239.651,1,0
292314680943300,158.888,257.053,0,136.641,76.8116,-546.218,-11.1499,-3.11183,-0.193092,-0.054285,0.979678,57.1885,57.1885,1,201.266,230.563,0,197.538,79.8449,-547.062,-16.4434,-3.81534,-0.28244,-0.0665411,0.956974,57.1915,57.1915,1,180.077,243.808,1,0
292314685943300,148.827,245.663,0,136.641,76.796,-546.269,-11.3341,-3.32196,-0.196199,-0.0579466,0.97885,57.1937,57.1937,1,195.57,236.992,0,197.549,79.8704,-547.035,-16.5424,-3.69968,-0.284131,-0.0645267,0.956612,57.1883,57.1883,1,172.199,241.328,1,0
292314690943300,154.834,241.346,0,136.654,76.7965,-546.265,-11.2279,-3.40367,-0.194368,-0.0593703,0.97913,57.1933,57.1933,1,194.264,240.581,0,197.555,79.8789,-547.033,-16.5665,-3.63733,-0.284553,-0.0634408,0.956559,57.1879,57.1879,1,174.549,240.963,1,0
292314695943300,151.343,241.036,0,136.658,76.8071,-546.256,-11.2922,-3.41075,-0.195465,-0.0594936,0.978904,57.1923,57.1923,1,203.683,239.05,0,197.574,79.8678,-547.083,-16.4039,-3.66529,-0.281828,-0.0639277,0.957333,57.1929,57.1929,1,177.513,240.043,1,0
292314700943300,149.223,237.37,0,136.669,76.7972,-546.286,-11.3338,-3.4806,-0.196162,-0.0607105,0.97869,57.1953,57.1953,1,202.346,250.358,0,197.586,79.8939,-547.074,-16.4282,-3.46479,-0.282297,-0.0604351,0.957422,57.1914,57.1914,1,175.785,243.864,1,0
292314705943300,143.932,222.098,0,136.675,76.8013,-546.273,-11.4284,-3.75687,-0.197718,-0.0655227,0.978067,57.194,57.194,1,180.32,245.202,0,197.562,79.9619,-546.868,-16.8064,-3.55105,-0.288583,-0.0619378,0.955449,57.1703,57.1703,1,162.126,233.65,1,0
292314710943300,149.713,230.443,0,136.684,76.7985,-546.319,-11.3253,-3.60648,-0.195989,-0.0629034,0.978586,57.1984,57.1984,1,184.057,236.741,0,197.571,79.9666,-546.857,-16.7421,-3.70209,-0.287462,-0.0645687,0.955613,57.1691,57.1691,1,166.885,233.592,1,0
292314715943300,144.69,222.776,0,136.682,76.7562,-546.428,-11.4158,-3.74417,-0.197505,-0.0653017,0.978124,57.2097,57.2097,1,181.516,216.134,0,197.58,79.956,-546.884,-16.7853,-4.0671,-0.288058,-0.0709246,0.954983,57.172,57.172,1,163.103,219.455,1,0
292314720943300,147.916,224.037,0,136.696,76.7945,-546.316,-11.3576,-3.72095,-0.196516,-0.0648973,0.97835,57.1982,57.1982,1,169.997,203.681,0,197.59,79.9358,-546.942,-16.9829,-4.28331,-0.29127,-0.0746883,0.953721,57.1779,57.1779,1,158.956,213.859,1,0
292314725943300,148.899,216.693,0,136.703,76.7641,-546.388,-11.3413,-3.85521,-0.196207,-0.0672354,0.978255,57.2057,57.2057,1,167.069,219.465,0,197.6,79.9513,-546.936,-17.0331,-4.00086,-0.29221,-0.0697715,0.953806,57.1769,57.1769,1,157.984,218.079,1,0
292314730943300,154.352,239.182,0,136.712,76.7256,-546.561,-11.2431,-3.44385,-0.19462,-0.0600703,0.979038,57.223,57.223,1,164.235,204.236,0,197.61,79.9428,-546.95,-17.0834,-4.27185,-0.292947,-0.0744888,0.953223,57.1785,57.1785,1,159.293,221.709,1,0
292314735943300,154.553,230.817,0,136.718,76.7044,-546.606,-11.2396,-3.5953,-0.194529,-0.0627086,0.97889,57.2277,57.2277,1,166.667,200.748,0,197.623,79.9275,-546.999,-17.0406,-4.33173,-0.292212,-0.0755309,0.953366,57.1834,57.1834,1,160.61,215.783,1,0
292314740943300,155.146,234.309,0,136.723,76.7013,-546.624,-11.229,-3.53084,-0.19436,-0.0615858,0.978995,57.2295,57.2295,1,166.208,198.345,0,197.631,79.9444,-546.954,-17.0499,-4.37524,-0.29235,-0.0762882,0.953264,57.1789,57.1789,1,160.677,216.327,1,0
292314745943300,152.154,239.729,0,136.731,76.7095,-546.62,-11.2813,-3.42799,-0.195275,-0.059794,0.978924,57.229,57.229,1,178.845,217.752,0,197.661,79.9053,-547.122,-16.8339,-4.03349,-0.288882,-0.0703396,0.954777,57.1956,57.1956,1,165.499,228.74,1,0
292314750943300,148.886,227.592,0,136.739,76.6979,-546.626,-11.3374,-3.64298,-0.196189,-0.0635391,0.978505,57.2298,57.2298,1,180.071,210.575,0,197.666,79.9259,-547.058,-16.8139,-4.16223,-0.288501,-0.0725807,0.954725,57.1891,57.1891,1,164.479,219.084,1,0
292314755943300,170.816,241.613,0,136.787,76.7654,-546.457,-10.9439,-3.3904,-0.189515,-0.0591392,0.980095,57.2122,57.2122,1,187.509,217.147,0,197.678,79.9344,-547.059,-16.687,-4.04834,-0.286427,-0.0705981,0.955497,57.1889,57.1889,1,179.163,229.38,1,0
292314760943300,162.213,239.857,0,136.787,76.7458,-546.515,-11.0974,-3.41717,-0.192135,-0.0596055,0.979557,57.2182,57.2182,1,191.494,211.923,0,197.689,79.9258,-547.085,-16.6197,-4.14343,-0.285271,-0.0722536,0.95572,57.1916,57.1916,1,176.853,225.89,1,0
292314765943300,163.592,242.964,0,136.802,76.7418,-546.542,-11.0707,-3.35589,-0.191692,-0.0585379,0.979708,57.2208,57.2208,1,189.613,201.235,0,197.708,79.9158,-547.117,-16.6528,-4.33195,-0.285752,-0.0755347,0.955322,57.1948,57.1948,1,176.602,222.099,1,0
292314770943300,179.354,248.305,0,136.843,76.6791,-546.743,-10.7884,-3.25704,-0.18688,-0.0568155,0.980738,57.2413,57.2413,1,204.416,210.682,0,197.795,79.855,-547.397,-16.3974,-4.15927,-0.281554,-0.0725292,0.9568,57.2228,57.2228,1,191.885,229.494,1,0
292314775943300,187.729,229.781,0,136.962,76.5739,-547.017,-10.6532,-3.60045,-0.1845,-0.0627983,0.980824,57.2696,57.2696,1,253.439,233.715,0,198,79.7307,-547.915,-15.5647,-3.76406,-0.267747,-0.065648,0.96125,57.2746,57.2746,1,220.584,231.748,1,0
292314780943300,280.66,238.927,0,137.2,76.5066,-547.283,-8.98724,-3.45104,-0.155931,-0.0601956,0.985932,57.2964,57.2964,1,357.344,256.63,0,198.279,79.704,-548.145,-13.7659,-3.37642,-0.237543,-0.0588955,0.96959,57.2969,57.2969,1,319.002,247.779,1,0
292314785943300,398.117,261.762,0,137.5,76.5366,-547.304,-6.85541,-3.04326,-0.119196,-0.0530899,0.99145,57.2976,57.2976,1,463.996,285.616,0,198.576,79.7691,-548.085,-11.8968,-2.87399,-0.205891,-0.0501395,0.97729,57.2896,57.2896,1,431.057,273.689,1,0
292314790943300,510.183,290.649,0,137.82,76.5314,-547.456,-4.8112,-2.52149,-0.0837915,-0.043994,0.995512,57.3121,57.3121,1,581.173,315.519,0,198.891,79.8014,-548.169,-9.81725,-2.3602,-0.170361,-0.0411816,0.984521,57.2967,57.2967,1,545.678,303.084,1,0
292314795943300,636.7,315.627,0,138.16,76.6246,-547.33,-2.48578,-2.07089,-0.0433431,-0.0361359,0.998406,57.2978,57.2978,1,728.984,302.867,0,199.208,79.8498,-548.206,-7.14313,-2.61652,-0.124219,-0.045651,0.991204,57.299,57.299,1,682.842,309.247,1,0
292314800943300,736.434,379.701,0,138.451,76.7388,-547.234,-0.647852,-0.884263,-0.0113056,-0.0154327,0.999817,57.286,57.286,1,801.336,345.922,0,199.45,79.9821,-548.049,-5.83263,-1.83511,-0.101571,-0.0320233,0.994313,57.2808,57.2808,1,768.885,362.811,1,0
292314805943300,831.219,415.86,0,138.726,76.8316,-547.191,1.10066,-0.2144,0.0192088,-0.00374197,0.999808,57.2795,57.2795,1,907.181,412.518,0,199.668,80.0616,-548.1,-3.8882,-0.608593,-0.0678059,-0.0106217,0.997642,57.2836,57.2836,1,869.2,414.189,1,0
292314810943300,903.332,436.895,0,138.984,76.8832,-547.127,2.42464,0.174773,0.0423051,0.00305036,0.9991,57.2722,57.2722,1,964.301,434.153,0,199.832,80.175,-547.898,-2.84078,-0.20257,-0.0495604,-0.0035355,0.998765,57.2618,57.2618,1,933.816,435.524,1,0
292314815943300,1001.13,448.111,0,139.212,77.0032,-546.892,4.22983,0.373877,0.0737559,0.00652533,0.997255,57.2471,57.2471,1,1028.01,478.531,0,199.983,80.2556,-547.863,-1.66608,0.610995,-0.0290728,0.0106637,0.99952,57.2565,57.2565,1,1014.57,463.321,1,0
292314820943300,1032.09,499.068,0,139.313,77.0834,-546.825,4.79719,1.31481,0.0836069,0.0229458,0.996235,57.2388,57.2388,1,1070.24,495.142,0,200.086,80.2929,-547.864,-0.886034,0.911087,-0.0154616,0.0159008,0.999754,57.2556,57.2556,1,1051.16,497.105,1,0
292314825943300,1030.18,513.127,0,139.399,77.1766,-546.587,4.75414,1.57784,0.0828489,0.027535,0.996182,57.2141,57.2141,1,1072.97,499.803,0,200.132,80.3452,-547.791,-0.840891,1.00228,-0.0146735,0.0174922,0.999739,57.2474,57.2474,1,1051.58,506.465,1,0
292314830943300,1025.98,501.793,0,139.427,77.175,-546.571,4.67324,1.36447,0.0814498,0.0238123,0.996393,57.2126,57.2126,1,1060.46,504.335,0,200.149,80.4003,-547.688,-1.07751,1.08751,-0.0188016,0.0189796,0.999643,57.2363,57.2363,1,1043.22,503.064,1,0
292314835943300,1016.37,495.01,0,139.432,77.192,-546.487,4.49413,1.23899,0.0783387,0.0216227,0.996692,57.2042,57.2042,1,1052.51,483.988,0,200.161,80.3839,-547.746,-1.22721,0.706146,-0.0214157,0.0123243,0.999695,57.2422,57.2422,1,1034.44,489.499,1,0
292314840943300,1000.03,484.662,0,139.418,77.1657,-546.543,4.19039,1.04859,0.0730586,0.0183003,0.99716,57.2102,57.2102,1,1046.89,494.305,0,200.175,80.3986,-547.741,-1.33366,0.89716,-0.0232718,0.0156577,0.999606,57.2414,57.2414,1,1023.46,489.483,1,0
292314845943300,1005.1,478.649,0,139.429,77.1499,-546.576,4.28349,0.937271,0.0746814,0.0163577,0.997073,57.2137,57.2137,1,1032.79,487.787,0,200.176,80.4102,-547.721,-1.59766,0.774463,-0.0278782,0.0135165,0.99952,57.2393,57.2393,1,1018.95,483.218,1,0
292314850943300,1015.88,471.76,0,139.443,77.1264,-546.646,4.4824,0.810333,0.078145,0.0141425,0.996842,57.2209,57.2209,1,1045.51,495.553,0,200.197,80.4288,-547.698,-1.36214,0.919571,-0.0237685,0.0160488,0.999589,57.2365,57.2365,1,1030.7,483.656,1,0
292314855943300,1023.21,469.153,0,139.467,77.1391,-546.6,4.61697,0.758789,0.080487,0.013243,0.996668,57.2162,57.2162,1,1046.88,497.834,0,200.216,80.423,-547.73,-1.33834,0.960545,-0.0233531,0.0167639,0.999587,57.2397,57.2397,1,1035.04,483.494,1,0
292314860943300,1025.83,460.946,0,139.479,77.1469,-546.561,4.66493,0.604381,0.0813239,0.0105482,0.996632,57.2124,57.2124,1,1056.7,506.87,0,200.231,80.4346,-547.733,-1.15625,1.12855,-0.020175,0.0196956,0.999602,57.2397,57.2397,1,1041.26,483.908,1,0
292314865943300,1034.44,460.132,0,139.495,77.1375,-546.597,4.82325,0.590625,0.0840777,0.0103082,0.996406,57.216,57.216,1,1062.85,492.176,0,200.252,80.4305,-547.748,-1.0431,0.853569,-0.0182025,0.014897,0.999723,57.2413,57.2413,1,1048.65,476.154,1,0
292314870943300,1042.93,463.601,0,139.513,77.1632,-546.556,4.97959,0.655289,0.0867952,0.0114367,0.99616,57.2115,57.2115,1,1063.1,501.11,0,200.268,80.4443,-547.761,-1.04029,1.02104,-0.0181526,0.0178196,0.999676,57.2421,57.2421,1,1053.02,482.355,1,0
292314875943300,1045.3,463.47,0,139.521,77.1442,-546.62,5.02237,0.652905,0.087539,0.0113951,0.996096,57.2179,57.2179,1,1056.47,500.198,0,200.276,80.4651,-547.708,-1.16534,1.00274,-0.0203346,0.0175002,0.99964,57.2366,57.2366,1,1050.89,481.834,1,0
292314880943300,1050.58,480.08,0,139.534,77.1769,-546.546,5.11974,0.962413,0.0892248,0.0167965,0.99587,57.2102,57.2102,1,1054.71,503.057,0,200.292,80.459,-547.768,-1.19953,1.05272,-0.0209307,0.0183724,0.999612,57.2424,57.2424,1,1052.64,491.569,1,0
292314885943300,1055.88,476.282,0,139.543,77.1561,-546.62,5.21704,0.8914,0.0909178,0.0155572,0.995737,57.2176,57.2176,1,1033.71,505.955,0,200.301,80.3902,-548.025,-1.59179,1.10519,-0.0277732,0.019288,0.999428,57.2684,57.2684,1,1044.8,491.119,1,0
292314890943300,1050.3,481.356,0,139.544,77.1566,-546.632,5.11334,0.98285,0.089113,0.0171531,0.995874,57.2188,57.2188,1,1029.98,512.928,0,200.298,80.4419,-547.897,-1.66201,1.23477,-0.0289967,0.0215492,0.999347,57.255,57.255,1,1040.14,497.142,1,0
292314895943300,1059.13,474.214,0,139.559,77.1694,-546.58,5.2764,0.848566,0.0919504,0.0148097,0.995653,57.2136,57.2136,1,1028.51,510.733,0,200.309,80.4297,-547.948,-1.69041,1.19473,-0.0294925,0.0208504,0.999347,57.2601,57.2601,1,1043.82,492.474,1,0
292314900943300,1053.79,473.686,0,139.553,77.1625,-546.616,5.17768,0.83779,0.090235,0.0146217,0.995813,57.2171,57.2171,1,1024.19,507.394,0,200.311,80.4375,-547.928,-1.77158,1.13243,-0.0309089,0.0197634,0.999327,57.258,57.258,1,1038.99,490.54,1,0
292314905943300,1060.05,476.011,0,139.562,77.1828,-546.558,5.29351,0.881185,0.092247,0.015379,0.995617,57.2111,57.2111,1,1016.43,507.645,0,200.313,80.4459,-547.909,-1.91709,1.13924,-0.0334467,0.0198822,0.999243,57.256,57.256,1,1038.24,491.828,1,0
292314910943300,1054.34,476.511,0,139.562,77.1751,-546.565,5.18754,0.888906,0.0904052,0.0155137,0.995784,57.212,57.212,1,1019.37,505.816,0,200.319,80.4316,-547.953,-1.86257,1.10469,-0.0324961,0.0192792,0.999286,57.2605,57.2605,1,1036.86,491.164,1,0
292314915943300,1053.11,478.003,0,139.562,77.1867,-546.535,5.16474,0.917353,0.0900081,0.0160102,0.995812,57.2089,57.2089,1,1015.86,500.732,0,200.323,80.4114,-548.003,-1.92809,1.00947,-0.0336399,0.0176177,0.999279,57.2657,57.2657,1,1034.49,489.368,1,0
292314920943300,1052.33,475.127,0,139.561,77.171,-546.573,5.15001,0.863844,0.0897534,0.0150764,0.99585,57.2128,57.2128,1,1016.97,505.511,0,200.318,80.4447,-547.918,-1.9074,1.09871,-0.0332781,0.019175,0.999262,57.2569,57.2569,1,1034.65,490.319,1,0
292314925943300,1057.32,481.676,0,139.564,77.1704,-546.591,5.24255,0.985542,0.0913586,0.0172001,0.995669,57.2146,57.2146,1,1021.17,509.984,0,200.32,80.4541,-547.898,-1.82931,1.18257,-0.0319153,0.0206383,0.999277,57.2547,57.2547,1,1039.24,495.83,1,0
292314930943300,1051.5,469.386,0,139.56,77.1733,-546.557,5.13493,0.755479,0.0894938,0.0131852,0.9959,57.2113,57.2113,1,1015.13,507.039,0,200.316,80.4477,-547.914,-1.94157,1.1271,-0.0338737,0.0196703,0.999232,57.2564,57.2564,1,1033.32,488.213,1,0
292314935943300,1049.22,475.381,0,139.552,77.2091,-546.465,5.09347,0.871019,0.0887705,0.0152016,0.995936,57.2018,57.2018,1,1019.07,513.443,0,200.323,80.4344,-547.976,-1.86819,1.24487,-0.0325925,0.0217254,0.999233,57.2626,57.2626,1,1034.15,494.412,1,0
292314940943300,1049.49,467.445,0,139.542,77.1453,-546.633,5.09844,0.724107,0.0888601,0.0126377,0.995964,57.2192,57.2192,1,1020.4,510.94,0,200.319,80.4427,-547.942,-1.84327,1.1993,-0.0321585,0.0209303,0.999264,57.2592,57.2592,1,1034.94,489.192,1,0
292314945943300,1049.4,470.791,0,139.542,77.1672,-546.599,5.09699,0.785039,0.0888336,0.0137011,0.995952,57.2155,57.2155,1,1018.43,514.797,0,200.317,80.4371,-547.966,-1.87959,1.26969,-0.0327911,0.0221584,0.999217,57.2616,57.2616,1,1033.91,492.794,1,0
292314950943300,1047.4,465.489,0,139.527,77.1518,-546.616,5.06111,0.68959,0.0882118,0.0120353,0.996029,57.2174,57.2174,1,1013.82,507.671,0,200.307,80.4602,-547.868,-1.96531,1.13762,-0.0342876,0.019854,0.999215,57.2518,57.2518,1,1030.61,486.58,1,0
292314955943300,1055.45,468.615,0,139.536,77.1746,-546.561,5.21022,0.746303,0.0908025,0.0130251,0.995784,57.2117,57.2117,1,1018.7,508.644,0,200.309,80.4368,-547.941,-1.87407,1.15673,-0.0326963,0.0201874,0.999261,57.2592,57.2592,1,1037.07,488.629,1,0
292314960943300,1046.5,467.081,0,139.521,77.1829,-546.551,5.04533,0.716912,0.0879369,0.0125121,0.996048,57.2105,57.2105,1,1023.94,508.596,0,200.306,80.4349,-547.94,-1.77565,1.15517,-0.0309797,0.0201601,0.999317,57.2592,57.2592,1,1035.22,487.839,1,0
292314965943300,1039.02,465.067,0,139.509,77.1835,-546.535,4.90769,0.67824,0.0855447,0.0118372,0.996264,57.209,57.209,1,1025.84,511.903,0,200.3,80.4292,-547.949,-1.73933,1.21673,-0.0303455,0.0212343,0.999314,57.2602,57.2602,1,1032.43,488.485,1,0
292314970943300,1045.14,451.306,0,139.506,77.1452,-546.625,5.02121,0.421588,0.0875221,0.00735802,0.996135,57.2184,57.2184,1,1024.08,510.386,0,200.288,80.4285,-547.951,-1.77099,1.18905,-0.0308979,0.0207514,0.999307,57.2603,57.2603,1,1034.61,480.846,1,0
292314975943300,1043.04,449.579,0,139.506,77.1702,-546.55,4.98273,0.38881,0.0868535,0.00678596,0.996198,57.2107,57.2107,1,1027.95,508.603,0,200.291,80.4077,-548.004,-1.69888,1.15696,-0.0296407,0.0201914,0.999357,57.2659,57.2659,1,1035.5,479.091,1,0
292314980943300,1031.48,461.697,0,139.487,77.1789,-546.544,4.76935,0.616066,0.08314,0.0107522,0.99648,57.21,57.21,1,1030.65,510.892,0,200.28,80.3953,-548.037,-1.64692,1.19818,-0.028734,0.0209107,0.999368,57.2693,57.2693,1,1031.07,486.294,1,0
292314985943300,1025.94,443.503,0,139.477,77.1548,-546.562,4.66702,0.277456,0.0813639,0.00484251,0.996673,57.2123,57.2123,1,1035.75,508.855,0,200.274,80.4019,-548.001,-1.55112,1.16123,-0.0270633,0.0202659,0.999428,57.2657,57.2657,1,1030.85,476.179,1,0
292314990943300,1036.01,445.232,0,139.482,77.1742,-546.522,4.85412,0.311235,0.0846179,0.00543205,0.996399,57.208,57.208,1,1033.57,507.444,0,200.268,80.3929,-548.022,-1.59124,1.13618,-0.0277633,0.0198288,0.999418,57.268,57.268,1,1034.79,476.338,1,0
292314995943300,1031.16,442.993,0,139.469,77.1764,-546.517,4.76494,0.272152,0.083067,0.00474992,0.996533,57.2074,57.2074,1,1036.94,505.97,0,200.257,80.4042,-547.97,-1.52737,1.10932,-0.0266494,0.0193601,0.999457,57.2628,57.2628,1,1034.05,474.482,1,0
292315000943300,1026.5,448.813,0,139.453,77.1457,-546.62,4.67929,0.381236,0.0815765,0.00665378,0.996645,57.2179,57.2179,1,1041.32,506.361,0,200.247,80.403,-547.952,-1.44459,1.11857,-0.0252054,0.0195215,0.999492,57.2611,57.2611,1,1033.91,477.587,1,0
292315005943300,1029.8,453.047,0,139.45,77.1619,-546.572,4.74105,0.462781,0.0826498,0.00807697,0.996546,57.213,57.213,1,1035.87,500.915,0,200.234,80.3952,-547.937,-1.54522,1.01805,-0.0269617,0.0177674,0.999479,57.2599,57.2599,1,1032.84,476.981,1,0
292315010943300,1028.53,454.05,0,139.435,77.1448,-546.619,4.71854,0.484469,0.0822581,0.00845548,0.996575,57.2179,57.2179,1,1038.46,502.215,0,200.231,80.3687,-548.006,-1.496,1.04082,-0.0261029,0.0181647,0.999494,57.2671,57.2671,1,1033.5,478.133,1,0
292315015943300,1022.56,455.802,0,139.418,77.135,-546.636,4.60895,0.517423,0.0803514,0.00903062,0.996726,57.2197,57.2197,1,1032.4,497.718,0,200.21,80.3887,-547.905,-1.60772,0.959268,-0.0280525,0.0167416,0.999466,57.2571,57.2571,1,1027.48,476.76,1,0
292315020943300,1039.13,470.998,0,139.415,77.1611,-546.58,4.91829,0.798702,0.0857267,0.0139395,0.996221,57.2138,57.2138,1,1033.59,490.502,0,200.2,80.3934,-547.852,-1.58452,0.823868,-0.0276487,0.0143787,0.999514,57.2519,57.2519,1,1036.36,480.75,1,0
292315025943300,1042.24,482.586,0,139.366,77.1969,-546.512,4.98346,0.996788,0.086855,0.0173964,0.996069,57.2065,57.2065,1,1015.89,471.781,0,200.146,80.4287,-547.688,-1.91056,0.472085,-0.0333382,0.00823934,0.99941,57.2356,57.2356,1,1029.06,477.183,1,0
292315030943300,992.764,478.373,0,139.232,77.2757,-546.293,4.07571,0.924538,0.0710653,0.0161355,0.997341,57.1839,57.1839,1,1015.05,504.037,0,200.009,80.5721,-547.314,-1.91328,1.06229,-0.0333811,0.0185394,0.999271,57.1969,57.1969,1,1003.91,491.205,1,0
292315035943300,917.799,490.243,0,139.018,77.3641,-546.076,2.69771,1.13676,0.0470573,0.0198388,0.998695,57.1613,57.1613,1,900.351,478.253,0,199.766,80.625,-547.075,-4.03109,0.587149,-0.0702941,0.0102475,0.997474,57.173,57.173,1,909.075,484.248,1,0
292315040943300,771.939,484.868,0,138.741,77.3971,-545.979,-0.00651755,1.0478,-0.000113734,0.0182865,0.999833,57.1513,57.1513,1,816.236,498.243,0,199.507,80.626,-547.066,-5.56876,0.955473,-0.0970268,0.0166754,0.995142,57.1722,57.1722,1,794.087,491.556,1,0
292315045943300,684.507,472.122,0,138.458,77.3751,-545.99,-1.61731,0.808219,-0.0282208,0.0141056,0.999502,57.1529,57.1529,1,729.762,498.748,0,199.222,80.5831,-547.127,-7.14007,0.959523,-0.124278,0.0167461,0.992106,57.179,57.179,1,707.135,485.435,1,0
292315050943300,589.723,471.015,0,138.174,77.312,-546.171,-3.36488,0.783366,-0.0586889,0.0136719,0.998183,57.1715,57.1715,1,620.484,478.431,0,198.932,80.5478,-547.127,-9.11192,0.596609,-0.158355,0.0104126,0.987327,57.1799,57.1799,1,605.103,474.723,1,0
292315055943300,473.341,461.74,0,137.917,77.1914,-546.528,-5.50634,0.617969,-0.0959503,0.0107854,0.995328,57.2081,57.2081,1,530.283,462.341,0,198.712,80.4668,-547.337,-10.7267,0.300808,-0.186121,0.00525006,0.982513,57.2017,57.2017,1,501.812,462.041,1,0
292315060943300,415.076,471.338,0,137.755,77.1306,-546.742,-6.56749,0.801677,-0.114362,0.0139914,0.993341,57.2298,57.2298,1,476.496,481.268,0,198.536,80.4162,-547.51,-11.6762,0.648137,-0.202368,0.0113119,0.979244,57.2192,57.2192,1,445.786,476.303,1,0
292315065943300,405.489,469.051,0,137.641,77.1357,-546.738,-6.73491,0.755158,-0.117266,0.0131796,0.993013,57.2292,57.2292,1,414.782,474.389,0,198.383,80.3907,-547.565,-12.7636,0.522326,-0.220919,0.00911619,0.97525,57.225,57.225,1,410.136,471.72,1,0
292315070943300,356.064,476.057,0,137.543,77.0891,-546.873,-7.63645,0.886387,-0.132871,0.0154698,0.991013,57.2431,57.2431,1,367.164,470.573,0,198.282,80.3476,-547.706,-13.5923,0.460272,-0.235004,0.00803317,0.971961,57.2394,57.2394,1,361.614,473.315,1,0
292315075943300,337.867,481.86,0,137.497,77.1218,-546.802,-7.96358,0.99619,-0.138523,0.0173859,0.990207,57.2356,57.2356,1,338.807,474.753,0,198.218,80.3481,-547.76,-14.0856,0.534166,-0.24336,0.00932282,0.969891,57.2445,57.2445,1,338.337,478.306,1,0
292315080943300,329.452,481.071,0,137.467,77.1119,-546.811,-8.1112,0.987997,-0.141074,0.017243,0.989849,57.2367,57.2367,1,344.321,479.389,0,198.187,80.3365,-547.797,-13.9849,0.619153,-0.241652,0.010806,0.970303,57.2482,57.2482,1,336.886,480.23,1,0
292315085943300,337.829,490.94,0,137.456,77.0747,-546.939,-7.95674,1.17113,-0.138396,0.0204387,0.990166,57.2497,57.2497,1,338.462,483.03,0,198.174,80.2824,-547.953,-14.0867,0.68446,-0.243373,0.0119458,0.969859,57.2642,57.2642,1,338.146,486.985,1,0
292315090943300,339.054,486.383,0,137.457,77.0939,-546.857,-7.93379,1.08759,-0.138004,0.018981,0.99025,57.2415,57.2415,1,335.917,469.854,0,198.172,80.2607,-547.959,-14.1323,0.445778,-0.244154,0.00778021,0.969705,57.2653,57.2653,1,337.486,478.119,1,0
292315095943300,336.054,486.025,0,137.446,77.0993,-546.845,-7.98851,1.0795,-0.13895,0.0188398,0.99012,57.2403,57.2403,1,352.272,479.316,0,198.188,80.2867,-547.882,-13.8468,0.616669,-0.239313,0.0107627,0.970883,57.2575,57.2575,1,344.163,482.671,1,0
292315100943300,336.033,478.298,0,137.437,77.1069,-546.815,-7.98641,0.938534,-0.13892,0.0163798,0.990168,57.2373,57.2373,1,357.881,468.302,0,198.178,80.2848,-547.86,-13.7476,0.416644,-0.237639,0.00727175,0.971326,57.2555,57.2555,1,346.957,473.3,1,0
292315105943300,345.582,476.466,0,137.418,77.1071,-546.826,-7.80954,0.903798,-0.135864,0.0157736,0.990602,57.2382,57.2382,1,356.864,462.53,0,198.164,80.2857,-547.841,-13.7639,0.312949,-0.237917,0.00546196,0.97127,57.2536,57.2536,1,351.223,469.498,1,0
292315110943300,342.932,464.91,0,137.383,77.0526,-546.969,-7.85794,0.686645,-0.136708,0.0119839,0.990539,57.2531,57.2531,1,363.943,466.09,0,198.158,80.2903,-547.835,-13.6403,0.374099,-0.235821,0.00652922,0.971775,57.253,57.253,1,353.438,465.5,1,0
292315115943300,358.42,457.756,0,137.372,77.0596,-546.971,-7.57193,0.553361,-0.131765,0.00965783,0.991234,57.2531,57.2531,1,371.049,459.062,0,198.152,80.3124,-547.755,-13.5148,0.246087,-0.233695,0.00429502,0.972301,57.2449,57.2449,1,364.735,458.409,1,0
292315120943300,365.851,459.875,0,137.358,77.0607,-547.018,-7.43611,0.587482,-0.129414,0.0102533,0.991538,57.2575,57.2575,1,360.63,461.128,0,198.13,80.3208,-547.74,-13.6984,0.280857,-0.236808,0.00490186,0.971544,57.2432,57.2432,1,363.24,460.502,1,0
292315125943300,372.573,470.636,0,137.348,77.0677,-547.019,-7.31227,0.784868,-0.127265,0.0136981,0.991774,57.2575,57.2575,1,361.679,467.695,0,198.13,80.3148,-547.791,-13.6801,0.398603,-0.236494,0.00695688,0.971608,57.2482,57.2482,1,367.126,469.166,1,0
292315130943300,367.723,461.689,0,137.333,77.0715,-547.009,-7.39985,0.619,-0.128785,0.0108034,0.991614,57.2564,57.2564,1,345.76,460.805,0,198.11,80.3056,-547.821,-13.959,0.272948,-0.241224,0.00476382,0.970458,57.2513,57.2513,1,356.741,461.247,1,0
292315135943300,365.367,468.971,0,137.321,77.0918,-546.983,-7.44354,0.750207,-0.129538,0.0130932,0.991488,57.2534,57.2534,1,354.093,469.977,0,198.103,80.3212,-547.811,-13.8116,0.438019,-0.238723,0.0076448,0.971057,57.2499,57.2499,1,359.73,469.474,1,0
292315140943300,345.689,479.812,0,137.3,77.1651,-546.809,-7.80157,0.95081,-0.135724,0.016594,0.990608,57.2352,57.2352,1,350.849,473.407,0,198.092,80.329,-547.797,-13.8663,0.502315,-0.239648,0.00876693,0.97082,57.2484,57.2484,1,348.269,476.609,1,0
292315145943300,354.143,474.188,0,137.29,77.1786,-546.784,-7.64271,0.849393,-0.132981,0.0148242,0.991008,57.2326,57.2326,1,346.771,466.259,0,198.073,80.3559,-547.69,-13.9382,0.370956,-0.24087,0.00647436,0.970536,57.2377,57.2377,1,350.457,470.223,1,0
292315150943300,365.432,468.643,0,137.274,77.174,-546.833,-7.43123,0.749332,-0.129325,0.0130779,0.991516,57.2372,57.2372,1,353.531,464.177,0,198.067,80.3584,-547.69,-13.8176,0.33421,-0.238828,0.00583303,0.971044,57.2376,57.2376,1,359.482,466.41,1,0
292315155943300,367.332,475.325,0,137.256,77.1825,-546.849,-7.39454,0.871797,-0.128686,0.0152151,0.991569,57.2386,57.2386,1,340.081,466.582,0,198.038,80.4113,-547.534,-14.0523,0.377834,-0.242802,0.0065944,0.970053,57.2216,57.2216,1,353.706,470.954,1,0
292315160943300,374.005,473.235,0,137.248,77.1902,-546.849,-7.27182,0.830577,-0.126563,0.0144958,0.991853,57.2384,57.2384,1,349.012,478.669,0,198.03,80.4163,-547.566,-13.8922,0.598839,-0.240082,0.0104515,0.970696,57.2244,57.2244,1,361.508,475.952,1,0
292315165943300,375.398,475.251,0,137.235,77.2024,-546.833,-7.24534,0.866403,-0.126104,0.015121,0.991902,57.2366,57.2366,1,348.456,473.576,0,198.014,80.4031,-547.602,-13.8991,0.508276,-0.240203,0.00887097,0.970682,57.2282,57.2282,1,361.927,474.413,1,0
292315170943300,363.444,497.182,0,137.206,77.2086,-546.893,-7.46454,1.26805,-0.129881,0.0221298,0.991283,57.242,57.242,1,357.822,479.598,0,198.005,80.4071,-547.618,-13.7317,0.618758,-0.237363,0.0107992,0.971361,57.2296,57.2296,1,360.633,488.39,1,0
292315175943300,371.08,504.025,0,137.183,77.1991,-546.962,-7.32123,1.39514,-0.127394,0.0243474,0.991553,57.2487,57.2487,1,358.194,471.864,0,197.992,80.3924,-547.663,-13.7249,0.476394,-0.237253,0.00831455,0.971412,57.2342,57.2342,1,364.637,487.945,1,0
292315180943300,368.325,494.672,0,137.147,77.1695,-547.074,-7.36602,1.2255,-0.128178,0.0213874,0.991521,57.26,57.26,1,360.324,469.36,0,197.971,80.4059,-547.626,-13.6883,0.426188,-0.236633,0.00743831,0.971571,57.2304,57.2304,1,364.325,482.016,1,0
292315185943300,375.124,483.188,0,137.126,77.1743,-547.08,-7.23935,1.01064,-0.125995,0.017638,0.991874,57.2605,57.2605,1,368.935,479.42,0,197.957,80.4123,-547.652,-13.5358,0.605861,-0.23404,0.0105741,0.97217,57.2327,57.2327,1,372.029,481.304,1,0
292315190943300,363.426,491.406,0,137.105,77.2835,-546.816,-7.45317,1.15703,-0.129689,0.0201925,0.991349,57.2329,57.2329,1,371.808,483.938,0,197.936,80.4508,-547.564,-13.4864,0.682097,-0.233198,0.0119046,0.972356,57.2235,57.2235,1,367.617,487.672,1,0
292315195943300,351.747,479.095,0,137.066,77.2697,-546.877,-7.66537,0.926403,-0.13337,0.0161681,0.990934,57.239,57.239,1,365.141,490.883,0,197.905,80.5087,-547.415,-13.6012,0.808297,-0.235139,0.014107,0.971859,57.2079,57.2079,1,358.444,484.989,1,0
292315200943300,343.569,497.419,0,137.049,77.3056,-546.844,-7.81327,1.26421,-0.135912,0.0220628,0.990475,57.2349,57.2349,1,356.662,488.159,0,197.889,80.4748,-547.541,-13.7493,0.757143,-0.237654,0.0132143,0.97126,57.2206,57.2206,1,350.116,492.789,1,0
292315205943300,353.826,492.65,0,137.036,77.3036,-546.881,-7.62181,1.17781,-0.132606,0.0205552,0.990956,57.2385,57.2385,1,350.221,469.761,0,197.861,80.5128,-547.419,-13.8616,0.42144,-0.23957,0.00735545,0.970851,57.2082,57.2082,1,352.024,481.206,1,0
292315210943300,350.012,490.142,0,137.021,77.3501,-546.787,-7.68846,1.13158,-0.13376,0.0197484,0.990817,57.2285,57.2285,1,350.068,467.414,0,197.848,80.4882,-547.501,-13.8615,0.380394,-0.23957,0.00663908,0.970856,57.2166,57.2166,1,350.04,478.778,1,0
292315215943300,340.162,478.553,0,136.997,77.3466,-546.795,-7.8662,0.918054,-0.136843,0.0160224,0.990463,57.2293,57.2293,1,345.921,449.099,0,197.829,80.444,-547.606,-13.931,0.050783,-0.240753,0.000886331,0.970586,57.2275,57.2275,1,343.042,463.826,1,0
292315220943300,352.897,473.146,0,136.991,77.3842,-546.739,-7.63318,0.812653,-0.132817,0.014183,0.991039,57.2231,57.2231,1,338.078,448.924,0,197.804,80.4809,-547.501,-14.066,0.0492682,-0.243039,0.000859891,0.970016,57.2168,57.2168,1,345.487,461.035,1,0
292315225943300,357.899,473.546,0,136.959,77.3588,-546.851,-7.53846,0.819275,-0.131178,0.0142986,0.991256,57.2343,57.2343,1,338.758,455.81,0,197.794,80.467,-547.576,-14.0522,0.174115,-0.242804,0.00303887,0.970071,57.2242,57.2242,1,348.328,464.678,1,0
292315230943300,365.783,457.235,0,136.924,77.3264,-546.946,-7.39335,0.511769,-0.128675,0.00893194,0.991647,57.2441,57.2441,1,343.512,453.694,0,197.773,80.4823,-547.505,-13.966,0.137526,-0.241345,0.00240028,0.970437,57.2171,57.2171,1,354.648,455.465,1,0
292315235943300,373.111,463.171,0,136.905,77.3193,-546.99,-7.25579,0.622549,-0.126292,0.0108653,0.991934,57.2484,57.2484,1,349.373,460.514,0,197.751,80.5077,-547.443,-13.8626,0.257881,-0.239591,0.00450086,0.970863,57.2106,57.2106,1,361.242,461.843,1,0
292315240943300,371.819,473.893,0,136.885,77.3309,-546.985,-7.27836,0.819289,-0.126677,0.0142988,0.991841,57.2476,57.2476,1,360.295,460.674,0,197.738,80.5105,-547.414,-13.6694,0.260177,-0.236317,0.00454093,0.971665,57.2078,57.2078,1,366.057,467.284,1,0
292315245943300,370.316,479.091,0,136.873,77.3485,-546.938,-7.30588,0.913352,-0.12715,0.0159403,0.991755,57.2427,57.2427,1,355.385,472.248,0,197.712,80.5304,-547.394,-13.7565,0.464752,-0.237788,0.00811137,0.971283,57.2054,57.2054,1,362.85,475.67,1,0
292315250943300,355.59,484.713,0,136.855,77.4032,-546.794,-7.57424,1.01688,-0.13179,0.0177469,0.991119,57.2278,57.2278,1,359.276,474.419,0,197.697,80.5159,-547.412,-13.6865,0.504705,-0.2366,0.00880865,0.971567,57.2075,57.2075,1,357.433,479.566,1,0
292315255943300,353.098,481.662,0,136.847,77.4245,-546.73,-7.61741,0.962327,-0.132539,0.016795,0.991036,57.2213,57.2213,1,363.249,479.536,0,197.688,80.5129,-547.422,-13.6153,0.597853,-0.235389,0.0104343,0.971845,57.2085,57.2085,1,358.173,480.599,1,0
292315260943300,348.853,481.924,0,136.827,77.4062,-546.813,-7.6939,0.966391,-0.133862,0.0168659,0.990857,57.2296,57.2296,1,357.724,483.124,0,197.667,80.5229,-547.37,-13.7122,0.661951,-0.237029,0.011553,0.971434,57.2033,57.2033,1,353.289,482.524,1,0
292315265943300,354.706,480.103,0,136.818,77.4079,-546.806,-7.5832,0.936079,-0.131948,0.0163369,0.991122,57.2288,57.2288,1,357.335,480.655,0,197.661,80.4922,-547.455,-13.7173,0.618702,-0.237118,0.0107982,0.971421,57.2121,57.2121,1,356.02,480.379,1,0
292315270943300,348.336,483.675,0,136.801,77.4134,-546.8,-7.6986,1.00179,-0.133942,0.0174836,0.990835,57.2281,57.2281,1,356.428,487.709,0,197.648,80.5056,-547.405,-13.7324,0.746979,-0.237368,0.0130369,0.971332,57.207,57.207,1,352.382,485.692,1,0
292315275943300,356.998,476.055,0,136.798,77.4028,-546.787,-7.53789,0.863573,-0.131167,0.0150716,0.991246,57.2272,57.2272,1,359.188,493.317,0,197.642,80.504,-547.4,-13.6833,0.849121,-0.236529,0.0148194,0.971511,57.2067,57.2067,1,358.093,484.686,1,0
292315280943300,357.466,479.404,0,136.786,77.3882,-546.833,-7.52724,0.927462,-0.13098,0.0161866,0.991253,57.2319,57.2319,1,350.17,494.197,0,197.632,80.4807,-547.458,-13.841,0.865744,-0.239201,0.0151095,0.970853,57.2127,57.2127,1,353.818,486.801,1,0
292315285943300,359.274,479.06,0,136.784,77.386,-546.839,-7.49364,0.92141,-0.130399,0.0160809,0.991331,57.2325,57.2325,1,348.946,490.312,0,197.633,80.4535,-547.508,-13.8615,0.797586,-0.239553,0.0139201,0.970784,57.218,57.218,1,354.11,484.686,1,0
292315290943300,358.087,478.385,0,136.797,77.3415,-546.941,-7.51501,0.914078,-0.130769,0.015953,0.991284,57.2432,57.2432,1,361.402,474.939,0,197.677,80.3923,-547.657,-13.6435,0.522655,-0.23587,0.00912193,0.971742,57.2336,57.2336,1,359.744,476.662,1,0
292315295943300,375.125,462.8,0,136.877,77.2097,-547.319,-7.2139,0.622649,-0.125567,0.0108671,0.992026,57.2821,57.2821,1,378.52,466.161,0,197.808,80.3038,-547.949,-13.343,0.378045,-0.230775,0.00659808,0.972985,57.2633,57.2633,1,376.823,464.48,1,0
292315300943300,461.907,476.848,0,137.095,77.1064,-547.622,-5.62892,0.893892,-0.0980733,0.0156007,0.995057,57.3132,57.3132,1,480.238,483.962,0,198.077,80.1782,-548.439,-11.5575,0.694724,-0.200336,0.0121249,0.979652,57.3126,57.3126,1,471.072,480.405,1,0
292315305943300,582.504,490.219,0,137.386,77.0299,-547.892,-3.41323,1.15282,-0.0595248,0.0201191,0.998024,57.3405,57.3405,1,616.366,495.945,0,198.399,80.1876,-548.536,-9.12241,0.921181,-0.158524,0.0160769,0.987224,57.3215,57.3215,1,599.435,493.082,1,0
292315310943300,684.746,506.302,0,137.715,77.0905,-547.767,-1.53641,1.45159,-0.0268036,0.0253324,0.99932,57.3272,57.3272,1,769.522,520.559,0,198.75,80.2318,-548.447,-6.34478,1.38574,-0.110479,0.0241834,0.993584,57.312,57.312,1,727.134,513.43,1,0
292315315943300,835.377,528.239,0,138.046,77.0805,-547.84,1.24771,1.85329,0.0217635,0.0323404,0.99924,57.3343,57.3343,1,864.154,551.882,0,199.042,80.2898,-548.394,-4.62131,1.96773,-0.0805222,0.0343366,0.996161,57.3056,57.3056,1,849.765,540.06,1,0
292315320943300,949.651,523.957,0,138.368,77.0921,-547.757,3.35171,1.77405,0.058437,0.0309581,0.997811,57.3262,57.3262,1,979.805,538.564,0,199.345,80.2717,-548.455,-2.4978,1.72227,-0.0435614,0.0300547,0.998599,57.3117,57.3117,1,964.728,531.26,1,0
292315325943300,1040.24,541.519,0,138.681,77.1046,-547.758,5.00732,2.09249,0.0872248,0.0365127,0.995519,57.326,57.326,1,1103.27,549.521,0,199.628,80.2908,-548.414,-0.219306,1.92519,-0.00382544,0.0335946,0.999428,57.3074,57.3074,1,1071.76,545.52,1,0
292315330943300,1164.23,551.967,0,138.973,77.1548,-547.588,7.27259,2.2847,0.126489,0.0398649,0.991167,57.3087,57.3087,1,1186.9,594.937,0,199.862,80.3557,-548.377,1.32044,2.76585,0.0230171,0.0482544,0.99857,57.3023,57.3023,1,1175.56,573.452,1,0
292315335943300,1243.95,555.548,0,139.184,77.2036,-547.439,8.71768,2.33729,0.15144,0.040782,0.987625,57.2935,57.2935,1,1262.07,609.872,0,200.035,80.4012,-548.248,2.70669,3.03966,0.0471567,0.0530271,0.997479,57.289,57.289,1,1253.01,582.71,1,0
292315340943300,1280.42,569.216,0,139.336,77.2614,-547.262,9.37007,2.58391,0.162645,0.0450824,0.985654,57.2754,57.2754,1,1294.99,604.092,0,200.166,80.4284,-548.203,3.30768,2.92733,0.0576226,0.0510694,0.997031,57.284,57.284,1,1287.71,586.654,1,0
292315345943300,1290.75,578.799,0,139.444,77.2786,-547.185,9.54885,2.75759,0.165696,0.0481104,0.985003,57.2677,57.2677,1,1313.18,601.984,0,200.244,80.4757,-547.987,3.63929,2.88466,0.0633945,0.0503255,0.996719,57.2626,57.2626,1,1301.96,590.392,1,0
292315350943300,1311.06,538.509,0,139.508,77.2514,-547.153,9.91368,2.01212,0.172058,0.0351109,0.984461,57.2654,57.2654,1,1326.18,591.734,0,200.283,80.4912,-547.865,3.87641,2.69648,0.0675296,0.0470451,0.996608,57.2507,57.2507,1,1318.62,565.122,1,0
292315355943300,1317.7,515.599,0,139.564,77.2489,-547.052,10.0294,1.59224,0.174086,0.0277863,0.984338,57.256,57.256,1,1353.83,581.324,0,200.344,80.4435,-547.958,4.38543,2.50228,0.0763926,0.0436592,0.996122,57.2607,57.2607,1,1335.76,548.462,1,0
292315360943300,1331.9,533.27,0,139.613,77.2824,-546.898,10.2843,1.91628,0.178432,0.0334392,0.983384,57.2406,57.2406,1,1368.43,569.458,0,200.365,80.4329,-547.925,4.65488,2.2821,0.0810892,0.0398197,0.995911,57.2578,57.2578,1,1350.17,551.364,1,0
292315365943300,1322.11,535.233,0,139.629,77.3017,-546.774,10.1066,1.95277,0.175378,0.0340757,0.983911,57.2285,57.2285,1,1337.79,550.415,0,200.362,80.4161,-547.912,4.08532,1.93043,0.0712014,0.033686,0.996893,57.257,57.257,1,1329.95,542.824,1,0
292315370943300,1323.75,522.438,0,139.636,77.2298,-546.934,10.1353,1.71712,0.175894,0.029965,0.983953,57.2454,57.2454,1,1317.76,548.655,0,200.386,80.4263,-547.872,3.70945,1.89886,0.0646614,0.0331352,0.997357,57.253,57.253,1,1320.75,535.547,1,0
292315375943300,1308.31,506.051,0,139.648,77.1837,-547.002,9.85446,1.41471,0.171094,0.0246889,0.984945,57.2529,57.2529,1,1304.27,533.647,0,200.422,80.4055,-547.904,3.45356,1.62273,0.0602153,0.0283182,0.997784,57.2566,57.2566,1,1306.29,519.849,1,0
292315380943300,1314.94,508.034,0,139.685,77.1993,-546.937,9.96966,1.4567,0.173071,0.0254214,0.984581,57.2464,57.2464,1,1305.99,551.894,0,200.457,80.4221,-547.889,3.48246,1.96037,0.0607074,0.0342082,0.997569,57.2547,57.2547,1,1310.46,529.964,1,0
292315385943300,1296.59,518.59,0,139.7,77.2394,-546.823,9.63422,1.65439,0.167288,0.0288705,0.985485,57.2346,57.2346,1,1306.43,534.245,0,200.478,80.4152,-547.851,3.48879,1.6318,0.0608286,0.0284765,0.997742,57.2513,57.2513,1,1301.51,526.418,1,0
292315390943300,1290.76,528.842,0,139.721,77.2105,-546.893,9.52706,1.84046,0.165428,0.0321166,0.985699,57.2419,57.2419,1,1314.42,550.505,0,200.504,80.4131,-547.9,3.63358,1.93775,0.0633392,0.0338137,0.997419,57.256,57.256,1,1302.59,539.674,1,0
292315395943300,1303.93,528.573,0,139.759,77.2029,-546.866,9.76423,1.83382,0.169507,0.0320007,0.985009,57.2396,57.2396,1,1315.12,548.683,0,200.525,80.4134,-547.894,3.64529,1.90168,0.0635443,0.0331844,0.997427,57.2554,57.2554,1,1309.52,538.628,1,0
292315400943300,1311.9,534.094,0,139.786,77.2189,-546.789,9.90716,1.93548,0.171954,0.0337741,0.984526,57.2319,57.2319,1,1324.45,536.375,0,200.555,80.4154,-547.863,3.81551,1.67333,0.0665157,0.029201,0.997358,57.2525,57.2525,1,1318.17,535.234,1,0
292315405943300,1320.76,540.595,0,139.808,77.24,-546.723,10.0662,2.05528,0.174673,0.0358637,0.983973,57.2252,57.2252,1,1318.58,534.463,0,200.577,80.4309,-547.818,3.7048,1.6349,0.0645896,0.0285305,0.997504,57.2478,57.2478,1,1319.67,537.529,1,0
292315410943300,1338.93,520.068,0,139.847,77.2494,-546.617,10.3927,1.67769,0.180317,0.029277,0.983173,57.215,57.215,1,1296.43,525.576,0,200.598,80.4365,-547.788,3.2888,1.47215,0.05735,0.025691,0.998024,57.2448,57.2448,1,1317.68,522.822,1,0
292315415943300,1346.77,517.666,0,139.866,77.2612,-546.568,10.5329,1.63381,0.182726,0.0285115,0.98275,57.2101,57.2101,1,1282.61,526.219,0,200.622,80.4394,-547.791,3.02899,1.4826,0.0528234,0.0258734,0.998269,57.245,57.245,1,1314.69,521.943,1,0
292315420943300,1357.5,523.682,0,139.897,77.2807,-546.467,10.7254,1.74359,0.186015,0.0304267,0.982076,57.2002,57.2002,1,1278.77,527.722,0,200.65,80.4327,-547.801,2.95491,1.50982,0.0515322,0.0263482,0.998324,57.2461,57.2461,1,1318.14,525.702,1,0
292315425943300,1345.36,519.709,0,139.907,77.2522,-546.515,10.506,1.66887,0.182261,0.0291232,0.982819,57.2054,57.2054,1,1280.28,525.674,0,200.671,80.4215,-547.822,2.98163,1.47006,0.0519987,0.0256545,0.998318,57.2484,57.2484,1,1312.82,522.691,1,0
292315430943300,1326.8,524.657,0,139.919,77.2271,-546.55,10.1697,1.75796,0.176482,0.0306773,0.983826,57.2093,57.2093,1,1312.06,526.422,0,200.7,80.4968,-547.58,3.56966,1.48504,0.0622412,0.025916,0.997725,57.2237,57.2237,1,1319.43,525.54,1,0
292315435943300,1322.44,524.6,0,139.947,77.2394,-546.496,10.0897,1.75335,0.175108,0.030597,0.984074,57.2039,57.2039,1,1313.66,516.588,0,200.712,80.4643,-547.656,3.59805,1.30392,0.0627403,0.0227558,0.99777,57.2318,57.2318,1,1318.05,520.594,1,0
292315440943300,1318.04,523.885,0,139.959,77.2518,-546.421,10.0083,1.74361,0.17371,0.030427,0.984327,57.1965,57.1965,1,1302.23,517.017,0,200.721,80.4593,-547.657,3.38468,1.311,0.0590239,0.0228793,0.997994,57.2319,57.2319,1,1310.14,520.451,1,0
292315445943300,1305.26,529.698,0,139.973,77.2643,-546.38,9.77418,1.85267,0.169677,0.0323296,0.984969,57.1924,57.1924,1,1319.26,522.743,0,200.74,80.4947,-547.555,3.69942,1.41744,0.0645024,0.0247365,0.997611,57.2214,57.2214,1,1312.26,526.221,1,0
292315450943300,1302.51,531.229,0,139.976,77.2485,-546.432,9.72241,1.8839,0.168784,0.0328743,0.985105,57.1976,57.1976,1,1314.24,520.18,0,200.744,80.481,-547.59,3.60571,1.36996,0.0628719,0.023908,0.997735,57.2251,57.2251,1,1308.38,525.704,1,0
292315455943300,1308.07,543.498,0,139.995,77.2675,-546.398,9.82143,2.11008,0.170462,0.0368195,0.984676,57.194,57.194,1,1318.99,521.93,0,200.754,80.4991,-547.544,3.69304,1.40189,0.0643919,0.0244652,0.997625,57.2204,57.2204,1,1313.53,532.714,1,0
292315460943300,1302.12,545.687,0,139.988,77.2376,-546.505,9.71376,2.14931,0.168607,0.0375038,0.984969,57.2048,57.2048,1,1316.93,529.896,0,200.755,80.5265,-547.47,3.65491,1.54809,0.0637236,0.0270159,0.997602,57.2127,57.2127,1,1309.52,537.792,1,0
292315465943300,1303.23,554.716,0,140.001,77.2662,-546.431,9.7325,2.31681,0.16891,0.0404249,0.984802,57.1971,57.1971,1,1323.19,523.093,0,200.769,80.5103,-547.5,3.77064,1.42083,0.0657423,0.0247957,0.997528,57.2159,57.2159,1,1313.21,538.905,1,0
292315470943300,1307.18,553.704,0,140.008,77.2945,-546.339,9.80453,2.29725,0.170151,0.0400839,0.984602,57.1877,57.1877,1,1324.32,523.897,0,200.77,80.5292,-547.453,3.79165,1.43486,0.0661077,0.0250403,0.997498,57.211,57.211,1,1315.75,538.801,1,0
292315475943300,1306.01,550.101,0,140.006,77.2792,-546.372,9.78323,2.23155,0.169792,0.0389381,0.98471,57.1913,57.1913,1,1314.7,532.061,0,200.766,80.5003,-547.572,3.61328,1.58661,0.0629976,0.0276881,0.99763,57.2229,57.2229,1,1310.35,541.081,1,0
292315480943300,1311.94,546.416,0,140.009,77.2896,-546.331,9.89192,2.16118,0.171668,0.0377108,0.984433,57.1871,57.1871,1,1312.23,536.444,0,200.769,80.5141,-547.537,3.56774,1.66591,0.0622023,0.0290715,0.99764,57.2193,57.2193,1,1312.08,541.43,1,0
292315485943300,1309.94,549.176,0,140.005,77.3018,-546.296,9.85669,2.21101,0.171057,0.0385798,0.984505,57.1835,57.1835,1,1308.13,535.465,0,200.765,80.5091,-547.539,3.49216,1.64693,0.0608868,0.0287404,0.997731,57.2196,57.2196,1,1309.04,542.321,1,0
292315490943300,1304.88,543.977,0,139.999,77.3135,-546.258,9.76554,2.115,0.169501,0.0369054,0.984839,57.1796,57.1796,1,1308.22,530.688,0,200.763,80.5096,-547.528,3.49351,1.55908,0.0609129,0.0272078,0.997772,57.2186,57.2186,1,1306.55,537.332,1,0
292315495943300,1307.66,551.887,0,139.991,77.3262,-546.246,9.8184,2.25636,0.170394,0.0393707,0.984589,57.1782,57.1782,1,1305.43,528.214,0,200.757,80.5125,-547.504,3.44214,1.51311,0.0600197,0.0264058,0.997848,57.2162,57.2162,1,1306.54,540.05,1,0
292315500943300,1309.11,538.677,0,139.973,77.2847,-546.328,9.84685,2.01185,0.17091,0.0351062,0.984661,57.187,57.187,1,1303.61,535.142,0,200.749,80.5042,-547.554,3.40878,1.64308,0.0594349,0.0286732,0.99782,57.2212,57.2212,1,1306.36,536.91,1,0
292315505943300,1317.02,531.599,0,139.974,77.3262,-546.205,9.9926,1.87775,0.173428,0.032767,0.984301,57.1744,57.1744,1,1302.87,535.376,0,200.74,80.5246,-547.482,3.39565,1.64763,0.0592062,0.0287525,0.997832,57.2138,57.2138,1,1309.95,533.488,1,0
292315510943300,1316.81,526.498,0,139.96,77.3245,-546.202,9.99078,1.78241,0.173406,0.0311039,0.984359,57.1741,57.1741,1,1302.35,538.393,0,200.73,80.524,-547.485,3.38651,1.70494,0.0590451,0.0297525,0.997812,57.2142,57.2142,1,1309.58,532.446,1,0
292315515943300,1321.35,525.38,0,139.945,77.3099,-546.224,10.0741,1.76374,0.174839,0.0307782,0.984116,57.1765,57.1765,1,1306.14,532.126,0,200.724,80.5041,-547.524,3.45831,1.58781,0.0602991,0.0277089,0.997796,57.2183,57.2183,1,1313.74,528.753,1,0
292315520943300,1327.3,524.34,0,139.933,77.3129,-546.215,10.182,1.74765,0.176694,0.0304975,0.983793,57.1756,57.1756,1,1302.94,533.959,0,200.705,80.5277,-547.433,3.40027,1.62259,0.0592873,0.0283157,0.997839,57.2091,57.2091,1,1315.12,529.149,1,0
292315525943300,1331.3,531.091,0,139.915,77.3242,-546.196,10.2564,1.87203,0.177958,0.0326673,0.983496,57.1735,57.1735,1,1302.46,519.169,0,200.697,80.525,-547.388,3.39203,1.34789,0.0591511,0.0235229,0.997972,57.205,57.205,1,1316.88,525.13,1,0
292315530943300,1332.61,522.428,0,139.897,77.3285,-546.182,10.2808,1.71541,0.178392,0.029935,0.983504,57.1721,57.1721,1,1287.03,521.101,0,200.664,80.5537,-547.288,3.10696,1.38468,0.0541844,0.0241649,0.998238,57.1949,57.1949,1,1309.82,521.765,1,0
292315535943300,1348.44,524.427,0,139.88,77.2927,-546.312,10.5669,1.75494,0.183297,0.0306246,0.98258,57.1853,57.1853,1,1289.03,513.654,0,200.646,80.5607,-547.231,3.1463,1.24543,0.0548728,0.0217351,0.998257,57.1893,57.1893,1,1318.73,519.041,1,0
292315540943300,1341.91,521.964,0,139.86,77.3295,-546.21,10.45,1.71238,0.181296,0.0298822,0.982975,57.1748,57.1748,1,1311.16,517.072,0,200.654,80.5068,-547.377,3.56184,1.30235,0.0621098,0.0227284,0.99781,57.2044,57.2044,1,1326.53,519.518,1,0
292315545943300,1330.99,530.813,0,139.839,77.311,-546.278,10.2539,1.87544,0.177915,0.0327268,0.983501,57.1816,57.1816,1,1309.09,528.124,0,200.627,80.5234,-547.319,3.52781,1.50347,0.0615119,0.0262375,0.997761,57.1986,57.1986,1,1320.04,529.469,1,0
292315550943300,1315.96,542.689,0,139.814,77.3233,-546.269,9.98306,2.09568,0.173241,0.0365684,0.9842,57.1804,57.1804,1,1316.61,525.224,0,200.612,80.5163,-547.304,3.67145,1.44566,0.0640147,0.0252289,0.99763,57.1973,57.1973,1,1316.28,533.957,1,0
292315555943300,1332.41,539.216,0,139.779,77.3736,-546.133,10.2927,2.0142,0.178566,0.0351472,0.9833,57.1664,57.1664,1,1325.15,530.473,0,200.569,80.5318,-547.216,3.83221,1.55153,0.0668104,0.027076,0.997398,57.1887,57.1887,1,1328.78,534.845,1,0
292315560943300,1288.61,533.481,0,139.641,77.477,-545.826,9.50994,1.91382,0.165127,0.0333963,0.985707,57.1349,57.1349,1,1288.64,519.708,0,200.419,80.609,-546.956,3.16637,1.34829,0.0552202,0.0235299,0.998197,57.1622,57.1622,1,1288.63,526.595,1,0
292315565943300,1194.91,533.173,0,139.37,77.6382,-545.416,7.82161,1.91083,0.136014,0.0333441,0.990146,57.0923,57.0923,1,1194.23,546.906,0,200.141,80.7408,-546.635,1.42773,1.85481,0.0249029,0.0323669,0.999166,57.1287,57.1287,1,1194.57,540.039,1,0
292315570943300,1053.43,550.923,0,139.018,77.6115,-545.607,5.23595,2.24025,0.0911877,0.0390898,0.995066,57.1109,57.1109,1,1082.7,555.261,0,199.805,80.8049,-546.485,-0.627765,2.00831,-0.0109496,0.0350445,0.999326,57.113,57.113,1,1068.07,553.092,1,0
292315575943300,915.363,566.9,0,138.673,77.6824,-545.472,2.69176,2.54788,0.0469164,0.0444542,0.997909,57.0965,57.0965,1,959.289,555.636,0,199.432,80.8477,-546.341,-2.90065,2.01268,-0.050573,0.0351207,0.998103,57.0984,57.0984,1,937.326,561.268,1,0
292315580943300,773.333,565.442,0,138.297,77.5303,-545.984,0.0638868,2.52994,0.00111395,0.0441414,0.999025,57.1484,57.1484,1,825.997,559.264,0,199.083,80.7639,-546.6,-5.34913,2.07414,-0.0931633,0.0361926,0.994993,57.1249,57.1249,1,799.665,562.353,1,0
292315585943300,688.815,563.979,0,138.03,77.5618,-545.917,-1.49365,2.50239,-0.0260413,0.0436611,0.998707,57.1413,57.1413,1,722.709,566.548,0,198.778,80.8011,-546.51,-7.23131,2.20231,-0.125782,0.038428,0.991313,57.1155,57.1155,1,705.762,565.264,1,0
292315590943300,602.776,561.229,0,137.765,77.5333,-546.042,-3.07824,2.44922,-0.0536506,0.042734,0.997645,57.1539,57.1539,1,623.941,578.208,0,198.535,80.7566,-546.649,-9.02031,2.40969,-0.156646,0.0420445,0.986759,57.1297,57.1297,1,613.359,569.719,1,0
292315595943300,514.22,577.817,0,137.54,77.5028,-546.198,-4.70947,2.75302,-0.0820085,0.0480307,0.995474,57.1692,57.1692,1,544.98,553.872,0,198.275,80.7826,-546.532,-10.4294,1.96011,-0.180918,0.0342036,0.982903,57.118,57.118,1,529.6,565.844,1,0
292315600943300,438.083,571.877,0,137.34,77.494,-546.242,-6.1014,2.64179,-0.106175,0.0460916,0.993279,57.1736,57.1736,1,463.945,536.616,0,198.067,80.6432,-546.858,-11.868,1.64028,-0.205573,0.0286244,0.978223,57.1521,57.1521,1,451.014,554.246,1,0
292315605943300,381.25,564.904,0,137.163,77.3999,-546.475,-7.13528,2.51079,-0.124093,0.0438075,0.991303,57.1979,57.1979,1,396.731,508.021,0,197.913,80.4978,-547.222,-13.0492,1.11924,-0.225745,0.0195332,0.973991,57.19,57.19,1,388.991,536.463,1,0
292315610943300,342.23,535.758,0,137.055,77.2923,-546.711,-7.84338,1.97236,-0.136385,0.0344174,0.990058,57.2228,57.2228,1,367.63,505.292,0,197.837,80.469,-547.302,-13.5541,1.07324,-0.234323,0.0187304,0.971978,57.1983,57.1983,1,354.93,520.525,1,0
292315615943300,366.512,525.361,0,137.062,77.3009,-546.63,-7.39329,1.7877,-0.128617,0.0311962,0.991204,57.215,57.215,1,352.584,504.451,0,197.799,80.4241,-547.404,-13.8133,1.06232,-0.238718,0.0185399,0.970912,57.2091,57.2091,1,359.548,514.906,1,0
292315620943300,402.517,512.421,0,137.078,77.2305,-546.802,-6.73,1.55329,-0.117148,0.0271067,0.992744,57.2329,57.2329,1,354.62,519.628,0,197.808,80.3968,-547.474,-13.7775,1.33947,-0.238086,0.023376,0.970963,57.2163,57.2163,1,378.569,516.024,1,0
292315625943300,409.308,517.508,0,137.088,77.259,-546.72,-6.60496,1.64792,-0.114976,0.0287577,0.992952,57.2245,57.2245,1,378.755,501.3,0,197.825,80.4125,-547.352,-13.3536,1.00869,-0.230925,0.0176041,0.972812,57.2045,57.2045,1,394.031,509.404,1,0
292315630943300,407.18,513.838,0,137.073,77.2676,-546.681,-6.64287,1.57944,-0.115636,0.0275629,0.992909,57.2206,57.2206,1,390.902,506.609,0,197.828,80.4314,-547.292,-13.1394,1.10514,-0.227278,0.0192871,0.973639,57.1983,57.1983,1,399.041,510.224,1,0
292315635943300,409.463,518.709,0,137.053,77.2419,-546.788,-6.59997,1.66803,-0.114888,0.0291085,0.992952,57.2313,57.2313,1,374.037,502.29,0,197.804,80.4179,-547.304,-13.4359,1.02669,-0.23232,0.0179181,0.972474,57.1998,57.1998,1,391.75,510.5,1,0
292315640943300,407.823,515.627,0,137.035,77.236,-546.786,-6.62901,1.61032,-0.115394,0.0281017,0.992922,57.2312,57.2312,1,385.815,507.418,0,197.8,80.4086,-547.332,-13.2288,1.11734,-0.228797,0.0195,0.973279,57.2027,57.2027,1,396.819,511.523,1,0
292315645943300,425.349,506.472,0,137.033,77.247,-546.729,-6.30395,1.44191,-0.109768,0.0251635,0.993639,57.2256,57.2256,1,391.054,501.654,0,197.792,80.437,-547.215,-13.1348,1.01454,-0.227207,0.0177062,0.973686,57.1909,57.1909,1,408.201,504.063,1,0
292315650943300,421.3,519.721,0,137.011,77.2467,-546.771,-6.37835,1.68434,-0.111045,0.029393,0.993381,57.2296,57.2296,1,389.838,505.143,0,197.776,80.4093,-547.275,-13.1551,1.07801,-0.227548,0.0188138,0.973585,57.1973,57.1973,1,405.569,512.432,1,0
292315655943300,426.579,527.202,0,137.003,77.2422,-546.779,-6.28039,1.82309,-0.109339,0.0318136,0.993495,57.2305,57.2305,1,399.016,506.214,0,197.765,80.4131,-547.229,-12.9916,1.09862,-0.224766,0.0191734,0.974224,57.1929,57.1929,1,412.797,516.708,1,0
292315660943300,427.295,519.969,0,136.985,77.2405,-546.741,-6.26544,1.68933,-0.109087,0.0294801,0.993595,57.2269,57.2269,1,404.068,510.607,0,197.753,80.4134,-547.209,-12.9004,1.17997,-0.22321,0.0205929,0.974553,57.191,57.191,1,415.681,515.288,1,0
292315665943300,435.338,522.076,0,136.971,77.2046,-546.848,-6.11476,1.73051,-0.106472,0.0301984,0.993857,57.2379,57.2379,1,406.281,514.304,0,197.743,80.4299,-547.142,-12.8614,1.24627,-0.222541,0.0217498,0.974681,57.1843,57.1843,1,420.809,518.19,1,0
292315670943300,428.594,530.704,0,136.953,77.2182,-546.818,-6.23888,1.88823,-0.108615,0.0329499,0.993538,57.2347,57.2347,1,414.715,514.878,0,197.743,80.4128,-547.187,-12.7111,1.25754,-0.219982,0.0219465,0.975257,57.1889,57.1889,1,421.655,522.791,1,0
292315675943300,420.362,522.548,0,136.93,77.2032,-546.822,-6.38875,1.73804,-0.111223,0.0303298,0.993333,57.2355,57.2355,1,405.927,523.564,0,197.722,80.4134,-547.175,-12.867,1.41349,-0.22262,0.0246676,0.974593,57.1878,57.1878,1,413.144,523.056,1,0
292315680943300,417.87,524.479,0,136.921,77.2125,-546.795,-6.43317,1.77483,-0.111991,0.0309717,0.993227,57.2327,57.2327,1,419.456,528.852,0,197.725,80.4328,-547.119,-12.6256,1.51261,-0.218502,0.026397,0.975479,57.1821,57.1821,1,418.663,526.665,1,0
292315685943300,417.136,518.07,0,136.906,77.1944,-546.833,-6.44489,1.65702,-0.112201,0.0289164,0.993265,57.2367,57.2367,1,408.435,525.21,0,197.708,80.4254,-547.121,-12.8198,1.44652,-0.221815,0.0252439,0.974762,57.1824,57.1824,1,412.785,521.64,1,0
292315690943300,417.617,516.704,0,136.892,77.2097,-546.797,-6.43532,1.6295,-0.112036,0.0284364,0.993297,57.233,57.233,1,404.114,533.399,0,197.692,80.4493,-547.037,-12.8963,1.59438,-0.223102,0.0278236,0.974398,57.1739,57.1739,1,410.865,525.051,1,0
292315695943300,412.659,514.142,0,136.877,77.238,-546.716,-6.52374,1.58354,-0.113571,0.0276345,0.993145,57.2247,57.2247,1,408.771,534.029,0,197.688,80.4386,-547.047,-12.8127,1.60758,-0.221678,0.0280539,0.974716,57.1751,57.1751,1,410.715,524.085,1,0
292315700943300,416.012,519.49,0,136.867,77.2636,-546.647,-6.45863,1.68554,-0.112437,0.0294139,0.993223,57.2175,57.2175,1,399.487,539.675,0,197.671,80.4145,-547.105,-12.9748,1.71208,-0.224423,0.0298771,0.974034,57.1812,57.1812,1,407.75,529.583,1,0
292315705943300,420.9,516.117,0,136.853,77.2298,-546.751,-6.36728,1.62324,-0.110857,0.0283272,0.993433,57.2281,57.2281,1,401.302,526.097,0,197.667,80.3591,-547.221,-12.9422,1.4657,-0.223894,0.0255785,0.974278,57.1935,57.1935,1,411.101,521.107,1,0
292315710943300,418.811,514.195,0,136.837,77.2345,-546.753,-6.40467,1.58623,-0.111507,0.0276813,0.993378,57.2282,57.2282,1,392.261,523.882,0,197.647,80.358,-547.196,-13.1006,1.42626,-0.226591,0.0248903,0.973672,57.1911,57.1911,1,405.536,519.038,1,0
292315715943300,425.414,517.821,0,136.822,77.2438,-546.727,-6.2805,1.65436,-0.10935,0.0288699,0.993584,57.2255,57.2255,1,388.702,521.751,0,197.632,80.3486,-547.208,-13.1614,1.38891,-0.227629,0.0242387,0.973446,57.1925,57.1925,1,407.058,519.786,1,0
292315720943300,430.439,529.758,0,136.811,77.2546,-546.711,-6.188,1.87291,-0.107734,0.0326827,0.993643,57.2238,57.2238,1,388.489,533.295,0,197.622,80.3251,-547.281,-13.1623,1.6019,-0.227621,0.0279547,0.973348,57.2,57.2,1,409.464,531.526,1,0
292315725943300,431.372,523.393,0,136.794,77.2596,-546.696,-6.1698,1.75296,-0.107425,0.0305902,0.993742,57.2222,57.2222,1,387.605,537.721,0,197.603,80.3396,-547.227,-13.1753,1.68433,-0.227833,0.0293929,0.973257,57.1945,57.1945,1,409.488,530.557,1,0
292315730943300,431.28,525.636,0,136.772,77.2421,-546.765,-6.17078,1.79215,-0.10744,0.0312738,0.99372,57.2292,57.2292,1,399.47,543.896,0,197.605,80.3033,-547.342,-12.9643,1.79798,-0.224234,0.0313755,0.97403,57.2062,57.2062,1,415.375,534.766,1,0
292315735943300,434.325,529.765,0,136.76,77.2491,-546.748,-6.11204,1.87068,-0.106416,0.0326437,0.993786,57.2274,57.2274,1,399.036,526.733,0,197.582,80.2711,-547.397,-12.97,1.48581,-0.224365,0.0259293,0.97416,57.2122,57.2122,1,416.68,528.249,1,0
292315740943300,441.548,529.262,0,136.742,77.2218,-546.832,-5.97665,1.86198,-0.104068,0.0324919,0.994039,57.236,57.236,1,400.677,521.217,0,197.558,80.3023,-547.283,-12.9394,1.38515,-0.223855,0.0241731,0.974323,57.2007,57.2007,1,421.113,525.24,1,0
292315745943300,431.932,531.276,0,136.713,77.1986,-546.917,-6.15188,1.89957,-0.107105,0.0331477,0.993695,57.2446,57.2446,1,406.907,534.965,0,197.547,80.2995,-547.311,-12.8281,1.63465,-0.221937,0.0285261,0.974644,57.2034,57.2034,1,419.419,533.12,1,0
292315750943300,418.223,526.78,0,136.689,77.216,-546.87,-6.4028,1.81534,-0.111461,0.0316784,0.993264,57.2397,57.2397,1,414.774,531.013,0,197.54,80.2893,-547.347,-12.6879,1.56189,-0.219558,0.0272568,0.975219,57.2071,57.2071,1,416.498,528.897,1,0
292315755943300,422.34,527.047,0,136.684,77.2448,-546.81,-6.32545,1.81995,-0.11012,0.0317588,0.993411,57.2333,57.2333,1,408.923,530.23,0,197.518,80.3091,-547.278,-12.7905,1.54678,-0.221306,0.0269932,0.974831,57.2001,57.2001,1,415.632,528.638,1,0
292315760943300,422.379,523.803,0,136.671,77.2486,-546.796,-6.32221,1.76153,-0.110068,0.0307396,0.993449,57.2319,57.2319,1,422.123,523.733,0,197.508,80.3218,-547.234,-12.5556,1.42742,-0.21732,0.0249106,0.975783,57.1957,57.1957,1,422.251,523.768,1,0
292315765943300,424.454,532.764,0,136.656,77.225,-546.894,-6.28346,1.92638,-0.109386,0.0336153,0.993431,57.2417,57.2417,1,415.196,523.782,0,197.493,80.3208,-547.226,-12.6774,1.42867,-0.219393,0.0249325,0.975318,57.1949,57.1949,1,419.825,528.273,1,0
292315770943300,410.473,537.723,0,136.65,77.3486,-546.549,-6.5392,2.01687,-0.113812,0.0351938,0.992879,57.2061,57.2061,1,417.024,523.291,0,197.488,80.3282,-547.194,-12.6436,1.4215,-0.218818,0.0248073,0.97545,57.1917,57.1917,1,413.748,530.507,1,0
292315775943300,407.657,524.95,0,136.611,77.2248,-546.905,-6.5872,1.78408,-0.11466,0.0311331,0.992917,57.2428,57.2428,1,414.495,522.968,0,197.476,80.3273,-547.193,-12.6884,1.41393,-0.219582,0.0246753,0.975282,57.1916,57.1916,1,411.076,523.959,1,0
292315780943300,427.667,537.27,0,136.636,77.2986,-546.736,-6.21855,2.01204,-0.108254,0.0351095,0.993503,57.225,57.225,1,409.443,527.277,0,197.472,80.3181,-547.239,-12.7779,1.49162,-0.221097,0.0260307,0.974904,57.1962,57.1962,1,418.555,532.273,1,0
292315785943300,400.037,514.367,0,136.596,77.254,-546.811,-6.72682,1.58572,-0.117091,0.0276725,0.992736,57.2332,57.2332,1,409.43,524.208,0,197.47,80.313,-547.246,-12.7782,1.43544,-0.221108,0.0250506,0.974928,57.197,57.197,1,404.734,519.287,1,0
292315790943300,426.202,534.149,0,136.631,77.2984,-546.736,-6.24576,1.95284,-0.10873,0.0340769,0.993487,57.225,57.225,1,403.823,528.516,0,197.46,80.3306,-547.217,-12.8767,1.51352,-0.222776,0.0264129,0.974512,57.1938,57.1938,1,415.012,531.333,1,0
292315795943300,391.312,522.904,0,136.584,77.2584,-546.835,-6.88692,1.74259,-0.119855,0.0304092,0.992326,57.2353,57.2353,1,402.809,518.825,0,197.458,80.3291,-547.204,-12.8946,1.33716,-0.223097,0.0233358,0.974517,57.1927,57.1927,1,397.061,520.864,1,0
292315800943300,399.571,517.291,0,136.593,77.2728,-546.784,-6.73414,1.6403,-0.117214,0.0286247,0.992694,57.2301,57.2301,1,411.144,518.57,0,197.465,80.3302,-547.216,-12.7463,1.33339,-0.220574,0.0232699,0.975093,57.1937,57.1937,1,405.358,517.93,1,0
292315805943300,411.681,531.013,0,136.621,77.3332,-546.625,-6.51279,1.89375,-0.113363,0.0330462,0.993004,57.2137,57.2137,1,406.291,526.963,0,197.462,80.3432,-547.195,-12.8327,1.4853,-0.22203,0.0259205,0.974695,57.1914,57.1914,1,408.986,528.988,1,0
292315810943300,398.157,524.456,0,136.598,77.2839,-546.763,-6.76108,1.77224,-0.117673,0.0309265,0.992571,57.2279,57.2279,1,402.051,524.217,0,197.467,80.3019,-547.329,-12.9072,1.43621,-0.223302,0.025064,0.974427,57.2051,57.2051,1,400.104,524.336,1,0
292315815943300,416.042,530.386,0,136.631,77.3361,-546.63,-6.43322,1.88188,-0.111985,0.032839,0.993167,57.214,57.214,1,411.166,529.113,0,197.478,80.3077,-547.329,-12.7458,1.52605,-0.220548,0.0266314,0.975012,57.2049,57.2049,1,413.604,529.75,1,0
292315820943300,403.146,523.392,0,136.606,77.259,-546.839,-6.67033,1.75245,-0.116102,0.0305812,0.992766,57.2357,57.2357,1,409.7,533.883,0,197.485,80.2961,-547.389,-12.7717,1.61321,-0.220979,0.028152,0.974872,57.2108,57.2108,1,406.423,528.637,1,0
292315825943300,391.208,525.27,0,136.632,77.2262,-546.931,-6.8931,1.78872,-0.119959,0.031214,0.992288,57.2451,57.2451,1,406.873,516.665,0,197.535,80.2435,-547.526,-12.8221,1.30667,-0.221868,0.0228037,0.97481,57.2251,57.2251,1,399.041,520.968,1,0
292315830943300,436.44,509.025,0,136.753,77.0736,-547.322,-6.06871,1.49621,-0.105685,0.0261109,0.994057,57.2857,57.2857,1,442.884,510.275,0,197.709,80.0591,-548.13,-12.191,1.19781,-0.211125,0.0209042,0.977236,57.2865,57.2865,1,439.662,509.65,1,0
292315835943300,555.131,513.922,0,137.015,76.9905,-547.526,-3.8881,1.59802,-0.0677817,0.027887,0.99731,57.3071,57.3071,1,538.556,507.003,0,197.998,79.9847,-548.348,-10.494,1.15297,-0.182095,0.0201218,0.983075,57.3089,57.3089,1,546.844,510.463,1,0
292315840943300,655.733,505.959,0,137.319,76.9306,-547.612,-2.03908,1.45983,-0.0355697,0.025476,0.999042,57.3167,57.3167,1,676.129,512.28,0,198.331,79.9364,-548.466,-8.02276,1.25302,-0.139533,0.0218676,0.989976,57.3212,57.3212,1,665.931,509.12,1,0
292315845943300,754.321,487.84,0,137.642,76.8434,-547.723,-0.228303,1.12417,-0.00398385,0.0196192,0.9998,57.3292,57.3292,1,836.224,518.639,0,198.684,79.9297,-548.421,-5.10367,1.37865,-0.0889323,0.0240596,0.995747,57.3172,57.3172,1,795.273,503.24,1,0
292315850943300,868.239,473.839,0,137.984,76.8048,-547.583,1.8708,0.87404,0.0326419,0.0152543,0.999351,57.3171,57.3171,1,955.886,493.004,0,199.01,79.8246,-548.556,-2.90893,0.906981,-0.0507422,0.0158291,0.998586,57.3325,57.3325,1,912.063,483.421,1,0
292315855943300,1004.95,425.637,0,138.325,76.7285,-547.518,4.38838,-0.0219534,0.0765168,-0.00038316,0.997068,57.3129,57.3129,1,1059.64,488.753,0,199.287,79.8073,-548.471,-1.0001,0.842107,-0.0174523,0.014697,0.99974,57.325,57.325,1,1032.29,457.195,1,0
292315860943300,1124.61,394.631,0,138.616,76.6992,-547.427,6.5797,-0.591643,0.114579,-0.0103259,0.99336,57.3051,57.3051,1,1150.61,474.747,0,199.546,79.8345,-548.245,0.674135,0.578204,0.011765,0.0100914,0.99988,57.3031,57.3031,1,1137.61,434.689,1,0
292315865943300,1193.2,377.509,0,138.863,76.6808,-547.335,7.81943,-0.902566,0.136035,-0.0157521,0.990579,57.2969,57.2969,1,1246.13,465.324,0,199.753,79.7977,-548.241,2.43863,0.403789,0.0425482,0.0070474,0.99907,57.3035,57.3035,1,1219.66,421.417,1,0
292315870943300,1266.5,359.325,0,139.051,76.6947,-547.228,9.14553,-1.23838,0.158905,-0.021612,0.987057,57.2864,57.2864,1,1305.55,425.418,0,199.889,79.8148,-548.045,3.53206,-0.337602,0.0616059,-0.00589223,0.998083,57.2847,57.2847,1,1286.02,392.371,1,0
292315875943300,1282.82,380.29,0,139.187,76.7653,-546.95,9.43132,-0.848,0.163847,-0.0147998,0.986375,57.2586,57.2586,1,1334.19,403.444,0,199.992,79.8181,-547.96,4.05425,-0.744615,0.0706951,-0.0129956,0.997413,57.2766,57.2766,1,1308.5,391.867,1,0
292315880943300,1313.67,371.611,0,139.25,76.7375,-546.993,9.98621,-1.00549,0.173385,-0.0175483,0.984698,57.2633,57.2633,1,1347.19,396.885,0,200.047,79.7998,-547.944,4.2924,-0.86929,0.0748379,-0.0151714,0.99708,57.2756,57.2756,1,1330.43,384.248,1,0
292315885943300,1327.33,377.155,0,139.314,76.7585,-546.893,10.2309,-0.908461,0.177594,-0.015855,0.983976,57.2534,57.2534,1,1366.27,386.648,0,200.095,79.7706,-548.001,4.64239,-1.05867,0.0809226,-0.0184761,0.996549,57.2817,57.2817,1,1346.8,381.902,1,0
292315890943300,1356.76,372.676,0,139.366,76.7618,-546.818,10.7613,-0.991637,0.186689,-0.0173065,0.982267,57.2463,57.2463,1,1371.77,398.855,0,200.106,79.8215,-547.85,4.7445,-0.83559,0.0827037,-0.0145833,0.996467,57.2662,57.2662,1,1364.26,385.766,1,0
292315895943300,1343.93,392.751,0,139.368,76.7945,-546.688,10.5307,-0.624378,0.182752,-0.0108972,0.983099,57.2332,57.2332,1,1356.38,391.75,0,200.098,79.824,-547.799,4.45804,-0.964912,0.077718,-0.0168401,0.996833,57.2613,57.2613,1,1350.16,392.25,1,0
292315900943300,1316.6,397.986,0,139.34,76.7733,-546.693,10.0373,-0.526664,0.174281,-0.0091919,0.984653,57.2342,57.2342,1,1339.54,379.307,0,200.092,79.7868,-547.875,4.1452,-1.19459,0.0722686,-0.020848,0.997167,57.2694,57.2694,1,1328.07,388.647,1,0
292315905943300,1314.34,399.956,0,139.351,76.7443,-546.747,9.99487,-0.489383,0.173554,-0.00854124,0.984787,57.24,57.24,1,1334.6,384.314,0,200.109,79.7765,-547.911,4.05125,-1.10046,0.0706358,-0.0192055,0.997317,57.2731,57.2731,1,1324.47,392.135,1,0
292315910943300,1303.44,403.996,0,139.368,76.7511,-546.688,9.79532,-0.414493,0.170125,-0.0072342,0.985396,57.2343,57.2343,1,1327.14,385.133,0,200.13,79.7617,-547.943,3.91143,-1.08773,0.0682021,-0.0189834,0.997491,57.2764,57.2764,1,1315.29,394.565,1,0
292315915943300,1307.03,390.939,0,139.394,76.7534,-546.614,9.85935,-0.655932,0.171219,-0.0114479,0.985167,57.2272,57.2272,1,1307.84,385.219,0,200.148,79.7925,-547.862,3.54962,-1.08745,0.0619017,-0.0189784,0.997902,57.268,57.268,1,1307.44,388.079,1,0
292315920943300,1303.68,379.054,0,139.401,76.7369,-546.627,9.79667,-0.872251,0.170133,-0.0152231,0.985304,57.2289,57.2289,1,1295.03,379.651,0,200.16,79.7956,-547.832,3.30765,-1.18569,0.0576849,-0.0206928,0.99812,57.2652,57.2652,1,1299.36,379.352,1,0
292315925943300,1306.63,368.675,0,139.426,76.7518,-546.546,9.84783,-1.06112,0.171003,-0.0185189,0.985097,57.2209,57.2209,1,1309.05,381.775,0,200.192,79.8048,-547.798,3.56518,-1.14475,0.0621715,-0.0199783,0.997866,57.2617,57.2617,1,1307.84,375.225,1,0
292315930943300,1304.02,359.693,0,139.438,76.745,-546.533,9.79951,-1.22701,0.170162,-0.0214138,0.985183,57.2199,57.2199,1,1304.82,385.086,0,200.211,79.8135,-547.76,3.48495,-1.0854,0.0607755,-0.0189426,0.997972,57.2579,57.2579,1,1304.42,372.389,1,0
292315935943300,1306.59,367.676,0,139.461,76.7475,-546.52,9.84418,-1.07974,0.170939,-0.0188438,0.985101,57.2186,57.2186,1,1295.03,382.379,0,200.226,79.81,-547.758,3.30127,-1.13692,0.0575748,-0.0198417,0.998144,57.2578,57.2578,1,1300.81,375.028,1,0
292315940943300,1296.42,362.638,0,139.467,76.7076,-546.618,9.65726,-1.17084,0.167719,-0.0204335,0.985623,57.2288,57.2288,1,1296.82,389.937,0,200.241,79.8141,-547.76,3.33347,-0.997573,0.0581383,-0.01741,0.998157,57.2579,57.2579,1,1296.62,376.288,1,0
292315945943300,1302.93,365.289,0,139.496,76.7361,-546.51,9.77418,-1.12308,0.169733,-0.0196001,0.985295,57.2179,57.2179,1,1306.98,384.733,0,200.264,79.8157,-547.733,3.52101,-1.09573,0.0614033,-0.0191229,0.99793,57.2553,57.2553,1,1304.95,375.011,1,0
292315950943300,1299.03,364.825,0,139.501,76.7132,-546.563,9.70166,-1.12901,0.168485,-0.0197036,0.985507,57.2234,57.2234,1,1314.36,383.041,0,200.281,79.8223,-547.718,3.65612,-1.12544,0.0637558,-0.0196413,0.997772,57.2538,57.2538,1,1306.7,373.933,1,0
292315955943300,1303.3,362.292,0,139.52,76.7217,-546.526,9.778,-1.17632,0.169795,-0.0205292,0.985265,57.2198,57.2198,1,1319.85,380.536,0,200.307,79.7892,-547.85,3.75639,-1.17298,0.0655006,-0.0204709,0.997643,57.267,57.267,1,1311.57,371.414,1,0
292315960943300,1309.06,354.575,0,139.545,76.7163,-546.495,9.88043,-1.31673,0.171547,-0.0229792,0.984908,57.217,57.217,1,1308.08,372.913,0,200.327,79.8099,-547.792,3.53539,-1.3175,0.0616487,-0.0229926,0.997833,57.261,57.261,1,1308.57,363.744,1,0
292315965943300,1307.07,356.472,0,139.555,76.7103,-546.516,9.84379,-1.28404,0.17092,-0.0224088,0.98503,57.2191,57.2191,1,1307.65,373.963,0,200.35,79.8327,-547.746,3.52618,-1.30362,0.0614886,-0.0227505,0.997849,57.2561,57.2561,1,1307.36,365.217,1,0
292315970943300,1306.64,356.438,0,139.583,76.7355,-546.43,9.83505,-1.28858,0.170769,-0.0224881,0.985054,57.2104,57.2104,1,1303.36,381.174,0,200.375,79.8289,-547.804,3.4428,-1.16687,0.0600396,-0.0203644,0.997988,57.2616,57.2616,1,1305,368.806,1,0
292315975943300,1308.84,358.947,0,139.591,76.7337,-546.448,9.87481,-1.24463,0.171456,-0.0217211,0.984952,57.2122,57.2122,1,1292.63,372.54,0,200.383,79.8694,-547.69,3.24016,-1.32563,0.0565062,-0.0231346,0.998134,57.25,57.25,1,1300.74,365.744,1,0
292315980943300,1309.94,364.463,0,139.61,76.7429,-546.438,9.89239,-1.14157,0.171764,-0.0199228,0.984937,57.2109,57.2109,1,1296.65,377.976,0,200.398,79.8897,-547.659,3.31325,-1.22465,0.0577818,-0.0213726,0.9981,57.2465,57.2465,1,1303.29,371.219,1,0
292315985943300,1312.66,361.573,0,139.628,76.7648,-546.378,9.93975,-1.19286,0.172575,-0.0208178,0.984776,57.2048,57.2048,1,1304.29,374.059,0,200.414,79.9129,-547.607,3.4536,-1.29779,0.0602247,-0.0226488,0.997928,57.2411,57.2411,1,1308.47,367.816,1,0
292315990943300,1307.54,363.965,0,139.645,76.7836,-546.325,9.8456,-1.15079,0.170959,-0.0200837,0.985073,57.1993,57.1993,1,1305.34,379.943,0,200.427,79.917,-547.626,3.47286,-1.1916,0.0605627,-0.0207959,0.997948,57.2427,57.2427,1,1306.44,371.954,1,0
292315995943300,1307.14,367.733,0,139.654,76.7908,-546.323,9.83782,-1.08304,0.170829,-0.0189016,0.985119,57.1989,57.1989,1,1305.29,377.426,0,200.442,79.9269,-547.597,3.46976,-1.23716,0.0605076,-0.0215908,0.997934,57.2397,57.2397,1,1306.21,372.579,1,0
292316000943300,1303.01,363.197,0,139.661,76.7878,-546.342,9.76225,-1.16863,0.169525,-0.0203949,0.985315,57.2008,57.2008,1,1305.63,384.38,0,200.453,79.9466,-547.573,3.47605,-1.1123,0.0606199,-0.019412,0.997972,57.237,57.237,1,1304.32,373.789,1,0
292316005943300,1305.17,365.601,0,139.674,76.7995,-546.333,9.79973,-1.12287,0.170172,-0.0195964,0.985219,57.1996,57.1996,1,1294.7,394.697,0,200.457,79.9274,-547.682,3.27221,-0.921059,0.0570724,-0.0160748,0.998241,57.2477,57.2477,1,1299.94,380.149,1,0
292316010943300,1306.34,366.904,0,139.679,76.7973,-546.358,9.82049,-1.1002,0.17053,-0.0192009,0.985165,57.2021,57.2021,1,1304.6,374.917,0,200.47,79.9405,-547.607,3.45491,-1.28849,0.0602478,-0.0224866,0.99793,57.2403,57.2403,1,1305.47,370.91,1,0
292316015943300,1305.99,371.65,0,139.687,76.8329,-546.284,9.8139,-1.01399,0.170422,-0.0176965,0.985212,57.1943,57.1943,1,1291.3,388.877,0,200.471,79.9183,-547.734,3.20701,-1.02906,0.0559346,-0.0179596,0.998273,57.2529,57.2529,1,1298.64,380.264,1,0
292316020943300,1303.03,367.593,0,139.683,76.8052,-546.363,9.75996,-1.08872,0.16949,-0.0190005,0.985349,57.2024,57.2024,1,1292.51,393.399,0,200.478,79.9175,-547.761,3.22927,-0.945929,0.0563238,-0.0165088,0.998276,57.2554,57.2554,1,1297.77,380.496,1,0
292316025943300,1309,372.2,0,139.694,76.8373,-546.286,9.8679,-1.00359,0.171351,-0.017515,0.985054,57.1943,57.1943,1,1293.13,388.47,0,200.476,79.9456,-547.681,3.24078,-1.03891,0.0565229,-0.0181313,0.998237,57.2471,57.2471,1,1301.07,380.335,1,0
292316030943300,1306.85,370.066,0,139.693,76.8284,-546.308,9.82874,-1.04288,0.170675,-0.0182006,0.985159,57.1966,57.1966,1,1287.82,392.8,0,200.466,79.9716,-547.639,3.14262,-0.959807,0.0548139,-0.016751,0.998356,57.2426,57.2426,1,1297.34,381.433,1,0
292316035943300,1301.26,373.579,0,139.682,76.8155,-546.357,9.72791,-0.979334,0.168945,-0.0170918,0.985477,57.2015,57.2015,1,1292.33,391.695,0,200.47,79.9788,-547.636,3.22627,-0.980587,0.056271,-0.0171136,0.998269,57.2421,57.2421,1,1296.8,382.637,1,0
292316040943300,1304.93,379.347,0,139.684,76.8557,-546.27,9.79515,-0.874313,0.170106,-0.015259,0.985308,57.1923,57.1923,1,1288.08,389.59,0,200.464,79.9817,-547.639,3.14768,-1.02123,0.0549011,-0.0178229,0.998333,57.2423,57.2423,1,1296.5,384.468,1,0
292316045943300,1307.72,376.163,0,139.672,76.8452,-546.309,9.84716,-0.933451,0.170998,-0.0162911,0.985137,57.1962,57.1962,1,1282.73,391.677,0,200.457,79.9927,-547.619,3.04853,-0.982745,0.053174,-0.0171513,0.998438,57.2402,57.2402,1,1295.23,383.92,1,0
292316050943300,1314.13,378.93,0,139.676,76.8707,-546.252,9.96327,-0.881068,0.172996,-0.0153769,0.984802,57.1903,57.1903,1,1286.04,391.365,0,200.451,80.018,-547.556,3.11053,-0.988836,0.0542542,-0.0172576,0.998378,57.2336,57.2336,1,1300.09,385.148,1,0
292316055943300,1313.57,383.018,0,139.663,76.8685,-546.289,9.95549,-0.810795,0.172866,-0.0141506,0.984844,57.1938,57.1938,1,1280.98,392.845,0,200.443,80.0224,-547.547,3.01707,-0.962092,0.0526261,-0.0167909,0.998473,57.2326,57.2326,1,1297.27,387.932,1,0
292316060943300,1313.95,382.392,0,139.661,76.9091,-546.182,9.96421,-0.825895,0.173015,-0.0144141,0.984814,57.1827,57.1827,1,1281.53,385.114,0,200.439,80.0014,-547.6,3.02748,-1.10452,0.052805,-0.0192763,0.998419,57.2381,57.2381,1,1297.74,383.753,1,0
292316065943300,1313.52,384.511,0,139.646,76.9205,-546.17,9.9596,-0.791642,0.172937,-0.0138163,0.984836,57.1813,57.1813,1,1293.26,392.758,0,200.42,80.073,-547.393,3.24848,-0.965449,0.0566583,-0.0168495,0.998251,57.2169,57.2169,1,1303.39,388.635,1,0
292316070943300,1286.11,391.75,0,139.562,77.049,-545.822,9.46999,-0.659616,0.16452,-0.0115122,0.986307,57.1453,57.1453,1,1304.23,416.614,0,200.319,80.1584,-547.162,3.46643,-0.532864,0.0604611,-0.0093001,0.998127,57.193,57.193,1,1295.17,404.182,1,0
292316075943300,1222.89,382.203,0,139.344,77.1301,-545.639,8.33686,-0.848001,0.144977,-0.0147999,0.989324,57.1261,57.1261,1,1209.55,419.24,0,200.089,80.2624,-546.867,1.71841,-0.482727,0.0299863,-0.00842507,0.999515,57.1626,57.1626,1,1216.22,400.721,1,0
292316080943300,1096.8,391.144,0,139.001,77.1561,-545.639,6.04252,-0.691538,0.105259,-0.0120693,0.994372,57.1254,57.1254,1,1077.13,412.235,0,199.745,80.3444,-546.571,-0.726399,-0.619341,-0.012677,-0.0108093,0.999861,57.1327,57.1327,1,1086.96,401.689,1,0
292316085943300,938.21,369.886,0,138.638,77.2018,-545.503,3.1222,-1.09805,0.0544556,-0.0191634,0.998332,57.1114,57.1114,1,962.792,401.452,0,199.407,80.2936,-546.675,-2.83096,-0.821075,-0.0493844,-0.01433,0.998677,57.1437,57.1437,1,950.501,385.669,1,0
292316090943300,804.354,375.852,0,138.288,77.0546,-545.963,0.645622,-0.979139,0.0112663,-0.0170884,0.99979,57.1585,57.1585,1,863.915,378.516,0,199.078,80.2684,-546.692,-4.64206,-1.24536,-0.0809116,-0.0217338,0.996484,57.146,57.146,1,834.134,377.184,1,0
292316095943300,703.271,349.589,0,137.994,77.0651,-545.879,-1.21821,-1.45777,-0.0212532,-0.0254402,0.99945,57.1503,57.1503,1,763.62,390.378,0,198.745,80.3418,-546.402,-6.47048,-1.01495,-0.112674,-0.0177132,0.993474,57.1169,57.1169,1,733.445,369.984,1,0
292316100943300,609.943,339.578,0,137.702,76.997,-546.087,-2.94032,-1.65068,-0.0512744,-0.0288058,0.998269,57.1716,57.1716,1,661.8,376.303,0,198.465,80.2185,-546.704,-8.31696,-1.26803,-0.144614,-0.0221295,0.989241,57.1484,57.1484,1,635.872,357.94,1,0
292316105943300,508.855,333.359,0,137.459,76.9243,-546.339,-4.79957,-1.74954,-0.0836314,-0.0305305,0.996029,57.1971,57.1971,1,549.372,351.628,0,198.213,80.1192,-546.958,-10.3374,-1.70124,-0.179365,-0.0296879,0.983335,57.1748,57.1748,1,529.114,342.493,1,0
292316110943300,480.525,356.922,0,137.32,76.8746,-546.589,-5.31378,-1.31133,-0.0925859,-0.022885,0.995442,57.2218,57.2218,1,502.826,374.154,0,198.068,80.0123,-547.346,-11.1616,-1.28234,-0.193529,-0.0223791,0.980839,57.214,57.214,1,491.676,365.538,1,0
292316115943300,465.063,371.875,0,137.244,76.8893,-546.576,-5.59309,-1.03282,-0.097447,-0.0180251,0.995077,57.2202,57.2202,1,478.674,365.972,0,198,79.9863,-547.406,-11.5896,-1.43019,-0.200838,-0.0249589,0.979306,57.2202,57.2202,1,471.869,368.924,1,0
292316120943300,457.771,381.377,0,137.209,76.8469,-546.7,-5.72363,-0.850827,-0.0997191,-0.0148492,0.994905,57.2329,57.2329,1,484.125,381.619,0,197.981,79.9468,-547.552,-11.4859,-1.13764,-0.199088,-0.0198543,0.979781,57.235,57.235,1,470.948,381.498,1,0
292316125943300,460.191,382.873,0,137.204,76.8527,-546.685,-5.67803,-0.823001,-0.098928,-0.0143636,0.994991,57.2314,57.2314,1,490.008,381.534,0,197.968,79.9728,-547.476,-11.3785,-1.13855,-0.19725,-0.0198701,0.980152,57.2272,57.2272,1,475.1,382.203,1,0
292316130943300,460.723,383.394,0,137.193,76.8678,-546.622,-5.66698,-0.813695,-0.0987362,-0.0142012,0.995012,57.2252,57.2252,1,468.639,377.245,0,197.937,79.948,-547.528,-11.7594,-1.21509,-0.203756,-0.0212057,0.978792,57.2327,57.2327,1,464.681,380.32,1,0
292316135943300,455.65,386.884,0,137.158,76.8511,-546.682,-5.7575,-0.747714,-0.10031,-0.0130497,0.994871,57.2312,57.2312,1,456.652,371.494,0,197.911,79.9232,-547.569,-11.971,-1.31683,-0.207361,-0.022981,0.977995,57.2372,57.2372,1,456.151,379.189,1,0
292316140943300,457.712,372.326,0,137.138,76.8161,-546.745,-5.71559,-1.01342,-0.0995748,-0.0176867,0.994873,57.238,57.238,1,472.18,381.522,0,197.902,79.9285,-547.515,-11.6919,-1.1336,-0.20261,-0.0197837,0.97906,57.232,57.232,1,464.946,376.924,1,0
292316145943300,478.654,384.275,0,137.128,76.8318,-546.7,-5.32552,-0.792123,-0.0928052,-0.0138247,0.995588,57.2334,57.2334,1,482.768,400.04,0,197.886,79.9259,-547.481,-11.5004,-0.79391,-0.199356,-0.0138559,0.979829,57.2288,57.2288,1,480.711,392.158,1,0
292316150943300,486.157,379.237,0,137.113,76.8452,-546.639,-5.18647,-0.890985,-0.0903865,-0.01555,0.995785,57.2273,57.2273,1,487.689,416.42,0,197.866,79.9119,-547.456,-11.4108,-0.493078,-0.197835,-0.00860573,0.980198,57.2269,57.2269,1,486.923,397.829,1,0
292316155943300,480.561,392.806,0,137.087,76.9078,-546.483,-5.28927,-0.644141,-0.0921783,-0.0112421,0.995679,57.2111,57.2111,1,489.498,409.813,0,197.844,79.9014,-547.406,-11.3778,-0.615064,-0.197266,-0.0107347,0.980291,57.2224,57.2224,1,485.03,401.309,1,0
292316160943300,483.709,388.774,0,137.06,76.8947,-546.499,-5.22647,-0.71542,-0.0910856,-0.0124861,0.995765,57.2129,57.2129,1,495.651,414.273,0,197.835,79.8991,-547.391,-11.2668,-0.534265,-0.19537,-0.00932455,0.980685,57.2211,57.2211,1,489.68,401.523,1,0
292316165943300,497.517,390.119,0,137.041,76.8483,-546.625,-4.968,-0.689197,-0.0865931,-0.0120285,0.996171,57.2259,57.2259,1,492.168,409.722,0,197.817,79.92,-547.299,-11.3286,-0.617582,-0.196424,-0.0107786,0.98046,57.2119,57.2119,1,494.843,399.921,1,0
292316170943300,495.9,383.28,0,137.022,76.8546,-546.583,-4.99518,-0.814369,-0.0870631,-0.0142129,0.996101,57.2218,57.2218,1,489.986,396.545,0,197.81,79.8824,-547.331,-11.3675,-0.857572,-0.197079,-0.0149669,0.980273,57.2158,57.2158,1,492.943,389.913,1,0
292316175943300,482.108,390.681,0,137,76.8645,-546.551,-5.25008,-0.677795,-0.0914965,-0.0118295,0.995735,57.2185,57.2185,1,487.181,394.222,0,197.801,79.8891,-547.298,-11.4171,-0.899317,-0.197925,-0.0156954,0.980091,57.2126,57.2126,1,484.644,392.451,1,0
292316180943300,471.503,387.26,0,136.982,76.8428,-546.599,-5.44558,-0.740343,-0.0948923,-0.0129211,0.995404,57.2236,57.2236,1,493.385,394.562,0,197.791,79.8941,-547.252,-11.3045,-0.892257,-0.195999,-0.0155722,0.98048,57.2081,57.2081,1,482.444,390.911,1,0
292316185943300,476.15,382.433,0,136.989,76.8962,-546.398,-5.35915,-0.830409,-0.0933886,-0.0144929,0.995524,57.2034,57.2034,1,488.961,378.386,0,197.783,79.8633,-547.281,-11.3837,-1.18766,-0.197336,-0.020727,0.980117,57.2116,57.2116,1,482.556,380.41,1,0
292316190943300,489.364,385.731,0,136.975,76.8065,-546.663,-5.11257,-0.76662,-0.0891047,-0.0133796,0.995932,57.2306,57.2306,1,490.733,383.431,0,197.778,79.8864,-547.208,-11.3522,-1.0965,-0.196803,-0.0191364,0.980256,57.2042,57.2042,1,490.049,384.581,1,0
292316195943300,482.074,383.117,0,136.95,76.7737,-546.748,-5.24544,-0.812916,-0.0914132,-0.0141876,0.995712,57.2394,57.2394,1,482.8,385.587,0,197.772,79.8779,-547.232,-11.4949,-1.0576,-0.199247,-0.0184575,0.979775,57.2066,57.2066,1,482.437,384.352,1,0
292316200943300,489.796,377.685,0,136.942,76.7659,-546.757,-5.09918,-0.909768,-0.0888689,-0.0158778,0.995917,57.2404,57.2404,1,477.723,372.691,0,197.761,79.8748,-547.197,-11.5861,-1.29408,-0.200789,-0.0225841,0.979374,57.2034,57.2034,1,483.759,375.188,1,0
292316205943300,483.565,366.597,0,136.929,76.7596,-546.742,-5.21329,-1.11442,-0.0908464,-0.0194491,0.995675,57.2391,57.2391,1,484.147,369.837,0,197.754,79.8819,-547.142,-11.4703,-1.34637,-0.198804,-0.0234964,0.979757,57.1981,57.1981,1,483.856,368.217,1,0
292316210943300,485.021,373.093,0,136.928,76.776,-546.685,-5.18495,-0.991495,-0.0903574,-0.017304,0.995759,57.2333,57.2333,1,486.635,368.486,0,197.754,79.8669,-547.166,-11.4258,-1.37154,-0.198042,-0.0239355,0.979901,57.2007,57.2007,1,485.828,370.789,1,0
292316215943300,497.234,370.164,0,136.928,76.7756,-546.683,-4.95818,-1.04727,-0.0864142,-0.0182772,0.996092,57.2332,57.2332,1,485.123,372.315,0,197.749,79.8568,-547.195,-11.4515,-1.29921,-0.198488,-0.0226735,0.979841,57.2037,57.2037,1,491.178,371.239,1,0
292316220943300,496.37,381.992,0,136.912,76.7621,-546.732,-4.97435,-0.830081,-0.0867007,-0.0144871,0.996129,57.2381,57.2381,1,485.801,369.475,0,197.747,79.8599,-547.169,-11.4387,-1.3495,-0.198264,-0.0235511,0.979866,57.2012,57.2012,1,491.086,375.734,1,0
292316225943300,498.325,380.503,0,136.913,76.7662,-546.719,-4.93834,-0.85885,-0.086074,-0.0149892,0.996176,57.2368,57.2368,1,479.055,367.116,0,197.74,79.8539,-547.17,-11.5601,-1.39333,-0.200337,-0.0243159,0.979425,57.2014,57.2014,1,488.69,373.809,1,0
292316230943300,492.42,377.291,0,136.901,76.7623,-546.72,-5.04773,-0.919845,-0.0879742,-0.0160536,0.995993,57.237,57.237,1,478.818,362.73,0,197.737,79.8717,-547.102,-11.5643,-1.4732,-0.200401,-0.0257093,0.979377,57.1945,57.1945,1,485.619,370.01,1,0
292316235943300,490.458,379.734,0,136.896,76.7579,-546.737,-5.0842,-0.875168,-0.0886092,-0.015274,0.995949,57.2387,57.2387,1,485.175,370.629,0,197.744,79.8837,-547.084,-11.4514,-1.331,-0.198483,-0.0232283,0.979829,57.1926,57.1926,1,487.816,375.181,1,0
292316240943300,488.105,379.479,0,136.893,76.7759,-546.676,-5.12783,-0.8808,-0.0893676,-0.0153723,0.99588,57.2325,57.2325,1,480.722,366.986,0,197.746,79.8665,-547.123,-11.5313,-1.39649,-0.199844,-0.024371,0.979525,57.1967,57.1967,1,484.413,373.233,1,0
292316245943300,493.422,385.603,0,136.899,76.8009,-546.618,-5.02979,-0.768977,-0.0876657,-0.0134208,0.99606,57.2264,57.2264,1,481.654,368.756,0,197.75,79.8742,-547.08,-11.5159,-1.36515,-0.199583,-0.0238241,0.979591,57.1925,57.1925,1,487.538,377.179,1,0
292316250943300,488.834,379.114,0,136.901,76.8379,-546.481,-5.11476,-0.889692,-0.0891401,-0.0155274,0.995898,57.2126,57.2126,1,475.35,370.156,0,197.749,79.8798,-547.052,-11.6296,-1.33911,-0.201529,-0.0233698,0.979204,57.1897,57.1897,1,482.092,374.635,1,0
292316255943300,488.612,371.974,0,136.906,76.8201,-546.513,-5.1185,-1.01966,-0.0892018,-0.0177955,0.995854,57.216,57.216,1,478.061,369.439,0,197.756,79.8712,-547.08,-11.5822,-1.35437,-0.200718,-0.023636,0.979364,57.1925,57.1925,1,483.336,370.706,1,0
292316260943300,483.956,380.631,0,136.904,76.8226,-546.522,-5.20497,-0.858533,-0.0907087,-0.0149837,0.995765,57.2168,57.2168,1,478.524,373.082,0,197.763,79.8847,-547.037,-11.5752,-1.28846,-0.200603,-0.022486,0.979415,57.1881,57.1881,1,481.24,376.856,1,0
292316265943300,488.824,374.755,0,136.916,76.8383,-546.451,-5.11488,-0.966836,-0.0891403,-0.0168737,0.995876,57.2098,57.2098,1,485.337,379.299,0,197.774,79.8924,-547.029,-11.4535,-1.17479,-0.198531,-0.0205025,0.97988,57.1872,57.1872,1,487.081,377.027,1,0
292316270943300,484.286,374.308,0,136.916,76.8116,-546.523,-5.19859,-0.972182,-0.0905951,-0.016967,0.995743,57.2172,57.2172,1,488.877,375.319,0,197.782,79.884,-547.029,-11.3908,-1.2479,-0.197453,-0.0217783,0.980071,57.1874,57.1874,1,486.582,374.814,1,0
292316275943300,492.717,382.252,0,136.93,76.7803,-546.632,-5.04366,-0.824106,-0.0879058,-0.0143829,0.996025,57.2283,57.2283,1,484.392,380.607,0,197.783,79.8986,-547.001,-11.4707,-1.1487,-0.198827,-0.0200473,0.97983,57.1844,57.1844,1,488.555,381.429,1,0
292316280943300,489.087,383.462,0,136.939,76.7921,-546.589,-5.11311,-0.803788,-0.0891135,-0.0140283,0.995923,57.2239,57.2239,1,497.428,375.547,0,197.798,79.9156,-546.942,-11.2374,-1.24197,-0.194829,-0.0216748,0.980598,57.1784,57.1784,1,493.257,379.505,1,0
292316285943300,483.887,376.567,0,136.943,76.7857,-546.601,-5.21141,-0.93453,-0.0908189,-0.0163099,0.995734,57.2252,57.2252,1,494.671,368.944,0,197.802,79.8999,-546.993,-11.2874,-1.36341,-0.195676,-0.0237938,0.98038,57.1836,57.1836,1,489.279,372.755,1,0
292316290943300,483.31,378.959,0,136.951,76.7778,-546.628,-5.22361,-0.890967,-0.091032,-0.0155497,0.995727,57.2279,57.2279,1,494.212,362.869,0,197.817,79.8972,-547.015,-11.2977,-1.47665,-0.195842,-0.0257696,0.980297,57.1857,57.1857,1,488.761,370.914,1,0
292316295943300,476.128,377.381,0,136.959,76.8011,-546.561,-5.35824,-0.921803,-0.0933707,-0.0160878,0.995501,57.221,57.221,1,492.068,369.526,0,197.83,79.896,-547.047,-11.3375,-1.35523,-0.196533,-0.0236511,0.980212,57.1888,57.1888,1,484.098,373.454,1,0
292316300943300,482.869,372.563,0,136.97,76.7859,-546.605,-5.23436,-1.01191,-0.0912156,-0.0176603,0.995675,57.2256,57.2256,1,480.958,364.945,0,197.834,79.9142,-547.007,-11.5393,-1.44144,-0.199977,-0.0251551,0.979478,57.1845,57.1845,1,481.913,368.754,1,0
292316305943300,490.346,382.095,0,136.996,76.8458,-546.47,-5.09756,-0.83718,-0.0888424,-0.014611,0.995939,57.2114,57.2114,1,475.002,364.459,0,197.845,79.9291,-546.965,-11.6466,-1.44742,-0.201811,-0.0252595,0.979099,57.1802,57.1802,1,482.674,373.277,1,0
292316310943300,492.542,368.752,0,136.999,76.8135,-546.545,-5.05726,-1.0848,-0.0881354,-0.0189322,0.995929,57.2193,57.2193,1,477.858,362.285,0,197.858,79.9324,-546.951,-11.5968,-1.48779,-0.200955,-0.0259638,0.979256,57.1788,57.1788,1,485.2,365.518,1,0
292316315943300,502.386,368.388,0,137.017,76.8392,-546.479,-4.8756,-1.09276,-0.0849771,-0.0190712,0.9962,57.2124,57.2124,1,480.314,364.152,0,197.873,79.9264,-546.988,-11.5539,-1.45433,-0.200226,-0.0253801,0.979421,57.1825,57.1825,1,491.35,366.27,1,0
292316320943300,511.002,378.647,0,137.033,76.861,-546.449,-4.71649,-0.902605,-0.0822152,-0.0157528,0.99649,57.209,57.209,1,486.934,386.861,0,197.884,79.9563,-546.96,-11.4358,-1.03983,-0.198238,-0.0181475,0.979986,57.1791,57.1791,1,498.968,382.754,1,0
292316325943300,500.94,379.854,0,137.039,76.8443,-546.488,-4.90534,-0.880763,-0.0854997,-0.0153716,0.99622,57.2131,57.2131,1,478.48,377.028,0,197.902,79.9522,-546.979,-11.5886,-1.21733,-0.200837,-0.0212448,0.979394,57.181,57.181,1,489.71,378.441,1,0
292316330943300,504.083,369.2,0,137.07,76.8024,-546.587,-4.85013,-1.0774,-0.0845347,-0.018803,0.996243,57.2235,57.2235,1,478.412,364.699,0,197.97,79.9065,-547.125,-11.594,-1.43931,-0.200912,-0.0251181,0.979287,57.1959,57.1959,1,491.248,366.95,1,0
292316335943300,520.272,367.845,0,137.188,76.7216,-546.8,-4.55539,-1.08567,-0.0794086,-0.0189474,0.996662,57.2455,57.2455,1,529.648,381.234,0,198.127,79.8232,-547.48,-10.6814,-1.13631,-0.18531,-0.0198311,0.98248,57.2313,57.2313,1,524.96,374.54,1,0
292316340943300,620.843,375.678,0,137.403,76.6426,-547.058,-2.70415,-0.949084,-0.0471723,-0.0165639,0.998749,57.2718,57.2718,1,626.088,407.518,0,198.403,79.7702,-547.742,-8.95572,-0.66324,-0.155661,-0.0115755,0.987743,57.2573,57.2573,1,623.465,391.598,1,0
292316345943300,714.293,375.631,0,137.689,76.5945,-547.184,-0.984362,-0.950431,-0.0171772,-0.0165874,0.999715,57.2849,57.2849,1,729.298,400.095,0,198.701,79.6807,-548.054,-7.08756,-0.797665,-0.123374,-0.0139214,0.992263,57.2889,57.2889,1,721.796,387.863,1,0
292316350943300,820.214,384.091,0,138.012,76.6518,-546.976,0.969687,-0.788036,0.0169218,-0.0137534,0.999762,57.2638,57.2638,1,855.025,390.097,0,199.01,79.7033,-547.97,-4.79099,-0.98344,-0.0835088,-0.0171634,0.996359,57.2805,57.2805,1,837.62,387.094,1,0
292316355943300,928.365,374.526,0,138.315,76.5723,-547.115,2.9623,-0.966021,0.0516716,-0.0168594,0.998522,57.2789,57.2789,1,963.367,373.473,0,199.293,79.722,-547.919,-2.80209,-1.30729,-0.0488734,-0.0228146,0.998544,57.2752,57.2752,1,945.866,373.999,1,0
292316360943300,1041.11,367.435,0,138.618,76.6006,-546.992,5.03559,-1.09921,0.0877583,-0.0191836,0.995957,57.2666,57.2666,1,1084.6,373.177,0,199.584,79.705,-548.017,-0.564742,-1.30978,-0.00985388,-0.022858,0.99969,57.2848,57.2848,1,1062.86,370.306,1,0
292316365943300,1146.25,368.613,0,138.905,76.6507,-546.867,6.95576,-1.06671,0.121082,-0.0186165,0.992468,57.2536,57.2536,1,1165.13,399.996,0,199.835,79.7858,-547.913,0.916622,-0.817663,0.0159958,-0.0142704,0.99977,57.273,57.273,1,1155.69,384.305,1,0
292316370943300,1217.34,383.776,0,139.131,76.7119,-546.744,8.24339,-0.786666,0.143365,-0.0137295,0.989575,57.2405,57.2405,1,1288.31,421.743,0,200.033,79.86,-547.733,3.19755,-0.41147,0.0557774,-0.00718144,0.998417,57.2542,57.2542,1,1252.82,402.76,1,0
292316375943300,1281.28,396.767,0,139.319,76.7807,-546.587,9.3981,-0.552099,0.163286,-0.00963579,0.986532,57.224,57.224,1,1311.13,403.666,0,200.188,79.8712,-547.737,3.60673,-0.749072,0.0629023,-0.0130734,0.997934,57.2543,57.2543,1,1296.21,400.217,1,0
292316380943300,1335.67,415.4,0,139.483,76.768,-546.69,10.3702,-0.20666,0.180007,-0.00360689,0.983659,57.234,57.234,1,1370.61,404.587,0,200.323,79.859,-547.764,4.70216,-0.735228,0.0819694,-0.0128318,0.996552,57.2571,57.2571,1,1353.14,409.993,1,0
292316385943300,1395.36,404.019,0,139.639,76.7831,-546.608,11.4354,-0.416461,0.198258,-0.00726856,0.980123,57.2259,57.2259,1,1432.01,413.123,0,200.458,79.91,-547.653,5.8295,-0.581556,0.101563,-0.0101499,0.994777,57.2454,57.2454,1,1413.69,408.571,1,0
292316390943300,1413.04,410.197,0,139.742,76.8805,-546.327,11.7498,-0.313966,0.203635,-0.00547971,0.979032,57.1971,57.1971,1,1458.69,401.465,0,200.517,79.9703,-547.461,6.31694,-0.798847,0.110017,-0.0139421,0.993832,57.2258,57.2258,1,1435.86,405.831,1,0
292316395943300,1428.58,398.179,0,139.784,76.9145,-546.195,12.0247,-0.531379,0.208324,-0.00927418,0.978016,57.1837,57.1837,1,1452.97,397.811,0,200.531,79.9837,-547.388,6.20883,-0.865277,0.10814,-0.0151014,0.994021,57.2187,57.2187,1,1440.77,397.995,1,0
292316400943300,1416.09,377.53,0,139.772,76.8857,-546.184,11.8019,-0.908831,0.204503,-0.0158614,0.978738,57.1834,57.1834,1,1435.71,391.638,0,200.502,79.9957,-547.304,5.89262,-0.980685,0.102649,-0.0171154,0.99457,57.2104,57.2104,1,1425.9,384.584,1,0
292316405943300,1400.99,374.129,0,139.752,76.8549,-546.231,11.532,-0.971125,0.199887,-0.0169485,0.979672,57.1887,57.1887,1,1417.8,385.655,0,200.497,79.9362,-547.408,5.56132,-1.08937,0.0968935,-0.0190119,0.995113,57.2217,57.2217,1,1409.4,379.892,1,0
292316410943300,1397.73,362.408,0,139.741,76.8241,-546.271,11.4738,-1.18401,0.198878,-0.0206633,0.979806,57.1932,57.1932,1,1402.82,376.317,0,200.494,79.9189,-547.403,5.28347,-1.26165,0.092061,-0.0220181,0.99551,57.2217,57.2217,1,1400.28,369.363,1,0
292316415943300,1396.93,339.767,0,139.753,76.808,-546.238,11.4579,-1.59664,0.198571,-0.0278631,0.97969,57.1905,57.1905,1,1403,370.368,0,200.517,79.8955,-547.446,5.28298,-1.3675,0.0920485,-0.0238651,0.995468,57.2263,57.2263,1,1399.96,355.068,1,0
292316420943300,1396.79,348.103,0,139.757,76.7999,-546.275,11.4548,-1.44388,0.198532,-0.0251977,0.97977,57.1942,57.1942,1,1398.58,361.351,0,200.521,79.902,-547.397,5.20071,-1.53578,0.0906124,-0.0268012,0.995526,57.2216,57.2216,1,1397.69,354.727,1,0
292316425943300,1396,349.671,0,139.771,76.8165,-546.22,11.4387,-1.4132,0.198259,-0.0246625,0.979839,57.1886,57.1886,1,1391.55,362.393,0,200.53,79.8961,-547.407,5.06836,-1.51451,0.0883134,-0.0264301,0.995742,57.2226,57.2226,1,1393.77,356.032,1,0
292316430943300,1390.4,343.319,0,139.776,76.7861,-546.269,11.3372,-1.52997,0.196513,-0.0266999,0.980138,57.194,57.194,1,1395.24,363.156,0,200.539,79.9106,-547.36,5.13602,-1.50064,0.0894897,-0.0261881,0.995643,57.2179,57.2179,1,1392.82,353.237,1,0
292316435943300,1386.61,344.611,0,139.773,76.7711,-546.311,11.2689,-1.50637,0.195346,-0.0262881,0.980382,57.1983,57.1983,1,1394.88,365.946,0,200.551,79.9049,-547.37,5.1285,-1.44946,0.0893612,-0.0252951,0.995678,57.2189,57.2189,1,1390.74,355.278,1,0
292316440943300,1394.98,333.815,0,139.788,76.7836,-546.233,11.4193,-1.7037,0.1979,-0.0297307,0.979771,57.1906,57.1906,1,1401.56,355.911,0,200.563,79.8853,-547.395,5.25092,-1.63354,0.0914804,-0.0285068,0.995399,57.2218,57.2218,1,1398.27,344.863,1,0
292316445943300,1396.96,340.043,0,139.792,76.7665,-546.285,11.4542,-1.58881,0.198508,-0.0277265,0.979707,57.196,57.196,1,1398.14,366.744,0,200.561,79.9059,-547.346,5.18679,-1.43123,0.0903748,-0.0249771,0.995595,57.2167,57.2167,1,1397.55,353.393,1,0
292316450943300,1392.86,334.341,0,139.791,76.7765,-546.24,11.3808,-1.69409,0.197243,-0.0295631,0.979909,57.1915,57.1915,1,1404.81,349.961,0,200.575,79.8731,-547.39,5.30909,-1.74039,0.0924859,-0.0303709,0.995251,57.2216,57.2216,1,1398.84,342.151,1,0
292316455943300,1393.22,335.24,0,139.786,76.7423,-546.319,11.3866,-1.67475,0.197344,-0.0292258,0.979899,57.1998,57.1998,1,1399.67,364.332,0,200.571,79.8961,-547.34,5.21312,-1.47239,0.0908306,-0.0256952,0.995535,57.2164,57.2164,1,1396.44,349.786,1,0
292316460943300,1404.25,334.81,0,139.792,76.7315,-546.329,11.5849,-1.68148,0.200733,-0.0293431,0.979206,57.201,57.201,1,1404.94,351.927,0,200.577,79.8722,-547.351,5.31127,-1.70326,0.0925255,-0.0297231,0.995267,57.218,57.218,1,1404.59,343.369,1,0
292316465943300,1392.56,347.137,0,139.783,76.7443,-546.28,11.3749,-1.4545,0.197164,-0.0253832,0.980042,57.1961,57.1961,1,1403.06,359.865,0,200.58,79.8465,-547.425,5.27602,-1.5542,0.09192,-0.0271225,0.995397,57.2256,57.2256,1,1397.81,353.501,1,0
292316470943300,1400.79,353.311,0,139.788,76.7146,-546.349,11.5225,-1.3394,0.199698,-0.0233748,0.979579,57.2033,57.2033,1,1399.52,353.693,0,200.578,79.8489,-547.37,5.21066,-1.66856,0.0907793,-0.0291178,0.995445,57.2204,57.2204,1,1400.16,353.502,1,0
292316475943300,1405.39,350.52,0,139.788,76.7145,-546.31,11.6057,-1.38927,0.201116,-0.0242449,0.979267,57.1997,57.1997,1,1403.76,361.209,0,200.58,79.8283,-547.405,5.28986,-1.52857,0.0921616,-0.0266755,0.995387,57.2242,57.2242,1,1404.58,355.864,1,0
292316480943300,1399.21,358.166,0,139.781,76.7202,-546.264,11.4945,-1.24668,0.199227,-0.0217569,0.979712,57.1951,57.1951,1,1406.52,355.8,0,200.581,79.8105,-547.411,5.34109,-1.62783,0.0930471,-0.0284072,0.995256,57.2251,57.2251,1,1402.86,356.983,1,0
292316485943300,1405.22,366.463,0,139.779,76.7069,-546.279,11.604,-1.09543,0.20111,-0.0191178,0.979382,57.1969,57.1969,1,1399.07,360.154,0,200.573,79.8135,-547.344,5.2032,-1.54493,0.0906553,-0.0269608,0.995517,57.2188,57.2188,1,1402.15,363.308,1,0
292316490943300,1405.26,360.446,0,139.769,76.6543,-546.362,11.604,-1.2005,0.201102,-0.0209511,0.979346,57.206,57.206,1,1398.79,365.459,0,200.572,79.7909,-547.369,5.19803,-1.44432,0.0905696,-0.0252055,0.995571,57.2218,57.2218,1,1402.02,362.953,1,0
292316495943300,1412.83,367.819,0,139.777,76.665,-546.327,11.7401,-1.06512,0.203437,-0.0185888,0.978912,57.2025,57.2025,1,1398.29,360.195,0,200.575,79.7549,-547.413,5.1898,-1.5427,0.0904225,-0.0269219,0.99554,57.2267,57.2267,1,1405.56,364.007,1,0
292316500943300,1409.37,365.518,0,139.772,76.6579,-546.302,11.6781,-1.10552,0.202376,-0.0192937,0.979118,57.2003,57.2003,1,1405.64,369.891,0,200.579,79.725,-547.471,5.32651,-1.36148,0.0928051,-0.0237601,0.995401,57.233,57.233,1,1407.5,367.704,1,0
292316505943300,1398.59,378.592,0,139.765,76.6352,-546.347,11.486,-0.868427,0.199105,-0.0151563,0.979861,57.2051,57.2051,1,1401.36,366.789,0,200.57,79.7173,-547.468,5.24726,-1.41699,0.091426,-0.0247286,0.995505,57.2329,57.2329,1,1399.97,372.69,1,0
292316510943300,1398.31,371.491,0,139.762,76.6239,-546.325,11.482,-0.998519,0.199029,-0.0174266,0.979839,57.2034,57.2034,1,1403.76,366.126,0,200.569,79.7034,-547.447,5.29194,-1.42714,0.0922019,-0.0249057,0.995429,57.2313,57.2313,1,1401.04,368.809,1,0
292316515943300,1403.54,353.844,0,139.765,76.6003,-546.321,11.5755,-1.31896,0.200606,-0.0230182,0.979401,57.2035,57.2035,1,1395.3,364.291,0,200.557,79.7169,-547.379,5.13596,-1.46147,0.0894903,-0.0255047,0.995661,57.2245,57.2245,1,1399.42,359.068,1,0
292316520943300,1392.48,357.812,0,139.75,76.6077,-546.292,11.3779,-1.24712,0.197233,-0.0217646,0.980115,57.2007,57.2007,1,1395.11,356.412,0,200.555,79.6995,-547.375,5.13229,-1.60534,0.0894205,-0.0280148,0.9956,57.2246,57.2246,1,1393.8,357.112,1,0
292316525943300,1388.69,356.065,0,139.738,76.5772,-546.336,11.3109,-1.27909,0.196085,-0.0223224,0.980333,57.2056,57.2056,1,1397.2,360.71,0,200.553,79.6832,-547.406,5.1716,-1.52489,0.0901069,-0.0266111,0.995577,57.2279,57.2279,1,1392.95,358.387,1,0
292316530943300,1407.65,349.672,0,139.755,76.5919,-546.267,11.6512,-1.39385,0.201894,-0.0243248,0.979105,57.1987,57.1987,1,1394.57,359.076,0,200.548,79.6844,-547.398,5.12288,-1.55439,0.0892591,-0.0271259,0.995639,57.2271,57.2271,1,1401.11,354.374,1,0
292316535943300,1389.33,362,0,139.729,76.5592,-546.378,11.3237,-1.17084,0.196312,-0.0204336,0.980329,57.21,57.21,1,1388.74,355.68,0,200.548,79.6425,-547.494,5.0149,-1.61664,0.0873799,-0.028212,0.995775,57.2372,57.2372,1,1389.03,358.84,1,0
292316540943300,1400.86,350.295,0,139.745,76.5908,-546.252,11.5302,-1.38286,0.199826,-0.0241332,0.979534,57.1973,57.1973,1,1388.54,346.682,0,200.541,79.6548,-547.407,5.01129,-1.78229,0.0873097,-0.0311019,0.995696,57.2287,57.2287,1,1394.7,348.488,1,0
292316545943300,1394.35,347.605,0,139.736,76.5822,-546.251,11.4141,-1.43272,0.197837,-0.0250031,0.979916,57.1974,57.1974,1,1393.4,355.44,0,200.545,79.6423,-547.45,5.10141,-1.61886,0.0888834,-0.0282507,0.995641,57.2331,57.2331,1,1393.87,351.523,1,0
292316550943300,1390.49,348.533,0,139.733,76.5873,-546.236,11.3442,-1.41443,0.196642,-0.024684,0.980165,57.1959,57.1959,1,1381.39,347.462,0,200.532,79.6448,-547.421,4.87976,-1.76818,0.0850245,-0.0308557,0.995901,57.2302,57.2302,1,1385.94,347.997,1,0
292316555943300,1390.74,338.844,0,139.726,76.5714,-546.242,11.3501,-1.59302,0.196727,-0.0277999,0.980064,57.1969,57.1969,1,1384.94,344.218,0,200.534,79.6434,-547.41,4.94488,-1.8266,0.0861535,-0.0318748,0.995772,57.2293,57.2293,1,1387.84,341.531,1,0
292316560943300,1391.58,340.356,0,139.725,76.5723,-546.238,11.365,-1.56411,0.196986,-0.0272955,0.980026,57.1964,57.1964,1,1385.15,359.583,0,200.535,79.6251,-547.493,4.94969,-1.54227,0.0862497,-0.0269144,0.99591,57.2376,57.2376,1,1388.37,349.97,1,0
292316565943300,1390.09,346.574,0,139.724,76.5774,-546.241,11.3384,-1.45077,0.196541,-0.025318,0.980169,57.1966,57.1966,1,1388.17,349.874,0,200.537,79.624,-547.472,5.00469,-1.72039,0.0871979,-0.0300219,0.995739,57.2356,57.2356,1,1389.13,348.224,1,0
292316570943300,1391.86,328.89,0,139.725,76.5869,-546.171,11.371,-1.77567,0.197066,-0.0309863,0.979901,57.1898,57.1898,1,1388.91,349.198,0,200.536,79.6312,-547.443,5.01845,-1.73281,0.0874365,-0.0302387,0.995711,57.2327,57.2327,1,1390.38,339.044,1,0
292316575943300,1391.3,338.888,0,139.723,76.5798,-546.224,11.3606,-1.59244,0.196908,-0.0277898,0.980028,57.195,57.195,1,1386.13,352.36,0,200.531,79.6511,-547.396,4.96709,-1.67444,0.0865465,-0.0292203,0.995819,57.2277,57.2277,1,1388.72,345.624,1,0
292316580943300,1398.77,337.063,0,139.729,76.5961,-546.176,11.4955,-1.62655,0.19921,-0.0283848,0.979546,57.19,57.19,1,1383.67,351.296,0,200.534,79.6275,-547.461,4.92172,-1.69498,0.0857571,-0.0295786,0.995877,57.2345,57.2345,1,1391.22,344.18,1,0
292316585943300,1398.76,335.652,0,139.726,76.618,-546.117,11.4959,-1.65268,0.199215,-0.0288407,0.979531,57.1839,57.1839,1,1380.58,358.24,0,200.531,79.6244,-547.491,4.86412,-1.56502,0.0847614,-0.0273113,0.996027,57.2374,57.2374,1,1389.67,346.946,1,0
292316590943300,1396.39,330.681,0,139.719,76.6009,-546.17,11.4537,-1.74476,0.198484,-0.0304472,0.979631,57.1893,57.1893,1,1390.49,350.434,0,200.531,79.6523,-547.383,5.04807,-1.70992,0.0879523,-0.0298392,0.995678,57.2265,57.2265,1,1393.44,340.557,1,0
292316595943300,1391.07,329.374,0,139.709,76.5947,-546.191,11.359,-1.77037,0.196863,-0.0308938,0.979944,57.1915,57.1915,1,1387.39,353.865,0,200.535,79.6276,-547.462,4.99102,-1.64794,0.0869636,-0.0287581,0.995796,57.2346,57.2346,1,1389.23,341.619,1,0
292316600943300,1398.1,328.143,0,139.71,76.5955,-546.199,11.4854,-1.79186,0.19902,-0.0312688,0.979496,57.1922,57.1922,1,1387.65,346.374,0,200.529,79.6254,-547.48,4.99624,-1.78695,0.0870481,-0.0311831,0.995716,57.2363,57.2363,1,1392.87,337.258,1,0
292316605943300,1400.71,333.694,0,139.71,76.6023,-546.205,11.5322,-1.68961,0.199831,-0.0294849,0.979387,57.1926,57.1926,1,1386.81,353.576,0,200.521,79.6651,-547.382,4.98096,-1.65363,0.0867886,-0.0288573,0.995809,57.2261,57.2261,1,1393.76,343.635,1,0
292316610943300,1402.82,327.496,0,139.712,76.6038,-546.214,11.5694,-1.80265,0.200456,-0.0314569,0.979198,57.1934,57.1934,1,1381.23,358.228,0,200.514,79.6701,-547.395,4.87819,-1.56837,0.0850058,-0.0273698,0.996004,57.2272,57.2272,1,1392.03,342.862,1,0
292316615943300,1403.44,340.207,0,139.706,76.6572,-546.115,11.5816,-1.57091,0.200688,-0.0274142,0.979272,57.1828,57.1828,1,1390.37,348.702,0,200.504,79.6852,-547.363,5.05045,-1.74993,0.0879919,-0.0305373,0.995653,57.2238,57.2238,1,1396.91,344.455,1,0
292316620943300,1386.86,371.492,0,139.655,76.757,-545.921,11.2882,-0.998903,0.195715,-0.0174333,0.980506,57.162,57.162,1,1393.75,377.828,0,200.443,79.787,-547.18,5.12097,-1.21713,0.0892387,-0.0212413,0.995784,57.204,57.204,1,1390.3,374.66,1,0
292316625943300,1344.92,391.043,0,139.512,76.8732,-545.791,10.5462,-0.652694,0.183016,-0.0113914,0.983044,57.1468,57.1468,1,1328.47,418.379,0,200.305,79.927,-546.962,3.91897,-0.46876,0.0683433,-0.00818131,0.997628,57.18,57.18,1,1336.7,404.711,1,0
292316630943300,1257.07,444.463,0,139.341,76.8876,-546.023,8.96092,0.324733,0.155758,0.00566762,0.987779,57.1683,57.1683,1,1267,462.45,0,200.167,79.9651,-547.049,2.78492,0.35301,0.048586,0.00616114,0.9988,57.1872,57.1872,1,1262.03,453.456,1,0
292316635943300,1202.02,482.967,0,139.218,77.0038,-545.921,7.96301,1.03385,0.138511,0.018043,0.990196,57.1558,57.1558,1,1268.07,504.213,0,200.047,80.0268,-547.124,2.82009,1.11823,0.0491906,0.0195156,0.998599,57.1927,57.1927,1,1235.05,493.59,1,0
292316640943300,1184.49,526.322,0,139.109,77.1126,-545.876,7.65176,1.83019,0.133084,0.0319374,0.99059,57.1488,57.1488,1,1198.14,514.228,0,199.908,80.0925,-547.187,1.52544,1.303,0.0266139,0.0227397,0.999387,57.197,57.197,1,1191.31,520.275,1,0
292316645943300,1111.64,554.917,0,138.963,77.2086,-545.85,6.32062,2.35564,0.109999,0.041102,0.993081,57.144,57.144,1,1134.51,551.304,0,199.737,80.2477,-546.992,0.352157,1.9804,0.00614259,0.0345576,0.999384,57.1747,57.1747,1,1123.07,553.11,1,0
292316650943300,1045.37,574.822,0,138.834,77.3058,-545.824,5.10187,2.72782,0.088826,0.0475915,0.99491,57.1391,57.1391,1,1078.36,620.875,0,199.592,80.3041,-547.121,-0.684427,3.27201,-0.0119257,0.0570763,0.998299,57.1854,57.1854,1,1061.86,597.849,1,0
292316655943300,1019.28,600.904,0,138.725,77.3515,-545.959,4.62672,3.20315,0.0805377,0.0558763,0.995184,57.1505,57.1505,1,1033.32,661.625,0,199.479,80.3141,-547.348,-1.51547,4.02811,-0.0263816,0.0702459,0.997181,57.2066,57.2066,1,1026.3,631.265,1,0
292316660943300,976.825,658.192,0,138.644,77.4224,-546.012,3.84242,4.26526,0.066827,0.0743742,0.994989,57.1538,57.1538,1,991.565,694.055,0,199.357,80.4774,-547.137,-2.28521,4.61904,-0.0397444,0.0805302,0.995959,57.1826,57.1826,1,984.195,676.124,1,0
292316665943300,955.573,723.516,0,138.59,77.4668,-546.185,3.45,5.47093,0.0599034,0.0953407,0.993641,57.1689,57.1689,1,963.907,706.183,0,199.289,80.4612,-547.434,-2.79384,4.82918,-0.0485693,0.0841853,0.995266,57.2109,57.2109,1,959.74,714.849,1,0
292316670943300,933.441,734.783,0,138.548,77.5808,-546.096,3.0408,5.67217,0.0527873,0.0988363,0.993703,57.1577,57.1577,1,952.251,754.046,0,199.25,80.5743,-547.358,-3.00804,5.7088,-0.0522157,0.0994726,0.993669,57.2009,57.2009,1,942.846,744.414,1,0
292316675943300,905.557,758.666,0,138.493,77.6664,-546.093,2.52466,6.11311,0.0437989,0.106492,0.993348,57.1553,57.1553,1,927.147,799.009,0,199.171,80.718,-547.184,-3.4694,6.53197,-0.0601227,0.113758,0.991688,57.181,57.181,1,916.352,778.838,1,0
292316680943300,892.587,826.436,0,138.461,77.7755,-546.099,2.28529,7.35545,0.0395471,0.128025,0.990982,57.153,57.153,1,888.754,829.674,0,199.119,80.7928,-547.211,-4.17994,7.08378,-0.0723327,0.123321,0.989727,57.1816,57.1816,1,890.671,828.055,1,0
292316685943300,861.823,863.77,0,138.399,77.7563,-546.384,1.71346,8.03771,0.0296074,0.139825,0.989734,57.1803,57.1803,1,863.555,866.122,0,199.09,80.8265,-547.362,-4.6454,7.74067,-0.0802507,0.13469,0.987633,57.195,57.195,1,862.689,864.946,1,0
292316690943300,865.134,878.622,0,138.397,77.8179,-546.344,1.77642,8.30778,0.0306741,0.144491,0.989031,57.175,57.175,1,866.743,860.456,0,199.07,80.888,-547.252,-4.5842,7.63641,-0.0792152,0.132886,0.987961,57.183,57.183,1,865.938,869.539,1,0
292316695943300,859.101,864.357,0,138.394,77.8244,-546.366,1.66354,8.04514,0.0287445,0.139953,0.989741,57.1769,57.1769,1,861.432,868.443,0,199.058,80.9102,-547.322,-4.68098,7.77971,-0.0808565,0.135365,0.987491,57.1891,57.1891,1,860.267,866.4,1,0
292316700943300,852.744,872.758,0,138.39,77.8453,-546.358,1.54495,8.19841,0.0266856,0.142601,0.98942,57.1756,57.1756,1,856.569,878.633,0,199.059,80.9282,-547.339,-4.77134,7.96352,-0.0823773,0.138543,0.986924,57.1902,57.1902,1,854.656,875.695,1,0
292316705943300,864.074,880.234,0,138.408,77.8758,-546.3,1.75592,8.33385,0.0303182,0.144941,0.988976,57.1694,57.1694,1,873.713,892.092,0,199.084,80.9483,-547.331,-4.45496,8.21158,-0.076879,0.142829,0.986757,57.189,57.189,1,868.894,886.163,1,0
292316710943300,859.216,879.518,0,138.406,77.8779,-546.296,1.66494,8.32029,0.0287488,0.144707,0.989057,57.169,57.169,1,880.973,903.503,0,199.106,80.9475,-547.353,-4.32219,8.41957,-0.0745526,0.146421,0.986409,57.1911,57.1911,1,870.095,891.511,1,0
292316715943300,860.536,865.911,0,138.406,77.8706,-546.28,1.68967,8.07161,0.0291938,0.140411,0.989663,57.1677,57.1677,1,872.785,893.304,0,199.111,80.9546,-547.318,-4.47577,8.22972,-0.077234,0.143142,0.986684,57.1876,57.1876,1,866.66,879.607,1,0
292316720943300,861.622,862.805,0,138.41,77.8614,-546.304,1.70956,8.01504,0.0295417,0.139433,0.989791,57.1701,57.1701,1,875.578,894.766,0,199.132,80.9375,-547.378,-4.42605,8.25453,-0.0763728,0.143571,0.986689,57.1936,57.1936,1,868.6,878.786,1,0
292316725943300,866.022,869.1,0,138.412,77.8581,-546.328,1.79177,8.13001,0.030953,0.14142,0.989466,57.1726,57.1726,1,875.301,895.333,0,199.135,80.9772,-547.267,-4.43218,8.26378,-0.0764765,0.143731,0.986658,57.1822,57.1822,1,870.661,882.216,1,0
292316730943300,865.991,867.545,0,138.425,77.8775,-546.271,1.79008,8.10072,0.0309261,0.140914,0.989539,57.1666,57.1666,1,877.022,900.335,0,199.152,80.9715,-547.317,-4.40177,8.35341,-0.0759355,0.145279,0.986472,57.1871,57.1871,1,871.507,883.94,1,0
292316735943300,871.249,860.48,0,138.436,77.8891,-546.212,1.88784,7.97151,0.0326248,0.138681,0.9898,57.1608,57.1608,1,869.74,888.758,0,199.161,80.9715,-547.298,-4.53902,8.13807,-0.078341,0.141559,0.986825,57.1853,57.1853,1,870.495,874.619,1,0
292316740943300,869.033,858.024,0,138.436,77.858,-546.293,1.84558,7.9256,0.0318983,0.137887,0.989934,57.1692,57.1692,1,872.536,882.955,0,199.175,80.9811,-547.266,-4.48877,8.03112,-0.0774961,0.139711,0.987155,57.182,57.182,1,870.784,870.49,1,0
292316745943300,866.542,865.67,0,138.451,77.8856,-546.202,1.79753,8.0644,0.0310574,0.140286,0.989624,57.16,57.16,1,874.569,884.26,0,199.189,80.9917,-547.247,-4.45247,8.05433,-0.0768662,0.140112,0.987148,57.1799,57.1799,1,870.555,874.965,1,0
292316750943300,865.431,874.789,0,138.468,77.9098,-546.129,1.77513,8.22978,0.030658,0.143143,0.989227,57.1525,57.1525,1,873.678,883.461,0,199.197,81.0066,-547.209,-4.47003,8.03972,-0.0771717,0.13986,0.987159,57.176,57.176,1,869.554,879.125,1,0
292316755943300,865.145,878.359,0,138.475,77.9001,-546.162,1.76874,8.29455,0.0305426,0.144262,0.989068,57.1559,57.1559,1,876.419,881.693,0,199.213,80.9946,-547.252,-4.42016,8.009,-0.076318,0.139329,0.987301,57.1804,57.1804,1,870.782,880.026,1,0
292316760943300,876.794,875.787,0,138.499,77.9141,-546.11,1.98495,8.24603,0.0342788,0.143424,0.989067,57.1506,57.1506,1,876.718,887.541,0,199.237,80.9765,-547.335,-4.41605,8.11917,-0.0762266,0.141232,0.987037,57.1887,57.1887,1,876.756,881.664,1,0
292316765943300,866.988,877.004,0,138.494,77.9114,-546.128,1.80131,8.26825,0.0311068,0.143808,0.989117,57.1524,57.1524,1,878.333,886.11,0,199.25,80.9965,-547.283,-4.3871,8.0954,-0.0757322,0.140822,0.987134,57.1832,57.1832,1,872.66,881.557,1,0
292316770943300,870.64,871.054,0,138.506,77.9143,-546.127,1.86849,8.15854,0.0322755,0.141913,0.989353,57.1522,57.1522,1,863.908,875.142,0,199.261,80.9981,-547.285,-4.6571,7.89043,-0.0804236,0.137279,0.987262,57.1834,57.1834,1,867.274,873.098,1,0
292316775943300,875.287,872.171,0,138.524,77.9273,-546.103,1.9539,8.1774,0.0337487,0.142239,0.989257,57.1496,57.1496,1,878.486,879.105,0,199.288,80.9985,-547.291,-4.38822,7.96655,-0.0757757,0.138595,0.987446,57.1839,57.1839,1,876.887,875.638,1,0
292316780943300,880.056,868.34,0,138.541,77.9365,-546.071,2.04147,8.10441,0.0352671,0.140977,0.989384,57.1463,57.1463,1,885.407,876.679,0,199.305,80.9812,-547.364,-4.26056,7.9237,-0.0735829,0.137854,0.987715,57.1912,57.1912,1,882.731,872.51,1,0
292316785943300,875.094,865.716,0,138.55,77.9547,-546.03,1.94765,8.05644,0.0336509,0.140149,0.989558,57.142,57.142,1,889.356,877.616,0,199.312,81.0134,-547.281,-4.18827,7.93992,-0.0723338,0.138135,0.987769,57.1826,57.1826,1,882.225,871.666,1,0
292316790943300,874.5,862.318,0,138.559,77.9676,-545.995,1.93567,7.99291,0.0334492,0.139051,0.98972,57.1384,57.1384,1,898.518,886.157,0,199.334,81.0474,-547.214,-4.02022,8.09588,-0.0694097,0.14083,0.987598,57.1755,57.1755,1,886.509,874.237,1,0
292316795943300,876.753,859.187,0,138.568,77.9731,-545.979,1.97702,7.93416,0.0341684,0.138035,0.989838,57.1367,57.1367,1,889.301,888.462,0,199.335,81.0795,-547.133,-4.19258,8.13494,-0.0723734,0.141505,0.987288,57.167,57.167,1,883.027,873.825,1,0
292316800943300,877.511,868.923,0,138.572,77.9672,-546.03,1.99041,8.11145,0.0343848,0.141099,0.989398,57.1417,57.1417,1,885.343,889.998,0,199.346,81.0805,-547.165,-4.2679,8.15798,-0.073667,0.141903,0.987136,57.1701,57.1701,1,881.427,879.461,1,0
292316805943300,882.938,856.185,0,138.582,77.9876,-545.948,2.09168,7.87769,0.0361542,0.137059,0.989903,57.1335,57.1335,1,878.136,891.016,0,199.338,81.1544,-546.959,-4.4024,8.17413,-0.0759809,0.142182,0.98692,57.1488,57.1488,1,880.537,873.6,1,0
292316810943300,881.387,862.556,0,138.578,77.961,-546.059,2.0625,7.99488,0.0356399,0.139085,0.989639,57.1446,57.1446,1,865.783,891.04,0,199.337,81.1746,-546.916,-4.63281,8.17075,-0.0799499,0.142124,0.986615,57.1442,57.1442,1,873.585,876.798,1,0
292316815943300,883.881,865.946,0,138.584,77.9728,-546.06,2.10877,8.05688,0.0364335,0.140156,0.989459,57.1445,57.1445,1,878.657,887.108,0,199.35,81.1912,-546.867,-4.39445,8.10165,-0.0758576,0.14093,0.987109,57.1392,57.1392,1,881.269,876.527,1,0
292316820943300,874.68,873.072,0,138.575,77.9726,-546.11,1.93686,8.18703,0.0334537,0.142405,0.989243,57.1491,57.1491,1,880.768,881.881,0,199.356,81.1898,-546.891,-4.35551,8.00672,-0.0752044,0.139289,0.987392,57.1415,57.1415,1,877.724,877.477,1,0
292316825943300,877.576,874.755,0,138.58,77.9803,-546.104,1.99072,8.21732,0.0343809,0.142928,0.989136,57.1484,57.1484,1,881.728,883.139,0,199.356,81.1816,-546.954,-4.3373,8.0289,-0.0748865,0.139673,0.987362,57.1476,57.1476,1,879.652,878.947,1,0
292316830943300,871.681,868.332,0,138.575,77.981,-546.113,1.88042,8.09852,0.0324863,0.140876,0.989494,57.1492,57.1492,1,889.82,877.673,0,199.366,81.1897,-546.963,-4.18737,7.92967,-0.0723201,0.137957,0.987794,57.1483,57.1483,1,880.751,873.003,1,0
292316835943300,876.287,877.606,0,138.583,78.0019,-546.098,1.96618,8.26725,0.0339531,0.14379,0.989025,57.1473,57.1473,1,889.718,882.637,0,199.37,81.1864,-547.007,-4.18935,8.01979,-0.0723384,0.139515,0.987574,57.1525,57.1525,1,883.003,880.122,1,0
292316840943300,863.233,887.853,0,138.569,78.0475,-546.027,1.72301,8.45357,0.0297409,0.147008,0.988688,57.1394,57.1394,1,882.363,886.485,0,199.364,81.187,-547.023,-4.32586,8.08795,-0.0746786,0.140693,0.987233,57.154,57.154,1,872.798,887.169,1,0
292316845943300,856.454,892.509,0,138.568,78.0772,-545.961,1.59636,8.53891,0.0275494,0.148481,0.988531,57.1324,57.1324,1,888.509,885.9,0,199.373,81.1989,-546.997,-4.21243,8.07737,-0.0727258,0.14051,0.987405,57.1512,57.1512,1,872.482,889.205,1,0
292316850943300,867.848,884.824,0,138.573,78.087,-545.948,1.80966,8.39583,0.0312408,0.146011,0.98879,57.131,57.131,1,881.242,879.36,0,199.363,81.2137,-546.948,-4.3471,7.95622,-0.0750688,0.138416,0.987525,57.1463,57.1463,1,874.545,882.092,1,0
292316855943300,864.437,884.825,0,138.564,78.1051,-545.932,1.74662,8.3944,0.0301529,0.145986,0.988827,57.129,57.129,1,877.499,903.547,0,199.364,81.2302,-546.996,-4.41662,8.39528,-0.0761831,0.146001,0.986347,57.1503,57.1503,1,870.968,894.186,1,0
292316860943300,865.852,866.296,0,138.565,78.0991,-545.931,1.77309,8.0549,0.0306361,0.140122,0.98966,57.1291,57.1291,1,882.304,893.368,0,199.371,81.2274,-547.001,-4.3279,8.20979,-0.0746909,0.142798,0.98693,57.1509,57.1509,1,874.078,879.832,1,0
292316865943300,859.35,879.533,0,138.554,78.1015,-545.973,1.65191,8.29701,0.0285256,0.144305,0.989122,57.133,57.133,1,879.356,895.648,0,199.367,81.2385,-546.999,-4.38233,8.25027,-0.0756207,0.143497,0.986757,57.1504,57.1504,1,869.353,887.59,1,0
292316870943300,868.492,869.827,0,138.566,78.1086,-545.93,1.82244,8.11848,0.0314835,0.141221,0.989477,57.1288,57.1288,1,882.143,897.919,0,199.376,81.2223,-547.072,-4.33104,8.29123,-0.0747295,0.144205,0.986722,57.1577,57.1577,1,875.317,883.873,1,0
292316875943300,858.334,873.975,0,138.553,78.1055,-545.954,1.63304,8.19504,0.028207,0.142543,0.989387,57.1311,57.1311,1,883.514,893.763,0,199.371,81.2406,-546.997,-4.30528,8.21625,-0.0743,0.14291,0.986943,57.1502,57.1502,1,870.924,883.869,1,0
292316880943300,864.813,864.719,0,138.561,78.1077,-545.933,1.75395,8.02493,0.0303077,0.139604,0.989743,57.1291,57.1291,1,882.836,892.03,0,199.371,81.2309,-547.036,-4.31782,8.1837,-0.0745222,0.142347,0.987007,57.1541,57.1541,1,873.825,878.375,1,0
292316885943300,865.319,871.56,0,138.562,78.1164,-545.93,1.76348,8.15055,0.0304628,0.141775,0.98943,57.1286,57.1286,1,879.148,896.026,0,199.369,81.2366,-547.035,-4.38644,8.25514,-0.0756906,0.143581,0.98674,57.1539,57.1539,1,872.233,883.793,1,0
292316890943300,864.614,869.097,0,138.557,78.1147,-545.949,1.75064,8.10467,0.0302445,0.140982,0.98955,57.1304,57.1304,1,878.648,891.359,0,199.364,81.2436,-546.996,-4.39538,8.17062,-0.0758607,0.142121,0.986938,57.15,57.15,1,871.631,880.228,1,0
292316895943300,872.868,874.027,0,138.556,78.1281,-545.94,1.90576,8.19436,0.0329161,0.142531,0.989243,57.1293,57.1293,1,881.677,895.228,0,199.368,81.238,-547.021,-4.33916,8.24196,-0.0748787,0.143354,0.986835,57.1525,57.1525,1,877.272,884.627,1,0
292316900943300,865.731,871.631,0,138.517,78.1896,-545.778,1.77698,8.14998,0.0306959,0.141765,0.989424,57.1124,57.1124,1,862.731,905.256,0,199.322,81.2943,-546.87,-4.68821,8.41989,-0.0808524,0.146427,0.985912,57.1369,57.1369,1,864.231,888.443,1,0
292316905943300,803.9,871.54,0,138.401,78.2889,-545.482,0.629437,8.14901,0.0108746,0.141748,0.989843,57.0821,57.0821,1,849.571,888.337,0,199.187,81.3716,-546.532,-4.92282,8.10203,-0.0849572,0.140936,0.986367,57.1031,57.1031,1,826.735,879.938,1,0
292316910943300,722.047,873.397,0,138.183,78.2611,-545.422,-0.885874,8.18589,-0.0153033,0.142385,0.989693,57.0771,57.0771,1,770.225,859.18,0,198.968,81.3785,-546.286,-6.37304,7.56338,-0.110036,0.131623,0.985174,57.0798,57.0798,1,746.136,866.288,1,0
292316915943300,604.307,820.546,0,137.954,78.0857,-545.644,-3.06843,7.22034,-0.0531042,0.125685,0.990648,57.1025,57.1025,1,695.347,805.173,0,198.797,81.1448,-546.648,-7.73711,6.5646,-0.133745,0.114323,0.9844,57.1198,57.1198,1,649.827,812.859,1,0
292316920943300,577.633,732.488,0,137.805,77.8248,-545.952,-3.5549,5.60405,-0.0617085,0.0976532,0.993306,57.138,57.138,1,636.889,761.634,0,198.662,80.9617,-546.854,-8.79588,5.76222,-0.152142,0.1004,0.983246,57.1438,57.1438,1,607.261,747.061,1,0
292316925943300,573.997,665.461,0,137.727,77.6377,-546.172,-3.61629,4.37008,-0.0628909,0.0761983,0.995107,57.1634,57.1634,1,606.036,712.138,0,198.553,80.8946,-546.673,-9.34702,4.86421,-0.161829,0.0847945,0.983169,57.1285,57.1285,1,590.016,688.8,1,0
292316930943300,539.829,638.528,0,137.659,77.6324,-545.996,-4.24548,3.8743,-0.0738606,0.0675678,0.994977,57.1469,57.1469,1,560.273,660.15,0,198.457,80.6952,-547.018,-10.166,3.91379,-0.176089,0.0682554,0.982005,57.1659,57.1659,1,550.051,649.339,1,0
292316935943300,508.565,607.944,0,137.601,77.523,-546.191,-4.82374,3.30714,-0.0839507,0.0576884,0.994799,57.168,57.168,1,541.437,622.425,0,198.42,80.6157,-547.07,-10.5028,3.22543,-0.181995,0.0562646,0.981689,57.1728,57.1728,1,525.001,615.185,1,0
292316940943300,521.641,581.684,0,137.611,77.4479,-546.289,-4.58145,2.82358,-0.0797792,0.0492609,0.995595,57.1792,57.1792,1,559.314,611.461,0,198.452,80.4982,-547.357,-10.1809,3.02915,-0.17651,0.052844,0.982879,57.2028,57.2028,1,540.478,596.572,1,0
292316945943300,536.653,571.45,0,137.643,77.4586,-546.17,-4.30544,2.63359,-0.0749942,0.0459486,0.996125,57.1677,57.1677,1,572.387,607.244,0,198.477,80.5006,-547.29,-9.94555,2.95703,-0.172482,0.0515871,0.983661,57.1964,57.1964,1,554.52,589.347,1,0
292316950943300,574.904,576.495,0,137.687,77.4497,-546.207,-3.59589,2.7285,-0.0626479,0.0476032,0.9969,57.1714,57.1714,1,578.37,576.419,0,198.483,80.4954,-547.195,-9.83743,2.39473,-0.170704,0.0417837,0.984436,57.1876,57.1876,1,576.637,576.457,1,0
292316955943300,564.35,577.807,0,137.659,77.4083,-546.335,-3.79137,2.75209,-0.0660473,0.0480145,0.996661,57.1845,57.1845,1,570.916,573.653,0,198.475,80.5129,-547.13,-9.97249,2.34315,-0.17303,0.0408842,0.984067,57.181,57.181,1,567.633,575.73,1,0
292316960943300,561.244,582.354,0,137.645,77.382,-546.419,-3.8484,2.837,-0.0670345,0.0494947,0.996522,57.1931,57.1931,1,575.13,576.274,0,198.486,80.4949,-547.182,-9.89629,2.39306,-0.171715,0.0417547,0.984261,57.1864,57.1864,1,568.187,579.314,1,0
292316965943300,569.737,570.838,0,137.656,77.4077,-546.309,-3.68938,2.62496,-0.0642798,0.0457982,0.99688,57.1821,57.1821,1,579.344,572.449,0,198.488,80.4888,-547.19,-9.82025,2.32264,-0.170418,0.0405266,0.984538,57.1873,57.1873,1,574.541,571.644,1,0
292316970943300,570.856,573.66,0,137.663,77.446,-546.194,-3.66823,2.67806,-0.0639091,0.0467239,0.996861,57.1703,57.1703,1,572.285,566.442,0,198.479,80.5036,-547.113,-9.94775,2.21275,-0.172621,0.0386102,0.984231,57.1797,57.1797,1,571.571,570.051,1,0
292316975943300,557.864,577.274,0,137.632,77.386,-546.394,-3.90837,2.7458,-0.0680828,0.0479048,0.996529,57.1906,57.1906,1,567.07,565.52,0,198.479,80.4979,-547.131,-10.0428,2.19432,-0.174256,0.0382887,0.983956,57.1815,57.1815,1,562.467,571.397,1,0
292316980943300,561.814,566.23,0,137.645,77.4158,-546.254,-3.83518,2.54112,-0.0668207,0.0443363,0.99678,57.1767,57.1767,1,568.1,569.365,0,198.485,80.5004,-547.122,-10.0246,2.26552,-0.173935,0.0395304,0.983963,57.1806,57.1806,1,564.957,567.798,1,0
292316985943300,573.375,571.722,0,137.668,77.4616,-546.111,-3.62068,2.64409,-0.0630836,0.0461317,0.996942,57.1621,57.1621,1,564.28,565.074,0,198.484,80.5083,-547.058,-10.0942,2.1874,-0.175139,0.0381681,0.983804,57.1744,57.1744,1,568.828,568.398,1,0
292316990943300,561.705,572.102,0,137.652,77.4265,-546.184,-3.83813,2.65077,-0.0668662,0.0462482,0.996689,57.1698,57.1698,1,558.815,565.819,0,198.488,80.4937,-547.095,-10.1946,2.19877,-0.176861,0.0383663,0.983488,57.1783,57.1783,1,560.26,568.961,1,0
292316995943300,561.527,572.812,0,137.649,77.407,-546.24,-3.84141,2.6642,-0.0669226,0.0464823,0.996675,57.1756,57.1756,1,551.377,562.422,0,198.485,80.5087,-547.018,-10.3299,2.13577,-0.17919,0.0372676,0.983108,57.1706,57.1706,1,556.452,567.617,1,0
292317000943300,562.874,571.354,0,137.656,77.4279,-546.141,-3.81672,2.63744,-0.0664945,0.0460158,0.996725,57.1658,57.1658,1,551.618,565.904,0,198.494,80.4947,-547.05,-10.3265,2.19962,-0.179125,0.0383811,0.983077,57.174,57.174,1,557.246,568.629,1,0
292317005943300,566.028,564.609,0,137.663,77.4342,-546.078,-3.75822,2.51278,-0.0654832,0.0438422,0.99689,57.1596,57.1596,1,555.147,583.794,0,198.501,80.5128,-546.998,-10.2639,2.52817,-0.178009,0.0441105,0.98304,57.1686,57.1686,1,560.587,574.201,1,0
292317010943300,564.516,570.264,0,137.658,77.4167,-546.108,-3.78617,2.61917,-0.0659641,0.0456973,0.996775,57.1629,57.1629,1,537.372,583.312,0,198.49,80.5066,-546.983,-10.5855,2.51686,-0.183526,0.0439134,0.982034,57.1674,57.1674,1,550.944,576.788,1,0
292317015943300,565.148,555.449,0,137.662,77.4109,-546.043,-3.77459,2.34473,-0.0657763,0.0409118,0.996995,57.157,57.157,1,540.098,591.01,0,198.495,80.5036,-546.98,-10.5372,2.65827,-0.182677,0.046379,0.982078,57.1672,57.1672,1,552.623,573.229,1,0
292317020943300,563.522,568.243,0,137.67,77.4301,-545.978,-3.80585,2.58283,-0.0663084,0.0450635,0.996781,57.1504,57.1504,1,539.136,601.135,0,198.498,80.489,-547.011,-10.5552,2.84381,-0.182957,0.0496134,0.981868,57.1704,57.1704,1,551.329,584.689,1,0
292317025943300,558.962,576.022,0,137.666,77.4234,-545.973,-3.89069,2.72869,-0.0677762,0.0476067,0.996564,57.1501,57.1501,1,546.11,602.239,0,198.504,80.5001,-546.953,-10.4297,2.86589,-0.180803,0.0499983,0.982248,57.1647,57.1647,1,552.536,589.13,1,0
292317030943300,561.467,571.546,0,137.676,77.4061,-545.973,-3.84489,2.64695,-0.0669841,0.0461815,0.996685,57.1505,57.1505,1,548.78,615.905,0,198.507,80.5317,-546.852,-10.3825,3.11699,-0.179952,0.0543749,0.982171,57.1544,57.1544,1,555.123,593.726,1,0
292317035943300,558.183,572.995,0,137.683,77.4139,-545.918,-3.90685,2.67446,-0.0680603,0.0466612,0.996589,57.1451,57.1451,1,555.611,620.006,0,198.516,80.5082,-546.918,-10.2588,3.19432,-0.177819,0.0557226,0.982484,57.1613,57.1613,1,556.897,596.501,1,0
292317040943300,559.99,574.791,0,137.688,77.3998,-545.952,-3.87352,2.70909,-0.0674787,0.047265,0.996601,57.1487,57.1487,1,553.378,608.571,0,198.526,80.4767,-546.97,-10.3007,2.98416,-0.178572,0.0520599,0.982549,57.1669,57.1669,1,556.684,591.681,1,0
292317045943300,558.105,571.894,0,137.686,77.3684,-546.01,-3.90842,2.65721,-0.0680886,0.0463605,0.996602,57.1549,57.1549,1,552.641,603.68,0,198.526,80.4808,-546.944,-10.314,2.89486,-0.178814,0.0505033,0.982586,57.1644,57.1644,1,555.373,587.787,1,0
292317050943300,557.244,581.079,0,137.691,77.3839,-545.972,-3.92492,2.82803,-0.0683658,0.0493384,0.99644,57.151,57.151,1,556.376,615.199,0,198.535,80.4784,-546.964,-10.2469,3.10702,-0.17763,0.0542011,0.982604,57.1663,57.1663,1,556.81,598.139,1,0
292317055943300,556.687,580.319,0,137.692,77.3723,-545.996,-3.93511,2.81527,-0.0685438,0.0491159,0.996438,57.1536,57.1536,1,554.229,604.105,0,198.541,80.4524,-547.012,-10.2854,2.90557,-0.178322,0.05069,0.982666,57.1714,57.1714,1,555.458,592.212,1,0
292317060943300,557.276,577.23,0,137.701,77.3824,-545.943,-3.92474,2.7582,-0.0683668,0.048121,0.996499,57.1483,57.1483,1,557.226,609.477,0,198.55,80.4481,-547.045,-10.2315,3.00473,-0.177382,0.0524184,0.982745,57.1747,57.1747,1,557.251,593.353,1,0
292317065943300,556.536,574.969,0,137.701,77.3747,-545.95,-3.93849,2.71689,-0.0686083,0.047401,0.996517,57.1491,57.1491,1,556.13,611.149,0,198.546,80.4689,-546.978,-10.2514,3.03511,-0.177718,0.0529479,0.982656,57.1679,57.1679,1,556.333,593.059,1,0
292317070943300,549.64,571.256,0,137.704,77.3643,-545.955,-4.06786,2.64765,-0.0708623,0.0461937,0.996416,57.1499,57.1499,1,561.837,605.86,0,198.561,80.4327,-547.066,-10.1494,2.93861,-0.175984,0.051266,0.983057,57.1771,57.1771,1,555.739,588.558,1,0
292317075943300,547.501,565.33,0,137.705,77.3461,-545.982,-4.10843,2.53713,-0.071574,0.0442667,0.996453,57.1529,57.1529,1,559.62,615.111,0,198.559,80.4342,-547.074,-10.1897,3.10753,-0.176647,0.05421,0.98278,57.1777,57.1777,1,553.561,590.22,1,0
292317080943300,548.955,567.536,0,137.712,77.3526,-545.95,-4.08271,2.57686,-0.0711245,0.0449596,0.996454,57.1497,57.1497,1,573.295,609.288,0,198.57,80.4549,-546.985,-9.94281,3.00334,-0.172428,0.0523941,0.983628,57.1688,57.1688,1,561.125,588.412,1,0
292317085943300,545.142,575.285,0,137.713,77.3597,-545.945,-4.15328,2.72227,-0.0723432,0.0474947,0.996248,57.1491,57.1491,1,566.905,588.855,0,198.564,80.4571,-546.897,-10.0592,2.628,-0.174482,0.0458512,0.983592,57.1606,57.1606,1,556.023,582.07,1,0
292317090943300,544.862,568.977,0,137.717,77.3708,-545.878,-4.1588,2.60516,-0.072446,0.0454529,0.996336,57.1425,57.1425,1,563.696,579.181,0,198.57,80.4001,-547.039,-10.1172,2.45108,-0.175502,0.0427663,0.98355,57.1753,57.1753,1,554.279,574.079,1,0
292317095943300,541.711,572.393,0,137.71,77.3384,-545.985,-4.2175,2.66865,-0.073463,0.04656,0.996211,57.1533,57.1533,1,565.906,584.994,0,198.569,80.4312,-546.954,-10.0774,2.55793,-0.174803,0.0446295,0.983591,57.1666,57.1666,1,553.808,578.693,1,0
292317100943300,541.601,565.584,0,137.717,77.3576,-545.896,-4.22009,2.54178,-0.0735155,0.0443478,0.996308,57.1445,57.1445,1,573.009,585.269,0,198.577,80.4323,-546.951,-9.94943,2.56323,-0.172606,0.0447219,0.983975,57.1662,57.1662,1,557.305,575.426,1,0
292317105943300,541.291,564.918,0,137.717,77.3592,-545.89,-4.22592,2.5293,-0.0736176,0.0441303,0.99631,57.1439,57.1439,1,572.65,588.628,0,198.576,80.4498,-546.905,-9.95586,2.62519,-0.172708,0.0458022,0.983908,57.1614,57.1614,1,556.97,576.773,1,0
292317110943300,542.904,570.746,0,137.722,77.3778,-545.851,-4.19601,2.63759,-0.0730912,0.0460184,0.996263,57.1398,57.1398,1,569.444,588.922,0,198.578,80.4415,-546.951,-10.0142,2.62941,-0.17371,0.0458758,0.983728,57.166,57.166,1,556.174,579.834,1,0
292317115943300,544.382,567.563,0,137.722,77.3685,-545.877,-4.16945,2.57646,-0.0726329,0.0449526,0.996345,57.1425,57.1425,1,571.74,593.379,0,198.583,80.4389,-546.987,-9.97298,2.71059,-0.17299,0.0472911,0.983788,57.1694,57.1694,1,558.061,580.471,1,0
292317120943300,544.773,567.46,0,137.727,77.3906,-545.816,-4.16261,2.57358,-0.0725142,0.0449023,0.996356,57.1361,57.1361,1,576.496,591.448,0,198.588,80.4272,-547.028,-9.88702,2.67507,-0.171519,0.0466717,0.984075,57.1736,57.1736,1,560.635,579.454,1,0
292317125943300,548.604,572.1,0,137.728,77.4095,-545.779,-4.09101,2.65968,-0.0712641,0.0464035,0.996378,57.1322,57.1322,1,573.107,591.31,0,198.579,80.4559,-546.948,-9.94783,2.6723,-0.172564,0.0466234,0.983894,57.1653,57.1653,1,560.855,581.705,1,0
292317130943300,547.447,570.285,0,137.727,77.4195,-545.744,-4.11251,2.62535,-0.07164,0.045805,0.996378,57.1286,57.1286,1,572.982,596.088,0,198.575,80.4735,-546.916,-9.94974,2.75969,-0.172584,0.048147,0.983817,57.1619,57.1619,1,560.215,583.186,1,0
292317135943300,550.963,565.193,0,137.729,77.4203,-545.745,-4.04671,2.53104,-0.0705009,0.0441606,0.996534,57.1288,57.1288,1,574.606,586.824,0,198.573,80.4951,-546.834,-9.92082,2.58897,-0.172111,0.0451706,0.984041,57.1537,57.1537,1,562.784,576.009,1,0
292317140943300,549.911,564.908,0,137.722,77.4079,-545.798,-4.066,2.52509,-0.0708366,0.0440568,0.996514,57.134,57.134,1,572.536,578.022,0,198.575,80.4716,-546.885,-9.95852,2.42688,-0.17278,0.0423444,0.98405,57.159,57.159,1,561.223,571.465,1,0
292317145943300,547.07,567.536,0,137.72,77.4191,-545.774,-4.11869,2.57365,-0.0717503,0.0449035,0.996411,57.1315,57.1315,1,570.116,585.34,0,198.572,80.4738,-546.912,-10.0023,2.55985,-0.173515,0.044663,0.983818,57.1615,57.1615,1,558.593,576.438,1,0
292317150943300,552.174,568.722,0,137.719,77.4065,-545.831,-4.02363,2.59531,-0.070096,0.0452812,0.996512,57.1372,57.1372,1,568.607,588.2,0,198.567,80.4973,-546.848,-10.0293,2.61238,-0.173971,0.0455788,0.983695,57.1549,57.1549,1,560.391,578.461,1,0
292317155943300,552.464,561.721,0,137.716,77.424,-545.768,-4.01768,2.46453,-0.0699995,0.0430009,0.99662,57.1308,57.1308,1,557.665,580.901,0,198.557,80.4825,-546.884,-10.2268,2.47701,-0.17738,0.0432186,0.983193,57.1587,57.1587,1,555.065,571.311,1,0
292317160943300,551.103,563.37,0,137.707,77.4245,-545.781,-4.04235,2.49458,-0.070427,0.0435248,0.996567,57.132,57.132,1,560.493,580.072,0,198.557,80.484,-546.892,-10.1752,2.46244,-0.176495,0.0429644,0.983363,57.1594,57.1594,1,555.798,571.721,1,0
292317165943300,551.122,563.403,0,137.703,77.4186,-545.81,-4.04144,2.49544,-0.0704112,0.0435399,0.996567,57.1349,57.1349,1,560.218,580.802,0,198.554,80.4938,-546.878,-10.1796,2.47593,-0.17657,0.0431996,0.98334,57.1578,57.1578,1,555.67,572.102,1,0
292317170943300,549.692,570.365,0,137.697,77.4283,-545.803,-4.06743,2.62484,-0.0708561,0.0457961,0.996435,57.134,57.134,1,564.095,585.707,0,198.554,80.518,-546.823,-10.1095,2.56592,-0.175354,0.0447688,0.983487,57.1521,57.1521,1,556.893,578.036,1,0
292317175943300,552.226,570.632,0,137.691,77.4167,-545.848,-4.01955,2.63018,-0.0700229,0.0458892,0.996489,57.1385,57.1385,1,551.986,566.737,0,198.542,80.5,-546.863,-10.3279,2.21573,-0.179147,0.0386622,0.983062,57.1562,57.1562,1,552.106,568.684,1,0
292317180943300,556.375,570.722,0,137.698,77.448,-545.762,-3.94258,2.63067,-0.0686843,0.0458977,0.996582,57.1297,57.1297,1,556.868,574.817,0,198.55,80.4988,-546.907,-10.2399,2.36379,-0.177618,0.0412443,0.983235,57.1605,57.1605,1,556.622,572.77,1,0
292317185943300,558.216,564.663,0,137.687,77.4162,-545.873,-3.9074,2.51803,-0.0680783,0.0439337,0.996712,57.1409,57.1409,1,546.246,585.368,0,198.538,80.5075,-546.933,-10.4313,2.55468,-0.180876,0.0445729,0.982495,57.1627,57.1627,1,552.231,575.016,1,0
292317190943300,559.496,562.457,0,137.692,77.4411,-545.8,-3.88294,2.47805,-0.067655,0.0432367,0.996771,57.1334,57.1334,1,548.7,585.219,0,198.539,80.5235,-546.906,-10.3867,2.55215,-0.180111,0.0445287,0.982638,57.1598,57.1598,1,554.098,573.838,1,0
292317195943300,562.236,566.215,0,137.703,77.3882,-545.958,-3.83301,2.55036,-0.0667825,0.0444975,0.996775,57.1496,57.1496,1,557.836,579.94,0,198.563,80.5061,-546.974,-10.2226,2.45688,-0.17731,0.0428674,0.983221,57.1665,57.1665,1,560.036,573.077,1,0
292317200943300,575.054,548.859,0,137.797,77.2434,-546.368,-3.60168,2.23729,-0.0627719,0.0390381,0.997264,57.1918,57.1918,1,577.445,562.27,0,198.718,80.3609,-547.45,-9.87566,2.14218,-0.171391,0.0373794,0.984494,57.215,57.215,1,576.25,555.564,1,0
292317205943300,659.828,540.902,0,138.002,77.1264,-546.628,-2.03796,2.09376,-0.0355379,0.0365348,0.9987,57.2192,57.2192,1,712.266,558.066,0,198.978,80.2522,-547.688,-7.43496,2.07532,-0.129316,0.0362133,0.990942,57.2401,57.2401,1,686.047,549.484,1,0
292317210943300,774.197,520.439,0,138.285,77.1011,-546.583,0.0789933,1.71905,0.00137807,0.0299986,0.999549,57.2156,57.2156,1,818.625,545.038,0,199.262,80.1995,-547.758,-5.49515,1.8516,-0.0957115,0.0323109,0.994884,57.248,57.248,1,796.411,532.739,1,0
292317215943300,863.289,501.499,0,138.552,77.0406,-546.617,1.72198,1.36871,0.0300412,0.0238862,0.999263,57.2203,57.2203,1,930.328,530.185,0,199.521,80.1377,-547.789,-3.44331,1.57856,-0.0600382,0.0275476,0.997816,57.2525,57.2525,1,896.808,515.842,1,0
292317220943300,982.381,470.378,0,138.81,76.9815,-546.611,3.92435,0.782507,0.0684328,0.0136569,0.997562,57.2212,57.2212,1,997.9,493.208,0,199.728,80.1257,-547.647,-2.20307,0.892298,-0.0384367,0.0155729,0.99914,57.2394,57.2394,1,990.141,481.793,1,0
292317225943300,1037.28,439.727,0,139.021,77.0101,-546.35,4.92763,0.221421,0.0858968,0.00386452,0.996297,57.196,57.196,1,1109.88,507.959,0,199.899,80.1093,-547.626,-0.124067,1.16845,-0.00216492,0.0203918,0.99979,57.2378,57.2378,1,1073.58,473.843,1,0
292317230943300,1088.51,436.047,0,139.144,77.0281,-546.19,5.86993,0.14656,0.10227,0.00255795,0.994753,57.1804,57.1804,1,1138.25,509.967,0,199.971,80.1793,-547.366,0.399179,1.20449,0.00696539,0.0210207,0.999755,57.2116,57.2116,1,1113.38,473.007,1,0
292317235943300,1116.8,444.37,0,139.2,77.0661,-546.013,6.39081,0.300299,0.111308,0.00524118,0.993772,57.1628,57.1628,1,1138.59,499.909,0,199.964,80.2485,-547.055,0.404769,1.01846,0.00706337,0.0177746,0.999817,57.1807,57.1807,1,1127.69,472.14,1,0
292317240943300,1104.06,456.319,0,139.191,77.0931,-545.889,6.15648,0.523371,0.10724,0.00913443,0.994191,57.1505,57.1505,1,1113.74,488.913,0,199.929,80.2387,-547,-0.0571188,0.812931,-0.00099681,0.0141879,0.999899,57.1757,57.1757,1,1108.9,472.616,1,0
292317245943300,1088.16,456.299,0,139.16,77.0611,-545.945,5.86372,0.526107,0.102158,0.00918217,0.994726,57.1566,57.1566,1,1107.45,486.085,0,199.921,80.1723,-547.17,-0.172726,0.75772,-0.00301437,0.0132243,0.999908,57.1934,57.1934,1,1097.81,471.192,1,0
292317250943300,1083.32,461.832,0,139.14,77.0385,-546.011,5.77535,0.630881,0.100622,0.0110107,0.994864,57.1633,57.1633,1,1090.07,474.092,0,199.9,80.1608,-547.161,-0.496424,0.535015,-0.00866375,0.00933763,0.999919,57.1929,57.1929,1,1086.7,467.962,1,0
292317255943300,1075.05,459.273,0,139.132,77.0592,-545.947,5.62283,0.58363,0.0979744,0.0101861,0.995137,57.1568,57.1568,1,1100.96,447.774,0,199.898,80.1741,-547.042,-0.293182,0.0463435,-0.00511697,0.000808846,0.999987,57.1813,57.1813,1,1088.01,453.524,1,0
292317260943300,1069.4,465.669,0,139.12,77.0728,-545.913,5.51904,0.703875,0.0961692,0.0122846,0.995289,57.1533,57.1533,1,1103.7,458.802,0,199.907,80.1711,-547.078,-0.24253,0.252967,-0.0042329,0.00441509,0.999981,57.1847,57.1847,1,1086.55,462.235,1,0
292317265943300,1072.21,460.596,0,139.118,77.0586,-545.925,5.57129,0.61125,0.0970787,0.0106681,0.99522,57.1547,57.1547,1,1106.01,462.368,0,199.908,80.1953,-547.017,-0.19984,0.319986,-0.0034878,0.00558478,0.999978,57.1784,57.1784,1,1089.11,461.482,1,0
292317270943300,1080.09,452.429,0,139.12,77.0029,-546.044,5.71683,0.459569,0.0996089,0.0080209,0.994994,57.1674,57.1674,1,1094.94,465.229,0,199.903,80.1822,-547.046,-0.406668,0.37445,-0.00709748,0.00653534,0.999953,57.1815,57.1815,1,1087.51,458.829,1,0
292317275943300,1076.69,459.724,0,139.118,77.0106,-546.014,5.65444,0.594031,0.0985231,0.0103676,0.995081,57.1643,57.1643,1,1092.64,460.866,0,199.902,80.1799,-547.028,-0.449598,0.292248,-0.00784678,0.00510067,0.999956,57.1798,57.1798,1,1084.66,460.295,1,0
292317280943300,1076.26,458.741,0,139.115,76.9962,-546.034,5.64683,0.575025,0.0983913,0.0100359,0.995097,57.1665,57.1665,1,1094.72,458.659,0,199.909,80.1521,-547.094,-0.410818,0.251129,-0.00717,0.00438301,0.999965,57.1868,57.1868,1,1085.49,458.7,1,0
292317285943300,1089.94,469.304,0,139.134,77.0532,-545.882,5.89997,0.772267,0.102783,0.0134782,0.994612,57.1509,57.1509,1,1085.18,445.537,0,199.9,80.1251,-547.126,-0.588747,0.00679695,-0.0102754,0.000118629,0.999947,57.1905,57.1905,1,1087.56,457.421,1,0
292317290943300,1080.04,462.991,0,139.112,76.9947,-546.031,5.71735,0.655299,0.0996145,0.0114369,0.99496,57.1663,57.1663,1,1088.18,446.907,0,199.901,80.1358,-547.091,-0.532584,0.0318969,-0.00929522,0.000556707,0.999957,57.1869,57.1869,1,1084.11,454.949,1,0
292317295943300,1090.32,458.884,0,139.125,77.0317,-545.898,5.90794,0.578079,0.102925,0.0100892,0.994638,57.1529,57.1529,1,1087.32,448.604,0,199.895,80.1331,-547.101,-0.547924,0.0630269,-0.00956293,0.00110003,0.999954,57.1879,57.1879,1,1088.82,453.744,1,0
292317300943300,1089.47,461.993,0,139.12,77.0646,-545.8,5.89327,0.636501,0.102669,0.0111088,0.994653,57.1429,57.1429,1,1082.45,456.248,0,199.891,80.1335,-547.091,-0.638897,0.206934,-0.0111505,0.00361168,0.999931,57.1869,57.1869,1,1085.96,459.12,1,0
292317305943300,1093.23,456.302,0,139.117,77.0457,-545.84,5.96311,0.531673,0.103884,0.00927931,0.994546,57.1471,57.1471,1,1082.26,453.082,0,199.887,80.1214,-547.115,-0.641706,0.146401,-0.0111996,0.00255517,0.999934,57.1895,57.1895,1,1087.75,454.692,1,0
292317310943300,1092.34,464.467,0,139.114,77.0493,-545.836,5.94705,0.682593,0.103602,0.0119132,0.994547,57.1466,57.1466,1,1082.99,447.636,0,199.884,80.1296,-547.068,-0.627999,0.0446259,-0.0109604,0.00077887,0.99994,57.1848,57.1848,1,1087.66,456.051,1,0
292317315943300,1090,456.881,0,139.105,77.031,-545.864,5.90455,0.540903,0.102867,0.00944039,0.99465,57.1497,57.1497,1,1083.25,457.062,0,199.885,80.1178,-547.115,-0.622839,0.220629,-0.0108703,0.00385069,0.999934,57.1896,57.1896,1,1086.63,456.971,1,0
292317320943300,1096,438.569,0,139.109,77.0066,-545.875,6.01527,0.20182,0.104793,0.00352242,0.994488,57.1514,57.1514,1,1085.1,452.201,0,199.887,80.1015,-547.137,-0.588438,0.131415,-0.01027,0.00229362,0.999945,57.1921,57.1921,1,1090.55,445.385,1,0
292317325943300,1099.23,446.13,0,139.113,77.0353,-545.806,6.07538,0.342,0.105835,0.00596898,0.994366,57.1442,57.1442,1,1081.03,449.136,0,199.879,80.1143,-547.079,-0.66403,0.0736141,-0.0115892,0.00128481,0.999932,57.1863,57.1863,1,1090.13,447.633,1,0
292317330943300,1104.6,431.817,0,139.102,76.9969,-545.875,6.17523,0.0790216,0.107569,0.00137919,0.994197,57.1516,57.1516,1,1084.54,450.306,0,199.879,80.1071,-547.08,-0.59804,0.0956959,-0.0104376,0.00167021,0.999944,57.1865,57.1865,1,1094.57,441.062,1,0
292317335943300,1104.96,420.288,0,139.101,76.9876,-545.864,6.18207,-0.135098,0.107688,-0.00235791,0.994182,57.1508,57.1508,1,1086.07,447.822,0,199.88,80.0834,-547.112,-0.569398,0.0500778,-0.0099377,0.000874022,0.99995,57.1902,57.1902,1,1095.51,434.055,1,0
292317340943300,1105.1,412.706,0,139.1,76.9785,-545.861,6.18483,-0.276051,0.107735,-0.00481798,0.994168,57.1507,57.1507,1,1087.11,445.189,0,199.885,80.051,-547.184,-0.549809,0.000491709,-0.00959583,8.58194e-06,0.999954,57.1977,57.1977,1,1096.1,428.947,1,0
292317345943300,1104.1,404.974,0,139.098,76.9825,-545.827,6.16686,-0.420191,0.107421,-0.00733365,0.994187,57.1475,57.1475,1,1083.58,450.38,0,199.881,80.0576,-547.165,-0.615985,0.0994005,-0.0107507,0.00173486,0.999941,57.1958,57.1958,1,1093.84,427.677,1,0
292317350943300,1100.23,409.395,0,139.093,76.9866,-545.808,6.09579,-0.338355,0.106189,-0.00590537,0.994328,57.1456,57.1456,1,1080.87,439.882,0,199.875,80.053,-547.139,-0.66647,-0.0934101,-0.0116318,-0.00163031,0.999931,57.1934,57.1934,1,1090.55,424.639,1,0
292317355943300,1104.01,405.991,0,139.094,77.0102,-545.728,6.16666,-0.404245,0.107418,-0.00705534,0.994189,57.1375,57.1375,1,1086.65,445.227,0,199.88,80.0715,-547.096,-0.558667,0.00476171,-0.00975042,8.31076e-05,0.999952,57.189,57.189,1,1095.33,425.609,1,0
292317360943300,1105.52,401.002,0,139.093,76.9973,-545.746,6.19475,-0.497433,0.107904,-0.00868173,0.994123,57.1395,57.1395,1,1089.72,444.28,0,199.881,80.0613,-547.12,-0.501122,-0.0124597,-0.00874612,-0.000217463,0.999962,57.1914,57.1914,1,1097.62,422.641,1,0
292317365943300,1115.91,405.92,0,139.105,77.0199,-545.696,6.38682,-0.407132,0.111238,-0.00710574,0.993768,57.1342,57.1342,1,1084.25,448.8,0,199.877,80.0518,-547.159,-0.603184,0.0719996,-0.0105273,0.00125663,0.999944,57.1954,57.1954,1,1100.08,427.36,1,0
292317370943300,1105.99,406.267,0,139.09,76.973,-545.838,6.20334,-0.400685,0.108055,-0.00699321,0.99412,57.1487,57.1487,1,1077,444.298,0,199.875,80.0503,-547.163,-0.738802,-0.0119371,-0.0128942,-0.000208342,0.999917,57.1958,57.1958,1,1091.49,425.283,1,0
292317375943300,1108.21,409.884,0,139.108,77.0179,-545.721,6.24284,-0.329527,0.108741,-0.0057513,0.994054,57.1366,57.1366,1,1087.49,452.78,0,199.884,80.0735,-547.14,-0.542976,0.143311,-0.00947655,0.00250125,0.999952,57.1931,57.1931,1,1097.85,431.332,1,0
292317380943300,1102.8,419.669,0,139.093,77.0137,-545.782,6.1439,-0.150471,0.107026,-0.00262621,0.994253,57.1425,57.1425,1,1084.15,443.942,0,199.884,80.0693,-547.142,-0.605609,-0.021725,-0.0105697,-0.000379173,0.999944,57.1934,57.1934,1,1093.48,431.806,1,0
292317385943300,1104.74,421.729,0,139.092,77.0025,-545.818,6.18005,-0.114002,0.107653,-0.00198971,0.994187,57.1461,57.1461,1,1075.3,437.163,0,199.876,80.0938,-547.074,-0.771208,-0.147997,-0.0134597,-0.00258304,0.999906,57.1863,57.1863,1,1090.02,429.446,1,0
292317390943300,1107.22,428.468,0,139.099,77.0243,-545.784,6.22549,0.0126314,0.108442,0.00022046,0.994103,57.1423,57.1423,1,1076.8,442.284,0,199.888,80.084,-547.141,-0.743862,-0.0533465,-0.0129825,-0.000931072,0.999915,57.1929,57.1929,1,1092.01,435.376,1,0
292317395943300,1104.43,427.299,0,139.102,77.0242,-545.784,6.17331,-0.00921706,0.107536,-0.000160868,0.994201,57.1424,57.1424,1,1072.09,436.642,0,199.891,80.0799,-547.166,-0.832554,-0.158615,-0.0145302,-0.00276835,0.999891,57.1953,57.1953,1,1088.26,431.971,1,0
292317400943300,1098.52,435.966,0,139.109,77.0269,-545.799,6.06289,0.150732,0.10562,0.00263076,0.994403,57.1437,57.1437,1,1070.69,442.051,0,199.895,80.101,-547.124,-0.859736,-0.0555003,-0.0150046,-0.000968663,0.999887,57.1909,57.1909,1,1084.6,439.008,1,0
292317405943300,1095.53,441.244,0,139.115,77.0437,-545.767,6.00695,0.248599,0.104648,0.00433886,0.9945,57.1402,57.1402,1,1070.88,434.687,0,199.904,80.1113,-547.114,-0.857481,-0.191146,-0.0149652,-0.00333612,0.999882,57.1897,57.1897,1,1083.2,437.966,1,0
292317410943300,1099.18,443.556,0,139.123,77.0281,-545.825,6.07371,0.291448,0.105806,0.00508671,0.994374,57.1461,57.1461,1,1070,445.318,0,199.913,80.1277,-547.121,-0.874879,0.00630455,-0.0152689,0.000110035,0.999883,57.1899,57.1899,1,1084.59,444.437,1,0
292317415943300,1090.06,461.251,0,139.126,77.0817,-545.725,5.90453,0.619888,0.102865,0.0108189,0.994637,57.1354,57.1354,1,1078.71,455.284,0,199.928,80.1683,-547.037,-0.71385,0.194035,-0.0124586,0.00338654,0.999917,57.181,57.181,1,1084.39,458.267,1,0
292317420943300,1099.68,447.526,0,139.147,77.0762,-545.711,6.08128,0.363655,0.105937,0.00634693,0.994353,57.1342,57.1342,1,1069.3,444.469,0,199.929,80.1721,-547.006,-0.890712,-0.00631899,-0.0155452,-0.000110287,0.999879,57.1779,57.1779,1,1084.49,445.998,1,0
292317425943300,1098.74,451.943,0,139.154,77.0837,-545.704,6.06314,0.44582,0.105621,0.00778094,0.994376,57.1333,57.1333,1,1069.98,452.853,0,199.938,80.1836,-546.996,-0.878945,0.150202,-0.0153398,0.00262152,0.999879,57.1768,57.1768,1,1084.36,452.398,1,0
292317430943300,1109.79,447.068,0,139.176,77.1039,-545.627,6.26651,0.354465,0.109151,0.00618655,0.994006,57.1256,57.1256,1,1077,447.408,0,199.951,80.1818,-547.007,-0.748846,0.0489184,-0.0130694,0.000853788,0.999914,57.1778,57.1778,1,1093.39,447.238,1,0
292317435943300,1107.44,445.954,0,139.183,77.0753,-545.699,6.22153,0.335212,0.108371,0.00585052,0.994093,57.1331,57.1331,1,1079.8,455.578,0,199.97,80.1642,-547.081,-0.698006,0.201044,-0.0121821,0.00350887,0.99992,57.1852,57.1852,1,1093.62,450.766,1,0
292317440943300,1111.61,436.734,0,139.209,77.0748,-545.643,6.29664,0.164178,0.109676,0.00286545,0.993963,57.1279,57.1279,1,1086.02,455.255,0,199.987,80.1775,-547.053,-0.583344,0.19532,-0.010181,0.00340897,0.999942,57.1823,57.1823,1,1098.82,445.994,1,0
292317445943300,1108.8,423.433,0,139.219,77.0589,-545.673,6.24335,-0.0845004,0.108751,-0.00147481,0.994068,57.1311,57.1311,1,1082.93,461.364,0,200.005,80.1916,-547.05,-0.643071,0.307035,-0.0112233,0.00535874,0.999923,57.1816,57.1816,1,1095.86,442.398,1,0
292317450943300,1105.45,422.126,0,139.241,77.0561,-545.663,6.17894,-0.107829,0.107634,-0.00188197,0.994189,57.1302,57.1302,1,1078.86,453.37,0,200.03,80.1757,-547.132,-0.721096,0.152596,-0.0125851,0.0026633,0.999917,57.1897,57.1897,1,1092.15,437.748,1,0
292317455943300,1105.43,425.554,0,139.257,77.0408,-545.725,6.17647,-0.0442491,0.107591,-0.000772292,0.994195,57.1364,57.1364,1,1075.72,466.499,0,200.046,80.1513,-547.271,-0.780826,0.397054,-0.0136272,0.00692985,0.999883,57.2034,57.2034,1,1090.58,446.027,1,202
292317460943300,1118.51,421.314,0,139.289,77.0466,-545.701,6.41587,-0.122109,0.111744,-0.0021312,0.993735,57.134,57.134,1,1071.78,467.508,0,200.057,80.1581,-547.289,-0.856035,0.416603,-0.0149397,0.00727102,0.999862,57.2049,57.2049,1,1095.14,444.411,1,0
292317465943300,1104.38,436.857,0,139.285,77.0148,-545.854,6.15309,0.167101,0.107185,0.00291646,0.994235,57.1492,57.1492,1,1091.57,479.782,0,200.087,80.1756,-547.296,-0.488246,0.64329,-0.00852086,0.0112273,0.999901,57.2051,57.2051,1,1097.97,458.32,1,0
292317470943300,1110.42,445.583,0,139.316,77.0378,-545.813,6.26262,0.327727,0.109084,0.00571989,0.994016,57.1448,57.1448,1,1101.15,479.425,0,200.109,80.2072,-547.297,-0.31087,0.632554,-0.00542534,0.0110399,0.999924,57.2045,57.2045,1,1105.79,462.504,1,0
292317475943300,1104.54,462.537,0,139.341,77.045,-545.856,6.15091,0.640434,0.107141,0.0111774,0.994181,57.1486,57.1486,1,1088.77,460.814,0,200.128,80.2453,-547.231,-0.545048,0.281405,-0.00951263,0.00491142,0.999943,57.1973,57.1973,1,1096.66,461.676,1,0
292317480943300,1086.56,463.457,0,139.355,77.0573,-545.831,5.81508,0.660868,0.101311,0.0115341,0.994788,57.1459,57.1459,1,1074.17,441.157,0,200.143,80.2468,-547.257,-0.820502,-0.0838116,-0.0143199,-0.00146279,0.999896,57.1997,57.1997,1,1080.37,452.307,1,0
292317485943300,1093.29,468.033,0,139.384,77.1141,-545.712,5.9378,0.74472,0.10344,0.0129975,0.994551,57.1333,57.1333,1,1072.19,431.91,0,200.157,80.2514,-547.264,-0.85927,-0.255982,-0.0149964,-0.00446771,0.999878,57.2002,57.2002,1,1082.74,449.971,1,0
292317490943300,1083.47,460.466,0,139.38,77.0679,-545.874,5.75459,0.603765,0.100262,0.0105375,0.994905,57.1497,57.1497,1,1070.1,440.631,0,200.175,80.2398,-547.387,-0.899955,-0.0919548,-0.0157065,-0.00160491,0.999875,57.2121,57.2121,1,1076.79,450.548,1,0
292317495943300,1091.05,458.531,0,139.393,77.063,-545.911,5.89382,0.566799,0.10268,0.00989234,0.994665,57.1534,57.1534,1,1076.58,437.257,0,200.2,80.2332,-547.432,-0.781176,-0.15523,-0.0136336,-0.00270927,0.999903,57.2165,57.2165,1,1083.81,447.894,1,0
292317500943300,1100.29,442.418,0,139.415,77.0633,-545.898,6.06353,0.264792,0.10563,0.00462148,0.994395,57.1521,57.1521,1,1080.08,440.748,0,200.207,80.2591,-547.38,-0.71667,-0.0901726,-0.0125079,-0.00157381,0.999921,57.2109,57.2109,1,1090.19,441.583,1,0
292317505943300,1099.5,444.069,0,139.427,77.0758,-545.843,6.04823,0.293766,0.105364,0.00512716,0.99442,57.1466,57.1466,1,1086.99,441.628,0,200.227,80.2344,-547.433,-0.589287,-0.0711325,-0.0102848,-0.0012415,0.999946,57.2166,57.2166,1,1093.25,442.849,1,0
292317510943300,1100.72,445.646,0,139.433,77.0531,-545.891,6.06996,0.324435,0.105741,0.00566244,0.994378,57.1517,57.1517,1,1089.03,444.348,0,200.234,80.2426,-547.421,-0.551831,-0.0214472,-0.00963111,-0.000374325,0.999954,57.2152,57.2152,1,1094.88,444.997,1,0
292317515943300,1095.51,436.407,0,139.433,77.0317,-545.908,5.97289,0.154386,0.104057,0.00269454,0.994568,57.1538,57.1538,1,1086.82,450.688,0,200.237,80.2463,-547.412,-0.593712,0.0975045,-0.010362,0.00170177,0.999945,57.2143,57.2143,1,1091.16,443.547,1,0
292317520943300,1107.42,433.612,0,139.462,77.0592,-545.773,6.19184,0.103674,0.107858,0.00180945,0.994165,57.1404,57.1404,1,1084.64,454.834,0,200.24,80.2307,-547.426,-0.634764,0.176598,-0.0110784,0.00308221,0.999934,57.216,57.216,1,1096.03,444.223,1,0
292317525943300,1107.13,426.417,0,139.461,77.033,-545.783,6.18628,-0.0270748,0.107761,-0.000472544,0.994177,57.1421,57.1421,1,1095.03,444.438,0,200.254,80.2089,-547.435,-0.441559,-0.0153032,-0.00770657,-0.000267092,0.99997,57.2174,57.2174,1,1101.08,435.428,1,0
292317530943300,1113.01,427.722,0,139.473,77.0211,-545.747,6.29453,-0.00112757,0.109639,-1.96799e-05,0.993971,57.139,57.139,1,1091.66,446.218,0,200.253,80.194,-547.438,-0.504774,0.0201317,-0.00880986,0.000351365,0.999961,57.218,57.218,1,1102.33,436.97,1,0
292317535943300,1108.79,421.346,0,139.47,76.9968,-545.757,6.21654,-0.118712,0.108286,-0.00207191,0.994118,57.1405,57.1405,1,1082.26,450.39,0,200.248,80.1854,-547.436,-0.680294,0.100256,-0.0118731,0.0017498,0.999928,57.2181,57.2181,1,1095.52,435.868,1,0
292317540943300,1111.03,426.486,0,139.466,76.9818,-545.764,6.25855,-0.0207385,0.109015,-0.000361955,0.99404,57.1416,57.1416,1,1075.24,446.427,0,200.241,80.1393,-547.532,-0.810595,0.0288172,-0.0141471,0.000502955,0.9999,57.2283,57.2283,1,1093.14,436.457,1,0
292317545943300,1115.54,433.159,0,139.466,76.9778,-545.765,6.3422,0.104475,0.110466,0.00182344,0.993878,57.1417,57.1417,1,1075.6,452.107,0,200.244,80.1241,-547.592,-0.803924,0.134526,-0.0140306,0.00234792,0.999899,57.2343,57.2343,1,1095.57,442.633,1,0
292317550943300,1107.13,428.094,0,139.454,76.9638,-545.773,6.18696,0.0127126,0.107773,0.000221877,0.994176,57.1428,57.1428,1,1076.98,460.187,0,200.237,80.1526,-547.478,-0.77782,0.286275,-0.0135749,0.00499643,0.999895,57.2229,57.2229,1,1092.06,444.141,1,0
292317555943300,1111.65,425.733,0,139.446,76.9268,-545.866,6.27119,-0.030581,0.109234,-0.000533739,0.994016,57.1526,57.1526,1,1067.38,452.839,0,200.225,80.1317,-547.508,-0.956239,0.151032,-0.0166887,0.002636,0.999857,57.2262,57.2262,1,1089.52,439.286,1,0
292317560943300,1109.49,431.98,0,139.443,76.9484,-545.801,6.23175,0.0859805,0.10855,0.00150064,0.99409,57.1459,57.1459,1,1072.83,459.493,0,200.221,80.1274,-547.537,-0.853524,0.272724,-0.0148961,0.00475992,0.999878,57.229,57.229,1,1091.16,445.737,1,0
292317565943300,1107.35,440.708,0,139.436,76.9468,-545.851,6.19266,0.246669,0.107871,0.00430518,0.994156,57.1506,57.1506,1,1064.28,463.615,0,200.211,80.129,-547.562,-1.01221,0.348652,-0.0176651,0.00608508,0.999826,57.2313,57.2313,1,1085.82,452.162,1,0
292317570943300,1108.59,429.426,0,139.434,76.961,-545.796,6.21589,0.0374875,0.108275,0.00065428,0.994121,57.1451,57.1451,1,1067.91,451.456,0,200.206,80.1268,-547.567,-0.943818,0.120292,-0.016472,0.00209949,0.999862,57.2319,57.2319,1,1088.25,440.441,1,0
292317575943300,1100.7,432.563,0,139.414,76.9699,-545.808,6.07122,0.0955483,0.105764,0.00166763,0.99439,57.146,57.146,1,1068.38,458.373,0,200.194,80.1496,-547.531,-0.933697,0.248148,-0.0162952,0.00433098,0.999858,57.2279,57.2279,1,1084.54,445.468,1,0
292317580943300,1099.23,428.035,0,139.398,76.9685,-545.836,6.04543,0.0108089,0.105317,0.00018865,0.994439,57.1486,57.1486,1,1073.01,453.432,0,200.183,80.1284,-547.566,-0.845599,0.156107,-0.0147579,0.00272457,0.999887,57.2317,57.2317,1,1086.12,440.734,1,0
292317585943300,1103.99,426.787,0,139.393,76.9723,-545.84,6.1344,-0.0136695,0.106861,-0.000238577,0.994274,57.1489,57.1489,1,1075.5,458.923,0,200.164,80.1596,-547.465,-0.797715,0.260057,-0.0139222,0.00453883,0.999893,57.2214,57.2214,1,1089.75,442.855,1,0
292317590943300,1104.54,421.767,0,139.373,76.9634,-545.87,6.14599,-0.104721,0.107062,-0.00182773,0.994251,57.152,57.152,1,1077.99,459.809,0,200.147,80.151,-547.48,-0.748884,0.27362,-0.01307,0.00477555,0.999903,57.2231,57.2231,1,1091.27,440.788,1,0
292317595943300,1093.8,425.017,0,139.356,76.9913,-545.8,5.94884,-0.0459556,0.10364,-0.000802076,0.994615,57.1447,57.1447,1,1092.58,479.531,0,200.138,80.1559,-547.444,-0.474849,0.643691,-0.00828706,0.0112343,0.999903,57.2196,57.2196,1,1093.19,452.274,1,0
292317600943300,1106.4,430.809,0,139.336,76.976,-545.856,6.18451,0.0629122,0.10773,0.00109803,0.99418,57.1504,57.1504,1,1098.17,500.009,0,200.118,80.1556,-547.435,-0.367318,1.02099,-0.00640984,0.0178186,0.999821,57.2187,57.2187,1,1102.28,465.409,1,0
292317605943300,1106.95,420.345,0,139.312,76.952,-545.866,6.19744,-0.132389,0.107955,-0.00231061,0.994153,57.1519,57.1519,1,1087.85,498.221,0,200.099,80.1165,-547.505,-0.558566,0.992513,-0.0097472,0.0173218,0.999802,57.2263,57.2263,1,1097.4,459.283,1,0
292317610943300,1106.17,422.574,0,139.282,76.9391,-545.892,6.18595,-0.0897544,0.107755,-0.00156651,0.994176,57.1547,57.1547,1,1076.27,471.606,0,200.084,80.0741,-547.543,-0.773647,0.496935,-0.0135018,0.00867303,0.999871,57.2309,57.2309,1,1091.22,447.09,1,0
292317615943300,1122.38,417.301,0,139.28,76.935,-545.841,6.48743,-0.187786,0.112985,-0.00327748,0.993591,57.15,57.15,1,1076.72,495.225,0,200.07,80.066,-547.542,-0.76389,0.939578,-0.0133302,0.016398,0.999777,57.231,57.231,1,1099.55,456.263,1,0
292317620943300,1122.41,426.946,0,139.257,76.9172,-545.891,6.49022,-0.00831567,0.113034,-0.000145136,0.993591,57.1551,57.1551,1,1072.39,492.862,0,200.056,80.0511,-547.525,-0.843769,0.898937,-0.0147242,0.0156888,0.999768,57.2299,57.2299,1,1097.4,459.904,1,0
292317625943300,1119.92,427.121,0,139.244,76.9134,-545.876,6.44524,-0.0025288,0.112254,-4.41359e-05,0.99368,57.1538,57.1538,1,1076.15,486.285,0,200.035,80.0549,-547.444,-0.771578,0.779221,-0.0134649,0.0135995,0.999817,57.2221,57.2221,1,1098.04,456.703,1,0
292317630943300,1122.57,428.052,0,139.243,76.9275,-545.827,6.49471,0.0155899,0.113112,0.000272095,0.993582,57.1489,57.1489,1,1095.09,478.874,0,200.035,80.0873,-547.284,-0.417992,0.643089,-0.00729482,0.0112238,0.999911,57.2062,57.2062,1,1108.83,453.463,1,0
292317635943300,1113.39,433.151,0,139.224,76.9332,-545.833,6.32641,0.109716,0.110192,0.0019149,0.993908,57.1493,57.1493,1,1097.43,479.432,0,200.035,80.0403,-547.427,-0.373411,0.653599,-0.00651679,0.0114072,0.999914,57.2209,57.2209,1,1105.41,456.291,1,0
292317640943300,1116.51,434.312,0,139.224,76.9704,-545.768,6.38479,0.128577,0.111205,0.00224409,0.993795,57.1422,57.1422,1,1103.58,479.266,0,200.039,80.0628,-547.374,-0.259316,0.652608,-0.0045256,0.0113899,0.999925,57.2154,57.2154,1,1110.04,456.789,1,0
292317645943300,1114.35,449.089,0,139.202,76.9447,-545.96,6.34571,0.401681,0.110525,0.0070106,0.993849,57.161,57.161,1,1102.95,474.011,0,200.041,80.0616,-547.396,-0.270956,0.55248,-0.00472883,0.00964244,0.999942,57.2175,57.2175,1,1108.65,461.55,1,0
292317650943300,1122.89,458.183,0,139.196,76.9799,-545.997,6.50361,0.572212,0.11326,0.00998682,0.993515,57.1635,57.1635,1,1095.69,472.677,0,200.037,80.0546,-547.445,-0.406406,0.52763,-0.00709276,0.00920875,0.999933,57.2223,57.2223,1,1109.29,465.43,1,0
292317655943300,1129.18,489.523,0,139.194,76.9643,-546.208,6.61887,1.15232,0.115241,0.0201105,0.993134,57.1838,57.1838,1,1085.02,474.528,0,200.022,80.0486,-547.491,-0.604635,0.563399,-0.0105522,0.00983301,0.999896,57.2267,57.2267,1,1107.1,482.025,1,0
292317660943300,1140.15,514.766,0,139.217,77.0185,-546.245,6.81967,1.61383,0.118698,0.0281629,0.992531,57.1858,57.1858,1,1041.85,472.02,0,199.954,80.1117,-547.289,-1.40671,0.516459,-0.0245482,0.00901379,0.999658,57.2061,57.2061,1,1091,493.393,1,0
292317665943300,1223.3,832.45,0,139.307,77.2501,-546.6,8.34221,7.4325,0.143866,0.129358,0.981106,57.2134,57.2134,1,1010.57,436.366,0,199.918,80.0272,-547.412,-1.98755,-0.144909,-0.0346823,-0.00252913,0.999395,57.2198,57.2198,1,1116.94,634.408,1,0
292317670943300,1100.4,855.212,0,139.346,78.2787,-543.942,6.08672,7.86179,0.105037,0.136784,0.985016,56.9375,56.9375,1,886.603,602.864,0,199.728,80.4274,-546.589,-4.28623,2.94342,-0.0746404,0.0513498,0.995888,57.1323,57.1323,1,993.503,729.038,1,0
292317675943300,0,0,0,0,0,0,0,0,0,0,0,0,0,0,554.16,458.152,0,199.34,80.4781,-545.962,-10.3636,0.268757,-0.179892,0.00469069,0.983675,57.0721,57.0721,1,0,0,0,0
292317680943300,0,0,0,0,0,0,0,0,0,0,0,0,0,-1,0,0,0,0,0,0,0,0,0,0,0,0,0,-1,0,0,-1,0
292317685943300,0,0,0,0,0,0,0,0,0,0,0,0,0,-1,0,0,0,0,0,0,0,0,0,0,0,0,0,-1,0,0,-1,0
292317690943300,0,0,0,0,0,0,0,0,0,0,0,0,0,-1,0,0,0,0,0,0,0,0,0,0,0,0,0,-1,0,0,-1,0
292317695943300,0,0,0,0,0,0,0,0,0,0,0,0,0,-1,0,0,0,0,0,0,0,0,0,0,0,0,0,-1,0,0,-1,0
292317700943300,0,0,0,0,0,0,0,0,0,0,0,0,0,-1,0,0,0,0,0,0,0,0,0,0,0,0,0,-1,0,0,-1,0
292317705943300,0,0,0,0,0,0,0,0,0,0,0,0,0,-1,0,0,0,0,0,0,0,0,0,0,0,0,0,-1,0,0,-1,0
292317710943300,0,0,0,0,0,0,0,0,0,0,0,0,0,-1,0,0,0,0,0,0,0,0,0,0,0,0,0,-1,0,0,-1,0
292317715943300,0,0,0,0,0,0,0,0,0,0,0,0,0,-1,0,0,0,0,0,0,0,0,0,0,0,0,0,-1,0,0,-1,0
292317720943300,0,0,0,0,0,0,0,0,0,0,0,0,0,-1,0,0,0,0,0,0,0,0,0,0,0,0,0,-1,0,0,-1,0
292317725943300,0,0,0,0,0,0,0,0,0,0,0,0,0,-1,0,0,0,0,0,0,0,0,0,0,0,0,0,-1,0,0,-1,0
292317730943300,0,0,0,0,0,0,0,0,0,0,0,0,0,-1,0,0,0,0,0,0,0,0,0,0,0,0,0,-1,0,0,-1,0
292317735943300,0,0,0,0,0,0,0,0,0,0,0,0,0,-1,0,0,0,0,0,0,0,0,0,0,0,0,0,-1,0,0,-1,0
292317740943300,0,0,0,0,0,0,0,0,0,0,0,0,0,-1,0,0,0,0,0,0,0,0,0,0,0,0,0,-1,0,0,-1,0
292317745943300,0,0,0,0,0,0,0,0,0,0,0,0,0,-1,0,0,0,0,0,0,0,0,0,0,0,0,0,-1,0,0,-1,0
292317750943300,283.232,1181.96,0,139.098,83.591,-530.681,-9.20773,13.4891,-0.1556,0.23326,0.959885,55.5564,55.5564,1,217.699,-124.055,0,199.428,79.5385,-546.775,-16.2302,-9.83202,-0.275392,-0.17076,0.946044,57.1722,57.1722,1,250.465,528.954,1,0
292317755943300,407.145,1555.67,0,138.944,83.67,-530.767,-6.8659,20.0071,-0.112331,0.342136,0.932912,55.5625,55.5625,1,667.239,-2.99698,0,199.637,79.4731,-546.448,-8.36001,-8.27133,-0.14388,-0.143861,0.979082,57.1431,57.1431,1,537.192,776.334,1,0
292317760943300,647.43,1974.81,0,138.604,82.5844,-534.535,-2.30934,26.7775,-0.0359736,0.450526,0.892038,55.9443,55.9443,1,504.162,168.898,0,199.86,79.3549,-546.463,-11.3154,-4.93098,-0.195483,-0.0859557,0.976933,57.1475,57.1475,1,575.796,1071.85,1,0
292317765943300,736.573,2452.88,0,138.45,82.2229,-536.433,-0.621092,33.552,-0.0090338,0.552694,0.833336,56.1318,56.1318,1,700.048,428.327,0,200.087,79.5729,-545.672,-7.76796,-0.14802,-0.135161,-0.00258343,0.99082,57.0676,57.0676,1,718.31,1440.61,1,0
292317770943300,584.64,2776.55,0,138.192,81.7106,-538.005,-3.50937,37.6168,-0.0484865,0.610377,0.790626,56.2926,56.2926,1,849.85,853.476,0,200.401,79.6461,-545.675,-5.02832,7.74703,-0.0868481,0.1348,0.98706,57.066,57.066,1,717.245,1815.01,1,0
292317775943300,174.109,3169.16,0,138.129,81.5182,-538.123,-10.8971,41.1829,-0.142278,0.658464,0.739041,56.3086,56.3086,1,1209.6,-3842.6,0,200.701,79.0476,-547.292,1.57108,-53.6567,0.016248,-0.805481,0.592399,57.2332,57.2332,1,691.855,-336.719,1,0
292317780943300,-103.794,3293.26,0,138.119,81.1957,-538.644,-16.0331,42.0701,-0.205025,0.67004,0.713451,56.3657,56.3657,1,1245.78,-379.126,0,200.282,79.8557,-545.666,2.36995,-14.9653,0.039949,-0.258234,0.965256,57.0599,57.0599,1,570.995,1457.07,1,0
292317785943300,14.4503,3577.59,0,138.144,81.1908,-538.111,-13.9527,45.0837,-0.170249,0.708139,0.68524,56.3157,56.3157,1,785.445,590.855,0,199.838,80.2643,-547.31,-6.16989,2.71961,-0.107356,0.0474483,0.993088,57.2042,57.2042,1,399.948,2084.22,1,0
292317790943300,-241.807,2825.09,0,138.088,80.1881,-540.625,-18.221,36.5686,-0.25113,0.595784,0.762873,56.5774,56.5774,1,842.088,691.788,0,199.95,80.0476,-548.36,-5.1262,4.58386,-0.0890639,0.0799181,0.992814,57.3085,57.3085,1,300.141,1758.44,1,0
292317795943300,444.4,1400.12,0,138.311,76.7788,-549.307,-6.10005,17.4925,-0.101351,0.300581,0.948356,57.4799,57.4799,1,947.878,510.053,0,200.03,80.074,-547.704,-3.16889,1.22575,-0.0552668,0.0213918,0.998242,57.2461,57.2461,1,696.139,955.085,1,0
292317800943300,1334.24,1181.19,0,139.484,77.3782,-546.893,10.3515,13.5837,0.17466,0.234866,0.956207,57.2378,57.2378,1,957.068,427.049,0,200.048,79.9463,-547.858,-2.99856,-0.315877,-0.05231,-0.00551307,0.998616,57.2638,57.2638,1,1145.66,804.119,1,0
292317805943300,1153.93,965.739,0,139.344,77.341,-546.41,7.06288,9.87481,0.121137,0.171496,0.977709,57.1933,57.1933,1,959.601,445.019,0,200.068,79.8603,-548.23,-2.95139,0.0176491,-0.0514886,0.000308035,0.998673,57.3009,57.3009,1,1056.77,705.379,1,0
292317810943300,1051.49,807.332,0,139.219,77.0861,-546.661,5.17219,7.03312,0.0894708,0.122443,0.988434,57.2233,57.2233,1,999.725,445.28,0,200.095,79.9819,-547.903,-2.20658,0.0225755,-0.0385025,0.000394017,0.999258,57.2671,57.2671,1,1025.61,626.306,1,0
292317815943300,1057.5,627.593,0,139.209,76.944,-546.638,5.28292,3.72945,0.0918787,0.0650453,0.993644,57.2247,57.2247,1,1016.76,441.32,0,200.11,80.0082,-547.874,-1.88993,-0.0535177,-0.0329795,-0.00093406,0.999456,57.2638,57.2638,1,1037.13,534.457,1,0
292317820943300,1073.11,577.391,0,139.229,76.9155,-546.613,5.57115,2.79635,0.0969661,0.0487861,0.994091,57.2231,57.2231,1,1021.03,456.908,0,200.106,80.0427,-547.91,-1.80942,0.229973,-0.0315748,0.00401378,0.999493,57.2663,57.2663,1,1047.07,517.149,1,0
292317825943300,1095.39,528.299,0,139.256,76.9302,-546.495,5.98248,1.88315,0.104168,0.0328612,0.994017,57.2116,57.2116,1,1039.66,466.442,0,200.104,80.1516,-547.678,-1.46181,0.402714,-0.02551,0.00702864,0.99965,57.2417,57.2417,1,1067.53,497.371,1,0
292317830943300,1073.88,493.269,0,139.241,76.995,-546.249,5.58598,1.23188,0.0973168,0.0214986,0.995021,57.1868,57.1868,1,1063.51,477.769,0,200.116,80.17,-547.704,-1.0164,0.608481,-0.0177376,0.0106198,0.999786,57.2436,57.2436,1,1068.69,485.519,1,0
292317835943300,1086.37,461.252,0,139.23,76.9026,-546.482,5.81746,0.636636,0.101353,0.0111112,0.994788,57.2111,57.2111,1,1057.96,491.762,0,200.098,80.2222,-547.614,-1.11876,0.867781,-0.0195226,0.0151451,0.999695,57.2339,57.2339,1,1072.17,476.507,1,0
292317840943300,1091.37,450.071,0,139.219,76.9207,-546.458,5.91166,0.424745,0.102992,0.00741313,0.994654,57.2084,57.2084,1,1048.75,474.887,0,200.076,80.2269,-547.53,-1.2892,0.552108,-0.0224978,0.00963595,0.9997,57.2258,57.2258,1,1070.06,462.479,1,0
292317845943300,1091.88,462.801,0,139.203,76.9363,-546.489,5.92317,0.656581,0.103188,0.0114592,0.994596,57.2109,57.2109,1,1060.66,473.694,0,200.068,80.1927,-547.621,-1.0651,0.530903,-0.0185877,0.00926587,0.999784,57.2353,57.2353,1,1076.27,468.247,1,0
292317850943300,1075.68,482.814,0,139.181,77.0299,-546.291,5.6264,1.02272,0.0980259,0.0178489,0.995024,57.1899,57.1899,1,1081.65,476.459,0,200.053,80.202,-547.586,-0.67117,0.585356,-0.0117132,0.0102162,0.999879,57.2318,57.2318,1,1078.66,479.637,1,0
292317855943300,1081.11,473.755,0,139.166,76.9805,-546.434,5.72843,0.85088,0.0998025,0.0148501,0.994896,57.2046,57.2046,1,1084.82,468.023,0,200.048,80.1536,-547.685,-0.610895,0.431197,-0.0106616,0.00752573,0.999915,57.2423,57.2423,1,1082.97,470.889,1,0
292317860943300,1065.81,466.313,0,139.128,76.9518,-546.506,5.4471,0.715335,0.0949193,0.0124846,0.995407,57.2121,57.2121,1,1086.13,471.355,0,200.041,80.1041,-547.82,-0.585004,0.493962,-0.0102097,0.00862116,0.999911,57.2563,57.2563,1,1075.97,468.834,1,0
292317865943300,1068.8,465.738,0,139.115,76.9716,-546.443,5.50379,0.709299,0.0959042,0.0123793,0.995314,57.2056,57.2056,1,1070.27,474.681,0,200.017,80.0968,-547.834,-0.879296,0.557172,-0.0153453,0.00972434,0.999835,57.2577,57.2577,1,1069.53,470.21,1,0
292317870943300,1067.96,467.033,0,139.098,76.9682,-546.46,5.48971,0.735773,0.0956591,0.0128413,0.995331,57.2074,57.2074,1,1061.51,482.861,0,199.996,80.0905,-547.846,-1.04097,0.710643,-0.018166,0.0124027,0.999758,57.2591,57.2591,1,1064.74,474.947,1,0
292317875943300,1067.94,466.325,0,139.078,76.9694,-546.432,5.49129,0.724577,0.0956868,0.0126459,0.995331,57.2046,57.2046,1,1064.07,493.51,0,199.973,80.1233,-547.731,-0.991385,0.91172,-0.0172999,0.0159118,0.999724,57.2474,57.2474,1,1066,479.918,1,0
292317880943300,1061.86,463.498,0,139.062,76.9709,-546.412,5.38004,0.672383,0.0937549,0.011735,0.995526,57.2027,57.2027,1,1061.6,498.856,0,199.946,80.1302,-547.683,-1.03527,1.01523,-0.0180651,0.0177182,0.99968,57.2427,57.2427,1,1061.73,481.177,1,0
292317885943300,1068.39,461.837,0,139.052,76.9744,-546.407,5.50224,0.643707,0.0958786,0.0112346,0.99533,57.2022,57.2022,1,1061.68,519.636,0,199.927,80.1379,-547.67,-1.03182,1.40277,-0.0180023,0.0244805,0.999538,57.2413,57.2413,1,1065.04,490.736,1,0
292317890943300,1064.33,454.828,0,139.035,76.9571,-546.476,5.42802,0.512821,0.0945914,0.00895029,0.995476,57.2092,57.2092,1,1059.63,521.688,0,199.91,80.1147,-547.72,-1.06786,1.44007,-0.0186306,0.0251314,0.99951,57.2466,57.2466,1,1061.98,488.258,1,0
292317895943300,1066.73,443.349,0,139.011,76.9418,-546.531,5.47394,0.304566,0.0953917,0.00531566,0.995426,57.2147,57.2147,1,1058.88,512.9,0,199.889,80.0971,-547.761,-1.0794,1.27503,-0.0188332,0.0222516,0.999575,57.2509,57.2509,1,1062.81,478.125,1,0
292317900943300,1076.13,427.4,0,139.001,76.9516,-546.519,5.64971,0.00473699,0.0984464,8.26761e-05,0.995142,57.2134,57.2134,1,1064.79,512.182,0,199.872,80.0677,-547.839,-0.966244,1.25806,-0.0168593,0.0219555,0.999617,57.2589,57.2589,1,1070.46,469.791,1,0
292317905943300,1082.51,433.352,0,138.988,76.9743,-546.501,5.77018,0.110129,0.100538,0.00192211,0.994931,57.211,57.211,1,1061.74,519.936,0,199.848,80.0862,-547.829,-1.02068,1.39903,-0.017808,0.0244153,0.999543,57.2575,57.2575,1,1072.12,476.644,1,0
292317910943300,1085.99,431.735,0,138.966,76.9853,-546.52,5.83725,0.0762311,0.101703,0.00133048,0.994814,57.2126,57.2126,1,1066.67,507.707,0,199.829,80.0778,-547.851,-0.926101,1.16893,-0.0161594,0.0204003,0.999661,57.2598,57.2598,1,1076.33,469.721,1,0
292317915943300,1082.37,445.806,0,138.94,76.9962,-546.537,5.77249,0.338326,0.100577,0.00590486,0.994912,57.2139,57.2139,1,1070.08,489.108,0,199.813,80.0802,-547.827,-0.861089,0.824318,-0.0150267,0.0143866,0.999784,57.2575,57.2575,1,1076.22,467.457,1,0
292317920943300,1088.89,452.063,0,138.927,77.0184,-546.534,5.89517,0.451834,0.102705,0.00788592,0.994681,57.2131,57.2131,1,1068.2,489.563,0,199.796,80.0694,-547.898,-0.894667,0.836214,-0.0156126,0.0145942,0.999772,57.2645,57.2645,1,1078.54,470.813,1,0
292317925943300,1082.62,462.429,0,138.904,77.016,-546.585,5.78088,0.643153,0.100718,0.0112249,0.994852,57.2179,57.2179,1,1048.74,478.998,0,199.767,80.0813,-547.866,-1.25573,0.638553,-0.0219136,0.0111446,0.999698,57.2611,57.2611,1,1065.68,470.714,1,0
292317930943300,1075.49,464.079,0,138.886,77.0429,-546.531,5.65071,0.672349,0.0984569,0.0117344,0.995072,57.2121,57.2121,1,1067.66,482.278,0,199.771,80.1009,-547.825,-0.902184,0.697071,-0.0157443,0.0121659,0.999802,57.2568,57.2568,1,1071.57,473.179,1,0
292317935943300,1074.45,472.791,0,138.859,77.0294,-546.614,5.63363,0.834435,0.0981567,0.0145631,0.995064,57.2203,57.2203,1,1056.96,489.015,0,199.747,80.1268,-547.764,-1.10038,0.823404,-0.0192021,0.0143706,0.999712,57.2504,57.2504,1,1065.7,480.903,1,0
292317940943300,1069.5,466.079,0,138.838,77.024,-546.617,5.54357,0.712975,0.0965952,0.0124434,0.995246,57.2207,57.2207,1,1062.74,485.554,0,199.733,80.1316,-547.718,-0.99118,0.761853,-0.017297,0.0132964,0.999762,57.2459,57.2459,1,1066.12,475.816,1,0
292317945943300,1066.34,470.211,0,138.818,77.0109,-546.669,5.48663,0.789315,0.0956044,0.0137757,0.995324,57.2259,57.2259,1,1052.92,488.878,0,199.708,80.1362,-547.689,-1.1726,0.826216,-0.0204621,0.0144197,0.999687,57.2431,57.2431,1,1059.63,479.545,1,0
292317950943300,1072.6,448.834,0,138.807,77.017,-546.613,5.6042,0.391724,0.0976536,0.00683682,0.995197,57.2205,57.2205,1,1055.87,489.809,0,199.693,80.1349,-547.655,-1.11635,0.848136,-0.0194806,0.0148022,0.999701,57.2399,57.2399,1,1064.23,469.321,1,0
292317955943300,1071.31,452.464,0,138.797,77.0083,-546.639,5.581,0.460709,0.0972497,0.0080408,0.995228,57.2232,57.2232,1,1046.9,497.704,0,199.675,80.0971,-547.755,-1.28163,0.995957,-0.0223635,0.0173819,0.999599,57.2503,57.2503,1,1059.11,475.084,1,0
292317960943300,1075.52,457.209,0,138.784,77.0148,-546.641,5.66042,0.549503,0.0986279,0.00959048,0.995078,57.2232,57.2232,1,1045.98,501.299,0,199.656,80.0819,-547.801,-1.29638,1.06135,-0.0226202,0.0185231,0.999573,57.255,57.255,1,1060.75,479.254,1,0
292317965943300,1076.89,458.022,0,138.774,77.0284,-546.61,5.6872,0.563052,0.0990926,0.00982696,0.99503,57.2199,57.2199,1,1048.77,494.958,0,199.645,80.0574,-547.881,-1.24282,0.942731,-0.0216866,0.016453,0.999629,57.2631,57.2631,1,1062.83,476.49,1,0
292317970943300,1074.83,449.485,0,138.759,77.0101,-546.665,5.65014,0.404397,0.0984514,0.00705801,0.995117,57.2256,57.2256,1,1059.54,493.873,0,199.638,80.0545,-547.919,-1.04008,0.917129,-0.0181495,0.0160062,0.999707,57.2668,57.2668,1,1067.18,471.679,1,0
292317975943300,1072.19,462.06,0,138.75,77.0117,-546.718,5.60171,0.637166,0.0976066,0.0111204,0.995163,57.2305,57.2305,1,1056.67,485.567,0,199.618,80.0706,-547.878,-1.09149,0.758778,-0.0190473,0.0132428,0.999731,57.2626,57.2626,1,1064.43,473.814,1,0
292317980943300,1076.51,461.585,0,138.742,77.0218,-546.735,5.68259,0.627616,0.0990114,0.0109537,0.995026,57.2319,57.2319,1,1059.85,480.65,0,199.62,80.0467,-547.998,-1.03148,0.663567,-0.0180005,0.0115812,0.999771,57.2744,57.2744,1,1068.18,471.118,1,0
292317985943300,1069.21,478.217,0,138.724,77.0138,-546.83,5.54833,0.93569,0.0966725,0.0163301,0.995182,57.241,57.241,1,1066.7,481.31,0,199.615,80.0688,-547.973,-0.903071,0.676978,-0.0157598,0.0118152,0.999806,57.2715,57.2715,1,1067.96,479.763,1,0
292317990943300,1073.68,479.88,0,138.718,77.0181,-546.886,5.63155,0.965715,0.0981169,0.0168541,0.995032,57.2461,57.2461,1,1073.56,479.874,0,199.604,80.1017,-547.916,-0.774031,0.650178,-0.0135081,0.0113475,0.999844,57.2653,57.2653,1,1073.62,479.877,1,0
292317995943300,1063.43,475.625,0,138.71,77.0802,-546.769,5.44242,0.885306,0.0948341,0.0154509,0.995373,57.2336,57.2336,1,1068.88,494.4,0,199.575,80.1658,-547.793,-0.859739,0.923166,-0.0150028,0.0161116,0.999758,57.2521,57.2521,1,1066.15,485.012,1,0
292318000943300,1058.26,473.57,0,138.706,77.1244,-546.693,5.34762,0.842224,0.0931881,0.0146991,0.99554,57.2254,57.2254,1,1068.93,500.903,0,199.574,80.1688,-547.845,-0.858516,1.04373,-0.0149809,0.0182154,0.999722,57.257,57.257,1,1063.6,487.236,1,0
292318005943300,1060.58,475.195,0,138.706,77.135,-546.714,5.39034,0.87175,0.0939296,0.0152143,0.995463,57.227,57.227,1,1058.97,496.297,0,199.566,80.142,-547.963,-1.04346,0.957292,-0.0182083,0.0167071,0.999695,57.2688,57.2688,1,1059.77,485.746,1,0
292318010943300,1064.59,456.325,0,138.7,77.1283,-546.747,5.46519,0.519902,0.0952371,0.00907388,0.995413,57.2303,57.2303,1,1061.62,489.277,0,199.565,80.1494,-547.962,-0.993798,0.825548,-0.0173424,0.014408,0.999746,57.2684,57.2684,1,1063.1,472.801,1,0
292318015943300,1064.49,457.497,0,138.686,77.1006,-546.855,5.46413,0.541264,0.0952182,0.0094467,0.995412,57.2411,57.2411,1,1054.91,491.252,0,199.554,80.1617,-547.939,-1.11823,0.860125,-0.0195134,0.0150115,0.999697,57.266,57.266,1,1059.7,474.375,1,0
292318020943300,1060.3,455.566,0,138.677,77.1057,-546.849,5.38692,0.506672,0.0938775,0.00884297,0.995545,57.2405,57.2405,1,1051.6,502.061,0,199.554,80.123,-548.1,-1.17925,1.06179,-0.0205768,0.0185307,0.999617,57.282,57.282,1,1055.95,478.813,1,0
292318025943300,1050.7,451.897,0,138.696,77.0505,-547.004,5.20497,0.446243,0.0907161,0.00778833,0.995846,57.2564,57.2564,1,1050.39,503.356,0,199.576,80.1257,-548.108,-1.20484,1.09213,-0.021023,0.0190602,0.999597,57.2828,57.2828,1,1050.55,477.626,1,0
292318030943300,1099.78,453.759,0,138.786,76.9644,-547.273,6.10385,0.485624,0.106327,0.00847564,0.994295,57.2839,57.2839,1,1057.05,528.142,0,199.68,80.0126,-548.553,-1.08983,1.5614,-0.0190128,0.0272483,0.999448,57.3275,57.3275,1,1078.41,490.951,1,0
292318035943300,1176.03,462.72,0,138.969,76.8891,-547.555,7.49238,0.647482,0.130386,0.0113004,0.991399,57.3123,57.3123,1,1165.67,554.461,0,199.883,79.9932,-548.744,0.921233,2.04476,0.0160676,0.0356803,0.999234,57.3459,57.3459,1,1170.85,508.591,1,0
292318040943300,1264.42,475.105,0,139.172,76.9618,-547.357,9.09389,0.874323,0.158034,0.0152592,0.987316,57.2919,57.2919,1,1248.07,537.94,0,200.031,80.0448,-548.522,2.4446,1.73388,0.0426338,0.0302573,0.998632,57.3238,57.3238,1,1256.24,506.522,1,0
292318045943300,1311.51,485.806,0,139.286,77.0048,-547.204,9.94323,1.0656,0.172642,0.0185972,0.984809,57.2764,57.2764,1,1271.46,502.622,0,200.103,80.0494,-548.401,2.87307,1.07715,0.0501146,0.0187988,0.998567,57.3123,57.3123,1,1291.49,494.214,1,0
292318050943300,1312.06,477.921,0,139.321,77.045,-546.997,9.95205,0.91949,0.172802,0.0160474,0.984826,57.2559,57.2559,1,1262.98,484.262,0,200.11,80.051,-548.33,2.71399,0.736008,0.0473464,0.0128454,0.998796,57.3055,57.3055,1,1287.52,481.091,1,0
292318055943300,1284.02,507.994,0,139.298,77.0699,-546.934,9.44487,1.47422,0.164044,0.0257272,0.986117,57.2494,57.2494,1,1272.66,496.64,0,200.11,80.0607,-548.316,2.89481,0.965522,0.0504953,0.0168507,0.998582,57.304,57.304,1,1278.34,502.317,1,0
292318060943300,1277.09,498.355,0,139.275,77.0637,-546.893,9.32102,1.29838,0.161924,0.022659,0.986543,57.2457,57.2457,1,1262.87,485.817,0,200.095,80.0687,-548.27,2.71322,0.765353,0.0473327,0.0133575,0.99879,57.2994,57.2994,1,1269.98,492.086,1,0
292318065943300,1282.2,485.711,0,139.251,76.9677,-547.149,9.41401,1.06889,0.163539,0.0186546,0.986361,57.2722,57.2722,1,1254.73,482.267,0,200.088,80.0509,-548.308,2.56218,0.699894,0.0447002,0.0122152,0.998926,57.3035,57.3035,1,1268.47,483.989,1,0
292318070943300,1280.75,476.362,0,139.262,77.0186,-546.987,9.3873,0.896597,0.163087,0.0156479,0.986488,57.2556,57.2556,1,1263.09,494.198,0,200.1,80.0421,-548.374,2.71714,0.922057,0.0473991,0.0160922,0.998746,57.3099,57.3099,1,1271.92,485.28,1,0
292318075943300,1282.8,466.185,0,139.256,76.9702,-547.151,9.42407,0.708576,0.163728,0.0123667,0.986428,57.2723,57.2723,1,1252.01,489.147,0,200.098,80.0388,-548.397,2.51016,0.829097,0.043792,0.01447,0.998936,57.3122,57.3122,1,1267.41,477.666,1,0
292318080943300,1284.29,462.7,0,139.262,76.9731,-547.151,9.45058,0.64374,0.164186,0.0112352,0.986365,57.2722,57.2722,1,1248.68,496.71,0,200.11,80.0392,-548.422,2.44725,0.968276,0.0426935,0.0168988,0.998945,57.3145,57.3145,1,1266.49,479.705,1,0
292318085943300,1277.58,466.128,0,139.264,76.9858,-547.117,9.32759,0.709061,0.162067,0.0123751,0.986702,57.2687,57.2687,1,1249.71,496.63,0,200.121,80.0392,-548.436,2.46465,0.968615,0.0429969,0.0169047,0.998932,57.3158,57.3158,1,1263.64,481.379,1,0
292318090943300,1283.55,465.916,0,139.278,76.9835,-547.122,9.43522,0.704772,0.16392,0.0123003,0.986397,57.2692,57.2692,1,1248.28,501.196,0,200.123,80.0469,-548.451,2.43777,1.05299,0.0425271,0.0183771,0.998926,57.317,57.317,1,1265.92,483.556,1,0
292318095943300,1291.73,456.614,0,139.286,76.9664,-547.15,9.58375,0.531988,0.166482,0.00928481,0.986001,57.2723,57.2723,1,1240.54,501.575,0,200.128,80.0277,-548.522,2.29299,1.06048,0.0400027,0.0185077,0.999028,57.3242,57.3242,1,1266.14,479.095,1,0
292318100943300,1281.93,467.338,0,139.292,76.9644,-547.166,9.40409,0.731239,0.163383,0.0127622,0.98648,57.2739,57.2739,1,1230.65,491.991,0,200.117,80.0683,-548.37,2.10781,0.885233,0.0367756,0.0154496,0.999204,57.3088,57.3088,1,1256.29,479.664,1,0
292318105943300,1280.82,468.442,0,139.298,76.9609,-547.183,9.38314,0.751233,0.163022,0.0131111,0.986535,57.2756,57.2756,1,1240.47,504.168,0,200.141,80.0357,-548.519,2.28977,1.10993,0.0399458,0.0193706,0.999014,57.3237,57.3237,1,1260.64,486.305,1,0
292318110943300,1280.73,469.856,0,139.304,76.9459,-547.212,9.38028,0.779275,0.162971,0.0136005,0.986537,57.2786,57.2786,1,1228.23,490.967,0,200.131,80.0483,-548.456,2.06182,0.86484,0.0359737,0.0150937,0.999239,57.3174,57.3174,1,1254.48,480.412,1,0
292318115943300,1285.96,469.192,0,139.322,76.9496,-547.176,9.47328,0.769875,0.164573,0.0134364,0.986273,57.2752,57.2752,1,1231.78,497.272,0,200.135,80.056,-548.451,2.1276,0.981873,0.0371197,0.0171361,0.999164,57.3168,57.3168,1,1258.87,483.232,1,0
292318120943300,1276.62,488.344,0,139.333,76.9665,-547.158,9.30302,1.12005,0.161625,0.0195474,0.986659,57.2731,57.2731,1,1240.55,492.962,0,200.152,80.0271,-548.537,2.28994,0.901612,0.0399514,0.0157354,0.999078,57.3256,57.3256,1,1258.58,490.653,1,0
292318125943300,1258.67,500.592,0,139.332,76.967,-547.153,8.97523,1.34813,0.155964,0.0235272,0.987482,57.2726,57.2726,1,1243.84,491.356,0,200.157,80.0443,-548.489,2.3505,0.871348,0.0410078,0.0152073,0.999043,57.3207,57.3207,1,1251.25,495.974,1,0
292318130943300,1255.93,496.385,0,139.341,76.9452,-547.184,8.92292,1.27479,0.155067,0.0222475,0.987653,57.2761,57.2761,1,1249.36,494.641,0,200.165,80.0398,-548.517,2.45271,0.932875,0.042789,0.016281,0.998951,57.3234,57.3234,1,1252.64,495.513,1,0
292318135943300,1255.21,495.808,0,139.352,76.9412,-547.199,8.90843,1.26479,0.154818,0.022073,0.987696,57.2775,57.2775,1,1244.43,487.802,0,200.174,80.0309,-548.554,2.36017,0.804167,0.0411771,0.0140349,0.999053,57.3271,57.3271,1,1249.82,491.805,1,0
292318140943300,1250.94,501.477,0,139.359,76.9662,-547.142,8.83074,1.36704,0.153472,0.023857,0.987865,57.2715,57.2715,1,1244.63,494.739,0,200.179,80.02,-548.627,2.36357,0.933269,0.041235,0.0162879,0.999017,57.3342,57.3342,1,1247.79,498.108,1,0
292318145943300,1249.26,490.604,0,139.364,76.9378,-547.225,8.79779,1.16926,0.152916,0.0204061,0.988029,57.2801,57.2801,1,1246.54,492.854,0,200.186,80.0067,-548.677,2.39837,0.898698,0.0418421,0.0156846,0.999001,57.3393,57.3393,1,1247.9,491.729,1,0
292318150943300,1250.61,483.091,0,139.371,76.9252,-547.268,8.82153,1.03029,0.153332,0.017981,0.988011,57.2844,57.2844,1,1259.21,493.95,0,200.205,80.0331,-548.67,2.63272,0.9163,0.0459275,0.0159918,0.998817,57.338,57.338,1,1254.91,488.52,1,0
292318155943300,1249.67,475.14,0,139.378,76.9224,-547.297,8.80338,0.882512,0.153026,0.0154021,0.988102,57.2872,57.2872,1,1256.51,477.533,0,200.205,80.0363,-548.677,2.58235,0.609433,0.0450527,0.0106364,0.998928,57.3386,57.3386,1,1253.09,476.336,1,0
292318160943300,1256.94,483.356,0,139.393,76.9424,-547.284,8.93529,1.03102,0.155294,0.0179937,0.987704,57.2855,57.2855,1,1259.81,482.126,0,200.214,80.0484,-548.699,2.6428,0.694336,0.0461058,0.0121182,0.998863,57.3403,57.3403,1,1258.37,482.741,1,0
292318165943300,1259.99,476.866,0,139.4,76.9476,-547.287,8.99005,0.911327,0.156243,0.015905,0.987591,57.2857,57.2857,1,1265.86,478.025,0,200.22,80.0737,-548.664,2.75503,0.615395,0.048063,0.0107405,0.998787,57.3363,57.3363,1,1262.93,477.445,1,0
292318170943300,1265.85,481.254,0,139.415,76.992,-547.177,9.09623,0.99159,0.158069,0.0173056,0.987276,57.2742,57.2742,1,1268.89,470.62,0,200.225,80.0901,-548.64,2.81102,0.475857,0.0490402,0.00830517,0.998762,57.3337,57.3337,1,1267.37,475.937,1,0
292318175943300,1272.55,470.953,0,139.416,76.9566,-547.281,9.21751,0.801669,0.160167,0.0139913,0.986991,57.2848,57.2848,1,1273.44,479.333,0,200.234,80.0826,-548.697,2.89433,0.639879,0.0504909,0.0111678,0.998662,57.3392,57.3392,1,1272.99,475.143,1,0
292318180943300,1268.03,470.211,0,139.417,76.9639,-547.27,9.1348,0.787846,0.158743,0.0137501,0.987224,57.2836,57.2836,1,1275.29,481.234,0,200.24,80.0818,-548.731,2.92779,0.676008,0.0510738,0.0117983,0.998625,57.3425,57.3425,1,1271.66,475.722,1,0
292318185943300,1268.73,474.686,0,139.421,76.9827,-547.225,9.14729,0.870959,0.158955,0.0152005,0.987169,57.2789,57.2789,1,1281.32,480.398,0,200.246,80.0973,-548.692,3.03927,0.660462,0.0530169,0.011527,0.998527,57.3384,57.3384,1,1275.03,477.542,1,0
292318190943300,1278.12,466.65,0,139.426,76.9435,-547.319,9.31724,0.723728,0.161888,0.0126311,0.986728,57.2888,57.2888,1,1281.18,474.771,0,200.251,80.0808,-548.739,3.03632,0.555834,0.0529665,0.00970098,0.998549,57.3433,57.3433,1,1279.65,470.711,1,0
292318195943300,1277.9,468.618,0,139.43,76.9494,-547.298,9.31265,0.761557,0.161807,0.0132913,0.986733,57.2866,57.2866,1,1277.06,476.117,0,200.245,80.071,-548.767,2.96022,0.581387,0.05164,0.010147,0.998614,57.3461,57.3461,1,1277.48,472.367,1,0
292318200943300,1271.18,472.33,0,139.426,76.9614,-547.257,9.19064,0.830465,0.159703,0.0144938,0.987059,57.2825,57.2825,1,1277.08,476.349,0,200.249,80.0845,-548.738,2.96011,0.585332,0.051638,0.0102158,0.998614,57.3431,57.3431,1,1274.13,474.34,1,0
292318205943300,1271.67,477.951,0,139.425,76.9514,-547.295,9.1994,0.933975,0.15985,0.0163002,0.987007,57.2864,57.2864,1,1280.02,472.944,0,200.25,80.0789,-548.748,3.01483,0.521597,0.0525923,0.00910346,0.998575,57.3442,57.3442,1,1275.84,475.447,1,0
292318210943300,1275.19,464.284,0,139.426,76.94,-547.286,9.26352,0.682684,0.160964,0.0119148,0.986888,57.2858,57.2858,1,1270.1,480.818,0,200.237,80.0815,-548.75,2.83157,0.667556,0.0493968,0.0116508,0.998711,57.3442,57.3442,1,1272.64,472.551,1,0
292318215943300,1269.59,468.963,0,139.418,76.9349,-547.315,9.16227,0.768438,0.159217,0.0134114,0.987153,57.2886,57.2886,1,1271.02,475.471,0,200.231,80.0885,-548.715,2.84925,0.567858,0.0497059,0.00991083,0.998715,57.3408,57.3408,1,1270.3,472.217,1,0
292318220943300,1266.17,473.462,0,139.413,76.9474,-547.3,9.10082,0.84969,0.158155,0.0148293,0.987303,57.2869,57.2869,1,1269.83,482.434,0,200.23,80.0906,-548.735,2.82726,0.697056,0.0493214,0.0121656,0.998709,57.3426,57.3426,1,1268,477.948,1,0
292318225943300,1271.03,478.847,0,139.413,76.9553,-547.29,9.19015,0.947422,0.15969,0.0165349,0.987029,57.2857,57.2857,1,1262.05,481.417,0,200.226,80.0585,-548.839,2.6831,0.67826,0.0468085,0.0118376,0.998834,57.3532,57.3532,1,1266.54,480.132,1,0
292318230943300,1264.56,478.401,0,139.403,76.949,-547.337,9.07248,0.939187,0.157662,0.0163912,0.987357,57.2904,57.2904,1,1250.39,484.024,0,200.209,80.0663,-548.836,2.46736,0.726494,0.0430467,0.0126794,0.998993,57.3528,57.3528,1,1257.48,481.213,1,0
292318235943300,1265.23,467.275,0,139.403,76.9484,-547.338,9.08461,0.73384,0.15788,0.0128076,0.987375,57.2904,57.2904,1,1243.91,480.762,0,200.195,80.0835,-548.8,2.34747,0.666026,0.0409568,0.0116241,0.999093,57.3489,57.3489,1,1254.57,474.019,1,0
292318240943300,1260.92,468.485,0,139.395,76.9502,-547.357,9.00638,0.755589,0.156531,0.0131871,0.987585,57.2921,57.2921,1,1249.29,490.231,0,200.191,80.1189,-548.736,2.44749,0.842595,0.0426991,0.0147055,0.99898,57.342,57.342,1,1255.1,479.358,1,0
292318245943300,1259.89,466.907,0,139.388,76.9438,-547.382,8.98786,0.727264,0.156213,0.0126928,0.987642,57.2947,57.2947,1,1246.9,478.314,0,200.179,80.1175,-548.727,2.40442,0.619702,0.0419503,0.0108156,0.999061,57.3412,57.3412,1,1253.39,472.61,1,0
292318250943300,1255.15,464.663,0,139.38,76.9662,-547.34,8.90194,0.68611,0.154733,0.0119746,0.987884,57.2902,57.2902,1,1242.21,489.652,0,200.169,80.1066,-548.785,2.31715,0.834065,0.0404266,0.0145567,0.999076,57.3469,57.3469,1,1248.68,477.157,1,0
292318255943300,1252.73,460.017,0,139.371,76.9738,-547.334,8.85848,0.599988,0.153986,0.0104716,0.988018,57.2895,57.2895,1,1249.98,487.778,0,200.171,80.0957,-548.826,2.4618,0.79975,0.0429491,0.0139578,0.99898,57.351,57.351,1,1251.35,473.897,1,0
292318260943300,1261.46,439.105,0,139.358,76.9288,-547.438,9.01903,0.212928,0.156761,0.00371629,0.98763,57.3003,57.3003,1,1248.91,478.877,0,200.153,80.1209,-548.739,2.44244,0.637087,0.0426132,0.011119,0.99903,57.3423,57.3423,1,1255.18,458.991,1,0
292318265943300,1271.25,440.148,0,139.355,76.9436,-547.415,9.19714,0.234779,0.159831,0.00409765,0.987136,57.2978,57.2978,1,1251.85,477.748,0,200.15,80.0729,-548.892,2.49817,0.615969,0.043585,0.0107505,0.998992,57.3578,57.3578,1,1261.55,458.948,1,0
292318270943300,1266.38,442.307,0,139.338,76.9444,-547.429,9.10962,0.275046,0.158322,0.00480045,0.987376,57.2991,57.2991,1,1248.07,483.737,0,200.135,80.0863,-548.854,2.42881,0.728556,0.0423747,0.0127153,0.999021,57.3539,57.3539,1,1257.22,463.022,1,0
292318275943300,1271.44,444.998,0,139.329,76.9319,-547.495,9.20314,0.322254,0.159933,0.00562437,0.987112,57.3056,57.3056,1,1249.29,473.735,0,200.127,80.1138,-548.73,2.45157,0.543679,0.0427729,0.00948885,0.99904,57.3416,57.3416,1,1260.36,459.366,1,0
292318280943300,1270.7,447.542,0,139.337,76.9176,-547.553,9.18728,0.372492,0.159659,0.00650116,0.987151,57.3114,57.3114,1,1246.91,480.562,0,200.141,80.0496,-548.97,2.4067,0.671459,0.0419896,0.0117189,0.999049,57.3658,57.3658,1,1258.81,464.052,1,0
292318285943300,1290.86,447.25,0,139.395,76.8972,-547.605,9.5484,0.367785,0.165877,0.00641901,0.986125,57.3169,57.3169,1,1284.84,482.489,0,200.198,80.0627,-548.931,3.10597,0.710093,0.0541787,0.0123931,0.998454,57.3617,57.3617,1,1287.85,464.87,1,0
292318290943300,1341.34,467.705,0,139.464,76.9028,-547.644,10.4589,0.738674,0.181515,0.0128919,0.983304,57.3204,57.3204,1,1320.42,486.862,0,200.264,80.0159,-549.107,3.76325,0.786521,0.0656278,0.013727,0.99775,57.3795,57.3795,1,1330.88,477.284,1,0
292318295943300,1360.12,469.964,0,139.503,76.9894,-547.366,10.7962,0.780075,0.187299,0.0136144,0.982209,57.292,57.292,1,1322.63,487.132,0,200.26,80.0304,-549.041,3.8049,0.791001,0.0663529,0.0138051,0.997701,57.3729,57.3729,1,1341.38,478.548,1,0
292318300943300,1335.67,466.331,0,139.474,76.9868,-547.361,10.3573,0.713381,0.179771,0.0124505,0.98363,57.2916,57.2916,1,1302.07,481.062,0,200.229,80.0313,-549.018,3.42493,0.680538,0.0597365,0.0118774,0.998143,57.3707,57.3707,1,1318.87,473.696,1,0
292318305943300,1314.87,468.632,0,139.447,76.9942,-547.332,9.98284,0.756517,0.173338,0.0132033,0.984774,57.2888,57.2888,1,1306.33,494.52,0,200.229,80.0218,-549.09,3.50445,0.929837,0.061118,0.016228,0.997999,57.3778,57.3778,1,1310.6,481.576,1,0
292318310943300,1314.94,466.481,0,139.431,76.9923,-547.382,9.98679,0.712078,0.173408,0.0124278,0.984772,57.2935,57.2935,1,1312.9,488.261,0,200.22,80.07,-548.904,3.62583,0.816331,0.063234,0.0142472,0.997897,57.359,57.359,1,1313.92,477.371,1,0
292318315943300,1321.32,457.714,0,139.425,77.012,-547.341,10.1027,0.551118,0.175406,0.00961867,0.984449,57.2891,57.2891,1,1309.79,481.185,0,200.215,80.0399,-548.984,3.56926,0.684416,0.0622507,0.011945,0.997989,57.3674,57.3674,1,1315.55,469.449,1,0
292318320943300,1320.69,473.533,0,139.419,77.0344,-547.347,10.0918,0.840985,0.175206,0.0146774,0.984422,57.2891,57.2891,1,1307.27,492.717,0,200.206,80.0653,-548.95,3.52343,0.89702,0.0614491,0.0156553,0.997987,57.3635,57.3635,1,1313.98,483.125,1,0
292318325943300,1320.47,469.025,0,139.41,77.0272,-547.373,10.0885,0.757529,0.175154,0.013221,0.984452,57.2917,57.2917,1,1313.83,495.651,0,200.211,80.0609,-548.986,3.64533,0.950461,0.0635714,0.0165879,0.997839,57.367,57.367,1,1317.15,482.338,1,0
292318330943300,1323.9,473.993,0,139.41,77.0286,-547.401,10.151,0.84691,0.176223,0.0147808,0.984239,57.2943,57.2943,1,1307.44,491.863,0,200.207,80.0439,-549.078,3.52735,0.878421,0.0615178,0.0153307,0.997988,57.3761,57.3761,1,1315.67,482.928,1,0
292318335943300,1322.38,474.518,0,139.406,77.042,-547.387,10.1232,0.857472,0.175745,0.0149651,0.984322,57.2927,57.2927,1,1299.19,496.785,0,200.197,80.0652,-549.046,3.37472,0.969476,0.0588575,0.0169197,0.998123,57.3725,57.3725,1,1310.78,485.651,1,0
292318340943300,1323.44,475.124,0,139.402,77.0319,-547.441,10.1419,0.86939,0.176066,0.0151731,0.984261,57.298,57.298,1,1309.78,509.384,0,200.211,80.0671,-549.089,3.57049,1.20245,0.0622628,0.0209851,0.997839,57.3765,57.3765,1,1316.61,492.254,1,0
292318345943300,1324.82,484.604,0,139.41,77.072,-547.355,10.1672,1.04174,0.176492,0.0181808,0.984134,57.289,57.289,1,1304.98,503.123,0,200.203,80.0724,-549.077,3.4821,1.08505,0.0607259,0.0189366,0.997975,57.3752,57.3752,1,1314.9,493.863,1,0
292318350943300,1324.62,489.943,0,139.408,77.0627,-547.408,10.1632,1.13974,0.176418,0.0198909,0.984114,57.2942,57.2942,1,1305.94,504.276,0,200.211,80.0734,-549.099,3.49907,1.10618,0.0610209,0.0193052,0.99795,57.3773,57.3773,1,1315.28,497.109,1,0
292318355943300,1324.3,492.354,0,139.409,77.0574,-547.433,10.1569,1.18462,0.176306,0.020674,0.984118,57.2967,57.2967,1,1302.61,493.427,0,200.21,80.0897,-549.043,3.43648,0.906065,0.0599344,0.0158132,0.998077,57.3716,57.3716,1,1313.46,492.891,1,0
292318360943300,1317.67,490.403,0,139.413,77.0805,-547.374,10.0373,1.14657,0.174255,0.02001,0.984497,57.2905,57.2905,1,1305.41,503.198,0,200.223,80.0666,-549.152,3.48828,1.08524,0.0608334,0.01894,0.997968,57.3825,57.3825,1,1311.54,496.8,1,0
292318365943300,1325.41,482.819,0,139.432,77.088,-547.321,10.1765,1.00667,0.176654,0.0175687,0.984116,57.2853,57.2853,1,1306.39,498.874,0,200.229,80.0924,-549.071,3.50514,1.00546,0.0611287,0.0175476,0.997976,57.3742,57.3742,1,1315.9,490.846,1,0
292318370943300,1325.76,478.289,0,139.437,77.0586,-547.394,10.1821,0.923425,0.176753,0.0161161,0.984123,57.2929,57.2929,1,1299.8,491.765,0,200.237,80.0683,-549.128,3.38283,0.871718,0.0590003,0.0152138,0.998142,57.3801,57.3801,1,1312.78,485.027,1,0
292318375943300,1326.4,470.836,0,139.445,77.0561,-547.358,10.1931,0.787297,0.17695,0.0137405,0.984124,57.2896,57.2896,1,1304.34,486.58,0,200.253,80.058,-549.14,3.46572,0.775304,0.0604458,0.0135312,0.99808,57.3816,57.3816,1,1315.37,478.708,1,0
292318380943300,1332.61,473.89,0,139.456,77.0903,-547.25,10.3056,0.842534,0.178879,0.0147045,0.983761,57.2786,57.2786,1,1295.94,485.058,0,200.241,80.106,-548.97,3.31113,0.744074,0.0577531,0.0129862,0.998246,57.3643,57.3643,1,1314.28,479.474,1,0
292318385943300,1311.81,480.333,0,139.397,77.1772,-547.007,9.93823,0.954105,0.172562,0.0166515,0.984858,57.2535,57.2535,1,1289.87,506.543,0,200.175,80.1864,-548.755,3.20456,1.14162,0.0558899,0.0199238,0.998238,57.3421,57.3421,1,1300.84,493.438,1,0
292318390943300,1244.35,505.413,0,139.234,77.3216,-546.651,8.7269,1.41635,0.151678,0.0247175,0.988121,57.2164,57.2164,1,1238.05,520.084,0,199.979,80.3747,-548.219,2.25796,1.38819,0.0393871,0.0242262,0.99893,57.2869,57.2869,1,1241.2,512.749,1,0
292318395943300,1098.73,540.286,0,138.952,77.4003,-546.51,6.07455,2.06412,0.105754,0.0360179,0.99374,57.2012,57.2012,1,1109.28,525.419,0,199.685,80.4646,-547.958,-0.117555,1.48621,-0.00205104,0.0259363,0.999662,57.2601,57.2601,1,1104,532.852,1,0
292318400943300,938.044,526.621,0,138.606,77.4015,-546.506,3.11764,1.82183,0.0543587,0.0317917,0.998015,57.2008,57.2008,1,986.991,536.628,0,199.387,80.4426,-548.151,-2.36973,1.68806,-0.0413298,0.0294579,0.998711,57.2788,57.2788,1,962.517,531.624,1,0
292318405943300,827.185,525.651,0,138.3,77.3625,-546.679,1.07411,1.8082,0.0187364,0.0315537,0.999326,57.218,57.218,1,874.552,538.157,0,199.084,80.4067,-548.309,-4.43174,1.71351,-0.0772367,0.0299019,0.996564,57.2946,57.2946,1,850.868,531.904,1,0
292318410943300,745.341,540.146,0,138.101,77.3359,-546.83,-0.439318,2.0784,-0.00766243,0.0362669,0.999313,57.2329,57.2329,1,764.612,555.809,0,198.826,80.4188,-548.346,-6.44037,2.03858,-0.112098,0.0355724,0.99306,57.2978,57.2978,1,754.977,547.978,1,0
292318415943300,670.886,517.228,0,137.911,77.2441,-547.103,-1.81443,1.65397,-0.0316493,0.0288633,0.999082,57.2609,57.2609,1,690.262,525.786,0,198.659,80.3171,-548.657,-7.78977,1.47868,-0.135494,0.025805,0.990442,57.3296,57.3296,1,680.574,521.507,1,0
292318420943300,656.935,535.235,0,137.829,77.1793,-547.387,-2.06847,1.98783,-0.0360721,0.0346872,0.998747,57.2892,57.2892,1,638.87,535.627,0,198.578,80.3071,-548.733,-8.71977,1.66118,-0.151538,0.028989,0.988026,57.337,57.337,1,647.903,535.431,1,0
292318425943300,639.479,544.568,0,137.793,77.1728,-547.481,-2.39074,2.16229,-0.0416845,0.03773,0.998418,57.2982,57.2982,1,625.545,547.844,0,198.538,80.296,-548.863,-8.95611,1.88748,-0.155593,0.0329367,0.987272,57.3495,57.3495,1,632.512,546.206,1,0
292318430943300,625.694,557.026,0,137.791,77.179,-547.5,-2.6472,2.39604,-0.0461455,0.0418066,0.99806,57.2999,57.2999,1,581.669,553.756,0,198.487,80.3557,-548.768,-9.74746,1.99313,-0.169203,0.0347797,0.984967,57.3391,57.3391,1,603.682,555.391,1,0
292318435943300,625.867,559.304,0,137.826,77.1729,-547.5,-2.64729,2.4399,-0.0461456,0.0425714,0.998027,57.3001,57.3001,1,584.325,549.741,0,198.518,80.3171,-548.973,-9.70315,1.913,-0.16845,0.0333819,0.985145,57.3593,57.3593,1,605.096,554.522,1,0
292318440943300,621.157,569.482,0,137.85,77.155,-547.519,-2.7389,2.62821,-0.0477344,0.0458548,0.997807,57.3023,57.3023,1,621.237,565.337,0,198.582,80.2955,-549.093,-9.03931,2.19843,-0.156996,0.0383605,0.986854,57.3711,57.3711,1,621.197,567.409,1,0
292318445943300,626.205,574.088,0,137.88,77.1982,-547.367,-2.64527,2.71884,-0.0461003,0.0474349,0.99781,57.2869,57.2869,1,631.324,571.139,0,198.605,80.3351,-548.985,-8.85892,2.30439,-0.153877,0.0402084,0.987271,57.36,57.36,1,628.764,572.613,1,0
292318450943300,612.601,565.756,0,137.872,77.1669,-547.43,-2.89912,2.56344,-0.050527,0.0447255,0.997721,57.2936,57.2936,1,633.798,574.152,0,198.621,80.3351,-548.995,-8.81571,2.35875,-0.153127,0.0411564,0.987349,57.361,57.361,1,623.2,569.954,1,0
292318455943300,614.361,566.819,0,137.882,77.1777,-547.406,-2.86678,2.58402,-0.0499629,0.0450844,0.997733,57.291,57.291,1,634.576,568.481,0,198.635,80.3019,-549.055,-8.80217,2.25699,-0.152905,0.0393816,0.987456,57.3674,57.3674,1,624.468,567.65,1,0
292318460943300,627.915,571.995,0,137.891,77.1482,-547.499,-2.61513,2.68113,-0.0455768,0.0467774,0.997865,57.3005,57.3005,1,632.125,559.139,0,198.639,80.327,-548.962,-8.8471,2.08668,-0.153696,0.0364114,0.987447,57.3581,57.3581,1,630.02,565.567,1,0
292318465943300,609.085,566.794,0,137.885,77.163,-547.418,-2.96601,2.58373,-0.051691,0.0450794,0.997645,57.2926,57.2926,1,633.826,560.793,0,198.642,80.3463,-548.886,-8.81734,2.11629,-0.15318,0.0369278,0.987508,57.3504,57.3504,1,621.456,563.794,1,0
292318470943300,618.456,562.311,0,137.891,77.1546,-547.422,-2.79153,2.50169,-0.0486557,0.0436489,0.997862,57.2931,57.2931,1,624.625,556.96,0,198.642,80.3464,-548.878,-8.98437,2.04712,-0.156065,0.0357213,0.987101,57.3496,57.3496,1,621.54,559.635,1,0
292318475943300,615.564,561.693,0,137.894,77.1673,-547.395,-2.84585,2.48906,-0.0496022,0.0434287,0.997824,57.2903,57.2903,1,618.087,549.568,0,198.639,80.3655,-548.794,-9.1036,1.91093,-0.158132,0.0333458,0.986855,57.3412,57.3412,1,616.825,555.631,1,0
292318480943300,619.944,564.889,0,137.902,77.1959,-547.325,-2.76476,2.54745,-0.0481878,0.0444468,0.997849,57.2829,57.2829,1,621.535,555.443,0,198.64,80.3836,-548.771,-9.04121,2.01794,-0.157047,0.0352124,0.986963,57.3387,57.3387,1,620.74,560.166,1,0
292318485943300,620.449,560.234,0,137.896,77.188,-547.352,-2.75529,2.45947,-0.0480261,0.0429126,0.997924,57.2857,57.2857,1,630.586,547.153,0,198.644,80.3823,-548.752,-8.87739,1.86507,-0.154239,0.0325459,0.987497,57.3369,57.3369,1,625.517,553.693,1,0
292318490943300,625.149,564.797,0,137.891,77.2037,-547.337,-2.66711,2.54298,-0.0464873,0.0443688,0.997933,57.2839,57.2839,1,625.515,551.72,0,198.643,80.3738,-548.813,-8.96977,1.94689,-0.155823,0.0339732,0.9872,57.3428,57.3428,1,625.332,558.259,1,0
292318495943300,629.463,551.607,0,137.878,77.1974,-547.354,-2.58637,2.29426,-0.0450892,0.0400317,0.998181,57.2857,57.2857,1,622.057,533.508,0,198.624,80.4064,-548.708,-9.03196,1.60938,-0.156924,0.0280853,0.987211,57.3322,57.3322,1,625.76,542.557,1,0
292318500943300,643.497,556.558,0,137.869,77.1986,-547.387,-2.32429,2.38275,-0.0405202,0.0415749,0.998313,57.2887,57.2887,1,630.768,545.023,0,198.62,80.4011,-548.768,-8.87336,1.81841,-0.154173,0.0317319,0.987534,57.3379,57.3379,1,637.132,550.79,1,0
292318505943300,658.203,545.97,0,137.858,77.1841,-547.443,-2.04787,2.1869,-0.0357084,0.0381594,0.998633,57.2944,57.2944,1,627.605,543.682,0,198.61,80.4016,-548.783,-8.93019,1.79233,-0.155155,0.0312769,0.987395,57.3393,57.3393,1,642.904,544.826,1,0
292318510943300,658.637,545.047,0,137.841,77.1804,-547.473,-2.03826,2.16853,-0.0355413,0.037839,0.998652,57.2973,57.2973,1,616.672,546.856,0,198.587,80.415,-548.784,-9.1273,1.84825,-0.158546,0.0322525,0.986825,57.339,57.339,1,637.655,545.952,1,0
292318515943300,661.338,532.102,0,137.826,77.1895,-547.454,-1.98581,1.92741,-0.0346324,0.0336332,0.998834,57.2953,57.2953,1,616.585,542.506,0,198.579,80.4159,-548.776,-9.12788,1.76877,-0.158563,0.0308659,0.986866,57.3383,57.3383,1,638.961,537.304,1,0
292318520943300,657.792,534.49,0,137.81,77.2114,-547.442,-2.04985,1.97167,-0.0357479,0.0344054,0.998768,57.2936,57.2936,1,601.883,545.533,0,198.555,80.4524,-548.677,-9.3934,1.82294,-0.16313,0.0318109,0.986092,57.3281,57.3281,1,629.838,540.011,1,0
292318525943300,643.137,535.801,0,137.793,77.2284,-547.402,-2.32214,1.99474,-0.0404933,0.0348078,0.998573,57.2894,57.2894,1,589.697,533.119,0,198.537,80.4338,-548.707,-9.613,1.59431,-0.166928,0.0278224,0.985577,57.3313,57.3313,1,616.417,534.46,1,0
292318530943300,635.99,542.116,0,137.774,77.2345,-547.426,-2.45408,2.11078,-0.0427896,0.0368317,0.998405,57.2915,57.2915,1,579.603,524.596,0,198.518,80.4366,-548.668,-9.79365,1.43973,-0.170046,0.0251254,0.985116,57.3277,57.3277,1,607.797,533.356,1,0
292318535943300,632.714,527.277,0,137.75,77.2246,-547.479,-2.51214,1.83568,-0.0438086,0.0320332,0.998526,57.2967,57.2967,1,593.658,523.311,0,198.511,80.3934,-548.801,-9.53529,1.42164,-0.165604,0.0248098,0.98588,57.3412,57.3412,1,613.186,525.294,1,0
292318540943300,641.269,525.833,0,137.735,77.2663,-547.398,-2.34937,1.8094,-0.0409724,0.0315747,0.998661,57.2881,57.2881,1,595.635,518.146,0,198.496,80.3991,-548.778,-9.49824,1.32604,-0.164973,0.0231416,0.986027,57.3389,57.3389,1,618.452,521.99,1,0
292318545943300,630.946,521.086,0,137.705,77.2836,-547.364,-2.53835,1.72177,-0.0442682,0.030046,0.998568,57.2844,57.2844,1,588.881,517.403,0,198.471,80.3924,-548.796,-9.61829,1.31225,-0.16704,0.0229011,0.985684,57.3407,57.3407,1,609.913,519.245,1,0
292318550943300,640.324,527.984,0,137.682,77.2527,-547.494,-2.3622,1.84749,-0.0411951,0.0322391,0.998631,57.2974,57.2974,1,593.527,517.574,0,198.45,80.4357,-548.654,-9.53274,1.31499,-0.165568,0.0229488,0.985931,57.3264,57.3264,1,616.926,522.779,1,0
292318555943300,639.955,536.949,0,137.66,77.2761,-547.474,-2.36748,2.01066,-0.0412832,0.0350854,0.998531,57.2949,57.2949,1,599.853,513.244,0,198.43,80.4459,-548.621,-9.41791,1.23069,-0.163597,0.0214779,0.986293,57.323,57.323,1,619.904,525.096,1,0
292318560943300,642.629,538.418,0,137.623,77.2425,-547.603,-2.31472,2.0367,-0.040363,0.0355397,0.998553,57.3079,57.3079,1,610.548,521.702,0,198.412,80.4312,-548.68,-9.22268,1.38286,-0.160225,0.0241332,0.986785,57.3289,57.3289,1,626.588,530.06,1,0
292318565943300,656.697,540.817,0,137.615,77.294,-547.468,-2.04998,2.08095,-0.0357476,0.0363115,0.998701,57.2939,57.2939,1,619.157,534.925,0,198.393,80.4482,-548.648,-9.06467,1.62519,-0.157486,0.0283612,0.987114,57.3254,57.3254,1,637.927,537.871,1,0
292318570943300,635.139,543.31,0,137.569,77.2905,-547.518,-2.44843,2.12625,-0.0426907,0.0371015,0.998399,57.2987,57.2987,1,624.249,539.226,0,198.367,80.4552,-548.635,-8.96804,1.7077,-0.155814,0.0298006,0.987337,57.324,57.324,1,629.694,541.268,1,0
292318575943300,643.331,540.381,0,137.552,77.2825,-547.556,-2.29359,2.07177,-0.0399939,0.0361513,0.998546,57.3025,57.3025,1,616.474,543.012,0,198.348,80.4378,-548.693,-9.10754,1.7768,-0.158212,0.031006,0.986918,57.33,57.33,1,629.903,541.697,1,0
292318580943300,623.678,531.975,0,137.515,77.2779,-547.569,-2.65696,1.91486,-0.0463303,0.0334144,0.998367,57.3038,57.3038,1,614.06,546.241,0,198.332,80.4414,-548.704,-9.14943,1.83649,-0.158928,0.0320473,0.98677,57.3309,57.3309,1,618.87,539.108,1,0
292318585943300,632.398,539.655,0,137.504,77.2965,-547.564,-2.49291,2.05646,-0.0434677,0.0358844,0.99841,57.3029,57.3029,1,597.812,531.799,0,198.307,80.447,-548.643,-9.44228,1.57204,-0.163992,0.0274339,0.98608,57.325,57.325,1,615.105,535.727,1,0
292318590943300,629.074,538.747,0,137.469,77.293,-547.599,-2.54957,2.04412,-0.0444555,0.035669,0.998374,57.3063,57.3063,1,589.842,521.142,0,198.284,80.4565,-548.599,-9.58477,1.3763,-0.166459,0.0240187,0.985756,57.3206,57.3206,1,609.458,529.944,1,0
292318595943300,627.257,538.013,0,137.454,77.3262,-547.547,-2.5811,2.03014,-0.0450052,0.0354253,0.998358,57.3006,57.3006,1,599.018,523.621,0,198.273,80.4177,-548.728,-9.41475,1.42589,-0.163529,0.0248839,0.986225,57.3337,57.3337,1,613.138,530.817,1,0
292318600943300,619.237,541.244,0,137.431,77.3114,-547.625,-2.7283,2.09094,-0.0475681,0.0364856,0.998201,57.3083,57.3083,1,600.075,516.111,0,198.249,80.4235,-548.691,-9.39241,1.29046,-0.163154,0.0225209,0.986344,57.3301,57.3301,1,609.656,528.677,1,0
292318605943300,620.435,553.818,0,137.419,77.3211,-547.629,-2.7044,2.32512,-0.0471442,0.0405698,0.998064,57.3084,57.3084,1,593.084,519.625,0,198.24,80.4118,-548.752,-9.5182,1.35417,-0.165315,0.0236325,0.985958,57.3361,57.3361,1,606.759,536.722,1,0
292318610943300,618.004,559.138,0,137.399,77.3283,-547.654,-2.74869,2.42054,-0.0479125,0.0422338,0.997958,57.3105,57.3105,1,598.679,512.823,0,198.23,80.4319,-548.661,-9.41544,1.23138,-0.163554,0.0214899,0.9863,57.3271,57.3271,1,608.341,535.98,1,0
292318615943300,621.144,562.244,0,137.385,77.3282,-547.669,-2.68898,2.47708,-0.0468706,0.0432197,0.997966,57.312,57.312,1,593.203,520.998,0,198.217,80.4289,-548.675,-9.51413,1.38014,-0.165243,0.0240856,0.985959,57.3284,57.3284,1,607.173,541.621,1,0
292318620943300,633.072,558.926,0,137.377,77.3286,-547.693,-2.46535,2.41515,-0.0429771,0.0421398,0.998187,57.3142,57.3142,1,590.02,518.995,0,198.206,80.4259,-548.688,-9.57172,1.34066,-0.166237,0.0233969,0.985808,57.3298,57.3298,1,611.546,538.961,1,0
292318625943300,637.408,562.989,0,137.366,77.3245,-547.729,-2.38316,2.49089,-0.0415427,0.0434606,0.998191,57.3177,57.3177,1,594.389,522.594,0,198.2,80.4336,-548.664,-9.49164,1.40768,-0.164854,0.0245662,0.986012,57.3273,57.3273,1,615.899,542.791,1,0
292318630943300,641.165,563.913,0,137.357,77.3149,-547.783,-2.31201,2.50842,-0.0403026,0.0437662,0.998229,57.323,57.323,1,595.062,521.814,0,198.193,80.4395,-548.65,-9.47948,1.39152,-0.164646,0.0242842,0.986054,57.3259,57.3259,1,618.114,542.863,1,0
292318635943300,641.177,560.42,0,137.343,77.2932,-547.851,-2.31131,2.44175,-0.0402924,0.0426037,0.998279,57.33,57.33,1,598.147,526.107,0,198.189,80.4335,-548.669,-9.4229,1.47072,-0.163666,0.025666,0.986182,57.3278,57.3278,1,619.662,543.263,1,0
292318640943300,648.607,552.221,0,137.352,77.3124,-547.791,-2.17268,2.29,-0.037881,0.0399573,0.998483,57.3239,57.3239,1,608.643,523.708,0,198.193,80.4257,-548.669,-9.23237,1.42788,-0.160389,0.0249187,0.986739,57.3279,57.3279,1,628.625,537.964,1,0
292318645943300,651.652,553.592,0,137.351,77.3004,-547.862,-2.11639,2.31366,-0.0368995,0.04037,0.998503,57.3309,57.3309,1,608.104,527.545,0,198.189,80.4318,-548.658,-9.24116,1.49995,-0.160535,0.0261761,0.986683,57.3268,57.3268,1,629.878,540.568,1,0
292318650943300,643.301,547.432,0,137.345,77.2929,-547.881,-2.27101,2.20144,-0.039597,0.038413,0.998477,57.3328,57.3328,1,611.254,528.551,0,198.2,80.4032,-548.751,-9.18462,1.51832,-0.15956,0.0264965,0.986833,57.3363,57.3363,1,627.278,537.991,1,0
292318655943300,642.596,545.01,0,137.355,77.2935,-547.881,-2.2845,2.1583,-0.0398332,0.0376605,0.998496,57.3328,57.3328,1,596.966,521.88,0,198.199,80.3742,-548.82,-9.44309,1.39791,-0.164019,0.0243958,0.986155,57.3435,57.3435,1,619.781,533.445,1,0
292318660943300,637.739,546.118,0,137.367,77.3101,-547.839,-2.37608,2.17888,-0.0414285,0.0380195,0.998418,57.3284,57.3284,1,598.521,516.743,0,198.208,80.3615,-548.863,-9.41537,1.30384,-0.163548,0.0227544,0.986273,57.3478,57.3478,1,618.13,531.43,1,0
292318665943300,632.577,542.222,0,137.368,77.2758,-547.937,-2.47281,2.10762,-0.043116,0.0367766,0.998393,57.3386,57.3386,1,592.27,526.328,0,198.212,80.3763,-548.834,-9.52902,1.48049,-0.165492,0.0258365,0.985873,57.3447,57.3447,1,612.423,534.275,1,0
292318670943300,623.677,542.602,0,137.38,77.2927,-547.886,-2.63812,2.11909,-0.0459961,0.0369767,0.998257,57.3333,57.3333,1,600.458,520.958,0,198.235,80.3706,-548.814,-9.3822,1.38439,-0.162972,0.0241598,0.986335,57.343,57.343,1,612.067,531.78,1,0
292318675943300,612.909,548.418,0,137.38,77.2699,-547.929,-2.83941,2.2278,-0.0494993,0.0388726,0.998017,57.3379,57.3379,1,595.047,520.66,0,198.239,80.3586,-548.842,-9.48072,1.37902,-0.164668,0.0240661,0.986055,57.346,57.346,1,603.978,534.539,1,0
292318680943300,622.343,546.907,0,137.401,77.2599,-547.944,-2.666,2.19973,-0.0464793,0.0383831,0.998182,57.3396,57.3396,1,598.167,514.945,0,198.252,80.3562,-548.826,-9.42447,1.27721,-0.163707,0.0222897,0.986257,57.3445,57.3445,1,610.255,530.926,1,0
292318685943300,608.199,549.283,0,137.408,77.2632,-547.94,-2.93196,2.24,-0.051111,0.0390854,0.997928,57.3391,57.3391,1,602.09,514.999,0,198.269,80.3532,-548.861,-9.35403,1.27932,-0.162494,0.0223265,0.986457,57.3478,57.3478,1,605.145,532.141,1,0
292318690943300,616.462,549.119,0,137.426,77.2575,-547.948,-2.77867,2.23995,-0.048441,0.0390845,0.998061,57.34,57.34,1,612.901,519.385,0,198.291,80.3878,-548.788,-9.16017,1.35901,-0.15915,0.023717,0.986969,57.3401,57.3401,1,614.682,534.252,1,0
292318695943300,628.324,538.2,0,137.45,77.2363,-547.966,-2.55933,2.03994,-0.0446256,0.0355962,0.998369,57.3423,57.3423,1,615.701,533.283,0,198.318,80.3331,-549.007,-9.11172,1.61167,-0.158297,0.0281253,0.986991,57.3621,57.3621,1,622.012,535.741,1,0
292318700943300,650.484,554.78,0,137.501,77.1448,-548.24,-2.15145,2.35287,-0.0375095,0.0410538,0.998453,57.3703,57.3703,1,617.305,542.299,0,198.394,80.2703,-549.266,-9.0891,1.77585,-0.157894,0.0309895,0.98697,57.388,57.388,1,633.894,548.54,1,0
292318705943300,668.21,556.473,0,137.632,77.0453,-548.494,-1.83414,2.39108,-0.0319784,0.0417201,0.998618,57.3967,57.3967,1,659.525,551.257,0,198.582,80.1756,-549.589,-8.3334,1.95183,-0.144849,0.0340593,0.988867,57.4208,57.4208,1,663.867,553.865,1,0
292318710943300,760.736,533.744,0,137.873,76.9846,-548.559,-0.130728,1.97016,-0.00228028,0.0343789,0.999406,57.4044,57.4044,1,758.879,531.482,0,198.84,80.1103,-549.726,-6.53553,1.59681,-0.113775,0.0278659,0.993116,57.4353,57.4353,1,759.807,532.613,1,0
292318715943300,857.589,503.785,0,138.117,76.891,-548.637,1.65444,1.42107,0.0288626,0.0247999,0.999276,57.4141,57.4141,1,881.911,507.404,0,199.098,80.0218,-549.843,-4.28652,1.15681,-0.0747289,0.0201887,0.997,57.4485,57.4485,1,869.75,505.595,1,0
292318720943300,928.25,452.71,0,138.376,76.7865,-548.68,2.94608,0.479851,0.0513943,0.00837488,0.998643,57.4207,57.4207,1,959.691,460.959,0,199.341,80.0035,-549.705,-2.86622,0.309654,-0.0500033,0.00540446,0.998734,57.436,57.436,1,943.971,456.835,1,0
292318725943300,1027.11,414.832,0,138.641,76.6946,-548.752,4.75784,-0.224796,0.0829439,-0.00392342,0.996547,57.4299,57.4299,1,1070.3,457.737,0,199.573,79.9751,-549.771,-0.829122,0.248676,-0.0144703,0.0043402,0.999886,57.4429,57.4429,1,1048.7,436.285,1,0
292318730943300,1125.83,423.726,0,138.881,76.7844,-548.409,6.56283,-0.0559868,0.114293,-0.000977154,0.993447,57.3953,57.3953,1,1136.01,445.953,0,199.753,80.0134,-549.562,0.377055,0.0300932,0.0065808,0.000525225,0.999978,57.4224,57.4224,1,1130.92,434.84,1,0
292318735943300,1183.36,426.612,0,139.023,76.8374,-548.166,7.61058,-0.00705987,0.132439,-0.000123218,0.991191,57.3711,57.3711,1,1166.47,461.557,0,199.829,80.0563,-549.423,0.938002,0.313797,0.0163702,0.00547677,0.999851,57.4082,57.4082,1,1174.91,444.085,1,0
292318740943300,1157.93,457.528,0,139.048,76.8925,-547.98,7.14258,0.562982,0.124333,0.00982572,0.992192,57.3522,57.3522,1,1169.27,450.33,0,199.845,80.0331,-549.397,0.988839,0.106011,0.0172576,0.00185024,0.999849,57.4063,57.4063,1,1163.6,453.929,1,0
292318745943300,1150.37,442.428,0,139.03,76.7874,-548.197,7.00327,0.287822,0.121924,0.00502343,0.992527,57.3752,57.3752,1,1159.49,461.126,0,199.836,80.0456,-549.3,0.807389,0.306732,0.0140909,0.00535345,0.999886,57.3969,57.3969,1,1154.93,451.777,1,0
292318750943300,1132.76,457.439,0,139.023,76.7893,-548.174,6.68007,0.564504,0.11632,0.00985229,0.993163,57.373,57.373,1,1164.95,459.591,0,199.845,80.0142,-549.333,0.90843,0.280333,0.0158542,0.00489272,0.999862,57.4008,57.4008,1,1148.85,458.515,1,0
292318755943300,1149.05,450.697,0,139.03,76.781,-548.15,6.97998,0.440377,0.121519,0.00768595,0.992559,57.371,57.371,1,1155.59,485.615,0,199.842,80.0177,-549.335,0.734124,0.765269,0.0128114,0.0133561,0.999829,57.4009,57.4009,1,1152.32,468.156,1,0
